order_id,customer_id,order_date,required_date,shipped_date,delivered_date,order_status,sales_channel,payment_terms_days,subtotal,tax_amount,shipping_amount,total_amount,total_cost,gross_profit,delivery_status,delivery_delay_days,delivery_lead_time_days,is_overdue_open_order
ORD-000001,CUS-0039,2026-03-13,2026-03-20,2026-03-19,,Shipped,Tender,30,1666330.0,299939.4,0.0,1966269.4,1264600.0,401730.0,Overdue Open Order,165,,True
ORD-000002,CUS-0036,2025-04-23,2025-04-30,,,Pending,Direct Sales,45,1970257.5,354646.35,0.0,2324903.85,1401650.0,568607.5,Overdue Open Order,489,,True
ORD-000003,CUS-0004,2025-10-23,2025-11-06,2025-10-29,2025-10-31,Delivered,Tender,30,1580768.75,284538.38,0.0,1865307.12,1200450.0,380318.75,On Time,0,8.0,False
ORD-000004,CUS-0046,2025-11-23,2025-11-29,2025-11-28,2025-11-29,Delivered,Phone / WhatsApp,60,3482450.0,626841.0,0.0,4109291.0,2616050.0,866400.0,On Time,0,6.0,False
ORD-000005,CUS-0076,2025-09-28,2025-10-13,2025-10-03,2025-10-04,Delivered,Corporate Account,45,226765.0,40817.7,0.0,267582.7,150350.0,76415.0,On Time,0,6.0,False
ORD-000006,CUS-0039,2025-10-28,2025-11-04,2025-10-30,2025-11-01,Delivered,Corporate Account,30,3711077.5,667993.95,0.0,4379071.45,2863650.0,847427.5,On Time,0,4.0,False
ORD-000007,CUS-0005,2026-07-16,2026-07-28,2026-07-22,2026-07-26,Delivered,Website,30,1904280.0,342770.4,0.0,2247050.4,1423200.0,481080.0,On Time,0,10.0,False
ORD-000008,CUS-0037,2026-02-20,2026-02-26,2026-02-25,2026-02-26,Delivered,Corporate Account,30,44000.0,7920.0,3000.0,54920.0,28000.0,16000.0,On Time,0,6.0,False
ORD-000009,CUS-0045,2025-04-28,2025-05-11,2025-05-01,2025-05-05,Delivered,Direct Sales,60,870780.0,156740.4,0.0,1027520.4,595700.0,275080.0,On Time,0,7.0,False
ORD-000010,CUS-0104,2025-12-04,2025-12-10,,,Cancelled,Direct Sales,30,425767.5,76638.15,0.0,502405.65,328600.0,97167.5,Cancelled,0,,False
ORD-000011,CUS-0088,2025-08-25,2025-09-08,,,Pending,Corporate Account,30,797798.75,143603.77,0.0,941402.53,601500.0,196298.75,Overdue Open Order,358,,True
ORD-000012,CUS-0066,2026-01-05,2026-01-18,2026-01-12,2026-01-16,Delivered,Website,30,201328.75,36239.17,0.0,237567.92,134750.0,66578.75,On Time,0,11.0,False
ORD-000013,CUS-0055,2025-08-31,2025-09-08,2025-09-01,2025-09-05,Delivered,Direct Sales,60,2642535.0,475656.3,0.0,3118191.3,1930350.0,712185.0,On Time,0,5.0,False
ORD-000014,CUS-0005,2025-10-25,2025-11-07,2025-10-28,2025-11-01,Delivered,Corporate Account,30,771827.5,138928.95,0.0,910756.45,644400.0,127427.5,On Time,0,7.0,False
ORD-000015,CUS-0068,2025-11-02,2025-11-12,2025-11-03,2025-11-06,Delivered,Phone / WhatsApp,30,279200.0,50256.0,0.0,329456.0,198950.0,80250.0,On Time,0,4.0,False
ORD-000016,CUS-0115,2026-03-30,2026-04-09,2026-03-31,2026-04-03,Delivered,Corporate Account,30,544167.5,97950.15,0.0,642117.65,445300.0,98867.5,On Time,0,4.0,False
ORD-000017,CUS-0084,2026-02-10,2026-02-14,,,Processing,Phone / WhatsApp,30,80100.0,14418.0,3000.0,97518.0,54600.0,25500.0,Overdue Open Order,199,,True
ORD-000018,CUS-0001,2025-10-25,2025-11-05,,,Processing,Phone / WhatsApp,45,2600166.25,468029.92,0.0,3068196.17,2042450.0,557716.25,Overdue Open Order,300,,True
ORD-000019,CUS-0067,2025-10-06,2025-10-18,2025-10-07,2025-10-11,Delivered,Direct Sales,60,1385238.75,249342.97,0.0,1634581.73,1055300.0,329938.75,On Time,0,5.0,False
ORD-000020,CUS-0039,2025-06-04,2025-06-15,2025-06-09,2025-06-10,Delivered,Direct Sales,30,3644745.0,656054.1,0.0,4300799.1,2720250.0,924495.0,On Time,0,6.0,False
ORD-000021,CUS-0067,2025-03-11,2025-03-23,2025-03-15,2025-03-18,Delivered,Direct Sales,60,1254268.75,225768.38,0.0,1480037.12,956650.0,297618.75,On Time,0,7.0,False
ORD-000022,CUS-0076,2025-10-04,2025-10-16,2025-10-06,2025-10-07,Delivered,Direct Sales,45,1200990.0,216178.2,0.0,1417168.2,947050.0,253940.0,On Time,0,3.0,False
ORD-000023,CUS-0064,2025-12-16,2025-12-25,,,Processing,Website,30,145170.0,26130.6,0.0,171300.6,101050.0,44120.0,Overdue Open Order,250,,True
ORD-000024,CUS-0060,2025-12-26,2026-01-05,2026-01-01,2026-01-06,Delivered,Direct Sales,15,157580.0,28364.4,0.0,185944.4,111850.0,45730.0,Delayed,1,11.0,False
ORD-000025,CUS-0011,2026-06-08,2026-06-18,2026-06-13,2026-06-14,Delivered,Phone / WhatsApp,60,1223211.25,220178.02,0.0,1443389.27,862500.0,360711.25,On Time,0,6.0,False
ORD-000026,CUS-0036,2025-09-30,2025-10-12,2025-10-05,,Shipped,Phone / WhatsApp,45,2401388.75,432249.97,0.0,2833638.73,1723600.0,677788.75,Overdue Open Order,324,,True
ORD-000027,CUS-0053,2026-03-12,2026-03-19,,,Confirmed,Corporate Account,45,2166112.5,389900.25,0.0,2556012.75,1578650.0,587462.5,Overdue Open Order,166,,True
ORD-000028,CUS-0058,2026-05-06,2026-05-19,2026-05-11,2026-05-15,Delivered,Direct Sales,45,2136280.0,384530.4,0.0,2520810.4,1748000.0,388280.0,On Time,0,9.0,False
ORD-000029,CUS-0096,2025-06-25,2025-07-03,2025-07-02,2025-07-06,Delivered,Corporate Account,30,723615.0,130250.7,0.0,853865.7,555900.0,167715.0,Delayed,3,11.0,False
ORD-000030,CUS-0034,2025-03-27,2025-04-07,2025-04-03,,Shipped,Corporate Account,30,4708515.0,847532.7,0.0,5556047.7,3608750.0,1099765.0,Overdue Open Order,512,,True
ORD-000031,CUS-0003,2026-06-06,2026-06-20,2026-06-13,2026-06-15,Delivered,Corporate Account,15,232857.5,41914.35,0.0,274771.85,181500.0,51357.5,On Time,0,9.0,False
ORD-000032,CUS-0004,2025-07-26,2025-08-01,2025-08-02,2025-08-03,Delivered,Tender,30,857013.75,154262.48,0.0,1011276.22,638050.0,218963.75,Delayed,2,8.0,False
ORD-000033,CUS-0093,2026-01-28,2026-02-02,2026-01-30,2026-02-01,Delivered,Website,30,572425.0,103036.5,0.0,675461.5,411150.0,161275.0,On Time,0,4.0,False
ORD-000034,CUS-0050,2025-12-07,2025-12-13,2025-12-09,2025-12-13,Delivered,Corporate Account,60,857183.75,154293.07,0.0,1011476.82,631200.0,225983.75,On Time,0,6.0,False
ORD-000035,CUS-0077,2025-11-22,2025-12-07,2025-11-25,2025-11-29,Returned,Corporate Account,15,453585.0,81645.3,0.0,535230.3,347250.0,106335.0,On Time,0,7.0,False
ORD-000036,CUS-0055,2026-07-31,2026-08-07,,,Cancelled,Direct Sales,60,2093757.5,376876.35,0.0,2470633.85,1503900.0,589857.5,Cancelled,0,,False
ORD-000037,CUS-0058,2026-06-13,2026-06-17,,,Confirmed,Phone / WhatsApp,45,380745.0,68534.1,0.0,449279.1,293500.0,87245.0,Overdue Open Order,76,,True
ORD-000038,CUS-0043,2025-06-17,2025-06-23,2025-06-23,,Shipped,Direct Sales,45,3057202.5,550296.45,0.0,3607498.95,2308550.0,748652.5,Overdue Open Order,435,,True
ORD-000039,CUS-0010,2025-11-26,2025-12-03,2025-11-28,2025-12-02,Delivered,Corporate Account,30,110770.0,19938.6,0.0,130708.6,71500.0,39270.0,On Time,0,6.0,False
ORD-000040,CUS-0055,2026-03-03,2026-03-13,2026-03-06,2026-03-11,Delivered,Phone / WhatsApp,60,684950.0,123291.0,0.0,808241.0,536300.0,148650.0,On Time,0,8.0,False
ORD-000041,CUS-0002,2025-09-10,2025-09-16,2025-09-11,2025-09-16,Delivered,Direct Sales,60,3047050.0,548469.0,0.0,3595519.0,2282300.0,764750.0,On Time,0,6.0,False
ORD-000042,CUS-0004,2026-04-29,2026-05-11,2026-05-05,,Shipped,Direct Sales,30,1045337.5,188160.75,0.0,1233498.25,798550.0,246787.5,Overdue Open Order,113,,True
ORD-000043,CUS-0024,2025-03-30,2025-04-03,,,Pending,Phone / WhatsApp,60,1539671.25,277140.83,0.0,1816812.07,1146400.0,393271.25,Overdue Open Order,516,,True
ORD-000044,CUS-0032,2026-04-17,2026-04-24,2026-04-22,2026-04-25,Delivered,Website,30,323567.5,58242.15,0.0,381809.65,213250.0,110317.5,Delayed,1,8.0,False
ORD-000045,CUS-0005,2026-03-06,2026-03-11,2026-03-07,2026-03-09,Delivered,Direct Sales,30,4093807.5,736885.35,0.0,4830692.85,2932800.0,1161007.5,On Time,0,3.0,False
ORD-000046,CUS-0087,2025-09-11,2025-09-16,2025-09-15,2025-09-19,Delivered,Direct Sales,30,68850.0,12393.0,3000.0,84243.0,49500.0,19350.0,Delayed,3,8.0,False
ORD-000047,CUS-0069,2025-05-12,2025-05-21,2025-05-19,2025-05-22,Delivered,Phone / WhatsApp,30,342340.0,61621.2,0.0,403961.2,225500.0,116840.0,Delayed,1,10.0,False
ORD-000048,CUS-0036,2026-08-01,2026-08-09,2026-08-02,2026-08-07,Delivered,Tender,45,2274060.0,409330.8,0.0,2683390.8,1723700.0,550360.0,On Time,0,6.0,False
ORD-000049,CUS-0060,2025-03-05,2025-03-09,2025-03-11,2025-03-13,Delivered,Direct Sales,15,354482.5,63806.85,0.0,418289.35,268200.0,86282.5,Delayed,4,8.0,False
ORD-000050,CUS-0075,2025-03-29,2025-04-08,2025-04-05,2025-04-07,Delivered,Direct Sales,30,4130788.75,743541.97,0.0,4874330.72,3231500.0,899288.75,On Time,0,9.0,False
ORD-000051,CUS-0113,2025-03-22,2025-03-27,2025-03-29,2025-04-03,Delivered,Direct Sales,60,7909703.75,1423746.68,0.0,9333450.43,6143300.0,1766403.75,Delayed,7,12.0,False
ORD-000052,CUS-0061,2025-09-02,2025-09-06,2025-09-09,2025-09-11,Delivered,Direct Sales,30,185812.5,33446.25,0.0,219258.75,135850.0,49962.5,Delayed,5,9.0,False
ORD-000053,CUS-0095,2025-11-18,2025-11-26,2025-11-20,2025-11-22,Delivered,Direct Sales,45,5033725.0,906070.5,0.0,5939795.5,3834650.0,1199075.0,On Time,0,4.0,False
ORD-000054,CUS-0035,2026-06-09,2026-06-16,2026-06-12,2026-06-15,Delivered,Direct Sales,30,5062330.0,911219.4,0.0,5973549.4,4046100.0,1016230.0,On Time,0,6.0,False
ORD-000055,CUS-0119,2025-06-27,2025-07-06,2025-06-30,2025-07-02,Delivered,Direct Sales,30,453435.0,81618.3,0.0,535053.3,320650.0,132785.0,On Time,0,5.0,False
ORD-000056,CUS-0028,2026-03-06,2026-03-13,2026-03-13,2026-03-15,Delivered,Corporate Account,30,1695915.0,305264.7,0.0,2001179.7,1287000.0,408915.0,Delayed,2,9.0,False
ORD-000057,CUS-0035,2025-04-25,2025-05-01,2025-04-29,2025-05-03,Delivered,Direct Sales,30,688227.5,123880.95,0.0,812108.45,494900.0,193327.5,Delayed,2,8.0,False
ORD-000058,CUS-0010,2025-11-12,2025-11-21,2025-11-15,,Shipped,Tender,30,2799712.5,503948.25,0.0,3303660.75,2200300.0,599412.5,Overdue Open Order,284,,True
ORD-000059,CUS-0043,2025-05-26,2025-06-03,2025-05-28,2025-05-30,Delivered,Direct Sales,45,7670961.25,1380773.02,0.0,9051734.28,6862200.0,808761.25,On Time,0,4.0,False
ORD-000060,CUS-0098,2026-06-08,2026-06-16,2026-06-11,2026-06-14,Delivered,Website,45,719786.25,129561.52,0.0,849347.78,523350.0,196436.25,On Time,0,6.0,False
ORD-000061,CUS-0001,2025-09-04,2025-09-11,2025-09-10,2025-09-12,Delivered,Direct Sales,45,4747835.0,854610.3,0.0,5602445.3,3699400.0,1048435.0,Delayed,1,8.0,False
ORD-000062,CUS-0055,2026-05-03,2026-05-08,2026-05-07,2026-05-10,Delivered,Direct Sales,60,629622.5,113332.05,0.0,742954.55,462300.0,167322.5,Delayed,2,7.0,False
ORD-000063,CUS-0045,2025-06-04,2025-06-09,2025-06-11,2025-06-12,Delivered,Corporate Account,60,113700.0,20466.0,0.0,134166.0,80800.0,32900.0,Delayed,3,8.0,False
ORD-000064,CUS-0012,2025-09-09,2025-09-15,2025-09-15,2025-09-16,Delivered,Corporate Account,30,595040.0,107107.2,0.0,702147.2,426750.0,168290.0,Delayed,1,7.0,False
ORD-000065,CUS-0032,2025-09-17,2025-09-28,,,Confirmed,Website,30,24618.75,4431.38,2000.0,31050.12,15250.0,9368.75,Overdue Open Order,338,,True
ORD-000066,CUS-0050,2026-03-24,2026-04-03,,,Processing,Corporate Account,60,1963720.0,353469.6,0.0,2317189.6,1414200.0,549520.0,Overdue Open Order,151,,True
ORD-000067,CUS-0057,2026-04-07,2026-04-21,2026-04-08,2026-04-12,Delivered,Direct Sales,30,632336.25,113820.52,0.0,746156.78,460600.0,171736.25,On Time,0,5.0,False
ORD-000068,CUS-0052,2026-01-24,2026-02-05,,,Pending,Corporate Account,45,427796.25,77003.32,0.0,504799.58,326300.0,101496.25,Overdue Open Order,208,,True
ORD-000069,CUS-0064,2026-08-06,2026-08-12,2026-08-10,2026-08-12,Delivered,Corporate Account,30,3609605.0,649728.9,0.0,4259333.9,2845800.0,763805.0,On Time,0,6.0,False
ORD-000070,CUS-0083,2026-07-24,2026-08-03,2026-07-28,2026-08-01,Delivered,Direct Sales,30,425682.5,76622.85,0.0,502305.35,312400.0,113282.5,On Time,0,8.0,False
ORD-000071,CUS-0083,2025-04-26,2025-05-10,2025-04-28,2025-04-30,Delivered,Corporate Account,30,26400.0,4752.0,2500.0,33652.0,14300.0,12100.0,On Time,0,4.0,False
ORD-000072,CUS-0055,2025-06-11,2025-06-18,2025-06-17,2025-06-19,Delivered,Phone / WhatsApp,60,3230242.5,581443.65,0.0,3811686.15,2533750.0,696492.5,Delayed,1,8.0,False
ORD-000073,CUS-0098,2025-12-04,2025-12-10,2025-12-10,2025-12-11,Delivered,Phone / WhatsApp,45,638705.0,114966.9,0.0,753671.9,469300.0,169405.0,Delayed,1,7.0,False
ORD-000074,CUS-0024,2025-08-31,2025-09-08,2025-09-06,,Shipped,Phone / WhatsApp,60,1712121.25,308181.83,0.0,2020303.07,1257750.0,454371.25,Overdue Open Order,358,,True
ORD-000075,CUS-0044,2026-05-04,2026-05-09,2026-05-05,2026-05-08,Delivered,Direct Sales,60,6826312.5,1228736.25,0.0,8055048.75,5658950.0,1167362.5,On Time,0,4.0,False
ORD-000076,CUS-0117,2026-07-10,2026-07-25,,,Confirmed,Website,30,1038248.75,186884.77,0.0,1225133.52,721700.0,316548.75,Overdue Open Order,38,,True
ORD-000077,CUS-0094,2025-07-08,2025-07-19,2025-07-11,2025-07-14,Delivered,Website,45,749760.0,134956.8,0.0,884716.8,561550.0,188210.0,On Time,0,6.0,False
ORD-000078,CUS-0084,2026-01-25,2026-01-29,2026-02-01,2026-02-05,Delivered,Corporate Account,30,152950.0,27531.0,0.0,180481.0,115400.0,37550.0,Delayed,7,11.0,False
ORD-000079,CUS-0045,2025-04-02,2025-04-10,2025-04-07,,Shipped,Direct Sales,60,479865.0,86375.7,0.0,566240.7,363200.0,116665.0,Overdue Open Order,509,,True
ORD-000080,CUS-0103,2025-10-11,2025-10-25,2025-10-18,,Shipped,Corporate Account,30,1220492.5,219688.65,0.0,1440181.15,972400.0,248092.5,Overdue Open Order,311,,True
ORD-000081,CUS-0106,2026-01-19,2026-01-27,2026-01-20,2026-01-23,Delivered,Corporate Account,15,270375.0,48667.5,0.0,319042.5,198350.0,72025.0,On Time,0,4.0,False
ORD-000082,CUS-0067,2025-09-27,2025-10-02,2025-10-02,,Shipped,Tender,60,2081310.0,374635.8,0.0,2455945.8,1571150.0,510160.0,Overdue Open Order,334,,True
ORD-000083,CUS-0038,2026-06-15,2026-06-20,2026-06-18,2026-06-19,Delivered,Corporate Account,45,1976638.75,355794.97,0.0,2332433.73,1570600.0,406038.75,On Time,0,4.0,False
ORD-000084,CUS-0088,2026-07-13,2026-07-28,2026-07-16,2026-07-20,Delivered,Website,30,511851.25,92133.22,0.0,603984.47,364150.0,147701.25,On Time,0,7.0,False
ORD-000085,CUS-0049,2025-09-01,2025-09-13,2025-09-08,2025-09-13,Delivered,Direct Sales,45,821040.0,147787.2,0.0,968827.2,598250.0,222790.0,On Time,0,12.0,False
ORD-000086,CUS-0003,2026-07-11,2026-07-26,2026-07-13,2026-07-15,Delivered,Corporate Account,15,204537.5,36816.75,0.0,241354.25,158000.0,46537.5,On Time,0,4.0,False
ORD-000087,CUS-0086,2025-12-21,2025-12-31,2025-12-26,2025-12-29,Returned,Website,15,508731.25,91571.62,0.0,600302.88,399500.0,109231.25,On Time,0,8.0,False
ORD-000088,CUS-0005,2025-10-01,2025-10-14,,,Processing,Corporate Account,30,2813060.0,506350.8,0.0,3319410.8,2085100.0,727960.0,Overdue Open Order,322,,True
ORD-000089,CUS-0039,2025-08-31,2025-09-14,2025-09-02,2025-09-07,Delivered,Corporate Account,30,2442387.5,439629.75,0.0,2882017.25,1942100.0,500287.5,On Time,0,7.0,False
ORD-000090,CUS-0099,2026-04-10,2026-04-18,2026-04-12,2026-04-13,Delivered,Website,15,984375.0,177187.5,0.0,1161562.5,775600.0,208775.0,On Time,0,3.0,False
ORD-000091,CUS-0069,2026-06-04,2026-06-18,2026-06-05,2026-06-08,Delivered,Website,30,252475.0,45445.5,0.0,297920.5,181550.0,70925.0,On Time,0,4.0,False
ORD-000092,CUS-0069,2026-06-19,2026-06-29,,,Processing,Corporate Account,30,977442.5,175939.65,0.0,1153382.15,719800.0,257642.5,Overdue Open Order,64,,True
ORD-000093,CUS-0055,2025-04-04,2025-04-14,2025-04-10,2025-04-11,Delivered,Tender,60,2371165.0,426809.7,0.0,2797974.7,1726200.0,644965.0,On Time,0,7.0,False
ORD-000094,CUS-0046,2025-08-05,2025-08-12,2025-08-10,2025-08-13,Delivered,Direct Sales,60,533375.0,96007.5,0.0,629382.5,389700.0,143675.0,Delayed,1,8.0,False
ORD-000095,CUS-0059,2025-10-17,2025-10-25,2025-10-19,2025-10-21,Delivered,Phone / WhatsApp,30,442980.0,79736.4,0.0,522716.4,326250.0,116730.0,On Time,0,4.0,False
ORD-000096,CUS-0054,2025-11-19,2025-11-28,2025-11-23,,Shipped,Phone / WhatsApp,15,108110.0,19459.8,0.0,127569.8,72600.0,35510.0,Overdue Open Order,277,,True
ORD-000097,CUS-0040,2026-03-25,2026-03-31,2026-03-28,,Shipped,Tender,30,316575.0,56983.5,0.0,373558.5,254100.0,62475.0,Overdue Open Order,154,,True
ORD-000098,CUS-0045,2026-08-06,2026-08-17,2026-08-09,2026-08-14,Delivered,Corporate Account,60,589840.0,106171.2,0.0,696011.2,395850.0,193990.0,On Time,0,8.0,False
ORD-000099,CUS-0118,2026-01-03,2026-01-14,2026-01-05,2026-01-07,Delivered,Corporate Account,30,375847.5,67652.55,0.0,443500.05,300700.0,75147.5,On Time,0,4.0,False
ORD-000100,CUS-0070,2026-06-05,2026-06-14,2026-06-11,2026-06-14,Delivered,Direct Sales,15,211890.0,38140.2,0.0,250030.2,140450.0,71440.0,On Time,0,9.0,False
ORD-000101,CUS-0047,2025-06-28,2025-07-04,2025-06-30,2025-07-05,Delivered,Corporate Account,30,3159447.5,568700.55,0.0,3728148.05,2582500.0,576947.5,Delayed,1,7.0,False
ORD-000102,CUS-0038,2025-11-05,2025-11-15,2025-11-06,2025-11-10,Delivered,Tender,45,708680.0,127562.4,0.0,836242.4,534350.0,174330.0,On Time,0,5.0,False
ORD-000103,CUS-0023,2025-05-20,2025-05-27,,,Confirmed,Direct Sales,15,478417.5,86115.15,0.0,564532.65,325150.0,153267.5,Overdue Open Order,462,,True
ORD-000104,CUS-0084,2025-05-18,2025-05-31,2025-05-22,2025-05-27,Delivered,Corporate Account,30,149857.5,26974.35,0.0,176831.85,94250.0,55607.5,On Time,0,9.0,False
ORD-000105,CUS-0064,2025-09-10,2025-09-15,2025-09-15,2025-09-16,Delivered,Tender,30,5808907.5,1045603.35,0.0,6854510.85,4403800.0,1405107.5,Delayed,1,6.0,False
ORD-000106,CUS-0001,2026-02-03,2026-02-08,2026-02-10,2026-02-13,Delivered,Direct Sales,45,3365946.25,605870.32,0.0,3971816.58,2370950.0,994996.25,Delayed,5,10.0,False
ORD-000107,CUS-0069,2025-10-02,2025-10-17,2025-10-08,2025-10-09,Delivered,Phone / WhatsApp,30,1229840.0,221371.2,0.0,1451211.2,949250.0,280590.0,On Time,0,7.0,False
ORD-000108,CUS-0030,2026-02-28,2026-03-08,,,Confirmed,Direct Sales,30,678382.5,122108.85,0.0,800491.35,504500.0,173882.5,Overdue Open Order,177,,True
ORD-000109,CUS-0044,2025-03-11,2025-03-26,2025-03-13,2025-03-17,Delivered,Website,60,903267.5,162588.15,0.0,1065855.65,626700.0,276567.5,On Time,0,6.0,False
ORD-000110,CUS-0113,2025-05-17,2025-05-26,,,Pending,Corporate Account,60,1443848.75,259892.77,0.0,1703741.52,913050.0,530798.75,Overdue Open Order,463,,True
ORD-000111,CUS-0042,2025-06-03,2025-06-16,2025-06-04,2025-06-06,Delivered,Corporate Account,30,410875.0,73957.5,0.0,484832.5,290400.0,120475.0,On Time,0,3.0,False
ORD-000112,CUS-0081,2025-03-25,2025-04-07,2025-03-31,2025-04-01,Delivered,Direct Sales,60,547750.0,98595.0,0.0,646345.0,390250.0,157500.0,On Time,0,7.0,False
ORD-000113,CUS-0002,2025-12-09,2025-12-16,2025-12-10,2025-12-14,Delivered,Phone / WhatsApp,60,2776266.25,499727.92,0.0,3275994.17,2137350.0,638916.25,On Time,0,5.0,False
ORD-000114,CUS-0048,2025-06-10,2025-06-15,2025-06-12,2025-06-17,Delivered,Corporate Account,30,1080296.25,194453.32,0.0,1274749.57,759200.0,321096.25,Delayed,2,7.0,False
ORD-000115,CUS-0055,2025-07-22,2025-07-31,2025-07-29,,Shipped,Phone / WhatsApp,60,2028337.5,365100.75,0.0,2393438.25,1413250.0,615087.5,Overdue Open Order,397,,True
ORD-000116,CUS-0063,2025-09-08,2025-09-22,2025-09-09,2025-09-14,Delivered,Website,30,5895977.5,1061275.95,0.0,6957253.45,4906950.0,989027.5,On Time,0,6.0,False
ORD-000117,CUS-0024,2026-05-10,2026-05-21,2026-05-17,2026-05-18,Delivered,Corporate Account,60,1329747.5,239354.55,0.0,1569102.05,1019000.0,310747.5,On Time,0,8.0,False
ORD-000118,CUS-0097,2026-03-24,2026-04-05,2026-03-28,2026-04-01,Delivered,Phone / WhatsApp,45,402432.5,72437.85,0.0,474870.35,307550.0,94882.5,On Time,0,8.0,False
ORD-000119,CUS-0003,2025-10-28,2025-11-07,2025-11-03,2025-11-06,Delivered,Phone / WhatsApp,15,8400.0,1512.0,2000.0,11912.0,5200.0,3200.0,On Time,0,9.0,False
ORD-000120,CUS-0053,2025-07-22,2025-08-03,2025-07-28,2025-07-31,Delivered,Direct Sales,45,1144803.75,206064.67,0.0,1350868.43,852750.0,292053.75,On Time,0,9.0,False
ORD-000121,CUS-0010,2026-07-29,2026-08-06,,,Confirmed,Corporate Account,30,735040.0,132307.2,0.0,867347.2,539400.0,195640.0,Overdue Open Order,26,,True
ORD-000122,CUS-0021,2025-11-21,2025-12-03,2025-11-25,,Shipped,Corporate Account,30,705090.0,126916.2,0.0,832006.2,509750.0,195340.0,Overdue Open Order,272,,True
ORD-000123,CUS-0056,2026-05-02,2026-05-10,2026-05-07,2026-05-11,Delivered,Corporate Account,45,156170.0,28110.6,0.0,184280.6,105750.0,50420.0,Delayed,1,9.0,False
ORD-000124,CUS-0003,2026-08-22,2026-09-04,2026-08-26,2026-08-30,Delivered,Website,15,299975.0,53995.5,0.0,353970.5,208300.0,91675.0,On Time,0,8.0,False
ORD-000125,CUS-0035,2025-08-23,2025-09-01,2025-08-25,2025-08-29,Delivered,Corporate Account,30,5662462.5,1019243.25,0.0,6681705.75,4406250.0,1256212.5,On Time,0,6.0,False
ORD-000126,CUS-0102,2026-08-07,2026-08-17,2026-08-10,2026-08-14,Delivered,Phone / WhatsApp,45,2423203.75,436176.67,0.0,2859380.42,1937200.0,486003.75,On Time,0,7.0,False
ORD-000127,CUS-0058,2026-06-02,2026-06-08,2026-06-04,2026-06-08,Delivered,Website,45,1013998.75,182519.77,0.0,1196518.52,717250.0,296748.75,On Time,0,6.0,False
ORD-000128,CUS-0041,2026-05-06,2026-05-19,2026-05-12,2026-05-14,Delivered,Direct Sales,45,488695.0,87965.1,0.0,576660.1,395950.0,92745.0,On Time,0,8.0,False
ORD-000129,CUS-0089,2025-04-12,2025-04-27,2025-04-18,2025-04-21,Delivered,Website,45,2240150.0,403227.0,0.0,2643377.0,1600750.0,639400.0,On Time,0,9.0,False
ORD-000130,CUS-0035,2026-04-01,2026-04-06,,,Processing,Direct Sales,30,1404766.25,252857.92,0.0,1657624.18,1013700.0,391066.25,Overdue Open Order,148,,True
ORD-000131,CUS-0100,2025-08-18,2025-08-25,,,Processing,Direct Sales,45,517128.75,93083.18,0.0,610211.93,396050.0,121078.75,Overdue Open Order,372,,True
ORD-000132,CUS-0024,2026-02-28,2026-03-09,2026-03-03,2026-03-04,Delivered,Direct Sales,60,1876182.5,337712.85,0.0,2213895.35,1403100.0,473082.5,On Time,0,4.0,False
ORD-000133,CUS-0037,2025-11-16,2025-12-01,2025-11-18,2025-11-21,Delivered,Direct Sales,30,846570.0,152382.6,0.0,998952.6,639400.0,207170.0,On Time,0,5.0,False
ORD-000134,CUS-0001,2026-06-18,2026-06-30,2026-06-25,2026-06-29,Delivered,Website,45,4865826.25,875848.72,0.0,5741674.97,3680150.0,1185676.25,On Time,0,11.0,False
ORD-000135,CUS-0100,2025-05-27,2025-06-04,2025-06-02,2025-06-04,Delivered,Website,45,2360786.25,424941.52,0.0,2785727.77,1749050.0,611736.25,On Time,0,8.0,False
ORD-000136,CUS-0052,2026-06-10,2026-06-25,2026-06-16,2026-06-17,Delivered,Corporate Account,45,294390.0,52990.2,0.0,347380.2,222550.0,71840.0,On Time,0,7.0,False
ORD-000137,CUS-0059,2025-04-28,2025-05-03,2025-04-30,2025-05-01,Delivered,Direct Sales,30,1014652.5,182637.45,0.0,1197289.95,796100.0,218552.5,On Time,0,3.0,False
ORD-000138,CUS-0044,2025-03-03,2025-03-18,,,Processing,Tender,60,862265.0,155207.7,0.0,1017472.7,623950.0,238315.0,Overdue Open Order,532,,True
ORD-000139,CUS-0045,2025-11-10,2025-11-25,2025-11-16,2025-11-19,Delivered,Phone / WhatsApp,60,2338947.5,421010.55,0.0,2759958.05,1751950.0,586997.5,On Time,0,9.0,False
ORD-000140,CUS-0059,2025-10-24,2025-11-06,2025-10-26,2025-10-31,Delivered,Website,30,720362.5,129665.25,0.0,850027.75,523900.0,196462.5,On Time,0,7.0,False
ORD-000141,CUS-0090,2025-05-12,2025-05-23,2025-05-15,2025-05-16,Delivered,Phone / WhatsApp,30,442747.5,79694.55,0.0,522442.05,332150.0,110597.5,On Time,0,4.0,False
ORD-000142,CUS-0001,2025-09-22,2025-09-28,2025-09-23,2025-09-26,Delivered,Corporate Account,45,2790326.25,502258.72,0.0,3292584.98,2022250.0,768076.25,On Time,0,4.0,False
ORD-000143,CUS-0034,2025-10-12,2025-10-21,2025-10-13,2025-10-17,Delivered,Corporate Account,30,2432680.0,437882.4,0.0,2870562.4,1713150.0,719530.0,On Time,0,5.0,False
ORD-000144,CUS-0109,2026-08-02,2026-08-10,2026-08-08,2026-08-10,Delivered,Corporate Account,15,250888.75,45159.97,0.0,296048.72,191500.0,59388.75,On Time,0,8.0,False
ORD-000145,CUS-0043,2026-03-21,2026-04-04,2026-03-27,2026-03-30,Delivered,Corporate Account,45,2915211.25,524738.03,0.0,3439949.27,2269750.0,645461.25,On Time,0,9.0,False
ORD-000146,CUS-0035,2026-05-30,2026-06-12,,,Cancelled,Phone / WhatsApp,30,2429700.0,437346.0,0.0,2867046.0,1799700.0,630000.0,Cancelled,0,,False
ORD-000147,CUS-0054,2026-04-30,2026-05-04,2026-05-03,2026-05-08,Delivered,Direct Sales,15,64837.5,11670.75,1500.0,78008.25,47400.0,17437.5,Delayed,4,8.0,False
ORD-000148,CUS-0025,2026-06-23,2026-07-07,2026-06-28,2026-07-01,Delivered,Corporate Account,15,762232.5,137201.85,0.0,899434.35,573400.0,188832.5,On Time,0,8.0,False
ORD-000149,CUS-0011,2025-07-12,2025-07-21,,,Confirmed,Corporate Account,60,2328500.0,419130.0,0.0,2747630.0,1803600.0,524900.0,Overdue Open Order,407,,True
ORD-000150,CUS-0075,2025-05-08,2025-05-23,2025-05-15,2025-05-17,Delivered,Tender,30,332637.5,59874.75,0.0,392512.25,228050.0,104587.5,On Time,0,9.0,False
ORD-000151,CUS-0004,2026-05-23,2026-06-02,2026-05-30,2026-06-02,Delivered,Phone / WhatsApp,30,1040087.5,187215.75,0.0,1227303.25,735650.0,304437.5,On Time,0,10.0,False
ORD-000152,CUS-0096,2026-05-22,2026-06-05,2026-05-28,2026-06-01,Delivered,Direct Sales,30,1821228.75,327821.17,0.0,2149049.92,1283800.0,537428.75,On Time,0,10.0,False
ORD-000153,CUS-0079,2026-07-15,2026-07-19,2026-07-19,2026-07-23,Delivered,Tender,45,424297.5,76373.55,0.0,500671.05,333300.0,90997.5,Delayed,4,8.0,False
ORD-000154,CUS-0090,2026-07-30,2026-08-10,2026-08-03,2026-08-04,Delivered,Phone / WhatsApp,30,666426.25,119956.72,0.0,786382.97,459550.0,206876.25,On Time,0,5.0,False
ORD-000155,CUS-0080,2025-09-18,2025-09-27,2025-09-20,2025-09-25,Delivered,Phone / WhatsApp,30,519580.0,93524.4,0.0,613104.4,363600.0,155980.0,On Time,0,7.0,False
ORD-000156,CUS-0086,2025-03-16,2025-03-28,,,Processing,Website,15,95475.0,17185.5,2500.0,115160.5,72600.0,22875.0,Overdue Open Order,522,,True
ORD-000157,CUS-0005,2026-05-09,2026-05-21,2026-05-12,2026-05-14,Delivered,Corporate Account,30,6708361.25,1207505.02,0.0,7915866.28,5190950.0,1517411.25,On Time,0,5.0,False
ORD-000158,CUS-0058,2025-12-24,2026-01-01,2025-12-27,2025-12-28,Delivered,Direct Sales,45,884331.25,159179.62,0.0,1043510.88,649650.0,234681.25,On Time,0,4.0,False
ORD-000159,CUS-0050,2026-01-18,2026-01-22,2026-01-22,2026-01-24,Delivered,Direct Sales,60,736855.0,132633.9,0.0,869488.9,540400.0,196455.0,Delayed,2,6.0,False
ORD-000160,CUS-0094,2025-03-19,2025-03-30,2025-03-23,2025-03-25,Delivered,Corporate Account,45,319630.0,57533.4,0.0,377163.4,228850.0,90780.0,On Time,0,6.0,False
ORD-000161,CUS-0116,2025-11-16,2025-11-27,2025-11-17,2025-11-21,Delivered,Corporate Account,30,92767.5,16698.15,2000.0,111465.65,64750.0,28017.5,On Time,0,5.0,False
ORD-000162,CUS-0036,2025-04-20,2025-04-26,2025-04-21,2025-04-23,Delivered,Corporate Account,45,833310.0,149995.8,0.0,983305.8,610200.0,223110.0,On Time,0,3.0,False
ORD-000163,CUS-0043,2026-07-28,2026-08-09,2026-08-03,2026-08-04,Delivered,Phone / WhatsApp,45,1780862.5,320555.25,0.0,2101417.75,1389700.0,391162.5,On Time,0,7.0,False
ORD-000164,CUS-0105,2025-12-19,2026-01-01,2025-12-24,2025-12-27,Delivered,Direct Sales,15,385110.0,69319.8,0.0,454429.8,308900.0,76210.0,On Time,0,8.0,False
ORD-000165,CUS-0009,2025-11-25,2025-11-29,,,Processing,Tender,30,601365.0,108245.7,0.0,709610.7,429900.0,171465.0,Overdue Open Order,276,,True
ORD-000166,CUS-0024,2026-01-17,2026-01-26,2026-01-24,2026-01-25,Delivered,Corporate Account,60,4622367.5,832026.15,0.0,5454393.65,3783350.0,839017.5,On Time,0,8.0,False
ORD-000167,CUS-0075,2026-04-25,2026-05-10,2026-04-27,2026-05-01,Delivered,Corporate Account,30,704145.0,126746.1,0.0,830891.1,539500.0,164645.0,On Time,0,6.0,False
ORD-000168,CUS-0019,2026-02-28,2026-03-15,,,Processing,Corporate Account,30,195776.25,35239.72,0.0,231015.98,148800.0,46976.25,Overdue Open Order,170,,True
ORD-000169,CUS-0002,2025-08-28,2025-09-08,2025-09-02,2025-09-05,Delivered,Direct Sales,60,2394916.25,431084.92,0.0,2826001.17,1803300.0,591616.25,On Time,0,8.0,False
ORD-000170,CUS-0074,2026-06-10,2026-06-19,,,Confirmed,Direct Sales,30,1679891.25,302380.42,0.0,1982271.68,1259100.0,420791.25,Overdue Open Order,74,,True
ORD-000171,CUS-0082,2026-07-06,2026-07-19,2026-07-09,2026-07-12,Delivered,Direct Sales,30,42660.0,7678.8,2000.0,52338.8,28500.0,14160.0,On Time,0,6.0,False
ORD-000172,CUS-0120,2026-02-18,2026-03-03,2026-02-23,2026-02-24,Delivered,Phone / WhatsApp,30,1017743.75,183193.88,0.0,1200937.62,742450.0,275293.75,On Time,0,6.0,False
ORD-000173,CUS-0101,2026-01-17,2026-01-22,2026-01-24,2026-01-26,Delivered,Website,30,635760.0,114436.8,0.0,750196.8,520000.0,115760.0,Delayed,4,9.0,False
ORD-000174,CUS-0008,2025-08-18,2025-08-31,,,Processing,Phone / WhatsApp,45,1056935.0,190248.3,0.0,1247183.3,743900.0,313035.0,Overdue Open Order,366,,True
ORD-000175,CUS-0090,2026-07-04,2026-07-10,2026-07-08,2026-07-10,Delivered,Corporate Account,30,151370.0,27246.6,0.0,178616.6,117600.0,33770.0,On Time,0,6.0,False
ORD-000176,CUS-0035,2026-02-25,2026-03-09,2026-03-04,2026-03-07,Delivered,Corporate Account,30,2653137.5,477564.75,0.0,3130702.25,1971250.0,681887.5,On Time,0,10.0,False
ORD-000177,CUS-0083,2025-03-06,2025-03-10,2025-03-12,2025-03-15,Delivered,Website,30,151091.25,27196.42,0.0,178287.67,120450.0,30641.25,Delayed,5,9.0,False
ORD-000178,CUS-0082,2025-12-12,2025-12-21,2025-12-13,2025-12-16,Delivered,Corporate Account,30,98175.0,17671.5,3000.0,118846.5,77800.0,20375.0,On Time,0,4.0,False
ORD-000179,CUS-0002,2026-03-08,2026-03-22,2026-03-09,2026-03-11,Returned,Direct Sales,60,2102585.0,378465.3,0.0,2481050.3,1628650.0,473935.0,On Time,0,3.0,False
ORD-000180,CUS-0046,2025-10-12,2025-10-26,2025-10-14,2025-10-19,Delivered,Corporate Account,60,3735613.75,672410.47,0.0,4408024.22,2793100.0,942513.75,On Time,0,7.0,False
ORD-000181,CUS-0050,2025-10-28,2025-11-08,2025-11-01,2025-11-02,Delivered,Direct Sales,60,7368977.5,1326415.95,0.0,8695393.45,5737400.0,1631577.5,On Time,0,5.0,False
ORD-000182,CUS-0050,2025-07-27,2025-08-03,,,Processing,Direct Sales,60,626892.5,112840.65,0.0,739733.15,439250.0,187642.5,Overdue Open Order,394,,True
ORD-000183,CUS-0120,2026-06-16,2026-06-25,2026-06-18,2026-06-21,Delivered,Direct Sales,30,2318082.5,417254.85,0.0,2735337.35,1753150.0,564932.5,On Time,0,5.0,False
ORD-000184,CUS-0101,2026-06-18,2026-06-23,,,Cancelled,Phone / WhatsApp,30,596012.5,107282.25,0.0,703294.75,398950.0,197062.5,Cancelled,0,,False
ORD-000185,CUS-0001,2026-02-16,2026-02-24,2026-02-21,2026-02-24,Delivered,Website,45,5030197.5,905435.55,0.0,5935633.05,4274850.0,755347.5,On Time,0,8.0,False
ORD-000186,CUS-0034,2026-05-03,2026-05-16,2026-05-05,2026-05-10,Delivered,Website,30,637211.25,114698.02,0.0,751909.28,467600.0,169611.25,On Time,0,7.0,False
ORD-000187,CUS-0010,2026-08-26,2026-09-07,2026-08-27,2026-08-31,Delivered,Corporate Account,30,402137.5,72384.75,0.0,474522.25,298900.0,103237.5,On Time,0,5.0,False
ORD-000188,CUS-0092,2026-07-25,2026-08-03,2026-08-01,2026-08-03,Delivered,Direct Sales,30,196100.0,35298.0,0.0,231398.0,120250.0,75850.0,On Time,0,9.0,False
ORD-000189,CUS-0001,2026-05-27,2026-06-05,,,Cancelled,Website,45,3908418.75,703515.38,0.0,4611934.12,3236950.0,671468.75,Cancelled,0,,False
ORD-000190,CUS-0037,2025-04-16,2025-04-29,,,Pending,Website,30,224147.5,40346.55,0.0,264494.05,174150.0,49997.5,Overdue Open Order,490,,True
ORD-000191,CUS-0049,2025-12-18,2026-01-02,2025-12-22,2025-12-25,Delivered,Website,45,539333.75,97080.07,0.0,636413.82,393800.0,145533.75,On Time,0,7.0,False
ORD-000192,CUS-0032,2025-05-06,2025-05-14,2025-05-07,2025-05-08,Delivered,Phone / WhatsApp,30,286511.25,51572.03,0.0,338083.28,189750.0,96761.25,On Time,0,2.0,False
ORD-000193,CUS-0104,2026-05-03,2026-05-16,2026-05-10,,Shipped,Direct Sales,30,1315746.25,236834.32,0.0,1552580.57,996150.0,319596.25,Overdue Open Order,108,,True
ORD-000194,CUS-0034,2026-03-02,2026-03-10,2026-03-04,2026-03-06,Delivered,Phone / WhatsApp,30,568345.0,102302.1,0.0,670647.1,378550.0,189795.0,On Time,0,4.0,False
ORD-000195,CUS-0102,2026-06-08,2026-06-22,2026-06-14,2026-06-19,Delivered,Website,45,165165.0,29729.7,0.0,194894.7,106700.0,58465.0,On Time,0,11.0,False
ORD-000196,CUS-0095,2026-06-24,2026-07-02,2026-06-30,2026-07-03,Delivered,Corporate Account,45,1164645.0,209636.1,0.0,1374281.1,828800.0,335845.0,Delayed,1,9.0,False
ORD-000197,CUS-0002,2026-07-06,2026-07-19,2026-07-08,2026-07-09,Delivered,Direct Sales,60,1231627.5,221692.95,0.0,1453320.45,850800.0,380827.5,On Time,0,3.0,False
ORD-000198,CUS-0049,2025-10-29,2025-11-13,2025-11-03,2025-11-08,Delivered,Phone / WhatsApp,45,613610.0,110449.8,0.0,724059.8,485850.0,127760.0,On Time,0,10.0,False
ORD-000199,CUS-0012,2025-08-23,2025-08-27,2025-08-30,2025-09-02,Delivered,Direct Sales,30,543750.0,97875.0,0.0,641625.0,383600.0,160150.0,Delayed,6,10.0,False
ORD-000200,CUS-0074,2026-01-19,2026-01-28,2026-01-23,2026-01-27,Delivered,Direct Sales,30,1495542.5,269197.65,0.0,1764740.15,1103900.0,391642.5,On Time,0,8.0,False
ORD-000201,CUS-0060,2025-03-12,2025-03-24,,,Pending,Corporate Account,15,14707.5,2647.35,1500.0,18854.85,9750.0,4957.5,Overdue Open Order,526,,True
ORD-000202,CUS-0059,2025-11-29,2025-12-03,2025-12-05,2025-12-08,Delivered,Phone / WhatsApp,30,1180812.5,212546.25,0.0,1393358.75,915200.0,265612.5,Delayed,5,9.0,False
ORD-000203,CUS-0049,2026-01-04,2026-01-18,2026-01-05,2026-01-09,Delivered,Phone / WhatsApp,45,4420370.0,795666.6,0.0,5216036.6,3280150.0,1140220.0,On Time,0,5.0,False
ORD-000204,CUS-0059,2025-12-05,2025-12-11,2025-12-09,2025-12-13,Delivered,Website,30,335112.5,60320.25,0.0,395432.75,248000.0,87112.5,Delayed,2,8.0,False
ORD-000205,CUS-0095,2025-03-13,2025-03-26,,,Processing,Phone / WhatsApp,45,1123555.0,202239.9,0.0,1325794.9,823400.0,300155.0,Overdue Open Order,524,,True
ORD-000206,CUS-0085,2026-06-11,2026-06-21,2026-06-12,2026-06-17,Delivered,Direct Sales,60,2927700.0,526986.0,0.0,3454686.0,2112050.0,815650.0,On Time,0,6.0,False
ORD-000207,CUS-0042,2026-08-27,2026-09-04,,,Pending,Corporate Account,30,177080.0,31874.4,0.0,208954.4,135800.0,41280.0,Open - Within Promise,0,,False
ORD-000208,CUS-0034,2025-03-03,2025-03-09,2025-03-09,,Shipped,Corporate Account,30,475595.0,85607.1,0.0,561202.1,341850.0,133745.0,Overdue Open Order,541,,True
ORD-000209,CUS-0011,2026-08-30,2026-09-13,2026-09-01,2026-09-01,Delivered,Corporate Account,60,1015487.5,182787.75,0.0,1198275.25,751900.0,263587.5,On Time,0,2.0,False
ORD-000210,CUS-0037,2025-04-11,2025-04-15,2025-04-13,2025-04-18,Delivered,Direct Sales,30,287687.5,51783.75,0.0,339471.25,208550.0,79137.5,Delayed,3,7.0,False
ORD-000211,CUS-0018,2025-12-01,2025-12-08,2025-12-08,2025-12-09,Delivered,Corporate Account,30,369070.0,66432.6,0.0,435502.6,270950.0,98120.0,Delayed,1,8.0,False
ORD-000212,CUS-0069,2025-10-10,2025-10-14,2025-10-14,2025-10-17,Delivered,Tender,30,261056.25,46990.12,0.0,308046.38,192500.0,68556.25,Delayed,3,7.0,False
ORD-000213,CUS-0054,2025-06-23,2025-06-28,2025-06-25,2025-06-30,Delivered,Corporate Account,15,194957.5,35092.35,0.0,230049.85,145400.0,49557.5,Delayed,2,7.0,False
ORD-000214,CUS-0055,2025-12-31,2026-01-08,2026-01-07,2026-01-12,Delivered,Direct Sales,60,2737401.25,492732.22,0.0,3230133.48,1961650.0,775751.25,Delayed,4,12.0,False
ORD-000215,CUS-0001,2026-08-31,2026-09-08,,,Cancelled,Phone / WhatsApp,45,1339530.0,241115.4,0.0,1580645.4,972600.0,366930.0,Cancelled,0,,False
ORD-000216,CUS-0099,2025-11-16,2025-11-22,,,Cancelled,Phone / WhatsApp,15,362920.0,65325.6,0.0,428245.6,255600.0,107320.0,Cancelled,0,,False
ORD-000217,CUS-0073,2025-10-06,2025-10-17,,,Processing,Tender,30,351037.5,63186.75,0.0,414224.25,237600.0,113437.5,Overdue Open Order,319,,True
ORD-000218,CUS-0089,2026-08-18,2026-09-01,2026-08-19,2026-08-21,Delivered,Corporate Account,45,1535940.0,276469.2,0.0,1812409.2,1143600.0,392340.0,On Time,0,3.0,False
ORD-000219,CUS-0004,2026-05-27,2026-06-08,2026-06-03,2026-06-07,Delivered,Direct Sales,30,1902020.0,342363.6,0.0,2244383.6,1407600.0,494420.0,On Time,0,11.0,False
ORD-000220,CUS-0113,2025-05-25,2025-06-01,2025-06-01,2025-06-04,Delivered,Corporate Account,60,978440.0,176119.2,0.0,1154559.2,758300.0,220140.0,Delayed,3,10.0,False
ORD-000221,CUS-0007,2026-08-14,2026-08-25,2026-08-21,2026-08-25,Delivered,Corporate Account,15,218975.0,39415.5,0.0,258390.5,161000.0,57975.0,On Time,0,11.0,False
ORD-000222,CUS-0028,2026-05-23,2026-06-03,2026-05-30,2026-06-01,Delivered,Corporate Account,30,883035.0,158946.3,0.0,1041981.3,653000.0,230035.0,On Time,0,9.0,False
ORD-000223,CUS-0100,2026-08-08,2026-08-17,2026-08-13,2026-08-14,Delivered,Corporate Account,45,145890.0,26260.2,0.0,172150.2,105600.0,40290.0,On Time,0,6.0,False
ORD-000224,CUS-0010,2025-10-22,2025-11-03,,,Confirmed,Direct Sales,30,138842.5,24991.65,0.0,163834.15,112000.0,26842.5,Overdue Open Order,302,,True
ORD-000225,CUS-0110,2025-07-10,2025-07-16,2025-07-14,2025-07-15,Delivered,Direct Sales,30,472890.0,85120.2,0.0,558010.2,345850.0,127040.0,On Time,0,5.0,False
ORD-000226,CUS-0050,2026-01-24,2026-02-06,2026-01-29,2026-01-30,Delivered,Phone / WhatsApp,60,594026.25,106924.72,0.0,700950.97,454300.0,139726.25,On Time,0,6.0,False
ORD-000227,CUS-0036,2025-11-14,2025-11-19,2025-11-16,,Shipped,Website,45,6450848.75,1161152.77,0.0,7612001.53,5334150.0,1116698.75,Overdue Open Order,286,,True
ORD-000228,CUS-0064,2025-10-08,2025-10-14,2025-10-13,2025-10-16,Delivered,Corporate Account,30,1282220.0,230799.6,0.0,1513019.6,957350.0,324870.0,Delayed,2,8.0,False
ORD-000229,CUS-0056,2025-11-22,2025-11-29,,,Processing,Direct Sales,45,28120.0,5061.6,2000.0,35181.6,17100.0,11020.0,Overdue Open Order,276,,True
ORD-000230,CUS-0008,2025-06-01,2025-06-12,2025-06-02,2025-06-07,Delivered,Corporate Account,45,266097.5,47897.55,0.0,313995.05,199900.0,66197.5,On Time,0,6.0,False
ORD-000231,CUS-0001,2026-01-30,2026-02-09,2026-02-05,,Shipped,Direct Sales,45,6925628.75,1246613.18,0.0,8172241.92,5253700.0,1671928.75,Overdue Open Order,204,,True
ORD-000232,CUS-0067,2026-08-04,2026-08-08,2026-08-11,2026-08-14,Delivered,Phone / WhatsApp,60,151143.75,27205.88,0.0,178349.62,113650.0,37493.75,Delayed,6,10.0,False
ORD-000233,CUS-0120,2025-03-18,2025-03-25,2025-03-20,,Shipped,Website,30,1336632.5,240593.85,0.0,1577226.35,986300.0,350332.5,Overdue Open Order,525,,True
ORD-000234,CUS-0062,2025-10-29,2025-11-07,,,Processing,Direct Sales,45,481350.0,86643.0,0.0,567993.0,367050.0,114300.0,Overdue Open Order,298,,True
ORD-000235,CUS-0014,2026-06-28,2026-07-04,2026-06-29,2026-07-02,Delivered,Phone / WhatsApp,45,1679077.5,302233.95,0.0,1981311.45,1242500.0,436577.5,On Time,0,4.0,False
ORD-000236,CUS-0045,2025-12-17,2025-12-22,2025-12-23,2025-12-28,Delivered,Direct Sales,60,1833951.25,330111.22,0.0,2164062.48,1412950.0,421001.25,Delayed,6,11.0,False
ORD-000237,CUS-0086,2025-12-05,2025-12-17,2025-12-07,2025-12-11,Delivered,Direct Sales,15,226575.0,40783.5,0.0,267358.5,163200.0,63375.0,On Time,0,6.0,False
ORD-000238,CUS-0047,2026-08-12,2026-08-24,2026-08-19,2026-08-23,Delivered,Tender,30,56100.0,10098.0,1500.0,67698.0,38900.0,17200.0,On Time,0,11.0,False
ORD-000239,CUS-0064,2025-08-26,2025-09-05,,,Confirmed,Corporate Account,30,2415668.75,434820.38,0.0,2850489.12,1808000.0,607668.75,Overdue Open Order,361,,True
ORD-000240,CUS-0021,2025-04-19,2025-04-28,2025-04-26,2025-04-29,Delivered,Direct Sales,30,130815.0,23546.7,0.0,154361.7,99000.0,31815.0,Delayed,1,10.0,False
ORD-000241,CUS-0067,2026-03-28,2026-04-09,2026-03-30,2026-04-04,Delivered,Direct Sales,60,1567441.25,282139.42,0.0,1849580.68,1129550.0,437891.25,On Time,0,7.0,False
ORD-000242,CUS-0062,2026-07-15,2026-07-22,2026-07-17,,Shipped,Direct Sales,45,468802.5,84384.45,0.0,553186.95,319000.0,149802.5,Overdue Open Order,41,,True
ORD-000243,CUS-0050,2026-06-26,2026-07-05,,,Processing,Website,60,1589017.5,286023.15,0.0,1875040.65,1205550.0,383467.5,Overdue Open Order,58,,True
ORD-000244,CUS-0077,2026-02-03,2026-02-15,,,Confirmed,Direct Sales,15,53927.5,9706.95,2500.0,66134.45,35750.0,18177.5,Overdue Open Order,198,,True
ORD-000245,CUS-0038,2026-07-08,2026-07-13,,,Cancelled,Direct Sales,45,505337.5,90960.75,0.0,596298.25,379150.0,126187.5,Cancelled,0,,False
ORD-000246,CUS-0108,2025-07-06,2025-07-14,2025-07-10,2025-07-14,Delivered,Website,45,3366576.25,605983.72,0.0,3972559.98,2551000.0,815576.25,On Time,0,8.0,False
ORD-000247,CUS-0036,2026-02-28,2026-03-10,2026-03-01,2026-03-04,Delivered,Phone / WhatsApp,45,3271528.75,588875.17,0.0,3860403.92,2413800.0,857728.75,On Time,0,4.0,False
ORD-000248,CUS-0036,2025-11-25,2025-12-01,2025-11-29,2025-12-01,Delivered,Direct Sales,45,1487360.0,267724.8,0.0,1755084.8,1160850.0,326510.0,On Time,0,6.0,False
ORD-000249,CUS-0003,2026-07-07,2026-07-16,2026-07-13,2026-07-17,Delivered,Direct Sales,15,617950.0,111231.0,0.0,729181.0,457800.0,160150.0,Delayed,1,10.0,False
ORD-000250,CUS-0036,2025-12-09,2025-12-16,2025-12-13,2025-12-17,Delivered,Phone / WhatsApp,45,356931.25,64247.62,0.0,421178.88,273750.0,83181.25,Delayed,1,8.0,False
ORD-000251,CUS-0095,2025-09-02,2025-09-14,2025-09-05,2025-09-09,Delivered,Corporate Account,45,965315.0,173756.7,0.0,1139071.7,648150.0,317165.0,On Time,0,7.0,False
ORD-000252,CUS-0095,2025-06-20,2025-06-24,,,Confirmed,Corporate Account,45,4129895.0,743381.1,0.0,4873276.1,3226550.0,903345.0,Overdue Open Order,434,,True
ORD-000253,CUS-0090,2025-05-30,2025-06-05,2025-06-05,2025-06-08,Delivered,Corporate Account,30,394365.0,70985.7,0.0,465350.7,301350.0,93015.0,Delayed,3,9.0,False
ORD-000254,CUS-0075,2026-08-05,2026-08-16,2026-08-12,2026-08-16,Delivered,Direct Sales,30,3818870.0,687396.6,0.0,4506266.6,2990400.0,828470.0,On Time,0,11.0,False
ORD-000255,CUS-0071,2026-02-07,2026-02-21,2026-02-10,2026-02-12,Delivered,Website,30,3193541.25,574837.42,0.0,3768378.67,2568850.0,624691.25,On Time,0,5.0,False
ORD-000256,CUS-0017,2026-08-18,2026-08-22,,,Confirmed,Website,30,191375.0,34447.5,0.0,225822.5,142800.0,48575.0,Overdue Open Order,10,,True
ORD-000257,CUS-0044,2026-03-02,2026-03-07,2026-03-06,2026-03-08,Delivered,Direct Sales,60,61597.5,11087.55,3000.0,75685.05,39400.0,22197.5,Delayed,1,6.0,False
ORD-000258,CUS-0068,2026-02-12,2026-02-22,2026-02-15,2026-02-19,Returned,Corporate Account,30,128440.0,23119.2,0.0,151559.2,96000.0,32440.0,On Time,0,7.0,False
ORD-000259,CUS-0024,2025-09-22,2025-10-03,2025-09-27,2025-09-30,Delivered,Corporate Account,60,2436722.5,438610.05,0.0,2875332.55,1821750.0,614972.5,On Time,0,8.0,False
ORD-000260,CUS-0001,2026-08-09,2026-08-13,2026-08-15,2026-08-17,Delivered,Direct Sales,45,7347080.0,1322474.4,0.0,8669554.4,5930800.0,1416280.0,Delayed,4,8.0,False
ORD-000261,CUS-0046,2026-08-18,2026-08-22,2026-08-22,2026-08-23,Delivered,Website,60,1525151.25,274527.22,0.0,1799678.48,1119850.0,405301.25,Delayed,1,5.0,False
ORD-000262,CUS-0116,2025-08-10,2025-08-14,2025-08-16,,Shipped,Tender,30,1832453.75,329841.67,0.0,2162295.42,1356900.0,475553.75,Overdue Open Order,383,,True
ORD-000263,CUS-0001,2025-04-01,2025-04-14,2025-04-07,2025-04-11,Delivered,Direct Sales,45,1105655.0,199017.9,0.0,1304672.9,836350.0,269305.0,On Time,0,10.0,False
ORD-000264,CUS-0053,2025-05-11,2025-05-23,2025-05-18,2025-05-23,Delivered,Corporate Account,45,44460.0,8002.8,3000.0,55462.8,31200.0,13260.0,On Time,0,12.0,False
ORD-000265,CUS-0055,2026-05-07,2026-05-21,2026-05-12,2026-05-16,Delivered,Direct Sales,60,2485475.0,447385.5,0.0,2932860.5,1949500.0,535975.0,On Time,0,9.0,False
ORD-000266,CUS-0048,2025-03-09,2025-03-19,2025-03-16,2025-03-19,Delivered,Corporate Account,30,1518100.0,273258.0,0.0,1791358.0,1171600.0,346500.0,On Time,0,10.0,False
ORD-000267,CUS-0080,2026-06-09,2026-06-15,2026-06-11,2026-06-15,Delivered,Direct Sales,30,518385.0,93309.3,0.0,611694.3,381750.0,136635.0,On Time,0,6.0,False
ORD-000268,CUS-0048,2026-01-15,2026-01-25,2026-01-16,2026-01-19,Delivered,Website,30,368140.0,66265.2,0.0,434405.2,290400.0,77740.0,On Time,0,4.0,False
ORD-000269,CUS-0071,2025-07-31,2025-08-06,2025-08-01,2025-08-06,Delivered,Phone / WhatsApp,30,531188.75,95613.97,0.0,626802.72,387700.0,143488.75,On Time,0,6.0,False
ORD-000270,CUS-0047,2026-01-04,2026-01-17,2026-01-08,,Shipped,Corporate Account,30,183150.0,32967.0,0.0,216117.0,127600.0,55550.0,Overdue Open Order,227,,True
ORD-000271,CUS-0030,2025-08-27,2025-09-04,2025-08-29,2025-09-01,Returned,Website,30,430490.0,77488.2,0.0,507978.2,347850.0,82640.0,On Time,0,5.0,False
ORD-000272,CUS-0032,2025-10-29,2025-11-05,2025-11-04,,Shipped,Direct Sales,30,139077.5,25033.95,0.0,164111.45,97500.0,41577.5,Overdue Open Order,300,,True
ORD-000273,CUS-0104,2025-07-21,2025-07-27,2025-07-26,2025-07-28,Delivered,Phone / WhatsApp,30,1567912.5,282224.25,0.0,1850136.75,1190250.0,377662.5,Delayed,1,7.0,False
ORD-000274,CUS-0056,2025-11-25,2025-11-30,2025-11-26,2025-12-01,Delivered,Corporate Account,45,1862537.5,335256.75,0.0,2197794.25,1455250.0,407287.5,Delayed,1,6.0,False
ORD-000275,CUS-0043,2026-03-28,2026-04-10,2026-04-02,2026-04-03,Delivered,Phone / WhatsApp,45,1309162.5,235649.25,0.0,1544811.75,1005950.0,303212.5,On Time,0,6.0,False
ORD-000276,CUS-0097,2025-10-23,2025-11-03,2025-10-27,2025-10-31,Delivered,Direct Sales,45,2839645.0,511136.1,0.0,3350781.1,2384100.0,455545.0,On Time,0,8.0,False
ORD-000277,CUS-0092,2025-11-23,2025-12-07,2025-11-24,2025-11-27,Delivered,Direct Sales,30,10260.0,1846.8,3000.0,15106.8,5850.0,4410.0,On Time,0,4.0,False
ORD-000278,CUS-0039,2026-03-10,2026-03-24,2026-03-15,2026-03-16,Delivered,Corporate Account,30,1788341.25,321901.42,0.0,2110242.67,1247950.0,540391.25,On Time,0,6.0,False
ORD-000279,CUS-0103,2025-07-31,2025-08-14,,,Processing,Direct Sales,30,1128022.5,203044.05,0.0,1331066.55,837350.0,290672.5,Overdue Open Order,383,,True
ORD-000280,CUS-0005,2026-07-08,2026-07-12,2026-07-14,2026-07-19,Delivered,Corporate Account,30,2302985.0,414537.3,0.0,2717522.3,1775200.0,527785.0,Delayed,7,11.0,False
ORD-000281,CUS-0034,2026-06-20,2026-06-25,,,Confirmed,Tender,30,4573283.75,823191.07,0.0,5396474.83,3457700.0,1115583.75,Overdue Open Order,68,,True
ORD-000282,CUS-0036,2025-11-24,2025-12-06,2025-11-29,2025-12-01,Delivered,Direct Sales,45,6519221.25,1173459.82,0.0,7692681.08,4950150.0,1569071.25,On Time,0,7.0,False
ORD-000283,CUS-0005,2026-05-07,2026-05-12,2026-05-08,2026-05-11,Delivered,Direct Sales,30,3319965.0,597593.7,0.0,3917558.7,2901650.0,418315.0,On Time,0,4.0,False
ORD-000284,CUS-0045,2025-11-09,2025-11-15,2025-11-14,2025-11-18,Delivered,Direct Sales,60,391223.75,70420.27,0.0,461644.03,267250.0,123973.75,Delayed,3,9.0,False
ORD-000285,CUS-0115,2026-04-03,2026-04-12,2026-04-05,2026-04-06,Delivered,Corporate Account,30,1102320.0,198417.6,0.0,1300737.6,924500.0,177820.0,On Time,0,3.0,False
ORD-000286,CUS-0050,2026-05-10,2026-05-16,2026-05-16,2026-05-20,Delivered,Phone / WhatsApp,60,1763690.0,317464.2,0.0,2081154.2,1340600.0,423090.0,Delayed,4,10.0,False
ORD-000287,CUS-0084,2025-10-09,2025-10-19,2025-10-11,2025-10-12,Delivered,Direct Sales,30,96795.0,17423.1,2500.0,116718.1,68250.0,28545.0,On Time,0,3.0,False
ORD-000288,CUS-0096,2026-01-14,2026-01-25,2026-01-18,,Shipped,Phone / WhatsApp,30,1060700.0,190926.0,0.0,1251626.0,660800.0,399900.0,Overdue Open Order,219,,True
ORD-000289,CUS-0004,2025-10-14,2025-10-27,2025-10-19,2025-10-23,Delivered,Direct Sales,30,4370341.25,786661.42,0.0,5157002.67,3724950.0,645391.25,On Time,0,9.0,False
ORD-000290,CUS-0005,2025-09-25,2025-10-05,2025-10-02,,Shipped,Phone / WhatsApp,30,545470.0,98184.6,0.0,643654.6,437300.0,108170.0,Overdue Open Order,331,,True
ORD-000291,CUS-0110,2026-07-09,2026-07-13,,,Confirmed,Corporate Account,30,432446.25,77840.32,0.0,510286.58,341600.0,90846.25,Overdue Open Order,50,,True
ORD-000292,CUS-0029,2025-05-11,2025-05-21,2025-05-14,2025-05-19,Delivered,Direct Sales,15,358125.0,64462.5,0.0,422587.5,247800.0,110325.0,On Time,0,8.0,False
ORD-000293,CUS-0011,2025-08-12,2025-08-22,2025-08-14,2025-08-17,Delivered,Direct Sales,60,272542.5,49057.65,0.0,321600.15,198000.0,74542.5,On Time,0,5.0,False
ORD-000294,CUS-0063,2025-12-25,2026-01-09,2025-12-30,2026-01-04,Delivered,Website,30,491345.0,88442.1,0.0,579787.1,335200.0,156145.0,On Time,0,10.0,False
ORD-000295,CUS-0072,2026-06-17,2026-06-25,2026-06-20,2026-06-21,Delivered,Direct Sales,45,866292.5,155932.65,0.0,1022225.15,645550.0,220742.5,On Time,0,4.0,False
ORD-000296,CUS-0007,2025-09-13,2025-09-22,2025-09-17,2025-09-18,Delivered,Corporate Account,15,312455.0,56241.9,0.0,368696.9,208000.0,104455.0,On Time,0,5.0,False
ORD-000297,CUS-0013,2025-12-10,2025-12-22,2025-12-15,2025-12-20,Delivered,Corporate Account,45,733432.5,132017.85,0.0,865450.35,597150.0,136282.5,On Time,0,10.0,False
ORD-000298,CUS-0005,2026-06-09,2026-06-23,2026-06-12,2026-06-17,Delivered,Phone / WhatsApp,30,6220426.25,1119676.72,0.0,7340102.97,5162650.0,1057776.25,On Time,0,8.0,False
ORD-000299,CUS-0089,2026-07-07,2026-07-18,2026-07-11,2026-07-12,Delivered,Phone / WhatsApp,45,1387585.0,249765.3,0.0,1637350.3,994900.0,392685.0,On Time,0,5.0,False
ORD-000300,CUS-0098,2026-03-26,2026-04-01,2026-03-31,2026-04-01,Delivered,Direct Sales,45,1892280.0,340610.4,0.0,2232890.4,1435500.0,456780.0,On Time,0,6.0,False
ORD-000301,CUS-0023,2026-08-09,2026-08-19,2026-08-16,2026-08-20,Delivered,Direct Sales,15,741712.5,133508.25,0.0,875220.75,571500.0,170212.5,Delayed,1,11.0,False
ORD-000302,CUS-0028,2025-04-14,2025-04-21,2025-04-17,2025-04-22,Delivered,Direct Sales,30,374200.0,67356.0,0.0,441556.0,264800.0,109400.0,Delayed,1,8.0,False
ORD-000303,CUS-0043,2025-09-21,2025-10-05,2025-09-22,2025-09-24,Delivered,Direct Sales,45,2348660.0,422758.8,0.0,2771418.8,1828800.0,519860.0,On Time,0,3.0,False
ORD-000304,CUS-0069,2026-07-19,2026-07-30,2026-07-23,,Shipped,Direct Sales,30,458685.0,82563.3,0.0,541248.3,337400.0,121285.0,Overdue Open Order,33,,True
ORD-000305,CUS-0044,2026-08-01,2026-08-16,2026-08-04,2026-08-07,Delivered,Corporate Account,60,1543550.0,277839.0,0.0,1821389.0,1198900.0,344650.0,On Time,0,6.0,False
ORD-000306,CUS-0004,2025-04-14,2025-04-24,2025-04-20,2025-04-25,Delivered,Corporate Account,30,1025827.5,184648.95,0.0,1210476.45,771150.0,254677.5,Delayed,1,11.0,False
ORD-000307,CUS-0115,2025-06-12,2025-06-21,2025-06-18,2025-06-20,Delivered,Phone / WhatsApp,30,1079317.5,194277.15,0.0,1273594.65,854000.0,225317.5,On Time,0,8.0,False
ORD-000308,CUS-0079,2026-04-10,2026-04-24,2026-04-14,2026-04-15,Delivered,Tender,45,1212656.25,218278.12,0.0,1430934.38,848400.0,364256.25,On Time,0,5.0,False
ORD-000309,CUS-0119,2026-02-27,2026-03-05,2026-03-03,2026-03-04,Delivered,Direct Sales,30,113300.0,20394.0,0.0,133694.0,70300.0,43000.0,On Time,0,5.0,False
ORD-000310,CUS-0109,2025-06-18,2025-06-28,2025-06-24,2025-06-27,Delivered,Phone / WhatsApp,15,257821.25,46407.82,0.0,304229.08,191550.0,66271.25,On Time,0,9.0,False
ORD-000311,CUS-0011,2025-10-24,2025-10-29,,,Pending,Website,60,2590092.5,466216.65,0.0,3056309.15,2043350.0,546742.5,Overdue Open Order,307,,True
ORD-000312,CUS-0076,2026-03-01,2026-03-16,2026-03-04,2026-03-05,Delivered,Direct Sales,45,780656.25,140518.12,0.0,921174.38,561750.0,218906.25,On Time,0,4.0,False
ORD-000313,CUS-0074,2026-06-08,2026-06-14,2026-06-13,2026-06-17,Delivered,Corporate Account,30,1099245.0,197864.1,0.0,1297109.1,864600.0,234645.0,Delayed,3,9.0,False
ORD-000314,CUS-0016,2025-10-16,2025-10-27,2025-10-21,2025-10-26,Delivered,Corporate Account,45,609862.5,109775.25,0.0,719637.75,454500.0,155362.5,On Time,0,10.0,False
ORD-000315,CUS-0084,2026-02-05,2026-02-18,,,Confirmed,Website,30,323960.0,58312.8,0.0,382272.8,219950.0,104010.0,Overdue Open Order,195,,True
ORD-000316,CUS-0030,2026-01-27,2026-02-06,2026-02-02,2026-02-03,Delivered,Direct Sales,30,36960.0,6652.8,3000.0,46612.8,21950.0,15010.0,On Time,0,7.0,False
ORD-000317,CUS-0016,2026-04-18,2026-04-22,2026-04-19,2026-04-23,Partially Returned,Direct Sales,45,78565.0,14141.7,2500.0,95206.7,56600.0,21965.0,Delayed,1,5.0,False
ORD-000318,CUS-0025,2026-04-11,2026-04-25,2026-04-18,2026-04-20,Delivered,Corporate Account,15,58470.0,10524.6,2000.0,70994.6,38850.0,19620.0,On Time,0,9.0,False
ORD-000319,CUS-0079,2026-05-26,2026-06-09,2026-05-31,2026-06-02,Delivered,Corporate Account,45,359277.5,64669.95,0.0,423947.45,259750.0,99527.5,On Time,0,7.0,False
ORD-000320,CUS-0108,2026-03-29,2026-04-11,2026-04-05,2026-04-10,Delivered,Corporate Account,45,325617.5,58611.15,0.0,384228.65,238650.0,86967.5,On Time,0,12.0,False
ORD-000321,CUS-0032,2025-06-30,2025-07-12,2025-07-07,2025-07-08,Delivered,Direct Sales,30,250131.25,45023.62,0.0,295154.88,190750.0,59381.25,On Time,0,8.0,False
ORD-000322,CUS-0005,2026-07-06,2026-07-17,2026-07-07,2026-07-11,Delivered,Direct Sales,30,1335581.25,240404.62,0.0,1575985.88,1007800.0,327781.25,On Time,0,5.0,False
ORD-000323,CUS-0011,2025-05-15,2025-05-25,2025-05-17,2025-05-20,Delivered,Tender,60,3204462.5,576803.25,0.0,3781265.75,2502600.0,701862.5,On Time,0,5.0,False
ORD-000324,CUS-0032,2026-02-18,2026-03-01,2026-02-22,2026-02-26,Delivered,Corporate Account,30,87210.0,15697.8,2500.0,105407.8,66000.0,21210.0,On Time,0,8.0,False
ORD-000325,CUS-0005,2025-05-10,2025-05-23,2025-05-13,2025-05-15,Delivered,Direct Sales,30,1288212.5,231878.25,0.0,1520090.75,958900.0,329312.5,On Time,0,5.0,False
ORD-000326,CUS-0007,2026-07-04,2026-07-10,2026-07-07,,Shipped,Direct Sales,15,194943.75,35089.88,0.0,230033.62,150050.0,44893.75,Overdue Open Order,53,,True
ORD-000327,CUS-0064,2025-12-22,2026-01-02,2025-12-28,2026-01-02,Delivered,Direct Sales,30,4543726.25,817870.72,0.0,5361596.97,3529000.0,1014726.25,On Time,0,11.0,False
ORD-000328,CUS-0035,2026-07-30,2026-08-14,2026-07-31,2026-08-05,Delivered,Corporate Account,30,1971868.75,354936.38,0.0,2326805.12,1498950.0,472918.75,On Time,0,6.0,False
ORD-000329,CUS-0055,2026-04-29,2026-05-10,2026-05-04,2026-05-06,Delivered,Direct Sales,60,4845722.5,872230.05,0.0,5717952.55,3894100.0,951622.5,On Time,0,7.0,False
ORD-000330,CUS-0055,2025-12-31,2026-01-10,2026-01-05,2026-01-09,Delivered,Direct Sales,60,2611072.5,469993.05,0.0,3081065.55,2022800.0,588272.5,On Time,0,9.0,False
ORD-000331,CUS-0090,2026-05-24,2026-06-07,2026-05-29,2026-05-31,Delivered,Direct Sales,30,686215.0,123518.7,0.0,809733.7,513500.0,172715.0,On Time,0,7.0,False
ORD-000332,CUS-0035,2025-12-11,2025-12-20,2025-12-14,2025-12-17,Delivered,Corporate Account,30,1823180.0,328172.4,0.0,2151352.4,1353350.0,469830.0,On Time,0,6.0,False
ORD-000333,CUS-0099,2026-02-10,2026-02-25,2026-02-17,,Shipped,Phone / WhatsApp,15,72867.5,13116.15,1500.0,87483.65,48600.0,24267.5,Overdue Open Order,188,,True
ORD-000334,CUS-0011,2025-08-26,2025-08-31,2025-08-27,2025-08-30,Delivered,Corporate Account,60,1205185.0,216933.3,0.0,1422118.3,833950.0,371235.0,On Time,0,4.0,False
ORD-000335,CUS-0103,2025-12-07,2025-12-17,2025-12-10,2025-12-12,Delivered,Direct Sales,30,86765.0,15617.7,2000.0,104382.7,56000.0,30765.0,On Time,0,5.0,False
ORD-000336,CUS-0044,2025-12-11,2025-12-16,2025-12-17,2025-12-20,Delivered,Direct Sales,60,3137615.0,564770.7,0.0,3702385.7,2469350.0,668265.0,Delayed,4,9.0,False
ORD-000337,CUS-0045,2026-05-30,2026-06-07,2026-06-03,2026-06-08,Delivered,Phone / WhatsApp,60,525443.75,94579.88,0.0,620023.62,378800.0,146643.75,Delayed,1,9.0,False
ORD-000338,CUS-0077,2025-10-31,2025-11-14,2025-11-02,,Shipped,Tender,15,164977.5,29695.95,0.0,194673.45,113550.0,51427.5,Overdue Open Order,291,,True
ORD-000339,CUS-0089,2026-08-03,2026-08-12,2026-08-09,2026-08-10,Delivered,Direct Sales,45,865250.0,155745.0,0.0,1020995.0,675900.0,189350.0,On Time,0,7.0,False
ORD-000340,CUS-0104,2025-07-29,2025-08-06,,,Processing,Phone / WhatsApp,30,311875.0,56137.5,0.0,368012.5,225200.0,86675.0,Overdue Open Order,391,,True
ORD-000341,CUS-0081,2025-06-12,2025-06-18,2025-06-17,2025-06-21,Delivered,Phone / WhatsApp,60,1000100.0,180018.0,0.0,1180118.0,729300.0,270800.0,Delayed,3,9.0,False
ORD-000342,CUS-0071,2026-03-20,2026-04-04,2026-03-24,2026-03-27,Delivered,Phone / WhatsApp,30,153781.25,27680.62,0.0,181461.88,118500.0,35281.25,On Time,0,7.0,False
ORD-000343,CUS-0001,2025-04-21,2025-04-28,2025-04-28,2025-04-29,Delivered,Tender,45,1532450.0,275841.0,0.0,1808291.0,1108900.0,423550.0,Delayed,1,8.0,False
ORD-000344,CUS-0043,2025-04-18,2025-04-24,2025-04-21,2025-04-22,Delivered,Phone / WhatsApp,45,4438278.75,798890.17,0.0,5237168.92,3625550.0,812728.75,On Time,0,4.0,False
ORD-000345,CUS-0045,2025-06-24,2025-06-28,2025-06-27,2025-06-28,Delivered,Corporate Account,60,2987898.75,537821.78,0.0,3525720.52,2238550.0,749348.75,On Time,0,4.0,False
ORD-000346,CUS-0074,2025-11-17,2025-12-01,2025-11-20,2025-11-22,Delivered,Tender,30,4589780.0,826160.4,0.0,5415940.4,3592650.0,997130.0,On Time,0,5.0,False
ORD-000347,CUS-0079,2026-01-10,2026-01-14,2026-01-12,2026-01-17,Delivered,Corporate Account,45,921375.0,165847.5,0.0,1087222.5,693800.0,227575.0,Delayed,3,7.0,False
ORD-000348,CUS-0001,2026-05-17,2026-06-01,,,Processing,Corporate Account,45,1662452.5,299241.45,0.0,1961693.95,1149100.0,513352.5,Overdue Open Order,92,,True
ORD-000349,CUS-0120,2025-12-13,2025-12-17,2025-12-16,2025-12-21,Delivered,Phone / WhatsApp,30,612405.0,110232.9,0.0,722637.9,453800.0,158605.0,Delayed,4,8.0,False
ORD-000350,CUS-0010,2026-03-29,2026-04-02,2026-04-01,2026-04-05,Delivered,Corporate Account,30,962666.25,173279.92,0.0,1135946.18,715000.0,247666.25,Delayed,3,7.0,False
ORD-000351,CUS-0052,2025-03-02,2025-03-10,2025-03-04,2025-03-06,Delivered,Website,45,951762.5,171317.25,0.0,1123079.75,674900.0,276862.5,On Time,0,4.0,False
ORD-000352,CUS-0031,2026-01-13,2026-01-22,2026-01-16,2026-01-17,Delivered,Direct Sales,30,237881.25,42818.62,0.0,280699.88,174750.0,63131.25,On Time,0,4.0,False
ORD-000353,CUS-0030,2026-07-24,2026-08-03,,,Confirmed,Tender,30,1168537.5,210336.75,0.0,1378874.25,878700.0,289837.5,Overdue Open Order,29,,True
ORD-000354,CUS-0046,2026-07-15,2026-07-20,2026-07-18,2026-07-20,Delivered,Tender,60,7220602.5,1299708.45,0.0,8520310.95,6209700.0,1010902.5,On Time,0,5.0,False
ORD-000355,CUS-0044,2026-05-15,2026-05-28,2026-05-21,2026-05-22,Delivered,Corporate Account,60,2483887.5,447099.75,0.0,2930987.25,1879900.0,603987.5,On Time,0,7.0,False
ORD-000356,CUS-0088,2026-04-25,2026-05-01,2026-05-01,2026-05-05,Delivered,Corporate Account,30,281497.5,50669.55,0.0,332167.05,186800.0,94697.5,Delayed,4,10.0,False
ORD-000357,CUS-0095,2026-08-19,2026-08-28,2026-08-21,2026-08-26,Delivered,Tender,45,3038840.0,546991.2,0.0,3585831.2,2274100.0,764740.0,On Time,0,7.0,False
ORD-000358,CUS-0118,2025-11-19,2025-11-29,2025-11-24,2025-11-28,Delivered,Corporate Account,30,191450.0,34461.0,0.0,225911.0,119500.0,71950.0,On Time,0,9.0,False
ORD-000359,CUS-0062,2026-01-09,2026-01-18,2026-01-14,2026-01-18,Partially Returned,Direct Sales,45,1052882.5,189518.85,0.0,1242401.35,798500.0,254382.5,On Time,0,9.0,False
ORD-000360,CUS-0023,2025-09-11,2025-09-24,,,Pending,Corporate Account,15,277622.5,49972.05,0.0,327594.55,225300.0,52322.5,Overdue Open Order,342,,True
ORD-000361,CUS-0043,2026-06-01,2026-06-16,2026-06-02,2026-06-04,Delivered,Phone / WhatsApp,45,4975197.5,895535.55,0.0,5870733.05,3698450.0,1276747.5,On Time,0,3.0,False
ORD-000362,CUS-0102,2026-07-18,2026-07-22,2026-07-19,2026-07-21,Delivered,Corporate Account,45,113196.25,20375.33,0.0,133571.58,83850.0,29346.25,On Time,0,3.0,False
ORD-000363,CUS-0095,2026-02-09,2026-02-14,2026-02-14,2026-02-16,Delivered,Corporate Account,45,3455322.5,621958.05,0.0,4077280.55,2774450.0,680872.5,Delayed,2,7.0,False
ORD-000364,CUS-0017,2026-05-24,2026-06-04,2026-05-29,2026-06-01,Returned,Direct Sales,30,30685.0,5523.3,2500.0,38708.3,22650.0,8035.0,On Time,0,8.0,False
ORD-000365,CUS-0050,2025-12-27,2026-01-07,2026-01-03,2026-01-08,Delivered,Tender,60,5258816.25,946586.92,0.0,6205403.17,3971700.0,1287116.25,Delayed,1,12.0,False
ORD-000366,CUS-0117,2026-05-20,2026-05-29,2026-05-27,2026-05-30,Returned,Tender,30,722437.5,130038.75,0.0,852476.25,505950.0,216487.5,Delayed,1,10.0,False
ORD-000367,CUS-0005,2026-08-01,2026-08-11,2026-08-07,2026-08-10,Delivered,Corporate Account,30,811957.5,146152.35,0.0,958109.85,596100.0,215857.5,On Time,0,9.0,False
ORD-000368,CUS-0005,2025-07-06,2025-07-17,2025-07-08,2025-07-09,Delivered,Phone / WhatsApp,30,1111457.5,200062.35,0.0,1311519.85,778350.0,333107.5,On Time,0,3.0,False
ORD-000369,CUS-0074,2026-04-29,2026-05-09,2026-05-02,2026-05-06,Delivered,Direct Sales,30,376152.5,67707.45,0.0,443859.95,279950.0,96202.5,On Time,0,7.0,False
ORD-000370,CUS-0045,2025-07-20,2025-07-29,2025-07-22,2025-07-24,Delivered,Tender,60,530160.0,95428.8,0.0,625588.8,361750.0,168410.0,On Time,0,4.0,False
ORD-000371,CUS-0037,2026-03-13,2026-03-24,2026-03-18,2026-03-23,Delivered,Phone / WhatsApp,30,1067535.0,192156.3,0.0,1259691.3,774600.0,292935.0,On Time,0,10.0,False
ORD-000372,CUS-0002,2026-06-18,2026-06-24,,,Cancelled,Corporate Account,60,877691.25,157984.42,0.0,1035675.68,655550.0,222141.25,Cancelled,0,,False
ORD-000373,CUS-0008,2025-08-13,2025-08-28,,,Processing,Corporate Account,45,2613855.0,470493.9,0.0,3084348.9,2109350.0,504505.0,Overdue Open Order,369,,True
ORD-000374,CUS-0001,2025-05-11,2025-05-16,2025-05-15,2025-05-20,Delivered,Corporate Account,45,671020.0,120783.6,0.0,791803.6,475100.0,195920.0,Delayed,4,9.0,False
ORD-000375,CUS-0073,2026-05-26,2026-06-10,2026-06-02,2026-06-07,Delivered,Direct Sales,30,154125.0,27742.5,0.0,181867.5,123850.0,30275.0,On Time,0,12.0,False
ORD-000376,CUS-0037,2025-12-27,2025-12-31,2025-12-31,2026-01-04,Delivered,Website,30,393587.5,70845.75,0.0,464433.25,292300.0,101287.5,Delayed,4,8.0,False
ORD-000377,CUS-0056,2026-04-30,2026-05-07,2026-05-04,2026-05-05,Delivered,Direct Sales,45,300200.0,54036.0,0.0,354236.0,224000.0,76200.0,On Time,0,5.0,False
ORD-000378,CUS-0107,2025-07-09,2025-07-22,2025-07-10,,Shipped,Direct Sales,15,270152.5,48627.45,0.0,318779.95,214000.0,56152.5,Overdue Open Order,406,,True
ORD-000379,CUS-0041,2025-03-19,2025-03-29,2025-03-25,2025-03-26,Delivered,Phone / WhatsApp,45,168690.0,30364.2,0.0,199054.2,115800.0,52890.0,On Time,0,7.0,False
ORD-000380,CUS-0004,2025-10-02,2025-10-07,2025-10-09,2025-10-11,Partially Returned,Website,30,461898.75,83141.77,0.0,545040.53,389300.0,72598.75,Delayed,4,9.0,False
ORD-000381,CUS-0041,2025-08-08,2025-08-13,2025-08-14,2025-08-19,Delivered,Corporate Account,45,288000.0,51840.0,0.0,339840.0,210000.0,78000.0,Delayed,6,11.0,False
ORD-000382,CUS-0036,2026-04-03,2026-04-16,2026-04-10,2026-04-13,Delivered,Direct Sales,45,5298887.5,953799.75,0.0,6252687.25,4303700.0,995187.5,On Time,0,10.0,False
ORD-000383,CUS-0079,2026-04-26,2026-05-03,2026-04-27,2026-05-01,Delivered,Phone / WhatsApp,45,659073.75,118633.27,0.0,777707.03,490000.0,169073.75,On Time,0,5.0,False
ORD-000384,CUS-0075,2025-11-27,2025-12-06,2025-12-02,2025-12-03,Delivered,Corporate Account,30,1081098.75,194597.77,0.0,1275696.52,806800.0,274298.75,On Time,0,6.0,False
ORD-000385,CUS-0083,2026-06-30,2026-07-13,2026-07-03,2026-07-04,Returned,Direct Sales,30,2027368.75,364926.38,0.0,2392295.12,1484800.0,542568.75,On Time,0,4.0,False
ORD-000386,CUS-0036,2026-05-05,2026-05-15,2026-05-07,,Shipped,Website,45,5779701.25,1040346.22,0.0,6820047.47,4317050.0,1462651.25,Overdue Open Order,109,,True
ORD-000387,CUS-0074,2026-07-24,2026-08-08,2026-07-26,2026-07-27,Delivered,Corporate Account,30,917267.5,165108.15,0.0,1082375.65,680500.0,236767.5,On Time,0,3.0,False
ORD-000388,CUS-0120,2025-11-10,2025-11-17,2025-11-17,2025-11-19,Delivered,Tender,30,1616800.0,291024.0,0.0,1907824.0,1286200.0,330600.0,Delayed,2,9.0,False
ORD-000389,CUS-0031,2026-03-31,2026-04-05,2026-04-02,2026-04-07,Returned,Direct Sales,30,84190.0,15154.2,2000.0,101344.2,69650.0,14540.0,Delayed,2,7.0,False
ORD-000390,CUS-0094,2025-04-24,2025-04-30,2025-04-26,2025-05-01,Delivered,Direct Sales,45,198075.0,35653.5,0.0,233728.5,151500.0,46575.0,Delayed,1,7.0,False
ORD-000391,CUS-0025,2025-07-08,2025-07-14,2025-07-15,2025-07-19,Delivered,Tender,15,905830.0,163049.4,0.0,1068879.4,772850.0,132980.0,Delayed,5,11.0,False
ORD-000392,CUS-0116,2026-08-04,2026-08-10,2026-08-10,,Shipped,Corporate Account,30,1217222.5,219100.05,0.0,1436322.55,896000.0,321222.5,Overdue Open Order,22,,True
ORD-000393,CUS-0021,2026-04-06,2026-04-11,2026-04-12,2026-04-13,Delivered,Direct Sales,30,370012.5,66602.25,0.0,436614.75,237600.0,132412.5,Delayed,2,7.0,False
ORD-000394,CUS-0035,2025-12-26,2025-12-31,2026-01-02,,Shipped,Tender,30,895428.75,161177.17,0.0,1056605.93,668800.0,226628.75,Overdue Open Order,244,,True
ORD-000395,CUS-0002,2025-11-13,2025-11-23,,,Confirmed,Direct Sales,60,2167752.5,390195.45,0.0,2557947.95,1633100.0,534652.5,Overdue Open Order,282,,True
ORD-000396,CUS-0120,2025-07-28,2025-08-11,2025-07-31,,Shipped,Direct Sales,30,1431030.0,257585.4,0.0,1688615.4,1151250.0,279780.0,Overdue Open Order,386,,True
ORD-000397,CUS-0028,2026-03-04,2026-03-11,2026-03-05,,Shipped,Tender,30,170615.0,30710.7,0.0,201325.7,117100.0,53515.0,Overdue Open Order,174,,True
ORD-000398,CUS-0100,2025-04-14,2025-04-20,2025-04-16,,Shipped,Phone / WhatsApp,45,299440.0,53899.2,0.0,353339.2,236400.0,63040.0,Overdue Open Order,499,,True
ORD-000399,CUS-0120,2025-11-07,2025-11-21,,,Pending,Phone / WhatsApp,30,6571536.25,1182876.52,0.0,7754412.78,5229500.0,1342036.25,Overdue Open Order,284,,True
ORD-000400,CUS-0011,2026-02-09,2026-02-20,2026-02-13,2026-02-16,Delivered,Tender,60,1916581.25,344984.62,0.0,2261565.88,1467500.0,449081.25,On Time,0,7.0,False
ORD-000401,CUS-0011,2026-02-09,2026-02-22,2026-02-16,2026-02-21,Delivered,Website,60,6405067.5,1152912.15,0.0,7557979.65,4912050.0,1493017.5,On Time,0,12.0,False
ORD-000402,CUS-0081,2025-11-10,2025-11-17,2025-11-17,2025-11-19,Delivered,Direct Sales,60,2004282.5,360770.85,0.0,2365053.35,1488400.0,515882.5,Delayed,2,9.0,False
ORD-000403,CUS-0004,2025-11-12,2025-11-22,2025-11-13,2025-11-18,Delivered,Corporate Account,30,2877173.75,517891.27,0.0,3395065.02,2172000.0,705173.75,On Time,0,6.0,False
ORD-000404,CUS-0120,2025-11-25,2025-12-09,2025-11-26,2025-11-30,Delivered,Direct Sales,30,1221422.5,219856.05,0.0,1441278.55,874750.0,346672.5,On Time,0,5.0,False
ORD-000405,CUS-0004,2026-08-28,2026-09-02,2026-08-31,2026-09-01,Delivered,Corporate Account,30,270970.0,48774.6,0.0,319744.6,195450.0,75520.0,On Time,0,4.0,False
ORD-000406,CUS-0094,2025-11-14,2025-11-27,2025-11-21,2025-11-26,Delivered,Corporate Account,45,1400200.0,252036.0,0.0,1652236.0,985550.0,414650.0,On Time,0,12.0,False
ORD-000407,CUS-0060,2025-05-31,2025-06-14,2025-06-04,2025-06-06,Delivered,Corporate Account,15,614340.0,110581.2,0.0,724921.2,491400.0,122940.0,On Time,0,6.0,False
ORD-000408,CUS-0084,2026-03-08,2026-03-23,2026-03-14,2026-03-17,Delivered,Corporate Account,30,1975967.5,355674.15,0.0,2331641.65,1582800.0,393167.5,On Time,0,9.0,False
ORD-000409,CUS-0075,2025-04-07,2025-04-14,2025-04-09,2025-04-11,Delivered,Website,30,1918515.0,345332.7,0.0,2263847.7,1331350.0,587165.0,On Time,0,4.0,False
ORD-000410,CUS-0037,2025-05-09,2025-05-14,2025-05-13,2025-05-14,Delivered,Direct Sales,30,178062.5,32051.25,0.0,210113.75,117700.0,60362.5,On Time,0,5.0,False
ORD-000411,CUS-0119,2026-06-08,2026-06-14,2026-06-12,2026-06-13,Delivered,Direct Sales,30,268375.0,48307.5,0.0,316682.5,197500.0,70875.0,On Time,0,5.0,False
ORD-000412,CUS-0067,2025-04-25,2025-05-09,2025-04-28,2025-05-01,Delivered,Tender,60,3194085.0,574935.3,0.0,3769020.3,2370600.0,823485.0,On Time,0,6.0,False
ORD-000413,CUS-0002,2025-04-26,2025-05-04,,,Pending,Direct Sales,60,2606896.25,469241.33,0.0,3076137.58,1913500.0,693396.25,Overdue Open Order,485,,True
ORD-000414,CUS-0005,2026-06-04,2026-06-14,2026-06-10,2026-06-11,Delivered,Direct Sales,30,2554005.0,459720.9,0.0,3013725.9,1994850.0,559155.0,On Time,0,7.0,False
ORD-000415,CUS-0113,2026-06-26,2026-07-07,,,Processing,Corporate Account,60,3357090.0,604276.2,0.0,3961366.2,2790450.0,566640.0,Overdue Open Order,56,,True
ORD-000416,CUS-0074,2025-11-08,2025-11-23,2025-11-10,2025-11-14,Delivered,Tender,30,494957.5,89092.35,0.0,584049.85,364500.0,130457.5,On Time,0,6.0,False
ORD-000417,CUS-0050,2026-04-08,2026-04-14,2026-04-15,2026-04-20,Delivered,Direct Sales,60,2427056.25,436870.12,0.0,2863926.38,1875150.0,551906.25,Delayed,6,12.0,False
ORD-000418,CUS-0036,2026-05-20,2026-06-03,,,Processing,Website,45,2344877.5,422077.95,0.0,2766955.45,1664900.0,679977.5,Overdue Open Order,90,,True
ORD-000419,CUS-0083,2025-07-30,2025-08-06,2025-08-01,,Shipped,Phone / WhatsApp,30,362987.5,65337.75,0.0,428325.25,270050.0,92937.5,Overdue Open Order,391,,True
ORD-000420,CUS-0036,2025-08-24,2025-08-31,2025-08-29,2025-08-30,Delivered,Website,45,3009510.0,541711.8,0.0,3551221.8,2284750.0,724760.0,On Time,0,6.0,False
ORD-000421,CUS-0011,2026-04-09,2026-04-23,2026-04-13,2026-04-15,Delivered,Tender,60,862410.0,155233.8,0.0,1017643.8,589800.0,272610.0,On Time,0,6.0,False
ORD-000422,CUS-0067,2025-05-26,2025-06-10,2025-05-31,2025-06-01,Delivered,Tender,60,2981811.25,536726.03,0.0,3518537.27,2320300.0,661511.25,On Time,0,6.0,False
ORD-000423,CUS-0052,2025-10-30,2025-11-07,2025-11-05,,Shipped,Direct Sales,45,1541697.5,277505.55,0.0,1819203.05,1171400.0,370297.5,Overdue Open Order,298,,True
ORD-000424,CUS-0065,2026-06-22,2026-07-05,,,Pending,Direct Sales,30,567017.5,102063.15,0.0,669080.65,452150.0,114867.5,Overdue Open Order,58,,True
ORD-000425,CUS-0069,2025-12-15,2025-12-25,2025-12-17,2025-12-22,Delivered,Phone / WhatsApp,30,339431.25,61097.62,0.0,400528.88,267000.0,72431.25,On Time,0,7.0,False
ORD-000426,CUS-0038,2026-05-20,2026-06-01,,,Processing,Corporate Account,45,783275.0,140989.5,0.0,924264.5,570350.0,212925.0,Overdue Open Order,92,,True
ORD-000427,CUS-0037,2026-07-28,2026-08-08,2026-08-02,2026-08-05,Delivered,Corporate Account,30,831905.0,149742.9,0.0,981647.9,616750.0,215155.0,On Time,0,8.0,False
ORD-000428,CUS-0055,2025-05-04,2025-05-19,2025-05-06,2025-05-09,Delivered,Corporate Account,60,5090101.25,916218.22,0.0,6006319.47,3917600.0,1172501.25,On Time,0,5.0,False
ORD-000429,CUS-0067,2025-08-14,2025-08-21,,,Pending,Tender,60,4896217.5,881319.15,0.0,5777536.65,3635050.0,1261167.5,Overdue Open Order,376,,True
ORD-000430,CUS-0100,2025-03-23,2025-03-30,2025-03-29,2025-03-30,Delivered,Direct Sales,45,1293386.25,232809.52,0.0,1526195.77,954450.0,338936.25,On Time,0,7.0,False
ORD-000431,CUS-0071,2026-06-10,2026-06-18,2026-06-16,,Shipped,Corporate Account,30,810721.25,145929.82,0.0,956651.07,568900.0,241821.25,Overdue Open Order,75,,True
ORD-000432,CUS-0096,2025-12-04,2025-12-15,2025-12-09,2025-12-14,Delivered,Website,30,1562670.0,281280.6,0.0,1843950.6,1159400.0,403270.0,On Time,0,10.0,False
ORD-000433,CUS-0093,2026-08-05,2026-08-16,,,Processing,Website,30,278825.0,50188.5,0.0,329013.5,188400.0,90425.0,Overdue Open Order,16,,True
ORD-000434,CUS-0022,2025-06-30,2025-07-11,2025-07-05,2025-07-10,Delivered,Tender,60,4073486.25,733227.53,0.0,4806713.78,3176350.0,897136.25,On Time,0,10.0,False
ORD-000435,CUS-0024,2026-02-07,2026-02-19,2026-02-13,2026-02-15,Delivered,Tender,60,6065382.5,1091768.85,0.0,7157151.35,4547800.0,1517582.5,On Time,0,8.0,False
ORD-000436,CUS-0065,2025-09-01,2025-09-05,2025-09-07,2025-09-08,Delivered,Direct Sales,30,50112.5,9020.25,1500.0,60632.75,35400.0,14712.5,Delayed,3,7.0,False
ORD-000437,CUS-0013,2025-10-16,2025-10-22,2025-10-23,2025-10-28,Delivered,Direct Sales,45,214597.5,38627.55,0.0,253225.05,142600.0,71997.5,Delayed,6,12.0,False
ORD-000438,CUS-0050,2026-08-01,2026-08-14,2026-08-08,2026-08-12,Delivered,Website,60,124877.5,22477.95,0.0,147355.45,91700.0,33177.5,On Time,0,11.0,False
ORD-000439,CUS-0084,2026-03-01,2026-03-10,2026-03-04,2026-03-06,Partially Returned,Website,30,1028670.0,185160.6,0.0,1213830.6,811850.0,216820.0,On Time,0,5.0,False
ORD-000440,CUS-0012,2025-06-10,2025-06-18,2025-06-12,2025-06-17,Delivered,Tender,30,1454705.0,261846.9,0.0,1716551.9,1048800.0,405905.0,On Time,0,7.0,False
ORD-000441,CUS-0041,2025-04-18,2025-04-24,2025-04-23,2025-04-24,Delivered,Corporate Account,45,375772.5,67639.05,0.0,443411.55,282450.0,93322.5,On Time,0,6.0,False
ORD-000442,CUS-0072,2026-01-18,2026-01-31,2026-01-20,2026-01-24,Delivered,Direct Sales,45,1536200.0,276516.0,0.0,1812716.0,1224450.0,311750.0,On Time,0,6.0,False
ORD-000443,CUS-0046,2026-08-28,2026-09-04,,,Processing,Phone / WhatsApp,60,1897072.5,341473.05,0.0,2238545.55,1385100.0,511972.5,Open - Within Promise,0,,False
ORD-000444,CUS-0019,2025-05-12,2025-05-18,,,Pending,Direct Sales,30,327747.5,58994.55,0.0,386742.05,229150.0,98597.5,Overdue Open Order,471,,True
ORD-000445,CUS-0021,2025-08-16,2025-08-23,2025-08-22,2025-08-27,Delivered,Direct Sales,30,915405.0,164772.9,0.0,1080177.9,691100.0,224305.0,Delayed,4,11.0,False
ORD-000446,CUS-0075,2025-06-22,2025-07-01,2025-06-24,2025-06-26,Delivered,Phone / WhatsApp,30,4927050.0,886869.0,0.0,5813919.0,4206900.0,720150.0,On Time,0,4.0,False
ORD-000447,CUS-0117,2025-05-30,2025-06-14,2025-06-05,,Shipped,Direct Sales,30,537697.5,96785.55,0.0,634483.05,407100.0,130597.5,Overdue Open Order,444,,True
ORD-000448,CUS-0001,2026-08-08,2026-08-23,2026-08-14,2026-08-15,Delivered,Tender,45,743780.0,133880.4,0.0,877660.4,576000.0,167780.0,On Time,0,7.0,False
ORD-000449,CUS-0002,2026-01-13,2026-01-24,,,Processing,Direct Sales,60,2032610.0,365869.8,0.0,2398479.8,1383850.0,648760.0,Overdue Open Order,220,,True
ORD-000450,CUS-0014,2026-08-16,2026-08-30,,,Processing,Website,45,264927.5,47686.95,0.0,312614.45,194150.0,70777.5,Overdue Open Order,2,,True
ORD-000451,CUS-0045,2026-04-13,2026-04-20,,,Pending,Direct Sales,60,4039366.25,727085.92,0.0,4766452.17,3185200.0,854166.25,Overdue Open Order,134,,True
ORD-000452,CUS-0110,2026-05-12,2026-05-22,2026-05-13,2026-05-15,Returned,Direct Sales,30,527025.0,94864.5,0.0,621889.5,394400.0,132625.0,On Time,0,3.0,False
ORD-000453,CUS-0014,2026-05-02,2026-05-11,2026-05-03,2026-05-04,Delivered,Direct Sales,45,574990.0,103498.2,0.0,678488.2,421700.0,153290.0,On Time,0,2.0,False
ORD-000454,CUS-0002,2025-03-16,2025-03-30,,,Confirmed,Website,60,4247207.5,764497.35,0.0,5011704.85,3144250.0,1102957.5,Overdue Open Order,520,,True
ORD-000455,CUS-0067,2025-06-05,2025-06-14,2025-06-07,2025-06-11,Delivered,Corporate Account,60,2231050.0,401589.0,0.0,2632639.0,1583400.0,647650.0,On Time,0,6.0,False
ORD-000456,CUS-0090,2025-07-10,2025-07-24,2025-07-15,2025-07-16,Delivered,Corporate Account,30,5509437.5,991698.75,0.0,6501136.25,4530250.0,979187.5,On Time,0,6.0,False
ORD-000457,CUS-0075,2026-02-10,2026-02-24,2026-02-13,2026-02-16,Delivered,Website,30,2562080.0,461174.4,0.0,3023254.4,1969200.0,592880.0,On Time,0,6.0,False
ORD-000458,CUS-0046,2026-07-01,2026-07-12,2026-07-04,2026-07-08,Delivered,Website,60,1709775.0,307759.5,0.0,2017534.5,1286900.0,422875.0,On Time,0,7.0,False
ORD-000459,CUS-0067,2025-03-15,2025-03-19,2025-03-20,2025-03-22,Delivered,Direct Sales,60,2760085.0,496815.3,0.0,3256900.3,2119850.0,640235.0,Delayed,3,7.0,False
ORD-000460,CUS-0001,2026-02-26,2026-03-02,2026-02-27,2026-03-04,Delivered,Corporate Account,45,1823351.25,328203.22,0.0,2151554.48,1344850.0,478501.25,Delayed,2,6.0,False
ORD-000461,CUS-0113,2025-06-07,2025-06-11,2025-06-12,2025-06-16,Delivered,Corporate Account,60,2343880.0,421898.4,0.0,2765778.4,1782400.0,561480.0,Delayed,5,9.0,False
ORD-000462,CUS-0053,2025-03-19,2025-04-03,2025-03-21,2025-03-22,Delivered,Direct Sales,45,1029093.75,185236.88,0.0,1214330.62,811850.0,217243.75,On Time,0,3.0,False
ORD-000463,CUS-0077,2026-02-16,2026-02-22,2026-02-21,,Shipped,Website,15,373360.0,67204.8,0.0,440564.8,268850.0,104510.0,Overdue Open Order,191,,True
ORD-000464,CUS-0067,2026-07-27,2026-08-02,,,Cancelled,Corporate Account,60,827940.0,149029.2,0.0,976969.2,567900.0,260040.0,Cancelled,0,,False
ORD-000465,CUS-0113,2026-01-16,2026-01-24,2026-01-20,2026-01-23,Delivered,Direct Sales,60,502077.5,90373.95,0.0,592451.45,342400.0,159677.5,On Time,0,7.0,False
ORD-000466,CUS-0045,2026-07-16,2026-07-29,2026-07-23,2026-07-25,Delivered,Phone / WhatsApp,60,1116506.25,200971.12,0.0,1317477.38,873300.0,243206.25,On Time,0,9.0,False
ORD-000467,CUS-0018,2025-07-06,2025-07-15,2025-07-13,2025-07-14,Delivered,Tender,30,207825.0,37408.5,0.0,245233.5,146800.0,61025.0,On Time,0,8.0,False
ORD-000468,CUS-0001,2025-08-06,2025-08-18,2025-08-08,2025-08-09,Delivered,Corporate Account,45,1847523.75,332554.27,0.0,2180078.02,1365050.0,482473.75,On Time,0,3.0,False
ORD-000469,CUS-0035,2026-08-16,2026-08-23,2026-08-18,2026-08-21,Delivered,Direct Sales,30,1516212.5,272918.25,0.0,1789130.75,1101050.0,415162.5,On Time,0,5.0,False
ORD-000470,CUS-0038,2026-01-02,2026-01-11,2026-01-08,2026-01-09,Delivered,Tender,45,176748.75,31814.77,0.0,208563.52,119250.0,57498.75,On Time,0,7.0,False
ORD-000471,CUS-0026,2026-06-01,2026-06-12,,,Processing,Corporate Account,30,219521.25,39513.82,0.0,259035.08,168000.0,51521.25,Overdue Open Order,81,,True
ORD-000472,CUS-0023,2026-06-08,2026-06-23,2026-06-10,2026-06-12,Partially Returned,Corporate Account,15,218160.0,39268.8,0.0,257428.8,175500.0,42660.0,On Time,0,4.0,False
ORD-000473,CUS-0002,2026-03-09,2026-03-17,,,Cancelled,Phone / WhatsApp,60,283415.0,51014.7,0.0,334429.7,187600.0,95815.0,Cancelled,0,,False
ORD-000474,CUS-0049,2025-04-23,2025-05-06,,,Confirmed,Direct Sales,45,2305497.5,414989.55,0.0,2720487.05,1679450.0,626047.5,Overdue Open Order,483,,True
ORD-000475,CUS-0113,2026-03-03,2026-03-10,2026-03-06,2026-03-09,Delivered,Direct Sales,60,2845288.75,512151.97,0.0,3357440.73,2095700.0,749588.75,On Time,0,6.0,False
ORD-000476,CUS-0001,2026-08-18,2026-08-28,2026-08-25,2026-08-26,Delivered,Tender,45,2547807.5,458605.35,0.0,3006412.85,1817000.0,730807.5,On Time,0,8.0,False
ORD-000477,CUS-0052,2025-03-13,2025-03-26,2025-03-17,2025-03-19,Delivered,Direct Sales,45,60780.0,10940.4,2500.0,74220.4,42450.0,18330.0,On Time,0,6.0,False
ORD-000478,CUS-0065,2025-12-20,2026-01-02,2025-12-22,2025-12-27,Delivered,Corporate Account,30,375133.75,67524.07,0.0,442657.83,266200.0,108933.75,On Time,0,7.0,False
ORD-000479,CUS-0047,2026-01-09,2026-01-24,2026-01-11,2026-01-13,Delivered,Tender,30,507738.75,91392.97,0.0,599131.72,369950.0,137788.75,On Time,0,4.0,False
ORD-000480,CUS-0036,2025-04-22,2025-04-29,2025-04-24,,Shipped,Direct Sales,45,150296.25,27053.33,0.0,177349.58,92250.0,58046.25,Overdue Open Order,490,,True
ORD-000481,CUS-0012,2026-02-11,2026-02-22,,,Processing,Direct Sales,30,465135.0,83724.3,0.0,548859.3,319050.0,146085.0,Overdue Open Order,191,,True
ORD-000482,CUS-0024,2025-11-10,2025-11-25,2025-11-14,2025-11-17,Delivered,Phone / WhatsApp,60,1481415.0,266654.7,0.0,1748069.7,1069200.0,412215.0,On Time,0,7.0,False
ORD-000483,CUS-0112,2025-12-09,2025-12-22,2025-12-15,2025-12-18,Delivered,Phone / WhatsApp,15,1418178.75,255272.17,0.0,1673450.93,1077650.0,340528.75,On Time,0,9.0,False
ORD-000484,CUS-0045,2025-10-11,2025-10-17,2025-10-15,2025-10-19,Delivered,Tender,60,1872531.25,337055.62,0.0,2209586.88,1452300.0,420231.25,Delayed,2,8.0,False
ORD-000485,CUS-0039,2026-07-14,2026-07-21,2026-07-20,2026-07-25,Delivered,Direct Sales,30,1175452.5,211581.45,0.0,1387033.95,981000.0,194452.5,Delayed,4,11.0,False
ORD-000486,CUS-0047,2025-10-18,2025-10-26,2025-10-25,2025-10-29,Delivered,Corporate Account,30,598462.5,107723.25,0.0,706185.75,434350.0,164112.5,Delayed,3,11.0,False
ORD-000487,CUS-0095,2025-11-16,2025-11-27,2025-11-17,2025-11-19,Delivered,Direct Sales,45,1309860.0,235774.8,0.0,1545634.8,955500.0,354360.0,On Time,0,3.0,False
ORD-000488,CUS-0028,2026-07-22,2026-08-02,2026-07-29,2026-07-31,Delivered,Corporate Account,30,190485.0,34287.3,0.0,224772.3,148800.0,41685.0,On Time,0,9.0,False
ORD-000489,CUS-0004,2026-04-06,2026-04-12,,,Processing,Phone / WhatsApp,30,39045.0,7028.1,2500.0,48573.1,26300.0,12745.0,Overdue Open Order,142,,True
ORD-000490,CUS-0118,2025-08-13,2025-08-26,2025-08-19,,Shipped,Website,30,390972.5,70375.05,0.0,461347.55,297300.0,93672.5,Overdue Open Order,371,,True
ORD-000491,CUS-0090,2026-06-14,2026-06-26,2026-06-18,2026-06-19,Delivered,Direct Sales,30,2046540.0,368377.2,0.0,2414917.2,1616200.0,430340.0,On Time,0,5.0,False
ORD-000492,CUS-0108,2026-08-18,2026-08-28,2026-08-24,2026-08-28,Delivered,Phone / WhatsApp,45,510568.75,91902.38,0.0,602471.12,376000.0,134568.75,On Time,0,10.0,False
ORD-000493,CUS-0067,2025-09-08,2025-09-12,,,Cancelled,Direct Sales,60,5710342.5,1027861.65,0.0,6738204.15,4490700.0,1219642.5,Cancelled,0,,False
ORD-000494,CUS-0063,2025-04-01,2025-04-11,,,Processing,Direct Sales,30,423032.5,76145.85,0.0,499178.35,285900.0,137132.5,Overdue Open Order,508,,True
ORD-000495,CUS-0041,2026-07-30,2026-08-13,2026-08-06,2026-08-10,Delivered,Corporate Account,45,425500.0,76590.0,0.0,502090.0,288000.0,137500.0,On Time,0,11.0,False
ORD-000496,CUS-0046,2025-08-15,2025-08-20,2025-08-17,2025-08-19,Delivered,Direct Sales,60,2663270.0,479388.6,0.0,3142658.6,2033750.0,629520.0,On Time,0,4.0,False
ORD-000497,CUS-0046,2025-12-09,2025-12-20,,,Confirmed,Tender,60,1033843.75,186091.88,0.0,1219935.62,755750.0,278093.75,Overdue Open Order,255,,True
ORD-000498,CUS-0032,2026-07-01,2026-07-16,,,Cancelled,Corporate Account,30,767550.0,138159.0,0.0,905709.0,555350.0,212200.0,Cancelled,0,,False
ORD-000499,CUS-0037,2025-06-07,2025-06-15,2025-06-12,2025-06-13,Delivered,Direct Sales,30,563840.0,101491.2,0.0,665331.2,397900.0,165940.0,On Time,0,6.0,False
ORD-000500,CUS-0055,2025-06-16,2025-06-27,2025-06-19,2025-06-24,Delivered,Direct Sales,60,465513.75,83792.47,0.0,549306.22,340850.0,124663.75,On Time,0,8.0,False
ORD-000501,CUS-0058,2026-06-06,2026-06-19,,,Confirmed,Website,45,21840.0,3931.2,1500.0,27271.2,13200.0,8640.0,Overdue Open Order,74,,True
ORD-000502,CUS-0079,2026-01-08,2026-01-13,2026-01-15,2026-01-16,Delivered,Corporate Account,45,896442.5,161359.65,0.0,1057802.15,631250.0,265192.5,Delayed,3,8.0,False
ORD-000503,CUS-0050,2025-12-07,2025-12-14,2025-12-14,2025-12-15,Delivered,Website,60,923943.75,166309.88,0.0,1090253.62,671100.0,252843.75,Delayed,1,8.0,False
ORD-000504,CUS-0055,2026-05-05,2026-05-09,2026-05-12,2026-05-17,Delivered,Corporate Account,60,7217745.0,1299194.1,0.0,8516939.1,6001100.0,1216645.0,Delayed,8,12.0,False
ORD-000505,CUS-0074,2025-03-01,2025-03-13,2025-03-08,2025-03-12,Delivered,Direct Sales,30,1025050.0,184509.0,0.0,1209559.0,694050.0,331000.0,On Time,0,11.0,False
ORD-000506,CUS-0005,2025-10-16,2025-10-23,2025-10-21,,Shipped,Phone / WhatsApp,30,2255437.5,405978.75,0.0,2661416.25,1804000.0,451437.5,Overdue Open Order,313,,True
ORD-000507,CUS-0046,2026-01-15,2026-01-27,2026-01-16,2026-01-21,Delivered,Corporate Account,60,129720.0,23349.6,0.0,153069.6,82200.0,47520.0,On Time,0,6.0,False
ORD-000508,CUS-0055,2025-09-08,2025-09-13,2025-09-12,2025-09-15,Delivered,Phone / WhatsApp,60,3881255.0,698625.9,0.0,4579880.9,3019900.0,861355.0,Delayed,2,7.0,False
ORD-000509,CUS-0038,2025-05-21,2025-05-30,2025-05-24,,Shipped,Corporate Account,45,1194480.0,215006.4,0.0,1409486.4,894650.0,299830.0,Overdue Open Order,459,,True
ORD-000510,CUS-0005,2026-04-20,2026-05-03,2026-04-26,2026-04-28,Delivered,Tender,30,3805796.25,685043.32,0.0,4490839.58,2933450.0,872346.25,On Time,0,8.0,False
ORD-000511,CUS-0098,2026-04-10,2026-04-15,,,Pending,Phone / WhatsApp,45,1716507.5,308971.35,0.0,2025478.85,1350550.0,365957.5,Overdue Open Order,139,,True
ORD-000512,CUS-0071,2026-05-20,2026-05-31,2026-05-21,2026-05-25,Delivered,Corporate Account,30,651267.5,117228.15,0.0,768495.65,490600.0,160667.5,On Time,0,5.0,False
ORD-000513,CUS-0009,2025-12-25,2026-01-09,2025-12-30,2026-01-01,Delivered,Website,30,214850.0,38673.0,0.0,253523.0,154500.0,60350.0,On Time,0,7.0,False
ORD-000514,CUS-0059,2025-11-30,2025-12-12,2025-12-01,2025-12-06,Delivered,Phone / WhatsApp,30,1490715.0,268328.7,0.0,1759043.7,1185350.0,305365.0,On Time,0,6.0,False
ORD-000515,CUS-0096,2026-02-18,2026-03-05,2026-02-19,2026-02-20,Delivered,Corporate Account,30,2090241.25,376243.42,0.0,2466484.67,1557550.0,532691.25,On Time,0,2.0,False
ORD-000516,CUS-0001,2026-06-18,2026-06-23,,,Confirmed,Corporate Account,45,4918230.0,885281.4,0.0,5803511.4,3650950.0,1267280.0,Overdue Open Order,70,,True
ORD-000517,CUS-0001,2025-11-09,2025-11-22,2025-11-16,2025-11-17,Delivered,Corporate Account,45,3663936.25,659508.53,0.0,4323444.78,2746900.0,917036.25,On Time,0,8.0,False
ORD-000518,CUS-0010,2026-04-19,2026-04-30,2026-04-22,2026-04-26,Delivered,Tender,30,1778907.5,320203.35,0.0,2099110.85,1352950.0,425957.5,On Time,0,7.0,False
ORD-000519,CUS-0068,2026-08-18,2026-08-23,2026-08-20,2026-08-22,Delivered,Direct Sales,30,25740.0,4633.2,3000.0,33373.2,16800.0,8940.0,On Time,0,4.0,False
ORD-000520,CUS-0101,2025-11-27,2025-12-05,2025-11-28,2025-12-01,Partially Returned,Corporate Account,30,312687.5,56283.75,0.0,368971.25,235100.0,77587.5,On Time,0,4.0,False
ORD-000521,CUS-0083,2026-04-14,2026-04-22,2026-04-18,2026-04-19,Delivered,Corporate Account,30,3266940.0,588049.2,0.0,3854989.2,2560750.0,706190.0,On Time,0,5.0,False
ORD-000522,CUS-0001,2025-12-07,2025-12-17,2025-12-09,2025-12-13,Delivered,Direct Sales,45,428317.5,77097.15,0.0,505414.65,304900.0,123417.5,On Time,0,6.0,False
ORD-000523,CUS-0040,2026-04-12,2026-04-19,,,Pending,Direct Sales,30,54405.0,9792.9,2000.0,66197.9,37000.0,17405.0,Overdue Open Order,135,,True
ORD-000524,CUS-0097,2026-07-10,2026-07-25,2026-07-12,2026-07-14,Delivered,Direct Sales,45,1490308.75,268255.58,0.0,1758564.32,1160150.0,330158.75,On Time,0,4.0,False
ORD-000525,CUS-0054,2025-12-22,2026-01-04,2025-12-29,2026-01-01,Delivered,Direct Sales,15,2209318.75,397677.38,0.0,2606996.12,1890900.0,318418.75,On Time,0,10.0,False
ORD-000526,CUS-0084,2026-07-25,2026-08-05,2026-07-28,2026-08-02,Delivered,Corporate Account,30,345983.75,62277.07,0.0,408260.83,257350.0,88633.75,On Time,0,8.0,False
ORD-000527,CUS-0021,2026-05-13,2026-05-25,2026-05-14,2026-05-17,Delivered,Tender,30,228950.0,41211.0,0.0,270161.0,172600.0,56350.0,On Time,0,4.0,False
ORD-000528,CUS-0059,2025-10-14,2025-10-26,2025-10-16,2025-10-18,Delivered,Phone / WhatsApp,30,350741.25,63133.42,0.0,413874.67,258950.0,91791.25,On Time,0,4.0,False
ORD-000529,CUS-0120,2025-11-04,2025-11-17,2025-11-10,2025-11-13,Delivered,Phone / WhatsApp,30,300075.0,54013.5,0.0,354088.5,222100.0,77975.0,On Time,0,9.0,False
ORD-000530,CUS-0081,2025-11-23,2025-12-05,2025-11-28,2025-12-01,Delivered,Corporate Account,60,1949287.5,350871.75,0.0,2300159.25,1492500.0,456787.5,On Time,0,8.0,False
ORD-000531,CUS-0046,2025-12-07,2025-12-18,2025-12-14,2025-12-15,Delivered,Corporate Account,60,3445017.5,620103.15,0.0,4065120.65,2452500.0,992517.5,On Time,0,8.0,False
ORD-000532,CUS-0061,2025-09-25,2025-10-07,2025-10-02,2025-10-07,Partially Returned,Corporate Account,30,317587.5,57165.75,0.0,374753.25,215300.0,102287.5,On Time,0,12.0,False
ORD-000533,CUS-0038,2025-07-01,2025-07-12,2025-07-05,2025-07-06,Delivered,Corporate Account,45,489371.25,88086.82,0.0,577458.07,340300.0,149071.25,On Time,0,5.0,False
ORD-000534,CUS-0115,2025-11-06,2025-11-19,2025-11-10,2025-11-15,Partially Returned,Direct Sales,30,305900.0,55062.0,0.0,360962.0,201600.0,104300.0,On Time,0,9.0,False
ORD-000535,CUS-0075,2026-06-30,2026-07-10,2026-07-06,2026-07-10,Delivered,Direct Sales,30,1170702.5,210726.45,0.0,1381428.95,842900.0,327802.5,On Time,0,10.0,False
ORD-000536,CUS-0013,2026-08-13,2026-08-26,2026-08-14,2026-08-19,Delivered,Tender,45,926370.0,166746.6,0.0,1093116.6,749600.0,176770.0,On Time,0,6.0,False
ORD-000537,CUS-0042,2026-06-07,2026-06-22,2026-06-12,2026-06-14,Delivered,Corporate Account,30,1142390.0,205630.2,0.0,1348020.2,929250.0,213140.0,On Time,0,7.0,False
ORD-000538,CUS-0095,2026-06-09,2026-06-22,2026-06-16,2026-06-20,Delivered,Direct Sales,45,941970.0,169554.6,0.0,1111524.6,728600.0,213370.0,On Time,0,11.0,False
ORD-000539,CUS-0109,2025-05-27,2025-06-05,2025-06-02,2025-06-03,Delivered,Corporate Account,15,381915.0,68744.7,0.0,450659.7,279800.0,102115.0,On Time,0,7.0,False
ORD-000540,CUS-0100,2025-04-10,2025-04-23,2025-04-14,,Shipped,Corporate Account,45,191187.5,34413.75,0.0,225601.25,136800.0,54387.5,Overdue Open Order,496,,True
ORD-000541,CUS-0079,2025-07-15,2025-07-23,2025-07-17,2025-07-22,Delivered,Tender,45,58110.0,10459.8,2500.0,71069.8,39600.0,18510.0,On Time,0,7.0,False
ORD-000542,CUS-0067,2025-04-12,2025-04-19,2025-04-19,2025-04-23,Delivered,Direct Sales,60,2768485.0,498327.3,0.0,3266812.3,2070650.0,697835.0,Delayed,4,11.0,False
ORD-000543,CUS-0084,2026-04-23,2026-05-08,2026-04-25,2026-04-30,Delivered,Direct Sales,30,1039743.75,187153.88,0.0,1226897.62,826050.0,213693.75,On Time,0,7.0,False
ORD-000544,CUS-0073,2025-06-26,2025-07-01,2025-06-29,2025-07-02,Delivered,Website,30,85305.0,15354.9,2500.0,103159.9,63300.0,22005.0,Delayed,1,6.0,False
ORD-000545,CUS-0108,2025-06-06,2025-06-19,2025-06-10,2025-06-15,Delivered,Direct Sales,45,5713502.5,1028430.45,0.0,6741932.95,4651050.0,1062452.5,On Time,0,9.0,False
ORD-000546,CUS-0039,2026-01-02,2026-01-10,,,Cancelled,Corporate Account,30,602516.25,108452.93,0.0,710969.18,479850.0,122666.25,Cancelled,0,,False
ORD-000547,CUS-0102,2025-11-07,2025-11-18,,,Confirmed,Corporate Account,45,1106720.0,199209.6,0.0,1305929.6,810200.0,296520.0,Overdue Open Order,287,,True
ORD-000548,CUS-0088,2026-06-16,2026-06-24,2026-06-21,,Shipped,Corporate Account,30,563985.0,101517.3,0.0,665502.3,403000.0,160985.0,Overdue Open Order,69,,True
ORD-000549,CUS-0120,2025-04-15,2025-04-20,2025-04-20,2025-04-24,Delivered,Direct Sales,30,1261892.5,227140.65,0.0,1489033.15,927500.0,334392.5,Delayed,4,9.0,False
ORD-000550,CUS-0009,2026-04-20,2026-04-29,2026-04-27,2026-05-01,Delivered,Corporate Account,30,443957.5,79912.35,0.0,523869.85,313500.0,130457.5,Delayed,2,11.0,False
ORD-000551,CUS-0059,2026-07-29,2026-08-04,2026-08-01,2026-08-04,Delivered,Direct Sales,30,60705.0,10926.9,2000.0,73631.9,41400.0,19305.0,On Time,0,6.0,False
ORD-000552,CUS-0060,2025-05-01,2025-05-09,2025-05-03,,Shipped,Corporate Account,15,434067.5,78132.15,0.0,512199.65,342550.0,91517.5,Overdue Open Order,480,,True
ORD-000553,CUS-0070,2026-03-06,2026-03-12,2026-03-12,2026-03-14,Delivered,Corporate Account,15,468692.5,84364.65,0.0,553057.15,352350.0,116342.5,Delayed,2,8.0,False
ORD-000554,CUS-0120,2025-09-02,2025-09-08,2025-09-04,2025-09-06,Delivered,Website,30,242580.0,43664.4,0.0,286244.4,158500.0,84080.0,On Time,0,4.0,False
ORD-000555,CUS-0064,2025-09-10,2025-09-15,,,Processing,Direct Sales,30,3339387.5,601089.75,0.0,3940477.25,2586200.0,753187.5,Overdue Open Order,351,,True
ORD-000556,CUS-0035,2025-08-05,2025-08-11,2025-08-06,2025-08-08,Delivered,Website,30,3991261.25,718427.03,0.0,4709688.28,2954100.0,1037161.25,On Time,0,3.0,False
ORD-000557,CUS-0066,2026-01-07,2026-01-17,2026-01-09,2026-01-12,Delivered,Corporate Account,30,203435.0,36618.3,0.0,240053.3,132850.0,70585.0,On Time,0,5.0,False
ORD-000558,CUS-0092,2026-07-08,2026-07-14,2026-07-10,2026-07-11,Delivered,Phone / WhatsApp,30,2281253.75,410625.67,0.0,2691879.42,1846100.0,435153.75,On Time,0,3.0,False
ORD-000559,CUS-0001,2025-03-01,2025-03-06,2025-03-08,2025-03-13,Delivered,Phone / WhatsApp,45,3626331.25,652739.62,0.0,4279070.88,2696050.0,930281.25,Delayed,7,12.0,False
ORD-000560,CUS-0064,2025-08-15,2025-08-19,2025-08-18,2025-08-22,Delivered,Corporate Account,30,803665.0,144659.7,0.0,948324.7,581950.0,221715.0,Delayed,3,7.0,False
ORD-000561,CUS-0048,2025-10-30,2025-11-14,2025-11-05,2025-11-07,Delivered,Corporate Account,30,252825.0,45508.5,0.0,298333.5,193750.0,59075.0,On Time,0,8.0,False
ORD-000562,CUS-0090,2025-04-15,2025-04-29,2025-04-18,2025-04-23,Delivered,Direct Sales,30,2305165.0,414929.7,0.0,2720094.7,1665350.0,639815.0,On Time,0,8.0,False
ORD-000563,CUS-0081,2025-08-20,2025-08-28,2025-08-23,2025-08-28,Returned,Direct Sales,60,317750.0,57195.0,0.0,374945.0,228900.0,88850.0,On Time,0,8.0,False
ORD-000564,CUS-0063,2025-11-12,2025-11-26,2025-11-19,2025-11-20,Delivered,Direct Sales,30,936517.5,168573.15,0.0,1105090.65,665750.0,270767.5,On Time,0,8.0,False
ORD-000565,CUS-0102,2026-02-26,2026-03-07,2026-03-02,2026-03-04,Delivered,Corporate Account,45,227242.5,40903.65,0.0,268146.15,163950.0,63292.5,On Time,0,6.0,False
ORD-000566,CUS-0095,2026-08-06,2026-08-16,,,Confirmed,Corporate Account,45,5621206.25,1011817.12,0.0,6633023.38,4403650.0,1217556.25,Overdue Open Order,16,,True
ORD-000567,CUS-0063,2026-04-11,2026-04-19,2026-04-12,2026-04-14,Delivered,Corporate Account,30,89100.0,16038.0,1500.0,106638.0,63800.0,25300.0,On Time,0,3.0,False
ORD-000568,CUS-0086,2025-04-04,2025-04-13,,,Pending,Direct Sales,15,251215.0,45218.7,0.0,296433.7,173200.0,78015.0,Overdue Open Order,506,,True
ORD-000569,CUS-0021,2025-06-03,2025-06-13,2025-06-05,2025-06-08,Delivered,Corporate Account,30,2226420.0,400755.6,0.0,2627175.6,1690150.0,536270.0,On Time,0,5.0,False
ORD-000570,CUS-0083,2025-05-29,2025-06-07,2025-06-02,2025-06-03,Delivered,Direct Sales,30,488171.25,87870.82,0.0,576042.07,401800.0,86371.25,On Time,0,5.0,False
ORD-000571,CUS-0120,2025-11-14,2025-11-25,2025-11-17,2025-11-19,Partially Returned,Website,30,3397560.0,611560.8,0.0,4009120.8,2613800.0,783760.0,On Time,0,5.0,False
ORD-000572,CUS-0105,2025-09-06,2025-09-14,2025-09-13,2025-09-14,Delivered,Tender,15,47737.5,8592.75,3000.0,59330.25,35950.0,11787.5,On Time,0,8.0,False
ORD-000573,CUS-0024,2025-06-30,2025-07-11,2025-07-01,2025-07-02,Delivered,Direct Sales,60,2776023.75,499684.27,0.0,3275708.02,1974950.0,801073.75,On Time,0,2.0,False
ORD-000574,CUS-0105,2025-12-12,2025-12-22,,,Processing,Direct Sales,15,317675.0,57181.5,0.0,374856.5,243900.0,73775.0,Overdue Open Order,253,,True
ORD-000575,CUS-0083,2026-07-09,2026-07-15,2026-07-10,2026-07-11,Delivered,Website,30,754400.0,135792.0,0.0,890192.0,603600.0,150800.0,On Time,0,2.0,False
ORD-000576,CUS-0049,2026-06-02,2026-06-17,2026-06-07,2026-06-08,Delivered,Website,45,598650.0,107757.0,0.0,706407.0,414350.0,184300.0,On Time,0,6.0,False
ORD-000577,CUS-0050,2025-07-02,2025-07-09,,,Processing,Direct Sales,60,3049102.5,548838.45,0.0,3597940.95,2229400.0,819702.5,Overdue Open Order,419,,True
ORD-000578,CUS-0065,2025-03-31,2025-04-13,2025-04-02,2025-04-06,Delivered,Tender,30,204487.5,36807.75,0.0,241295.25,131300.0,73187.5,On Time,0,6.0,False
ORD-000579,CUS-0069,2026-06-04,2026-06-15,2026-06-10,2026-06-15,Delivered,Website,30,863131.25,155363.62,0.0,1018494.88,636500.0,226631.25,On Time,0,11.0,False
ORD-000580,CUS-0062,2026-01-12,2026-01-19,2026-01-13,2026-01-18,Delivered,Corporate Account,45,2310031.25,415805.62,0.0,2725836.88,1735250.0,574781.25,On Time,0,6.0,False
ORD-000581,CUS-0035,2025-03-30,2025-04-12,2025-04-04,2025-04-05,Delivered,Direct Sales,30,6883511.25,1239032.02,0.0,8122543.28,5947800.0,935711.25,On Time,0,6.0,False
ORD-000582,CUS-0012,2026-07-01,2026-07-07,,,Processing,Direct Sales,30,161775.0,29119.5,0.0,190894.5,127500.0,34275.0,Overdue Open Order,56,,True
ORD-000583,CUS-0096,2026-02-22,2026-03-04,,,Pending,Tender,30,319207.5,57457.35,0.0,376664.85,244200.0,75007.5,Overdue Open Order,181,,True
ORD-000584,CUS-0072,2026-06-27,2026-07-04,2026-07-02,2026-07-04,Partially Returned,Direct Sales,45,5240618.75,943311.38,0.0,6183930.12,4116350.0,1124268.75,On Time,0,7.0,False
ORD-000585,CUS-0095,2026-08-19,2026-08-26,2026-08-26,2026-08-30,Delivered,Corporate Account,45,4793718.75,862869.38,0.0,5656588.12,3475150.0,1318568.75,Delayed,4,11.0,False
ORD-000586,CUS-0048,2025-04-04,2025-04-16,2025-04-06,2025-04-10,Delivered,Website,30,1677550.0,301959.0,0.0,1979509.0,1338950.0,338600.0,On Time,0,6.0,False
ORD-000587,CUS-0114,2025-04-27,2025-05-09,,,Confirmed,Website,15,355740.0,64033.2,0.0,419773.2,260050.0,95690.0,Overdue Open Order,480,,True
ORD-000588,CUS-0004,2026-02-26,2026-03-10,2026-02-28,2026-03-04,Delivered,Direct Sales,30,3022398.75,544031.78,0.0,3566430.52,2494600.0,527798.75,On Time,0,6.0,False
ORD-000589,CUS-0096,2025-11-17,2025-11-27,2025-11-20,2025-11-24,Delivered,Corporate Account,30,513380.0,92408.4,0.0,605788.4,361500.0,151880.0,On Time,0,7.0,False
ORD-000590,CUS-0075,2025-12-26,2026-01-09,2025-12-27,2025-12-29,Partially Returned,Phone / WhatsApp,30,7218800.0,1299384.0,0.0,8518184.0,6235200.0,983600.0,On Time,0,3.0,False
ORD-000591,CUS-0050,2025-10-15,2025-10-19,2025-10-22,2025-10-27,Delivered,Corporate Account,60,1131450.0,203661.0,0.0,1335111.0,852950.0,278500.0,Delayed,8,12.0,False
ORD-000592,CUS-0092,2025-04-13,2025-04-27,2025-04-16,2025-04-17,Delivered,Website,30,1831782.5,329720.85,0.0,2161503.35,1409500.0,422282.5,On Time,0,4.0,False
ORD-000593,CUS-0024,2026-02-10,2026-02-19,2026-02-15,2026-02-18,Delivered,Direct Sales,60,2680980.0,482576.4,0.0,3163556.4,2047650.0,633330.0,On Time,0,8.0,False
ORD-000594,CUS-0035,2025-08-23,2025-09-01,2025-08-28,2025-08-29,Delivered,Phone / WhatsApp,30,571020.0,102783.6,0.0,673803.6,421900.0,149120.0,On Time,0,6.0,False
ORD-000595,CUS-0110,2026-01-22,2026-02-05,2026-01-23,2026-01-25,Delivered,Phone / WhatsApp,30,727262.5,130907.25,0.0,858169.75,539450.0,187812.5,On Time,0,3.0,False
ORD-000596,CUS-0004,2026-06-26,2026-07-10,,,Cancelled,Phone / WhatsApp,30,2348006.25,422641.12,0.0,2770647.38,1950900.0,397106.25,Cancelled,0,,False
ORD-000597,CUS-0031,2025-04-04,2025-04-17,2025-04-11,2025-04-13,Delivered,Tender,30,548700.0,98766.0,0.0,647466.0,437950.0,110750.0,On Time,0,9.0,False
ORD-000598,CUS-0035,2025-09-29,2025-10-08,2025-10-06,2025-10-08,Delivered,Corporate Account,30,429000.0,77220.0,0.0,506220.0,301000.0,128000.0,On Time,0,9.0,False
ORD-000599,CUS-0029,2026-01-11,2026-01-23,2026-01-15,2026-01-17,Delivered,Website,15,436845.0,78632.1,0.0,515477.1,327350.0,109495.0,On Time,0,6.0,False
ORD-000600,CUS-0039,2025-04-28,2025-05-13,2025-05-01,2025-05-06,Delivered,Phone / WhatsApp,30,1310420.0,235875.6,0.0,1546295.6,979600.0,330820.0,On Time,0,8.0,False
ORD-000601,CUS-0096,2026-08-02,2026-08-15,2026-08-03,2026-08-06,Delivered,Tender,30,491583.75,88485.07,0.0,580068.82,378750.0,112833.75,On Time,0,4.0,False
ORD-000602,CUS-0028,2026-01-16,2026-01-22,2026-01-19,2026-01-20,Delivered,Website,30,510273.75,91849.27,0.0,602123.03,336200.0,174073.75,On Time,0,4.0,False
ORD-000603,CUS-0034,2025-12-09,2025-12-17,2025-12-12,2025-12-14,Delivered,Direct Sales,30,1568422.5,282316.05,0.0,1850738.55,1202100.0,366322.5,On Time,0,5.0,False
ORD-000604,CUS-0028,2026-07-23,2026-07-28,2026-07-26,2026-07-28,Delivered,Corporate Account,30,136570.0,24582.6,0.0,161152.6,92250.0,44320.0,On Time,0,5.0,False
ORD-000605,CUS-0076,2026-05-31,2026-06-15,,,Processing,Website,45,805810.0,145045.8,0.0,950855.8,592800.0,213010.0,Overdue Open Order,78,,True
ORD-000606,CUS-0008,2025-03-09,2025-03-23,2025-03-16,2025-03-20,Delivered,Direct Sales,45,1385930.0,249467.4,0.0,1635397.4,1073200.0,312730.0,On Time,0,11.0,False
ORD-000607,CUS-0001,2025-06-14,2025-06-25,2025-06-15,2025-06-16,Delivered,Corporate Account,45,793786.25,142881.52,0.0,936667.78,601450.0,192336.25,On Time,0,2.0,False
ORD-000608,CUS-0064,2026-07-23,2026-07-28,2026-07-26,2026-07-29,Delivered,Tender,30,1181100.0,212598.0,0.0,1393698.0,803500.0,377600.0,Delayed,1,6.0,False
ORD-000609,CUS-0067,2025-12-05,2025-12-13,2025-12-08,2025-12-13,Delivered,Website,60,1773875.0,319297.5,0.0,2093172.5,1297400.0,476475.0,On Time,0,8.0,False
ORD-000610,CUS-0120,2026-06-08,2026-06-15,2026-06-09,2026-06-13,Delivered,Tender,30,2343807.5,421885.35,0.0,2765692.85,1749650.0,594157.5,On Time,0,5.0,False
ORD-000611,CUS-0066,2026-04-20,2026-04-30,,,Pending,Direct Sales,30,1196282.5,215330.85,0.0,1411613.35,977600.0,218682.5,Overdue Open Order,124,,True
ORD-000612,CUS-0024,2025-07-15,2025-07-28,2025-07-18,2025-07-20,Delivered,Website,60,1116550.0,200979.0,0.0,1317529.0,853400.0,263150.0,On Time,0,5.0,False
ORD-000613,CUS-0081,2026-04-30,2026-05-14,2026-05-07,2026-05-09,Delivered,Tender,60,662662.5,119279.25,0.0,781941.75,457250.0,205412.5,On Time,0,9.0,False
ORD-000614,CUS-0102,2025-11-16,2025-11-29,,,Cancelled,Tender,45,658730.0,118571.4,0.0,777301.4,485100.0,173630.0,Cancelled,0,,False
ORD-000615,CUS-0108,2026-08-26,2026-09-01,2026-08-27,2026-09-01,Delivered,Direct Sales,45,836780.0,150620.4,0.0,987400.4,619750.0,217030.0,On Time,0,6.0,False
ORD-000616,CUS-0084,2025-08-11,2025-08-17,2025-08-18,,Shipped,Phone / WhatsApp,30,434900.0,78282.0,0.0,513182.0,323250.0,111650.0,Overdue Open Order,380,,True
ORD-000617,CUS-0058,2025-07-09,2025-07-15,2025-07-13,2025-07-14,Delivered,Direct Sales,45,212882.5,38318.85,0.0,251201.35,158900.0,53982.5,On Time,0,5.0,False
ORD-000618,CUS-0063,2025-12-27,2025-12-31,2026-01-03,2026-01-05,Delivered,Website,30,191295.0,34433.1,0.0,225728.1,137100.0,54195.0,Delayed,5,9.0,False
ORD-000619,CUS-0108,2026-01-30,2026-02-05,2026-01-31,2026-02-04,Delivered,Direct Sales,45,213892.5,38500.65,0.0,252393.15,168000.0,45892.5,On Time,0,5.0,False
ORD-000620,CUS-0044,2026-07-15,2026-07-23,,,Confirmed,Direct Sales,60,835410.0,150373.8,0.0,985783.8,545850.0,289560.0,Overdue Open Order,40,,True
ORD-000621,CUS-0044,2026-08-07,2026-08-17,2026-08-08,2026-08-11,Delivered,Corporate Account,60,3744143.75,673945.88,0.0,4418089.62,2959100.0,785043.75,On Time,0,4.0,False
ORD-000622,CUS-0108,2026-03-21,2026-03-30,2026-03-24,2026-03-26,Delivered,Phone / WhatsApp,45,136710.0,24607.8,0.0,161317.8,101400.0,35310.0,On Time,0,5.0,False
ORD-000623,CUS-0081,2026-05-28,2026-06-01,2026-06-02,2026-06-03,Delivered,Tender,60,1362408.75,245233.57,0.0,1607642.32,973800.0,388608.75,Delayed,2,6.0,False
ORD-000624,CUS-0005,2026-02-11,2026-02-15,2026-02-18,2026-02-19,Delivered,Direct Sales,30,2782482.5,500846.85,0.0,3283329.35,2074550.0,707932.5,Delayed,4,8.0,False
ORD-000625,CUS-0107,2026-04-12,2026-04-18,2026-04-16,2026-04-19,Partially Returned,Direct Sales,15,202516.25,36452.92,0.0,238969.17,150050.0,52466.25,Delayed,1,7.0,False
ORD-000626,CUS-0049,2025-07-05,2025-07-10,2025-07-09,2025-07-11,Delivered,Direct Sales,45,127090.0,22876.2,0.0,149966.2,89900.0,37190.0,Delayed,1,6.0,False
ORD-000627,CUS-0029,2025-03-13,2025-03-20,2025-03-19,2025-03-23,Delivered,Website,15,429465.0,77303.7,0.0,506768.7,293600.0,135865.0,Delayed,3,10.0,False
ORD-000628,CUS-0095,2025-06-02,2025-06-16,2025-06-07,2025-06-08,Delivered,Tender,45,876235.0,157722.3,0.0,1033957.3,634000.0,242235.0,On Time,0,6.0,False
ORD-000629,CUS-0068,2025-11-07,2025-11-14,2025-11-10,2025-11-12,Delivered,Direct Sales,30,1343816.25,241886.92,0.0,1585703.18,1031550.0,312266.25,On Time,0,5.0,False
ORD-000630,CUS-0074,2025-04-08,2025-04-23,2025-04-09,2025-04-14,Delivered,Corporate Account,30,2642050.0,475569.0,0.0,3117619.0,1944050.0,698000.0,On Time,0,6.0,False
ORD-000631,CUS-0098,2026-08-25,2026-09-07,2026-09-01,2026-09-01,Delivered,Website,45,2651450.0,477261.0,0.0,3128711.0,2062250.0,589200.0,On Time,0,7.0,False
ORD-000632,CUS-0053,2026-02-08,2026-02-18,2026-02-11,2026-02-15,Delivered,Corporate Account,45,761150.0,137007.0,0.0,898157.0,529250.0,231900.0,On Time,0,7.0,False
ORD-000633,CUS-0089,2025-07-24,2025-07-28,2025-07-29,2025-08-02,Delivered,Direct Sales,45,2897468.75,521544.38,0.0,3419013.12,2109000.0,788468.75,Delayed,5,9.0,False
ORD-000634,CUS-0031,2025-07-09,2025-07-19,2025-07-11,2025-07-14,Delivered,Website,30,64040.0,11527.2,2500.0,78067.2,43800.0,20240.0,On Time,0,5.0,False
ORD-000635,CUS-0116,2026-04-20,2026-05-05,2026-04-22,2026-04-27,Delivered,Direct Sales,30,1377068.75,247872.38,0.0,1624941.12,1055450.0,321618.75,On Time,0,7.0,False
ORD-000636,CUS-0017,2026-01-23,2026-02-03,2026-01-28,2026-01-31,Delivered,Corporate Account,30,1161847.5,209132.55,0.0,1370980.05,960750.0,201097.5,On Time,0,8.0,False
ORD-000637,CUS-0010,2025-09-29,2025-10-03,2025-10-06,2025-10-09,Delivered,Direct Sales,30,262145.0,47186.1,0.0,309331.1,185200.0,76945.0,Delayed,6,10.0,False
ORD-000638,CUS-0005,2026-04-19,2026-05-02,,,Pending,Tender,30,1062885.0,191319.3,0.0,1254204.3,774700.0,288185.0,Overdue Open Order,122,,True
ORD-000639,CUS-0049,2025-03-20,2025-04-04,2025-03-23,2025-03-24,Delivered,Phone / WhatsApp,45,1796700.0,323406.0,0.0,2120106.0,1431450.0,365250.0,On Time,0,4.0,False
ORD-000640,CUS-0064,2025-07-22,2025-08-03,2025-07-26,,Shipped,Direct Sales,30,3976903.75,715842.67,0.0,4692746.42,2912050.0,1064853.75,Overdue Open Order,394,,True
ORD-000641,CUS-0113,2026-02-25,2026-03-11,2026-02-28,2026-03-02,Delivered,Direct Sales,60,4577280.0,823910.4,0.0,5401190.4,3447300.0,1129980.0,On Time,0,5.0,False
ORD-000642,CUS-0067,2026-07-13,2026-07-28,,,Processing,Website,60,417015.0,75062.7,0.0,492077.7,309000.0,108015.0,Overdue Open Order,35,,True
ORD-000643,CUS-0105,2025-09-28,2025-10-10,,,Processing,Direct Sales,15,481207.5,86617.35,0.0,567824.85,368650.0,112557.5,Overdue Open Order,326,,True
ORD-000644,CUS-0024,2025-12-31,2026-01-11,2026-01-07,2026-01-10,Delivered,Direct Sales,60,4548101.25,818658.22,0.0,5366759.47,3409800.0,1138301.25,On Time,0,10.0,False
ORD-000645,CUS-0075,2025-05-04,2025-05-18,2025-05-07,2025-05-08,Delivered,Direct Sales,30,321315.0,57836.7,0.0,379151.7,234500.0,86815.0,On Time,0,4.0,False
ORD-000646,CUS-0104,2025-04-09,2025-04-20,2025-04-13,2025-04-14,Delivered,Direct Sales,30,1376827.5,247828.95,0.0,1624656.45,1037000.0,339827.5,On Time,0,5.0,False
ORD-000647,CUS-0117,2025-10-31,2025-11-15,2025-11-03,2025-11-04,Delivered,Corporate Account,30,1560341.25,280861.42,0.0,1841202.68,1253100.0,307241.25,On Time,0,4.0,False
ORD-000648,CUS-0079,2026-08-04,2026-08-12,,,Processing,Phone / WhatsApp,45,330088.75,59415.97,0.0,389504.72,211000.0,119088.75,Overdue Open Order,20,,True
ORD-000649,CUS-0105,2026-05-30,2026-06-09,2026-06-06,2026-06-07,Delivered,Website,15,440462.5,79283.25,0.0,519745.75,364000.0,76462.5,On Time,0,8.0,False
ORD-000650,CUS-0043,2025-11-03,2025-11-14,2025-11-05,2025-11-08,Delivered,Direct Sales,45,770545.0,138698.1,0.0,909243.1,582000.0,188545.0,On Time,0,5.0,False
ORD-000651,CUS-0005,2025-07-28,2025-08-05,2025-08-01,2025-08-04,Delivered,Tender,30,3402815.0,612506.7,0.0,4015321.7,2478400.0,924415.0,On Time,0,7.0,False
ORD-000652,CUS-0103,2026-03-15,2026-03-25,2026-03-16,2026-03-20,Delivered,Website,30,1286937.5,231648.75,0.0,1518586.25,938750.0,348187.5,On Time,0,5.0,False
ORD-000653,CUS-0046,2025-09-15,2025-09-29,2025-09-21,2025-09-24,Delivered,Corporate Account,60,625476.25,112585.72,0.0,738061.97,465450.0,160026.25,On Time,0,9.0,False
ORD-000654,CUS-0068,2025-04-02,2025-04-07,2025-04-05,,Shipped,Website,30,47070.0,8472.6,3000.0,58542.6,33600.0,13470.0,Overdue Open Order,512,,True
ORD-000655,CUS-0094,2026-02-27,2026-03-06,2026-03-05,2026-03-07,Delivered,Corporate Account,45,1463055.0,263349.9,0.0,1726404.9,1126050.0,337005.0,Delayed,1,8.0,False
ORD-000656,CUS-0067,2025-12-04,2025-12-19,2025-12-07,2025-12-11,Delivered,Corporate Account,60,727897.5,131021.55,0.0,858919.05,520600.0,207297.5,On Time,0,7.0,False
ORD-000657,CUS-0046,2025-03-20,2025-03-31,2025-03-23,2025-03-28,Delivered,Tender,60,810635.0,145914.3,0.0,956549.3,579500.0,231135.0,On Time,0,8.0,False
ORD-000658,CUS-0036,2026-04-29,2026-05-10,2026-05-03,2026-05-04,Partially Returned,Corporate Account,45,1468990.0,264418.2,0.0,1733408.2,1043350.0,425640.0,On Time,0,5.0,False
ORD-000659,CUS-0097,2025-08-03,2025-08-17,,,Processing,Direct Sales,45,710080.0,127814.4,0.0,837894.4,514850.0,195230.0,Overdue Open Order,380,,True
ORD-000660,CUS-0050,2025-08-03,2025-08-13,2025-08-05,,Shipped,Direct Sales,60,829825.0,149368.5,0.0,979193.5,551200.0,278625.0,Overdue Open Order,384,,True
ORD-000661,CUS-0097,2025-09-03,2025-09-10,2025-09-07,2025-09-08,Delivered,Website,45,738491.25,132928.42,0.0,871419.68,523200.0,215291.25,On Time,0,5.0,False
ORD-000662,CUS-0096,2025-04-10,2025-04-23,2025-04-16,2025-04-20,Delivered,Corporate Account,30,2451655.0,441297.9,0.0,2892952.9,1863750.0,587905.0,On Time,0,10.0,False
ORD-000663,CUS-0059,2025-09-27,2025-10-12,2025-09-30,2025-10-02,Delivered,Corporate Account,30,1245867.5,224256.15,0.0,1470123.65,938450.0,307417.5,On Time,0,5.0,False
ORD-000664,CUS-0035,2026-07-31,2026-08-14,2026-08-04,2026-08-05,Delivered,Phone / WhatsApp,30,1613097.5,290357.55,0.0,1903455.05,1297900.0,315197.5,On Time,0,5.0,False
ORD-000665,CUS-0010,2026-07-25,2026-07-31,2026-07-27,2026-07-29,Delivered,Corporate Account,30,1090508.75,196291.57,0.0,1286800.32,836150.0,254358.75,On Time,0,4.0,False
ORD-000666,CUS-0067,2026-07-06,2026-07-18,,,Pending,Tender,60,1256560.0,226180.8,0.0,1482740.8,929500.0,327060.0,Overdue Open Order,45,,True
ORD-000667,CUS-0001,2026-08-18,2026-08-25,2026-08-24,2026-08-28,Delivered,Corporate Account,45,492030.0,88565.4,0.0,580595.4,377100.0,114930.0,Delayed,3,10.0,False
ORD-000668,CUS-0064,2025-12-21,2026-01-02,2025-12-23,2025-12-27,Delivered,Corporate Account,30,790816.25,142346.92,0.0,933163.18,543400.0,247416.25,On Time,0,6.0,False
ORD-000669,CUS-0081,2025-10-26,2025-10-31,,,Processing,Corporate Account,60,4049477.5,728905.95,0.0,4778383.45,2993200.0,1056277.5,Overdue Open Order,305,,True
ORD-000670,CUS-0075,2025-10-04,2025-10-16,2025-10-08,2025-10-11,Delivered,Corporate Account,30,576480.0,103766.4,0.0,680246.4,385800.0,190680.0,On Time,0,7.0,False
ORD-000671,CUS-0089,2026-06-15,2026-06-22,2026-06-19,2026-06-23,Delivered,Direct Sales,45,2596030.0,467285.4,0.0,3063315.4,1788900.0,807130.0,Delayed,1,8.0,False
ORD-000672,CUS-0045,2025-11-21,2025-11-29,2025-11-28,,Shipped,Corporate Account,60,4073283.75,733191.07,0.0,4806474.83,3183000.0,890283.75,Overdue Open Order,276,,True
ORD-000673,CUS-0044,2025-05-28,2025-06-02,2025-05-30,,Shipped,Direct Sales,60,3103235.0,558582.3,0.0,3661817.3,2506250.0,596985.0,Overdue Open Order,456,,True
ORD-000674,CUS-0113,2025-10-30,2025-11-08,2025-11-05,,Shipped,Phone / WhatsApp,60,1991235.0,358422.3,0.0,2349657.3,1571200.0,420035.0,Overdue Open Order,297,,True
ORD-000675,CUS-0052,2026-02-06,2026-02-20,2026-02-09,2026-02-11,Delivered,Phone / WhatsApp,45,224000.0,40320.0,0.0,264320.0,147000.0,77000.0,On Time,0,5.0,False
ORD-000676,CUS-0044,2025-11-29,2025-12-07,2025-12-04,2025-12-07,Delivered,Corporate Account,60,2516581.25,452984.62,0.0,2969565.88,1914800.0,601781.25,On Time,0,8.0,False
ORD-000677,CUS-0095,2026-08-19,2026-08-24,2026-08-26,2026-08-31,Delivered,Direct Sales,45,2514743.75,452653.88,0.0,2967397.62,1772700.0,742043.75,Delayed,7,12.0,False
ORD-000678,CUS-0035,2026-04-14,2026-04-29,2026-04-20,2026-04-21,Returned,Direct Sales,30,1252067.5,225372.15,0.0,1477439.65,867300.0,384767.5,On Time,0,7.0,False
ORD-000679,CUS-0120,2026-04-09,2026-04-19,2026-04-12,2026-04-14,Delivered,Direct Sales,30,3579543.75,644317.88,0.0,4223861.62,2653350.0,926193.75,On Time,0,5.0,False
ORD-000680,CUS-0109,2026-04-20,2026-04-30,,,Pending,Phone / WhatsApp,15,389745.0,70154.1,0.0,459899.1,300700.0,89045.0,Overdue Open Order,124,,True
ORD-000681,CUS-0119,2025-04-14,2025-04-26,,,Confirmed,Phone / WhatsApp,30,150440.0,27079.2,0.0,177519.2,108450.0,41990.0,Overdue Open Order,493,,True
ORD-000682,CUS-0023,2025-08-10,2025-08-24,2025-08-12,2025-08-13,Delivered,Corporate Account,15,796062.5,143291.25,0.0,939353.75,623950.0,172112.5,On Time,0,3.0,False
ORD-000683,CUS-0034,2026-01-19,2026-01-29,2026-01-22,2026-01-26,Delivered,Direct Sales,30,1403648.75,252656.77,0.0,1656305.52,1023950.0,379698.75,On Time,0,7.0,False
ORD-000684,CUS-0046,2025-10-12,2025-10-22,2025-10-19,2025-10-21,Delivered,Website,60,2154010.0,387721.8,0.0,2541731.8,1507400.0,646610.0,On Time,0,9.0,False
ORD-000685,CUS-0042,2025-03-02,2025-03-10,,,Cancelled,Website,30,831425.0,149656.5,0.0,981081.5,620150.0,211275.0,Cancelled,0,,False
ORD-000686,CUS-0056,2025-05-28,2025-06-02,2025-06-04,2025-06-06,Delivered,Direct Sales,45,1317245.0,237104.1,0.0,1554349.1,952600.0,364645.0,Delayed,4,9.0,False
ORD-000687,CUS-0095,2026-03-31,2026-04-12,2026-04-04,2026-04-07,Delivered,Direct Sales,45,8885515.0,1599392.7,0.0,10484907.7,7407400.0,1478115.0,On Time,0,7.0,False
ORD-000688,CUS-0005,2026-06-11,2026-06-22,2026-06-13,,Shipped,Phone / WhatsApp,30,26950.0,4851.0,1500.0,33301.0,16100.0,10850.0,Overdue Open Order,71,,True
ORD-000689,CUS-0084,2026-03-10,2026-03-20,2026-03-15,2026-03-17,Delivered,Corporate Account,30,44770.0,8058.6,1500.0,54328.6,30800.0,13970.0,On Time,0,7.0,False
ORD-000690,CUS-0053,2026-01-22,2026-02-02,2026-01-27,2026-01-28,Delivered,Phone / WhatsApp,45,385086.25,69315.52,0.0,454401.78,282050.0,103036.25,On Time,0,6.0,False
ORD-000691,CUS-0075,2025-06-02,2025-06-15,2025-06-08,2025-06-12,Delivered,Website,30,3382187.5,608793.75,0.0,3990981.25,2586150.0,796037.5,On Time,0,10.0,False
ORD-000692,CUS-0080,2025-06-23,2025-07-06,2025-06-30,,Shipped,Corporate Account,30,424280.0,76370.4,0.0,500650.4,329350.0,94930.0,Overdue Open Order,422,,True
ORD-000693,CUS-0075,2026-05-05,2026-05-10,2026-05-06,2026-05-11,Delivered,Phone / WhatsApp,30,1024245.0,184364.1,0.0,1208609.1,782400.0,241845.0,Delayed,1,6.0,False
ORD-000694,CUS-0047,2026-04-30,2026-05-12,,,Pending,Corporate Account,30,812126.25,146182.73,0.0,958308.97,604600.0,207526.25,Overdue Open Order,112,,True
ORD-000695,CUS-0005,2026-08-16,2026-08-27,2026-08-23,2026-08-25,Delivered,Corporate Account,30,3123963.75,562313.47,0.0,3686277.23,2337000.0,786963.75,On Time,0,9.0,False
ORD-000696,CUS-0005,2026-03-26,2026-04-03,2026-03-29,,Shipped,Direct Sales,30,1866670.0,336000.6,0.0,2202670.6,1369600.0,497070.0,Overdue Open Order,151,,True
ORD-000697,CUS-0107,2026-02-26,2026-03-04,2026-03-03,2026-03-05,Delivered,Direct Sales,15,115717.5,20829.15,0.0,136546.65,90900.0,24817.5,Delayed,1,7.0,False
ORD-000698,CUS-0085,2026-06-09,2026-06-16,2026-06-12,2026-06-13,Delivered,Corporate Account,60,3606340.0,649141.2,0.0,4255481.2,2696850.0,909490.0,On Time,0,4.0,False
ORD-000699,CUS-0032,2026-07-13,2026-07-25,2026-07-20,2026-07-24,Delivered,Corporate Account,30,256950.0,46251.0,0.0,303201.0,187500.0,69450.0,On Time,0,11.0,False
ORD-000700,CUS-0117,2025-06-30,2025-07-07,2025-07-05,2025-07-07,Delivered,Corporate Account,30,559896.25,100781.32,0.0,660677.57,434650.0,125246.25,On Time,0,7.0,False
ORD-000701,CUS-0003,2025-10-26,2025-11-05,2025-10-28,2025-11-01,Delivered,Phone / WhatsApp,15,332635.0,59874.3,0.0,392509.3,261550.0,71085.0,On Time,0,6.0,False
ORD-000702,CUS-0054,2025-12-09,2025-12-14,2025-12-12,2025-12-14,Delivered,Website,15,154370.0,27786.6,0.0,182156.6,124200.0,30170.0,On Time,0,5.0,False
ORD-000703,CUS-0113,2025-03-17,2025-03-31,2025-03-22,2025-03-27,Delivered,Website,60,2771962.5,498953.25,0.0,3270915.75,2208300.0,563662.5,On Time,0,10.0,False
ORD-000704,CUS-0004,2025-11-27,2025-12-10,2025-11-29,,Shipped,Tender,30,738737.5,132972.75,0.0,871710.25,550000.0,188737.5,Overdue Open Order,265,,True
ORD-000705,CUS-0063,2026-08-22,2026-08-29,2026-08-24,2026-08-28,Delivered,Corporate Account,30,2626900.0,472842.0,0.0,3099742.0,1951550.0,675350.0,On Time,0,6.0,False
ORD-000706,CUS-0064,2026-03-06,2026-03-21,2026-03-12,2026-03-14,Delivered,Phone / WhatsApp,30,572932.5,103127.85,0.0,676060.35,363200.0,209732.5,On Time,0,8.0,False
ORD-000707,CUS-0012,2025-08-02,2025-08-14,2025-08-09,2025-08-10,Delivered,Direct Sales,30,1296920.0,233445.6,0.0,1530365.6,927200.0,369720.0,On Time,0,8.0,False
ORD-000708,CUS-0095,2026-06-06,2026-06-20,2026-06-12,2026-06-16,Delivered,Direct Sales,45,2391245.0,430424.1,0.0,2821669.1,1869200.0,522045.0,On Time,0,10.0,False
ORD-000709,CUS-0092,2025-05-30,2025-06-09,2025-06-02,2025-06-05,Delivered,Direct Sales,30,68640.0,12355.2,2500.0,83495.2,44800.0,23840.0,On Time,0,6.0,False
ORD-000710,CUS-0089,2026-06-13,2026-06-22,2026-06-18,2026-06-20,Delivered,Corporate Account,45,1727716.25,310988.92,0.0,2038705.18,1368000.0,359716.25,On Time,0,7.0,False
ORD-000711,CUS-0074,2026-05-10,2026-05-17,2026-05-16,2026-05-21,Delivered,Corporate Account,30,288520.0,51933.6,0.0,340453.6,185100.0,103420.0,Delayed,4,11.0,False
ORD-000712,CUS-0050,2025-04-17,2025-04-28,2025-04-20,2025-04-21,Delivered,Corporate Account,60,2447757.5,440596.35,0.0,2888353.85,1827900.0,619857.5,On Time,0,4.0,False
ORD-000713,CUS-0050,2026-01-09,2026-01-23,2026-01-15,2026-01-17,Partially Returned,Direct Sales,60,3531753.75,635715.67,0.0,4167469.42,2736400.0,795353.75,On Time,0,8.0,False
ORD-000714,CUS-0118,2026-02-06,2026-02-16,,,Pending,Corporate Account,30,552035.0,99366.3,0.0,651401.3,383700.0,168335.0,Overdue Open Order,197,,True
ORD-000715,CUS-0079,2026-02-28,2026-03-09,2026-03-01,2026-03-06,Delivered,Direct Sales,45,896147.5,161306.55,0.0,1057454.05,757700.0,138447.5,On Time,0,6.0,False
ORD-000716,CUS-0046,2026-06-23,2026-07-05,2026-06-29,2026-07-03,Delivered,Corporate Account,60,4479698.75,806345.78,0.0,5286044.53,3419700.0,1059998.75,On Time,0,10.0,False
ORD-000717,CUS-0090,2026-01-02,2026-01-14,2026-01-03,2026-01-06,Delivered,Direct Sales,30,15580.0,2804.4,1500.0,19884.4,10000.0,5580.0,On Time,0,4.0,False
ORD-000718,CUS-0081,2026-01-29,2026-02-06,,,Processing,Direct Sales,60,924955.0,166491.9,0.0,1091446.9,680000.0,244955.0,Overdue Open Order,207,,True
ORD-000719,CUS-0084,2025-12-23,2026-01-02,2025-12-24,2025-12-25,Partially Returned,Direct Sales,30,352260.0,63406.8,0.0,415666.8,242500.0,109760.0,On Time,0,2.0,False
ORD-000720,CUS-0100,2026-06-26,2026-07-01,2026-07-01,,Shipped,Tender,45,62997.5,11339.55,1500.0,75837.05,40700.0,22297.5,Overdue Open Order,62,,True
ORD-000721,CUS-0039,2026-01-09,2026-01-19,2026-01-10,2026-01-15,Delivered,Direct Sales,30,1651707.5,297307.35,0.0,1949014.85,1208650.0,443057.5,On Time,0,6.0,False
ORD-000722,CUS-0037,2025-07-09,2025-07-17,2025-07-16,2025-07-20,Delivered,Website,30,1139893.75,205180.88,0.0,1345074.62,816850.0,323043.75,Delayed,3,11.0,False
ORD-000723,CUS-0048,2026-07-01,2026-07-07,2026-07-03,,Shipped,Corporate Account,30,793465.0,142823.7,0.0,936288.7,553150.0,240315.0,Overdue Open Order,56,,True
ORD-000724,CUS-0053,2026-04-04,2026-04-10,2026-04-11,2026-04-13,Delivered,Corporate Account,45,301735.0,54312.3,0.0,356047.3,237650.0,64085.0,Delayed,3,9.0,False
ORD-000725,CUS-0043,2025-09-12,2025-09-22,2025-09-15,2025-09-16,Delivered,Website,45,2505765.0,451037.7,0.0,2956802.7,1835400.0,670365.0,On Time,0,4.0,False
ORD-000726,CUS-0049,2025-05-06,2025-05-12,2025-05-10,2025-05-14,Delivered,Direct Sales,45,1223752.5,220275.45,0.0,1444027.95,845550.0,378202.5,Delayed,2,8.0,False
ORD-000727,CUS-0010,2025-11-18,2025-11-26,2025-11-24,2025-11-26,Delivered,Phone / WhatsApp,30,559615.0,100730.7,0.0,660345.7,386250.0,173365.0,On Time,0,8.0,False
ORD-000728,CUS-0046,2026-03-08,2026-03-17,2026-03-15,2026-03-20,Delivered,Direct Sales,60,1439147.5,259046.55,0.0,1698194.05,1006800.0,432347.5,Delayed,3,12.0,False
ORD-000729,CUS-0081,2026-03-21,2026-03-31,2026-03-24,2026-03-26,Delivered,Website,60,2742810.0,493705.8,0.0,3236515.8,2136200.0,606610.0,On Time,0,5.0,False
ORD-000730,CUS-0049,2026-05-27,2026-06-02,2026-06-01,2026-06-04,Delivered,Direct Sales,45,2105312.5,378956.25,0.0,2484268.75,1593950.0,511362.5,Delayed,2,8.0,False
ORD-000731,CUS-0095,2026-04-21,2026-04-29,2026-04-22,2026-04-27,Delivered,Website,45,1816812.5,327026.25,0.0,2143838.75,1323650.0,493162.5,On Time,0,6.0,False
ORD-000732,CUS-0001,2025-04-07,2025-04-18,2025-04-11,2025-04-12,Delivered,Phone / WhatsApp,45,4681762.5,842717.25,0.0,5524479.75,3477350.0,1204412.5,On Time,0,5.0,False
ORD-000733,CUS-0118,2025-06-14,2025-06-19,2025-06-18,,Shipped,Corporate Account,30,487335.0,87720.3,0.0,575055.3,359850.0,127485.0,Overdue Open Order,439,,True
ORD-000734,CUS-0064,2025-09-25,2025-10-09,2025-09-30,2025-10-04,Delivered,Direct Sales,30,2812500.0,506250.0,0.0,3318750.0,2099600.0,712900.0,On Time,0,9.0,False
ORD-000735,CUS-0026,2026-06-30,2026-07-08,2026-07-01,2026-07-03,Delivered,Direct Sales,30,1494420.0,268995.6,0.0,1763415.6,1177100.0,317320.0,On Time,0,3.0,False
ORD-000736,CUS-0114,2025-11-29,2025-12-12,2025-12-06,2025-12-08,Partially Returned,Direct Sales,15,230612.5,41510.25,0.0,272122.75,171050.0,59562.5,On Time,0,9.0,False
ORD-000737,CUS-0058,2025-03-03,2025-03-15,2025-03-10,2025-03-12,Delivered,Corporate Account,45,509062.5,91631.25,0.0,600693.75,390150.0,118912.5,On Time,0,9.0,False
ORD-000738,CUS-0064,2025-11-25,2025-12-08,2025-11-29,2025-12-04,Delivered,Direct Sales,30,809932.5,145787.85,0.0,955720.35,582700.0,227232.5,On Time,0,9.0,False
ORD-000739,CUS-0079,2026-04-30,2026-05-15,2026-05-01,2026-05-06,Delivered,Tender,45,237690.0,42784.2,0.0,280474.2,181800.0,55890.0,On Time,0,6.0,False
ORD-000740,CUS-0045,2025-09-17,2025-10-02,2025-09-21,2025-09-22,Delivered,Tender,60,654400.0,117792.0,0.0,772192.0,462800.0,191600.0,On Time,0,5.0,False
ORD-000741,CUS-0074,2026-02-28,2026-03-06,,,Pending,Tender,30,120387.5,21669.75,0.0,142057.25,85800.0,34587.5,Overdue Open Order,179,,True
ORD-000742,CUS-0002,2026-02-19,2026-02-25,2026-02-20,2026-02-21,Delivered,Direct Sales,60,275250.0,49545.0,0.0,324795.0,195000.0,80250.0,On Time,0,2.0,False
ORD-000743,CUS-0096,2025-04-05,2025-04-11,2025-04-06,2025-04-10,Delivered,Corporate Account,30,2530550.0,455499.0,0.0,2986049.0,1831050.0,699500.0,On Time,0,5.0,False
ORD-000744,CUS-0068,2026-07-19,2026-07-30,2026-07-21,2026-07-22,Delivered,Direct Sales,30,254962.5,45893.25,0.0,300855.75,182900.0,72062.5,On Time,0,3.0,False
ORD-000745,CUS-0005,2025-10-16,2025-10-22,2025-10-20,2025-10-21,Delivered,Direct Sales,30,2278210.0,410077.8,0.0,2688287.8,1820000.0,458210.0,On Time,0,5.0,False
ORD-000746,CUS-0008,2026-07-07,2026-07-13,2026-07-12,,Shipped,Corporate Account,45,658042.5,118447.65,0.0,776490.15,495250.0,162792.5,Overdue Open Order,50,,True
ORD-000747,CUS-0002,2025-05-03,2025-05-15,2025-05-08,2025-05-09,Delivered,Phone / WhatsApp,60,1622602.5,292068.45,0.0,1914670.95,1188900.0,433702.5,On Time,0,6.0,False
ORD-000748,CUS-0104,2025-09-10,2025-09-25,2025-09-12,2025-09-14,Delivered,Corporate Account,30,1337900.0,240822.0,0.0,1578722.0,1016300.0,321600.0,On Time,0,4.0,False
ORD-000749,CUS-0010,2026-06-14,2026-06-26,,,Cancelled,Corporate Account,30,864308.75,155575.57,0.0,1019884.32,648050.0,216258.75,Cancelled,0,,False
ORD-000750,CUS-0011,2026-05-28,2026-06-01,2026-05-30,2026-06-03,Delivered,Tender,60,1619085.0,291435.3,0.0,1910520.3,1147650.0,471435.0,Delayed,2,6.0,False
ORD-000751,CUS-0001,2026-06-05,2026-06-15,2026-06-08,2026-06-11,Delivered,Direct Sales,45,395217.5,71139.15,0.0,466356.65,286250.0,108967.5,On Time,0,6.0,False
ORD-000752,CUS-0052,2025-06-10,2025-06-24,,,Processing,Corporate Account,45,614793.75,110662.88,0.0,725456.62,466550.0,148243.75,Overdue Open Order,434,,True
ORD-000753,CUS-0036,2026-07-11,2026-07-24,2026-07-15,2026-07-18,Delivered,Corporate Account,45,1981412.5,356654.25,0.0,2338066.75,1494200.0,487212.5,On Time,0,7.0,False
ORD-000754,CUS-0034,2025-05-11,2025-05-21,2025-05-17,2025-05-22,Partially Returned,Corporate Account,30,1322780.0,238100.4,0.0,1560880.4,992600.0,330180.0,Delayed,1,11.0,False
ORD-000755,CUS-0032,2026-04-13,2026-04-28,2026-04-20,2026-04-23,Delivered,Website,30,251775.0,45319.5,0.0,297094.5,180800.0,70975.0,On Time,0,10.0,False
ORD-000756,CUS-0055,2025-11-26,2025-11-30,2025-11-30,2025-12-03,Delivered,Direct Sales,60,1912485.0,344247.3,0.0,2256732.3,1382600.0,529885.0,Delayed,3,7.0,False
ORD-000757,CUS-0072,2025-03-06,2025-03-19,2025-03-12,2025-03-17,Delivered,Corporate Account,45,433316.25,77996.93,0.0,511313.17,342900.0,90416.25,On Time,0,11.0,False
ORD-000758,CUS-0061,2026-07-15,2026-07-23,2026-07-17,2026-07-20,Delivered,Direct Sales,30,275467.5,49584.15,0.0,325051.65,200700.0,74767.5,On Time,0,5.0,False
ORD-000759,CUS-0073,2025-12-31,2026-01-13,2026-01-07,2026-01-08,Delivered,Direct Sales,30,299760.0,53956.8,0.0,353716.8,214900.0,84860.0,On Time,0,8.0,False
ORD-000760,CUS-0005,2025-10-16,2025-10-29,2025-10-22,2025-10-23,Delivered,Direct Sales,30,1289755.0,232155.9,0.0,1521910.9,987000.0,302755.0,On Time,0,7.0,False
ORD-000761,CUS-0047,2026-07-28,2026-08-06,2026-08-03,2026-08-06,Delivered,Direct Sales,30,541182.5,97412.85,0.0,638595.35,409450.0,131732.5,On Time,0,9.0,False
ORD-000762,CUS-0075,2026-08-09,2026-08-21,2026-08-12,2026-08-17,Delivered,Corporate Account,30,2475622.5,445612.05,0.0,2921234.55,1896200.0,579422.5,On Time,0,8.0,False
ORD-000763,CUS-0023,2026-03-02,2026-03-13,2026-03-09,2026-03-11,Partially Returned,Phone / WhatsApp,15,1026652.5,184797.45,0.0,1211449.95,756700.0,269952.5,On Time,0,9.0,False
ORD-000764,CUS-0096,2025-12-16,2025-12-25,2025-12-19,2025-12-20,Delivered,Corporate Account,30,986147.5,177506.55,0.0,1163654.05,706300.0,279847.5,On Time,0,4.0,False
ORD-000765,CUS-0011,2026-02-01,2026-02-09,,,Processing,Direct Sales,60,901135.0,162204.3,0.0,1063339.3,667800.0,233335.0,Overdue Open Order,204,,True
ORD-000766,CUS-0016,2025-08-19,2025-08-25,2025-08-24,2025-08-29,Delivered,Phone / WhatsApp,45,1420077.5,255613.95,0.0,1675691.45,1033100.0,386977.5,Delayed,4,10.0,False
ORD-000767,CUS-0034,2026-07-14,2026-07-20,2026-07-17,2026-07-20,Delivered,Website,30,2486877.5,447637.95,0.0,2934515.45,1827000.0,659877.5,On Time,0,6.0,False
ORD-000768,CUS-0011,2026-08-08,2026-08-17,2026-08-11,2026-08-15,Delivered,Direct Sales,60,7782241.25,1400803.43,0.0,9183044.68,5773400.0,2008841.25,On Time,0,7.0,False
ORD-000769,CUS-0005,2026-04-16,2026-04-28,2026-04-23,2026-04-28,Delivered,Website,30,2382452.5,428841.45,0.0,2811293.95,1777400.0,605052.5,On Time,0,12.0,False
ORD-000770,CUS-0099,2026-06-19,2026-06-26,2026-06-20,,Shipped,Direct Sales,15,128632.5,23153.85,0.0,151786.35,94800.0,33832.5,Overdue Open Order,67,,True
ORD-000771,CUS-0120,2025-07-30,2025-08-04,2025-08-05,2025-08-09,Returned,Tender,30,2282745.0,410894.1,0.0,2693639.1,1700350.0,582395.0,Delayed,5,10.0,False
ORD-000772,CUS-0044,2026-05-19,2026-05-24,2026-05-22,,Shipped,Phone / WhatsApp,60,1694905.0,305082.9,0.0,1999987.9,1302350.0,392555.0,Overdue Open Order,100,,True
ORD-000773,CUS-0092,2026-05-14,2026-05-28,2026-05-19,2026-05-24,Delivered,Direct Sales,30,1465421.25,263775.83,0.0,1729197.07,1079100.0,386321.25,On Time,0,10.0,False
ORD-000774,CUS-0005,2026-07-19,2026-08-03,,,Confirmed,Direct Sales,30,2408685.0,433563.3,0.0,2842248.3,1899550.0,509135.0,Overdue Open Order,29,,True
ORD-000775,CUS-0100,2025-07-14,2025-07-19,2025-07-15,2025-07-18,Delivered,Corporate Account,45,56610.0,10189.8,2000.0,68799.8,44000.0,12610.0,On Time,0,4.0,False
ORD-000776,CUS-0009,2026-04-18,2026-05-03,2026-04-20,,Shipped,Direct Sales,30,1530943.75,275569.88,0.0,1806513.62,1166600.0,364343.75,Overdue Open Order,121,,True
ORD-000777,CUS-0095,2026-02-17,2026-02-21,2026-02-18,2026-02-22,Delivered,Corporate Account,45,1049827.5,188968.95,0.0,1238796.45,803150.0,246677.5,Delayed,1,5.0,False
ORD-000778,CUS-0081,2025-09-29,2025-10-03,2025-10-03,2025-10-07,Partially Returned,Tender,60,743185.0,133773.3,0.0,876958.3,531550.0,211635.0,Delayed,4,8.0,False
ORD-000779,CUS-0097,2026-06-25,2026-07-10,2026-07-01,2026-07-04,Delivered,Phone / WhatsApp,45,1396105.0,251298.9,0.0,1647403.9,1025200.0,370905.0,On Time,0,9.0,False
ORD-000780,CUS-0107,2026-02-05,2026-02-17,2026-02-11,2026-02-15,Delivered,Corporate Account,15,232406.25,41833.12,0.0,274239.38,181500.0,50906.25,On Time,0,10.0,False
ORD-000781,CUS-0059,2026-06-16,2026-06-20,2026-06-17,2026-06-18,Delivered,Direct Sales,30,1716762.5,309017.25,0.0,2025779.75,1269800.0,446962.5,On Time,0,2.0,False
ORD-000782,CUS-0067,2025-08-31,2025-09-07,,,Processing,Direct Sales,60,547631.25,98573.62,0.0,646204.88,401400.0,146231.25,Overdue Open Order,359,,True
ORD-000783,CUS-0016,2025-11-09,2025-11-15,2025-11-15,2025-11-16,Delivered,Phone / WhatsApp,45,180082.5,32414.85,0.0,212497.35,133500.0,46582.5,Delayed,1,7.0,False
ORD-000784,CUS-0084,2026-04-20,2026-04-28,2026-04-22,2026-04-25,Delivered,Phone / WhatsApp,30,555273.75,99949.27,0.0,655223.03,397200.0,158073.75,On Time,0,5.0,False
ORD-000785,CUS-0108,2025-05-09,2025-05-17,2025-05-11,2025-05-14,Delivered,Corporate Account,45,1050765.0,189137.7,0.0,1239902.7,805250.0,245515.0,On Time,0,5.0,False
ORD-000786,CUS-0100,2026-03-10,2026-03-18,2026-03-15,2026-03-19,Delivered,Direct Sales,45,142795.0,25703.1,0.0,168498.1,91650.0,51145.0,Delayed,1,9.0,False
ORD-000787,CUS-0101,2026-01-07,2026-01-22,2026-01-09,2026-01-11,Returned,Corporate Account,30,81018.75,14583.38,1500.0,97102.12,58500.0,22518.75,On Time,0,4.0,False
ORD-000788,CUS-0104,2025-09-28,2025-10-08,2025-09-30,2025-10-04,Delivered,Tender,30,431152.5,77607.45,0.0,508759.95,323200.0,107952.5,On Time,0,6.0,False
ORD-000789,CUS-0099,2025-04-21,2025-05-01,,,Pending,Tender,15,14106.25,2539.12,2000.0,18645.38,10000.0,4106.25,Overdue Open Order,488,,True
ORD-000790,CUS-0065,2025-11-25,2025-12-09,2025-11-27,2025-11-29,Delivered,Direct Sales,30,1007345.0,181322.1,0.0,1188667.1,750800.0,256545.0,On Time,0,4.0,False
ORD-000791,CUS-0102,2026-04-09,2026-04-20,2026-04-12,2026-04-13,Delivered,Direct Sales,45,5755370.0,1035966.6,0.0,6791336.6,4602250.0,1153120.0,On Time,0,4.0,False
ORD-000792,CUS-0043,2025-04-10,2025-04-23,2025-04-13,2025-04-16,Delivered,Corporate Account,45,1780627.5,320512.95,0.0,2101140.45,1353750.0,426877.5,On Time,0,6.0,False
ORD-000793,CUS-0052,2025-04-08,2025-04-20,2025-04-14,2025-04-19,Returned,Direct Sales,45,23940.0,4309.2,2500.0,30749.2,14850.0,9090.0,On Time,0,11.0,False
ORD-000794,CUS-0095,2025-07-05,2025-07-15,2025-07-10,,Shipped,Tender,45,359257.5,64666.35,0.0,423923.85,229850.0,129407.5,Overdue Open Order,413,,True
ORD-000795,CUS-0011,2026-02-19,2026-03-06,2026-02-22,2026-02-23,Delivered,Corporate Account,60,5082637.5,914874.75,0.0,5997512.25,4136300.0,946337.5,On Time,0,4.0,False
ORD-000796,CUS-0018,2025-12-10,2025-12-24,2025-12-16,2025-12-19,Delivered,Tender,30,1092312.5,196616.25,0.0,1288928.75,830850.0,261462.5,On Time,0,9.0,False
ORD-000797,CUS-0075,2025-03-04,2025-03-15,,,Confirmed,Direct Sales,30,2398910.0,431803.8,0.0,2830713.8,1807650.0,591260.0,Overdue Open Order,535,,True
ORD-000798,CUS-0069,2026-07-21,2026-07-26,2026-07-22,2026-07-27,Delivered,Tender,30,879237.5,158262.75,0.0,1037500.25,662850.0,216387.5,Delayed,1,6.0,False
ORD-000799,CUS-0088,2026-03-17,2026-03-30,2026-03-23,2026-03-25,Delivered,Direct Sales,30,573445.0,103220.1,0.0,676665.1,422550.0,150895.0,On Time,0,8.0,False
ORD-000800,CUS-0116,2026-05-30,2026-06-04,,,Processing,Direct Sales,30,442890.0,79720.2,0.0,522610.2,332450.0,110440.0,Overdue Open Order,89,,True
ORD-000801,CUS-0034,2025-09-05,2025-09-20,2025-09-07,2025-09-09,Delivered,Phone / WhatsApp,30,1935095.0,348317.1,0.0,2283412.1,1479700.0,455395.0,On Time,0,4.0,False
ORD-000802,CUS-0013,2026-05-02,2026-05-08,2026-05-05,2026-05-10,Delivered,Corporate Account,45,356806.25,64225.12,0.0,421031.38,248600.0,108206.25,Delayed,2,8.0,False
ORD-000803,CUS-0095,2025-11-21,2025-11-30,2025-11-22,2025-11-24,Delivered,Corporate Account,45,1528800.0,275184.0,0.0,1803984.0,1153500.0,375300.0,On Time,0,3.0,False
ORD-000804,CUS-0034,2025-03-12,2025-03-17,2025-03-19,2025-03-20,Delivered,Direct Sales,30,986276.25,177529.73,0.0,1163805.98,689200.0,297076.25,Delayed,3,8.0,False
ORD-000805,CUS-0098,2025-04-04,2025-04-18,2025-04-05,2025-04-07,Delivered,Tender,45,945593.75,170206.88,0.0,1115800.62,679750.0,265843.75,On Time,0,3.0,False
ORD-000806,CUS-0014,2026-08-01,2026-08-13,2026-08-08,2026-08-10,Delivered,Direct Sales,45,478875.0,86197.5,0.0,565072.5,312650.0,166225.0,On Time,0,9.0,False
ORD-000807,CUS-0035,2026-07-18,2026-07-29,2026-07-23,2026-07-24,Delivered,Corporate Account,30,786800.0,141624.0,0.0,928424.0,543200.0,243600.0,On Time,0,6.0,False
ORD-000808,CUS-0052,2026-07-04,2026-07-08,2026-07-05,2026-07-08,Delivered,Direct Sales,45,2133995.0,384119.1,0.0,2518114.1,1631450.0,502545.0,On Time,0,4.0,False
ORD-000809,CUS-0098,2026-02-07,2026-02-20,,,Confirmed,Corporate Account,45,325635.0,58614.3,0.0,384249.3,253800.0,71835.0,Overdue Open Order,193,,True
ORD-000810,CUS-0059,2026-07-13,2026-07-21,,,Cancelled,Corporate Account,30,1292870.0,232716.6,0.0,1525586.6,981500.0,311370.0,Cancelled,0,,False
ORD-000811,CUS-0034,2026-06-09,2026-06-14,2026-06-12,2026-06-13,Delivered,Website,30,4059997.5,730799.55,0.0,4790797.05,3040650.0,1019347.5,On Time,0,4.0,False
ORD-000812,CUS-0059,2025-11-19,2025-12-02,,,Processing,Corporate Account,30,612678.75,110282.18,0.0,722960.93,460100.0,152578.75,Overdue Open Order,273,,True
ORD-000813,CUS-0055,2026-05-17,2026-06-01,2026-05-22,2026-05-27,Delivered,Phone / WhatsApp,60,351920.0,63345.6,0.0,415265.6,254700.0,97220.0,On Time,0,10.0,False
ORD-000814,CUS-0076,2025-05-14,2025-05-26,2025-05-19,2025-05-23,Delivered,Tender,45,147105.0,26478.9,0.0,173583.9,110600.0,36505.0,On Time,0,9.0,False
ORD-000815,CUS-0100,2025-08-31,2025-09-09,2025-09-05,2025-09-10,Delivered,Corporate Account,45,272892.5,49120.65,0.0,322013.15,189600.0,83292.5,Delayed,1,10.0,False
ORD-000816,CUS-0044,2025-07-16,2025-07-21,2025-07-21,2025-07-24,Partially Returned,Corporate Account,60,4911348.75,884042.78,0.0,5795391.53,3567750.0,1343598.75,Delayed,3,8.0,False
ORD-000817,CUS-0045,2026-04-06,2026-04-12,2026-04-10,,Shipped,Phone / WhatsApp,60,246903.75,44442.67,0.0,291346.42,182150.0,64753.75,Overdue Open Order,142,,True
ORD-000818,CUS-0041,2025-12-31,2026-01-07,,,Processing,Phone / WhatsApp,45,130812.5,23546.25,0.0,154358.75,102700.0,28112.5,Overdue Open Order,237,,True
ORD-000819,CUS-0039,2026-07-17,2026-07-31,2026-07-20,,Shipped,Direct Sales,30,7769561.25,1398521.02,0.0,9168082.28,6388550.0,1381011.25,Overdue Open Order,32,,True
ORD-000820,CUS-0117,2026-05-20,2026-06-01,2026-05-25,2026-05-26,Delivered,Tender,30,94600.0,17028.0,1500.0,113128.0,63150.0,31450.0,On Time,0,6.0,False
ORD-000821,CUS-0050,2025-03-31,2025-04-12,2025-04-03,2025-04-07,Delivered,Direct Sales,60,1104468.75,198804.38,0.0,1303273.12,808700.0,295768.75,On Time,0,7.0,False
ORD-000822,CUS-0012,2026-03-14,2026-03-29,2026-03-16,2026-03-17,Delivered,Corporate Account,30,489155.0,88047.9,0.0,577202.9,386550.0,102605.0,On Time,0,3.0,False
ORD-000823,CUS-0094,2026-05-12,2026-05-26,2026-05-16,2026-05-20,Delivered,Direct Sales,45,2103872.5,378697.05,0.0,2482569.55,1629900.0,473972.5,On Time,0,8.0,False
ORD-000824,CUS-0093,2025-04-03,2025-04-08,2025-04-10,2025-04-14,Delivered,Website,30,332711.25,59888.02,0.0,392599.28,250050.0,82661.25,Delayed,6,11.0,False
ORD-000825,CUS-0117,2025-12-24,2025-12-30,2025-12-26,2025-12-30,Delivered,Corporate Account,30,312841.25,56311.42,0.0,369152.67,247350.0,65491.25,On Time,0,6.0,False
ORD-000826,CUS-0010,2025-08-18,2025-08-27,2025-08-19,,Shipped,Corporate Account,30,48195.0,8675.1,3000.0,59870.1,31150.0,17045.0,Overdue Open Order,370,,True
ORD-000827,CUS-0049,2026-05-12,2026-05-23,,,Processing,Tender,45,1971836.25,354930.52,0.0,2326766.77,1438200.0,533636.25,Overdue Open Order,101,,True
ORD-000828,CUS-0098,2026-04-10,2026-04-21,,,Cancelled,Direct Sales,45,904530.0,162815.4,0.0,1067345.4,703950.0,200580.0,Cancelled,0,,False
ORD-000829,CUS-0092,2026-07-25,2026-07-31,2026-07-28,,Shipped,Direct Sales,30,239400.0,43092.0,0.0,282492.0,189600.0,49800.0,Overdue Open Order,32,,True
ORD-000830,CUS-0071,2025-11-05,2025-11-17,,,Pending,Website,30,319770.0,57558.6,0.0,377328.6,232800.0,86970.0,Overdue Open Order,288,,True
ORD-000831,CUS-0089,2025-11-17,2025-11-26,2025-11-23,2025-11-28,Delivered,Corporate Account,45,1243230.0,223781.4,0.0,1467011.4,907400.0,335830.0,Delayed,2,11.0,False
ORD-000832,CUS-0034,2025-09-12,2025-09-22,2025-09-13,2025-09-17,Delivered,Corporate Account,30,1319867.5,237576.15,0.0,1557443.65,1004950.0,314917.5,On Time,0,5.0,False
ORD-000833,CUS-0104,2026-01-03,2026-01-13,2026-01-09,2026-01-12,Partially Returned,Corporate Account,30,52470.0,9444.6,1500.0,63414.6,35750.0,16720.0,On Time,0,9.0,False
ORD-000834,CUS-0079,2026-03-17,2026-03-23,,,Pending,Corporate Account,45,419850.0,75573.0,0.0,495423.0,299400.0,120450.0,Overdue Open Order,162,,True
ORD-000835,CUS-0034,2025-09-19,2025-09-30,2025-09-20,2025-09-25,Delivered,Direct Sales,30,60240.0,10843.2,1500.0,72583.2,39650.0,20590.0,On Time,0,6.0,False
ORD-000836,CUS-0092,2026-02-21,2026-03-08,2026-02-26,2026-03-01,Delivered,Direct Sales,30,285210.0,51337.8,0.0,336547.8,233200.0,52010.0,On Time,0,8.0,False
ORD-000837,CUS-0079,2025-11-13,2025-11-22,2025-11-18,2025-11-19,Delivered,Direct Sales,45,845375.0,152167.5,0.0,997542.5,615800.0,229575.0,On Time,0,6.0,False
ORD-000838,CUS-0005,2026-01-22,2026-02-04,2026-01-24,2026-01-28,Delivered,Direct Sales,30,4429422.5,797296.05,0.0,5226718.55,3423200.0,1006222.5,On Time,0,6.0,False
ORD-000839,CUS-0012,2025-11-04,2025-11-19,2025-11-07,2025-11-11,Delivered,Corporate Account,30,1868240.0,336283.2,0.0,2204523.2,1363550.0,504690.0,On Time,0,7.0,False
ORD-000840,CUS-0081,2026-03-21,2026-03-28,,,Cancelled,Corporate Account,60,1337732.5,240791.85,0.0,1578524.35,990650.0,347082.5,Cancelled,0,,False
ORD-000841,CUS-0096,2026-06-13,2026-06-18,2026-06-19,2026-06-21,Delivered,Phone / WhatsApp,30,3222828.75,580109.17,0.0,3802937.92,2464350.0,758478.75,Delayed,3,8.0,False
ORD-000842,CUS-0074,2026-04-12,2026-04-23,,,Processing,Direct Sales,30,360680.0,64922.4,0.0,425602.4,267000.0,93680.0,Overdue Open Order,131,,True
ORD-000843,CUS-0081,2025-10-31,2025-11-11,2025-11-04,2025-11-08,Delivered,Direct Sales,60,1508750.0,271575.0,0.0,1780325.0,1048300.0,460450.0,On Time,0,8.0,False
ORD-000844,CUS-0055,2025-05-06,2025-05-21,,,Confirmed,Phone / WhatsApp,60,3176640.0,571795.2,0.0,3748435.2,2382700.0,793940.0,Overdue Open Order,468,,True
ORD-000845,CUS-0052,2025-06-16,2025-06-23,2025-06-22,2025-06-26,Delivered,Website,45,556492.5,100168.65,0.0,656661.15,361250.0,195242.5,Delayed,3,10.0,False
ORD-000846,CUS-0089,2025-03-07,2025-03-22,2025-03-11,2025-03-16,Delivered,Website,45,556063.75,100091.47,0.0,656155.22,372150.0,183913.75,On Time,0,9.0,False
ORD-000847,CUS-0067,2025-11-09,2025-11-24,2025-11-14,2025-11-15,Delivered,Corporate Account,60,2210177.5,397831.95,0.0,2608009.45,1619050.0,591127.5,On Time,0,6.0,False
ORD-000848,CUS-0120,2025-11-22,2025-12-02,,,Processing,Corporate Account,30,1508591.25,271546.42,0.0,1780137.68,1123250.0,385341.25,Overdue Open Order,273,,True
ORD-000849,CUS-0120,2025-06-24,2025-06-29,2025-06-28,2025-06-29,Delivered,Phone / WhatsApp,30,922080.0,165974.4,0.0,1088054.4,659300.0,262780.0,On Time,0,5.0,False
ORD-000850,CUS-0043,2025-09-09,2025-09-15,,,Processing,Direct Sales,45,612870.0,110316.6,0.0,723186.6,420600.0,192270.0,Overdue Open Order,351,,True
ORD-000851,CUS-0089,2026-06-11,2026-06-21,2026-06-12,2026-06-14,Delivered,Phone / WhatsApp,45,1123156.25,202168.12,0.0,1325324.38,784150.0,339006.25,On Time,0,3.0,False
ORD-000852,CUS-0024,2025-04-09,2025-04-21,2025-04-10,2025-04-11,Delivered,Tender,60,1262420.0,227235.6,0.0,1489655.6,946200.0,316220.0,On Time,0,2.0,False
ORD-000853,CUS-0024,2025-09-03,2025-09-08,2025-09-06,2025-09-07,Delivered,Direct Sales,60,2841268.75,511428.38,0.0,3352697.12,2085000.0,756268.75,On Time,0,4.0,False
ORD-000854,CUS-0074,2025-12-18,2025-12-31,2025-12-21,2025-12-26,Delivered,Tender,30,1524573.75,274423.27,0.0,1798997.02,1135750.0,388823.75,On Time,0,8.0,False
ORD-000855,CUS-0065,2026-05-17,2026-05-24,,,Confirmed,Direct Sales,30,541490.0,97468.2,0.0,638958.2,408900.0,132590.0,Overdue Open Order,100,,True
ORD-000856,CUS-0034,2026-06-26,2026-07-08,,,Pending,Corporate Account,30,1644118.75,295941.38,0.0,1940060.12,1271050.0,373068.75,Overdue Open Order,55,,True
ORD-000857,CUS-0087,2026-04-28,2026-05-04,2026-05-01,,Shipped,Corporate Account,30,1476070.0,265692.6,0.0,1741762.6,1121250.0,354820.0,Overdue Open Order,120,,True
ORD-000858,CUS-0040,2025-05-05,2025-05-14,2025-05-08,2025-05-09,Delivered,Corporate Account,30,80456.25,14482.12,1500.0,96438.38,56250.0,24206.25,On Time,0,4.0,False
ORD-000859,CUS-0052,2026-08-22,2026-08-26,2026-08-23,2026-08-25,Delivered,Direct Sales,45,139647.5,25136.55,0.0,164784.05,91750.0,47897.5,On Time,0,3.0,False
ORD-000860,CUS-0050,2026-07-15,2026-07-21,2026-07-22,,Shipped,Website,60,1699945.0,305990.1,0.0,2005935.1,1248300.0,451645.0,Overdue Open Order,42,,True
ORD-000861,CUS-0113,2025-07-09,2025-07-14,2025-07-12,2025-07-16,Delivered,Corporate Account,60,676100.0,121698.0,0.0,797798.0,503150.0,172950.0,Delayed,2,7.0,False
ORD-000862,CUS-0089,2025-09-14,2025-09-21,2025-09-20,2025-09-25,Delivered,Direct Sales,45,1582510.0,284851.8,0.0,1867361.8,1299300.0,283210.0,Delayed,4,11.0,False
ORD-000863,CUS-0063,2026-05-07,2026-05-22,2026-05-09,2026-05-10,Delivered,Phone / WhatsApp,30,703185.0,126573.3,0.0,829758.3,517200.0,185985.0,On Time,0,3.0,False
ORD-000864,CUS-0068,2026-07-05,2026-07-16,2026-07-09,2026-07-12,Delivered,Website,30,158460.0,28522.8,0.0,186982.8,121200.0,37260.0,On Time,0,7.0,False
ORD-000865,CUS-0045,2026-04-14,2026-04-28,2026-04-19,2026-04-21,Delivered,Tender,60,859893.75,154780.88,0.0,1014674.62,584800.0,275093.75,On Time,0,7.0,False
ORD-000866,CUS-0044,2025-11-21,2025-12-06,,,Cancelled,Website,60,1345936.25,242268.52,0.0,1588204.77,971500.0,374436.25,Cancelled,0,,False
ORD-000867,CUS-0013,2025-10-16,2025-10-29,2025-10-21,2025-10-22,Delivered,Direct Sales,45,1072677.5,193081.95,0.0,1265759.45,810200.0,262477.5,On Time,0,6.0,False
ORD-000868,CUS-0014,2026-01-11,2026-01-22,,,Processing,Phone / WhatsApp,45,927898.75,167021.77,0.0,1094920.52,720450.0,207448.75,Overdue Open Order,222,,True
ORD-000869,CUS-0083,2026-03-20,2026-03-27,2026-03-25,2026-03-30,Delivered,Direct Sales,30,3359148.75,604646.78,0.0,3963795.52,2887100.0,472048.75,Delayed,3,10.0,False
ORD-000870,CUS-0014,2025-06-21,2025-06-26,2025-06-27,2025-07-02,Delivered,Corporate Account,45,327150.0,58887.0,0.0,386037.0,255550.0,71600.0,Delayed,6,11.0,False
ORD-000871,CUS-0076,2026-05-17,2026-05-28,2026-05-18,2026-05-23,Delivered,Website,45,656670.0,118200.6,0.0,774870.6,490000.0,166670.0,On Time,0,6.0,False
ORD-000872,CUS-0032,2025-05-14,2025-05-29,2025-05-20,2025-05-22,Delivered,Direct Sales,30,585057.5,105310.35,0.0,690367.85,452300.0,132757.5,On Time,0,8.0,False
ORD-000873,CUS-0104,2025-04-16,2025-04-23,2025-04-23,2025-04-27,Delivered,Website,30,352378.75,63428.17,0.0,415806.92,256200.0,96178.75,Delayed,4,11.0,False
ORD-000874,CUS-0050,2025-11-28,2025-12-07,2025-12-02,2025-12-06,Delivered,Direct Sales,60,4713440.0,848419.2,0.0,5561859.2,3981800.0,731640.0,On Time,0,8.0,False
ORD-000875,CUS-0044,2025-09-22,2025-09-26,2025-09-23,2025-09-24,Delivered,Direct Sales,60,1814647.5,326636.55,0.0,2141284.05,1367400.0,447247.5,On Time,0,2.0,False
ORD-000876,CUS-0008,2025-11-12,2025-11-26,2025-11-18,2025-11-20,Delivered,Phone / WhatsApp,45,1316667.5,237000.15,0.0,1553667.65,915100.0,401567.5,On Time,0,8.0,False
ORD-000877,CUS-0025,2025-04-01,2025-04-15,,,Confirmed,Corporate Account,15,301031.25,54185.62,0.0,355216.88,232750.0,68281.25,Overdue Open Order,504,,True
ORD-000878,CUS-0115,2025-04-03,2025-04-16,2025-04-10,2025-04-15,Delivered,Corporate Account,30,954882.5,171878.85,0.0,1126761.35,686500.0,268382.5,On Time,0,12.0,False
ORD-000879,CUS-0043,2026-06-19,2026-07-01,2026-06-22,2026-06-24,Delivered,Direct Sales,45,681827.5,122728.95,0.0,804556.45,503500.0,178327.5,On Time,0,5.0,False
ORD-000880,CUS-0079,2025-07-14,2025-07-22,2025-07-21,2025-07-22,Delivered,Corporate Account,45,1459057.5,262630.35,0.0,1721687.85,1105650.0,353407.5,On Time,0,8.0,False
ORD-000881,CUS-0038,2026-04-11,2026-04-15,2026-04-18,2026-04-23,Delivered,Corporate Account,45,225150.0,40527.0,0.0,265677.0,167250.0,57900.0,Delayed,8,12.0,False
ORD-000882,CUS-0046,2025-12-13,2025-12-23,,,Processing,Tender,60,446981.25,80456.62,0.0,527437.88,330500.0,116481.25,Overdue Open Order,252,,True
ORD-000883,CUS-0001,2026-06-20,2026-07-02,2026-06-27,2026-07-01,Delivered,Direct Sales,45,3408150.0,613467.0,0.0,4021617.0,2678950.0,729200.0,On Time,0,11.0,False
ORD-000884,CUS-0051,2025-09-02,2025-09-06,,,Pending,Phone / WhatsApp,30,371850.0,66933.0,0.0,438783.0,290400.0,81450.0,Overdue Open Order,360,,True
ORD-000885,CUS-0002,2025-12-31,2026-01-04,2026-01-06,2026-01-11,Delivered,Corporate Account,60,475760.0,85636.8,0.0,561396.8,349350.0,126410.0,Delayed,7,11.0,False
ORD-000886,CUS-0055,2026-04-22,2026-04-29,,,Confirmed,Tender,60,2667423.75,480136.27,0.0,3147560.02,2081150.0,586273.75,Overdue Open Order,125,,True
ORD-000887,CUS-0090,2025-08-16,2025-08-31,2025-08-20,2025-08-22,Delivered,Direct Sales,30,106380.0,19148.4,0.0,125528.4,88650.0,17730.0,On Time,0,6.0,False
ORD-000888,CUS-0113,2025-12-15,2025-12-26,2025-12-16,2025-12-21,Delivered,Phone / WhatsApp,60,41850.0,7533.0,3000.0,52383.0,27500.0,14350.0,On Time,0,6.0,False
ORD-000889,CUS-0036,2025-10-22,2025-11-03,2025-10-26,2025-10-31,Delivered,Phone / WhatsApp,45,4405922.5,793066.05,0.0,5198988.55,3277450.0,1128472.5,On Time,0,9.0,False
ORD-000890,CUS-0035,2026-02-25,2026-03-12,2026-03-01,2026-03-03,Delivered,Tender,30,5779205.0,1040256.9,0.0,6819461.9,4304150.0,1475055.0,On Time,0,6.0,False
ORD-000891,CUS-0007,2025-03-01,2025-03-13,2025-03-05,2025-03-06,Delivered,Tender,15,689163.75,124049.47,0.0,813213.22,519300.0,169863.75,On Time,0,5.0,False
ORD-000892,CUS-0039,2026-02-18,2026-02-25,2026-02-24,,Shipped,Website,30,389692.5,70144.65,0.0,459837.15,262350.0,127342.5,Overdue Open Order,188,,True
ORD-000893,CUS-0050,2026-08-15,2026-08-27,2026-08-21,2026-08-24,Delivered,Corporate Account,60,3540423.75,637276.28,0.0,4177700.02,2368350.0,1172073.75,On Time,0,9.0,False
ORD-000894,CUS-0094,2025-09-17,2025-09-28,2025-09-24,2025-09-27,Delivered,Direct Sales,45,533905.0,96102.9,0.0,630007.9,390750.0,143155.0,On Time,0,10.0,False
ORD-000895,CUS-0084,2025-05-31,2025-06-09,2025-06-01,,Shipped,Corporate Account,30,2237718.75,402789.38,0.0,2640508.12,1784450.0,453268.75,Overdue Open Order,449,,True
ORD-000896,CUS-0025,2026-03-22,2026-03-26,2026-03-25,2026-03-27,Delivered,Corporate Account,15,216910.0,39043.8,0.0,255953.8,155900.0,61010.0,Delayed,1,5.0,False
ORD-000897,CUS-0046,2026-08-11,2026-08-18,2026-08-15,2026-08-16,Delivered,Tender,60,830528.75,149495.17,0.0,980023.93,566600.0,263928.75,On Time,0,5.0,False
ORD-000898,CUS-0063,2026-06-14,2026-06-18,2026-06-15,2026-06-19,Delivered,Tender,30,166250.0,29925.0,0.0,196175.0,118500.0,47750.0,Delayed,1,5.0,False
ORD-000899,CUS-0044,2025-05-12,2025-05-19,2025-05-16,,Shipped,Tender,60,445105.0,80118.9,0.0,525223.9,274250.0,170855.0,Overdue Open Order,470,,True
ORD-000900,CUS-0013,2025-09-25,2025-10-02,2025-09-26,2025-10-01,Delivered,Direct Sales,45,476947.5,85850.55,0.0,562798.05,345350.0,131597.5,On Time,0,6.0,False
ORD-000901,CUS-0091,2026-02-20,2026-02-27,2026-02-26,2026-03-01,Delivered,Corporate Account,30,460248.75,82844.77,0.0,543093.53,353650.0,106598.75,Delayed,2,9.0,False
ORD-000902,CUS-0116,2026-03-09,2026-03-20,2026-03-16,2026-03-19,Delivered,Corporate Account,30,50625.0,9112.5,3000.0,62737.5,35000.0,15625.0,On Time,0,10.0,False
ORD-000903,CUS-0078,2025-12-28,2026-01-11,2025-12-31,2026-01-02,Delivered,Direct Sales,15,335540.0,60397.2,0.0,395937.2,260000.0,75540.0,On Time,0,5.0,False
ORD-000904,CUS-0083,2026-08-10,2026-08-19,,,Pending,Direct Sales,30,351605.0,63288.9,0.0,414893.9,243900.0,107705.0,Overdue Open Order,13,,True
ORD-000905,CUS-0004,2026-06-22,2026-06-29,2026-06-28,2026-06-29,Delivered,Direct Sales,30,688987.5,124017.75,0.0,813005.25,523200.0,165787.5,On Time,0,7.0,False
ORD-000906,CUS-0036,2026-07-21,2026-08-01,2026-07-23,2026-07-26,Delivered,Corporate Account,45,5459652.5,982737.45,0.0,6442389.95,4086800.0,1372852.5,On Time,0,5.0,False
ORD-000907,CUS-0084,2025-10-09,2025-10-15,2025-10-16,2025-10-20,Delivered,Phone / WhatsApp,30,2152646.25,387476.33,0.0,2540122.58,1655650.0,496996.25,Delayed,5,11.0,False
ORD-000908,CUS-0081,2026-04-04,2026-04-18,2026-04-06,2026-04-11,Delivered,Phone / WhatsApp,60,1111202.5,200016.45,0.0,1311218.95,793800.0,317402.5,On Time,0,7.0,False
ORD-000909,CUS-0071,2025-03-04,2025-03-16,2025-03-11,2025-03-16,Returned,Phone / WhatsApp,30,50900.0,9162.0,2500.0,62562.0,34700.0,16200.0,On Time,0,12.0,False
ORD-000910,CUS-0095,2026-07-04,2026-07-14,2026-07-08,2026-07-11,Delivered,Corporate Account,45,471675.0,84901.5,0.0,556576.5,343600.0,128075.0,On Time,0,7.0,False
ORD-000911,CUS-0071,2026-02-16,2026-02-22,2026-02-21,2026-02-25,Delivered,Corporate Account,30,588393.75,105910.88,0.0,694304.62,425400.0,162993.75,Delayed,3,9.0,False
ORD-000912,CUS-0053,2026-05-05,2026-05-10,2026-05-07,2026-05-11,Delivered,Website,45,948145.0,170666.1,0.0,1118811.1,662400.0,285745.0,Delayed,1,6.0,False
ORD-000913,CUS-0014,2025-12-26,2026-01-05,2026-01-02,2026-01-06,Delivered,Corporate Account,45,786313.75,141536.48,0.0,927850.22,568250.0,218063.75,Delayed,1,11.0,False
ORD-000914,CUS-0039,2025-11-21,2025-12-04,2025-11-22,2025-11-25,Delivered,Website,30,1278237.5,230082.75,0.0,1508320.25,942950.0,335287.5,On Time,0,4.0,False
ORD-000915,CUS-0002,2025-08-24,2025-09-01,2025-08-31,2025-09-04,Delivered,Corporate Account,60,5775877.5,1039657.95,0.0,6815535.45,4670300.0,1105577.5,Delayed,3,11.0,False
ORD-000916,CUS-0043,2026-07-30,2026-08-06,2026-08-06,2026-08-11,Delivered,Corporate Account,45,1420498.75,255689.77,0.0,1676188.52,1117750.0,302748.75,Delayed,5,12.0,False
ORD-000917,CUS-0110,2025-11-05,2025-11-20,2025-11-07,2025-11-08,Delivered,Corporate Account,30,145950.0,26271.0,0.0,172221.0,121200.0,24750.0,On Time,0,3.0,False
ORD-000918,CUS-0099,2025-03-16,2025-03-26,,,Pending,Phone / WhatsApp,15,1650990.0,297178.2,0.0,1948168.2,1320500.0,330490.0,Overdue Open Order,524,,True
ORD-000919,CUS-0117,2025-03-02,2025-03-17,2025-03-05,2025-03-08,Delivered,Phone / WhatsApp,30,843832.5,151889.85,0.0,995722.35,594500.0,249332.5,On Time,0,6.0,False
ORD-000920,CUS-0059,2025-07-24,2025-08-07,,,Processing,Direct Sales,30,4969422.5,894496.05,0.0,5863918.55,4283100.0,686322.5,Overdue Open Order,390,,True
ORD-000921,CUS-0055,2026-02-20,2026-02-26,2026-02-25,2026-03-01,Delivered,Direct Sales,60,3461270.0,623028.6,0.0,4084298.6,2654800.0,806470.0,Delayed,3,9.0,False
ORD-000922,CUS-0044,2025-08-20,2025-08-28,2025-08-26,2025-08-30,Delivered,Direct Sales,60,1098146.25,197666.32,0.0,1295812.57,770450.0,327696.25,Delayed,2,10.0,False
ORD-000923,CUS-0050,2025-06-16,2025-06-27,2025-06-20,2025-06-21,Delivered,Corporate Account,60,4793827.5,862888.95,0.0,5656716.45,3801500.0,992327.5,On Time,0,5.0,False
ORD-000924,CUS-0041,2025-09-05,2025-09-13,2025-09-09,2025-09-14,Delivered,Corporate Account,45,241970.0,43554.6,0.0,285524.6,188000.0,53970.0,Delayed,1,9.0,False
ORD-000925,CUS-0059,2026-02-08,2026-02-21,2026-02-09,2026-02-14,Delivered,Corporate Account,30,934952.5,168291.45,0.0,1103243.95,710200.0,224752.5,On Time,0,6.0,False
ORD-000926,CUS-0072,2025-08-05,2025-08-19,2025-08-11,2025-08-12,Delivered,Direct Sales,45,549332.5,98879.85,0.0,648212.35,399600.0,149732.5,On Time,0,7.0,False
ORD-000927,CUS-0084,2026-01-17,2026-01-29,2026-01-22,2026-01-25,Delivered,Direct Sales,30,1885833.75,339450.08,0.0,2225283.83,1376150.0,509683.75,On Time,0,8.0,False
ORD-000928,CUS-0089,2025-05-15,2025-05-25,2025-05-22,2025-05-25,Delivered,Corporate Account,45,834700.0,150246.0,0.0,984946.0,607000.0,227700.0,On Time,0,10.0,False
ORD-000929,CUS-0011,2026-01-21,2026-02-02,2026-01-24,2026-01-29,Delivered,Corporate Account,60,354187.5,63753.75,0.0,417941.25,221000.0,133187.5,On Time,0,8.0,False
ORD-000930,CUS-0100,2026-04-26,2026-05-04,2026-04-30,2026-05-05,Delivered,Direct Sales,45,137442.5,24739.65,0.0,162182.15,97850.0,39592.5,Delayed,1,9.0,False
ORD-000931,CUS-0063,2026-05-19,2026-05-27,2026-05-24,,Shipped,Website,30,218202.5,39276.45,0.0,257478.95,146200.0,72002.5,Overdue Open Order,97,,True
ORD-000932,CUS-0117,2026-04-23,2026-04-27,2026-04-28,2026-05-02,Returned,Corporate Account,30,997877.5,179617.95,0.0,1177495.45,771150.0,226727.5,Delayed,5,9.0,False
ORD-000933,CUS-0036,2026-02-19,2026-03-06,,,Pending,Direct Sales,45,5062923.75,911326.28,0.0,5974250.03,3631100.0,1431823.75,Overdue Open Order,179,,True
ORD-000934,CUS-0045,2025-07-21,2025-07-30,2025-07-26,2025-07-27,Delivered,Tender,60,2030175.0,365431.5,0.0,2395606.5,1431300.0,598875.0,On Time,0,6.0,False
ORD-000935,CUS-0011,2026-01-10,2026-01-23,,,Confirmed,Corporate Account,60,1945317.5,350157.15,0.0,2295474.65,1368150.0,577167.5,Overdue Open Order,221,,True
ORD-000936,CUS-0084,2025-10-11,2025-10-24,2025-10-12,2025-10-14,Delivered,Corporate Account,30,235117.5,42321.15,0.0,277438.65,170400.0,64717.5,On Time,0,3.0,False
ORD-000937,CUS-0118,2025-06-14,2025-06-21,2025-06-15,2025-06-18,Delivered,Direct Sales,30,334942.5,60289.65,0.0,395232.15,215700.0,119242.5,On Time,0,4.0,False
ORD-000938,CUS-0050,2026-07-03,2026-07-17,2026-07-04,2026-07-07,Delivered,Corporate Account,60,1800095.0,324017.1,0.0,2124112.1,1344550.0,455545.0,On Time,0,4.0,False
ORD-000939,CUS-0011,2026-03-17,2026-03-29,2026-03-19,2026-03-21,Delivered,Direct Sales,60,1015372.5,182767.05,0.0,1198139.55,765650.0,249722.5,On Time,0,4.0,False
ORD-000940,CUS-0100,2026-06-10,2026-06-19,2026-06-13,2026-06-16,Delivered,Phone / WhatsApp,45,493360.0,88804.8,0.0,582164.8,367050.0,126310.0,On Time,0,6.0,False
ORD-000941,CUS-0104,2026-05-30,2026-06-11,2026-06-01,2026-06-02,Delivered,Direct Sales,30,4063917.5,731505.15,0.0,4795422.65,3382300.0,681617.5,On Time,0,3.0,False
ORD-000942,CUS-0100,2026-06-19,2026-06-30,2026-06-21,2026-06-26,Delivered,Phone / WhatsApp,45,1597530.0,287555.4,0.0,1885085.4,1200250.0,397280.0,On Time,0,7.0,False
ORD-000943,CUS-0019,2026-08-09,2026-08-21,2026-08-13,2026-08-15,Delivered,Corporate Account,30,470737.5,84732.75,0.0,555470.25,370150.0,100587.5,On Time,0,6.0,False
ORD-000944,CUS-0013,2025-04-11,2025-04-26,2025-04-12,,Shipped,Website,45,379336.25,68280.52,0.0,447616.78,284750.0,94586.25,Overdue Open Order,493,,True
ORD-000945,CUS-0061,2025-04-07,2025-04-21,2025-04-14,2025-04-17,Returned,Corporate Account,30,240497.5,43289.55,0.0,283787.05,157600.0,82897.5,On Time,0,10.0,False
ORD-000946,CUS-0049,2026-02-20,2026-02-27,2026-02-21,2026-02-26,Delivered,Corporate Account,45,1019272.5,183469.05,0.0,1202741.55,740200.0,279072.5,On Time,0,6.0,False
ORD-000947,CUS-0034,2026-08-29,2026-09-11,2026-09-01,2026-09-01,Delivered,Tender,30,1547287.5,278511.75,0.0,1825799.25,1156150.0,391137.5,On Time,0,3.0,False
ORD-000948,CUS-0002,2026-05-21,2026-05-27,2026-05-24,2026-05-29,Delivered,Direct Sales,60,3661435.0,659058.3,0.0,4320493.3,2693500.0,967935.0,Delayed,2,8.0,False
ORD-000949,CUS-0089,2025-07-27,2025-07-31,2025-07-29,2025-07-31,Delivered,Corporate Account,45,947300.0,170514.0,0.0,1117814.0,705250.0,242050.0,On Time,0,4.0,False
ORD-000950,CUS-0117,2026-03-23,2026-03-27,2026-03-25,2026-03-30,Delivered,Direct Sales,30,1941217.5,349419.15,0.0,2290636.65,1545450.0,395767.5,Delayed,3,7.0,False
ORD-000951,CUS-0034,2026-03-02,2026-03-06,2026-03-03,2026-03-04,Delivered,Tender,30,3520802.5,633744.45,0.0,4154546.95,2850150.0,670652.5,On Time,0,2.0,False
ORD-000952,CUS-0037,2025-12-04,2025-12-18,,,Pending,Direct Sales,30,496051.25,89289.22,0.0,585340.47,373050.0,123001.25,Overdue Open Order,257,,True
ORD-000953,CUS-0018,2026-08-01,2026-08-07,2026-08-06,2026-08-09,Delivered,Corporate Account,30,162390.0,29230.2,0.0,191620.2,129000.0,33390.0,Delayed,2,8.0,False
ORD-000954,CUS-0041,2026-04-10,2026-04-19,,,Processing,Website,45,140875.0,25357.5,0.0,166232.5,110600.0,30275.0,Overdue Open Order,135,,True
ORD-000955,CUS-0008,2025-05-21,2025-06-05,,,Processing,Direct Sales,45,537750.0,96795.0,0.0,634545.0,378800.0,158950.0,Overdue Open Order,453,,True
ORD-000956,CUS-0080,2025-10-14,2025-10-19,2025-10-21,2025-10-26,Delivered,Phone / WhatsApp,30,29250.0,5265.0,2000.0,36515.0,20000.0,9250.0,Delayed,7,12.0,False
ORD-000957,CUS-0072,2026-05-06,2026-05-13,2026-05-12,2026-05-13,Delivered,Website,45,3876788.75,697821.97,0.0,4574610.72,3043950.0,832838.75,On Time,0,7.0,False
ORD-000958,CUS-0096,2025-10-20,2025-10-24,2025-10-22,2025-10-24,Delivered,Corporate Account,30,3063022.5,551344.05,0.0,3614366.55,2289150.0,773872.5,On Time,0,4.0,False
ORD-000959,CUS-0084,2025-11-20,2025-12-01,2025-11-26,2025-11-30,Delivered,Direct Sales,30,325368.75,58566.38,0.0,383935.12,254100.0,71268.75,On Time,0,10.0,False
ORD-000960,CUS-0098,2026-07-23,2026-08-07,2026-07-27,2026-07-29,Delivered,Direct Sales,45,288720.0,51969.6,0.0,340689.6,235300.0,53420.0,On Time,0,6.0,False
ORD-000961,CUS-0075,2025-09-14,2025-09-22,2025-09-17,2025-09-19,Delivered,Corporate Account,30,1037267.5,186708.15,0.0,1223975.65,722000.0,315267.5,On Time,0,5.0,False
ORD-000962,CUS-0024,2025-05-10,2025-05-22,2025-05-15,2025-05-20,Delivered,Direct Sales,60,6668545.0,1200338.1,0.0,7868883.1,5193400.0,1475145.0,On Time,0,10.0,False
ORD-000963,CUS-0064,2025-12-09,2025-12-13,2025-12-10,2025-12-14,Delivered,Direct Sales,30,2293573.75,412843.27,0.0,2706417.02,1568800.0,724773.75,Delayed,1,5.0,False
ORD-000964,CUS-0083,2025-10-26,2025-10-31,2025-10-28,2025-11-01,Returned,Direct Sales,30,441787.5,79521.75,0.0,521309.25,317550.0,124237.5,Delayed,1,6.0,False
ORD-000965,CUS-0028,2026-02-02,2026-02-15,2026-02-05,,Shipped,Website,30,55800.0,10044.0,2500.0,68344.0,37000.0,18800.0,Overdue Open Order,198,,True
ORD-000966,CUS-0053,2025-06-11,2025-06-22,2025-06-14,2025-06-19,Returned,Direct Sales,45,134691.25,24244.42,0.0,158935.67,90700.0,43991.25,On Time,0,8.0,False
ORD-000967,CUS-0081,2026-04-27,2026-05-12,,,Pending,Direct Sales,60,676087.5,121695.75,0.0,797783.25,476550.0,199537.5,Overdue Open Order,112,,True
ORD-000968,CUS-0081,2025-04-28,2025-05-10,2025-05-02,2025-05-05,Delivered,Corporate Account,60,2487252.5,447705.45,0.0,2934957.95,1910900.0,576352.5,On Time,0,7.0,False
ORD-000969,CUS-0102,2026-06-27,2026-07-03,,,Processing,Tender,45,724870.0,130476.6,0.0,855346.6,548100.0,176770.0,Overdue Open Order,60,,True
ORD-000970,CUS-0084,2026-07-27,2026-08-09,2026-08-01,2026-08-02,Delivered,Tender,30,132645.0,23876.1,0.0,156521.1,102200.0,30445.0,On Time,0,6.0,False
ORD-000971,CUS-0095,2025-11-28,2025-12-07,,,Confirmed,Corporate Account,45,1026825.0,184828.5,0.0,1211653.5,787050.0,239775.0,Overdue Open Order,268,,True
ORD-000972,CUS-0044,2026-08-20,2026-08-26,2026-08-23,2026-08-28,Delivered,Corporate Account,60,1421076.25,255793.72,0.0,1676869.98,1061350.0,359726.25,Delayed,2,8.0,False
ORD-000973,CUS-0033,2025-07-03,2025-07-13,2025-07-07,2025-07-11,Delivered,Phone / WhatsApp,15,111507.5,20071.35,0.0,131578.85,80950.0,30557.5,On Time,0,8.0,False
ORD-000974,CUS-0075,2026-06-09,2026-06-24,2026-06-14,2026-06-19,Delivered,Direct Sales,30,621600.0,111888.0,0.0,733488.0,451350.0,170250.0,On Time,0,10.0,False
ORD-000975,CUS-0083,2025-08-21,2025-08-28,2025-08-25,2025-08-27,Delivered,Direct Sales,30,2886753.75,519615.67,0.0,3406369.42,2248750.0,638003.75,On Time,0,6.0,False
ORD-000976,CUS-0080,2025-06-25,2025-07-08,2025-06-26,2025-06-28,Delivered,Phone / WhatsApp,30,276506.25,49771.12,0.0,326277.38,217450.0,59056.25,On Time,0,3.0,False
ORD-000977,CUS-0056,2025-11-01,2025-11-16,2025-11-08,2025-11-12,Delivered,Direct Sales,45,820318.75,147657.38,0.0,967976.12,612400.0,207918.75,On Time,0,11.0,False
ORD-000978,CUS-0075,2025-05-16,2025-05-31,,,Confirmed,Tender,30,556020.0,100083.6,0.0,656103.6,425700.0,130320.0,Overdue Open Order,458,,True
ORD-000979,CUS-0101,2026-04-10,2026-04-20,2026-04-14,2026-04-15,Delivered,Website,30,224451.25,40401.22,0.0,264852.47,163250.0,61201.25,On Time,0,5.0,False
ORD-000980,CUS-0115,2025-10-09,2025-10-23,2025-10-14,2025-10-17,Delivered,Direct Sales,30,782687.5,140883.75,0.0,923571.25,583000.0,199687.5,On Time,0,8.0,False
ORD-000981,CUS-0036,2025-03-01,2025-03-12,2025-03-02,2025-03-03,Delivered,Corporate Account,45,489401.25,88092.22,0.0,577493.47,359600.0,129801.25,On Time,0,2.0,False
ORD-000982,CUS-0089,2025-07-09,2025-07-17,2025-07-11,2025-07-16,Delivered,Corporate Account,45,296053.75,53289.67,0.0,349343.42,190150.0,105903.75,On Time,0,7.0,False
ORD-000983,CUS-0056,2026-06-07,2026-06-13,2026-06-10,2026-06-15,Delivered,Direct Sales,45,367228.75,66101.18,0.0,433329.92,255200.0,112028.75,Delayed,2,8.0,False
ORD-000984,CUS-0092,2025-09-05,2025-09-19,2025-09-12,2025-09-16,Delivered,Direct Sales,30,48772.5,8779.05,2500.0,60051.55,33850.0,14922.5,On Time,0,11.0,False
ORD-000985,CUS-0010,2026-07-23,2026-07-27,2026-07-26,2026-07-29,Delivered,Phone / WhatsApp,30,1026795.0,184823.1,0.0,1211618.1,787700.0,239095.0,Delayed,2,6.0,False
ORD-000986,CUS-0097,2026-08-05,2026-08-10,,,Confirmed,Direct Sales,45,190612.5,34310.25,0.0,224922.75,134300.0,56312.5,Overdue Open Order,22,,True
ORD-000987,CUS-0037,2025-06-22,2025-07-07,,,Processing,Tender,30,225610.0,40609.8,0.0,266219.8,166600.0,59010.0,Overdue Open Order,421,,True
ORD-000988,CUS-0062,2026-05-02,2026-05-10,2026-05-08,2026-05-11,Delivered,Direct Sales,45,709197.5,127655.55,0.0,836853.05,611400.0,97797.5,Delayed,1,9.0,False
ORD-000989,CUS-0074,2025-04-07,2025-04-11,2025-04-10,2025-04-13,Delivered,Direct Sales,30,3011960.0,542152.8,0.0,3554112.8,2231300.0,780660.0,Delayed,2,6.0,False
ORD-000990,CUS-0014,2025-11-10,2025-11-24,2025-11-11,2025-11-15,Delivered,Direct Sales,45,689908.75,124183.57,0.0,814092.32,509400.0,180508.75,On Time,0,5.0,False
ORD-000991,CUS-0096,2026-08-01,2026-08-16,2026-08-04,2026-08-08,Delivered,Direct Sales,30,2155255.0,387945.9,0.0,2543200.9,1586150.0,569105.0,On Time,0,7.0,False
ORD-000992,CUS-0050,2026-03-07,2026-03-18,2026-03-08,2026-03-11,Delivered,Corporate Account,60,341058.75,61390.57,0.0,402449.33,245800.0,95258.75,On Time,0,4.0,False
ORD-000993,CUS-0088,2026-01-29,2026-02-02,2026-02-02,,Shipped,Corporate Account,30,3386922.5,609646.05,0.0,3996568.55,2787750.0,599172.5,Overdue Open Order,211,,True
ORD-000994,CUS-0048,2026-07-19,2026-07-29,,,Processing,Tender,30,1583350.0,285003.0,0.0,1868353.0,1191600.0,391750.0,Overdue Open Order,34,,True
ORD-000995,CUS-0004,2025-10-17,2025-11-01,2025-10-21,2025-10-25,Delivered,Corporate Account,30,17100.0,3078.0,2500.0,22678.0,11200.0,5900.0,On Time,0,8.0,False
ORD-000996,CUS-0035,2025-06-29,2025-07-05,2025-07-06,2025-07-07,Delivered,Direct Sales,30,1122996.25,202139.32,0.0,1325135.57,862600.0,260396.25,Delayed,2,8.0,False
ORD-000997,CUS-0059,2025-05-25,2025-06-03,2025-05-27,2025-05-28,Delivered,Corporate Account,30,1260712.5,226928.25,0.0,1487640.75,971800.0,288912.5,On Time,0,3.0,False
ORD-000998,CUS-0094,2026-03-15,2026-03-26,2026-03-22,2026-03-24,Delivered,Corporate Account,45,480352.5,86463.45,0.0,566815.95,354900.0,125452.5,On Time,0,9.0,False
ORD-000999,CUS-0120,2025-11-28,2025-12-02,2025-12-01,2025-12-04,Delivered,Corporate Account,30,5902065.0,1062371.7,0.0,6964436.7,4391400.0,1510665.0,Delayed,2,6.0,False
ORD-001000,CUS-0029,2025-08-19,2025-09-02,2025-08-24,2025-08-26,Delivered,Direct Sales,15,170650.0,30717.0,0.0,201367.0,122850.0,47800.0,On Time,0,7.0,False
ORD-001001,CUS-0078,2025-09-22,2025-10-02,,,Pending,Website,15,67110.0,12079.8,3000.0,82189.8,48850.0,18260.0,Overdue Open Order,334,,True
ORD-001002,CUS-0048,2026-08-15,2026-08-24,2026-08-16,2026-08-21,Delivered,Tender,30,1187857.5,213814.35,0.0,1401671.85,896900.0,290957.5,On Time,0,6.0,False
ORD-001003,CUS-0084,2026-07-17,2026-07-25,2026-07-21,2026-07-23,Returned,Direct Sales,30,1221192.5,219814.65,0.0,1441007.15,937250.0,283942.5,On Time,0,6.0,False
ORD-001004,CUS-0069,2025-07-09,2025-07-24,2025-07-14,2025-07-15,Delivered,Direct Sales,30,2258760.0,406576.8,0.0,2665336.8,1807200.0,451560.0,On Time,0,6.0,False
ORD-001005,CUS-0120,2026-05-07,2026-05-22,,,Processing,Phone / WhatsApp,30,2832693.75,509884.88,0.0,3342578.62,2281950.0,550743.75,Overdue Open Order,102,,True
ORD-001006,CUS-0103,2025-10-26,2025-11-08,2025-10-31,2025-11-03,Delivered,Direct Sales,30,1066087.5,191895.75,0.0,1257983.25,782000.0,284087.5,On Time,0,8.0,False
ORD-001007,CUS-0117,2026-03-28,2026-04-06,2026-04-01,2026-04-06,Delivered,Phone / WhatsApp,30,659735.0,118752.3,0.0,778487.3,490600.0,169135.0,On Time,0,9.0,False
ORD-001008,CUS-0066,2026-04-03,2026-04-14,2026-04-07,2026-04-09,Delivered,Corporate Account,30,557065.0,100271.7,0.0,657336.7,449450.0,107615.0,On Time,0,6.0,False
ORD-001009,CUS-0032,2025-05-29,2025-06-13,,,Pending,Direct Sales,30,90000.0,16200.0,2000.0,108200.0,58000.0,32000.0,Overdue Open Order,445,,True
ORD-001010,CUS-0064,2026-05-24,2026-06-01,,,Pending,Phone / WhatsApp,30,1751512.5,315272.25,0.0,2066784.75,1389250.0,362262.5,Overdue Open Order,92,,True
ORD-001011,CUS-0033,2025-10-18,2025-10-29,2025-10-25,2025-10-30,Delivered,Direct Sales,15,197025.0,35464.5,0.0,232489.5,146550.0,50475.0,Delayed,1,12.0,False
ORD-001012,CUS-0072,2026-05-20,2026-05-31,2026-05-21,2026-05-22,Delivered,Website,45,1762760.0,317296.8,0.0,2080056.8,1512800.0,249960.0,On Time,0,2.0,False
ORD-001013,CUS-0063,2025-11-24,2025-12-04,2025-11-30,2025-12-02,Delivered,Corporate Account,30,850092.5,153016.65,0.0,1003109.15,660950.0,189142.5,On Time,0,8.0,False
ORD-001014,CUS-0075,2026-05-04,2026-05-14,2026-05-06,2026-05-10,Delivered,Direct Sales,30,3377570.0,607962.6,0.0,3985532.6,2557400.0,820170.0,On Time,0,6.0,False
ORD-001015,CUS-0063,2025-09-25,2025-10-04,,,Processing,Corporate Account,30,804055.0,144729.9,0.0,948784.9,608600.0,195455.0,Overdue Open Order,332,,True
ORD-001016,CUS-0075,2026-03-07,2026-03-18,2026-03-08,,Shipped,Tender,30,610977.5,109975.95,0.0,720953.45,403800.0,207177.5,Overdue Open Order,167,,True
ORD-001017,CUS-0116,2026-04-26,2026-05-10,2026-04-27,2026-04-28,Delivered,Direct Sales,30,1979061.25,356231.02,0.0,2335292.27,1475150.0,503911.25,On Time,0,2.0,False
ORD-001018,CUS-0096,2026-05-15,2026-05-27,2026-05-20,2026-05-23,Returned,Phone / WhatsApp,30,1944800.0,350064.0,0.0,2294864.0,1485400.0,459400.0,On Time,0,8.0,False
ORD-001019,CUS-0110,2026-07-31,2026-08-10,2026-08-01,2026-08-05,Delivered,Phone / WhatsApp,30,400895.0,72161.1,0.0,473056.1,325050.0,75845.0,On Time,0,5.0,False
ORD-001020,CUS-0049,2025-07-08,2025-07-17,2025-07-10,,Shipped,Corporate Account,45,1605757.5,289036.35,0.0,1894793.85,1156850.0,448907.5,Overdue Open Order,411,,True
ORD-001021,CUS-0082,2025-11-15,2025-11-20,2025-11-19,2025-11-23,Delivered,Phone / WhatsApp,30,281575.0,50683.5,0.0,332258.5,197450.0,84125.0,Delayed,3,8.0,False
ORD-001022,CUS-0035,2026-07-04,2026-07-15,,,Confirmed,Corporate Account,30,1724213.75,310358.47,0.0,2034572.23,1326700.0,397513.75,Overdue Open Order,48,,True
ORD-001023,CUS-0021,2025-04-22,2025-05-06,,,Confirmed,Tender,30,1109656.25,199738.12,0.0,1309394.38,842150.0,267506.25,Overdue Open Order,483,,True
ORD-001024,CUS-0040,2025-09-19,2025-10-01,2025-09-21,2025-09-24,Delivered,Direct Sales,30,71297.5,12833.55,1500.0,85631.05,56000.0,15297.5,On Time,0,5.0,False
ORD-001025,CUS-0076,2025-12-18,2025-12-25,,,Confirmed,Direct Sales,45,295522.5,53194.05,0.0,348716.55,219500.0,76022.5,Overdue Open Order,250,,True
ORD-001026,CUS-0045,2025-03-22,2025-03-26,2025-03-24,,Shipped,Corporate Account,60,879690.0,158344.2,0.0,1038034.2,610000.0,269690.0,Overdue Open Order,524,,True
ORD-001027,CUS-0103,2025-12-30,2026-01-03,,,Pending,Direct Sales,30,237690.0,42784.2,0.0,280474.2,181800.0,55890.0,Overdue Open Order,241,,True
ORD-001028,CUS-0003,2026-06-12,2026-06-20,2026-06-17,2026-06-21,Delivered,Phone / WhatsApp,15,299957.5,53992.35,0.0,353949.85,228200.0,71757.5,Delayed,1,9.0,False
ORD-001029,CUS-0044,2025-04-06,2025-04-12,2025-04-12,,Shipped,Corporate Account,60,5221152.5,939807.45,0.0,6160959.95,3866450.0,1354702.5,Overdue Open Order,507,,True
ORD-001030,CUS-0063,2026-08-30,2026-09-06,2026-09-01,2026-09-01,Delivered,Direct Sales,30,448910.0,80803.8,0.0,529713.8,315500.0,133410.0,On Time,0,2.0,False
ORD-001031,CUS-0096,2026-02-15,2026-02-21,2026-02-21,2026-02-26,Delivered,Website,30,3685257.5,663346.35,0.0,4348603.85,2763200.0,922057.5,Delayed,5,11.0,False
ORD-001032,CUS-0078,2026-03-28,2026-04-03,2026-04-02,2026-04-05,Delivered,Direct Sales,15,256155.0,46107.9,0.0,302262.9,185400.0,70755.0,Delayed,2,8.0,False
ORD-001033,CUS-0095,2026-05-24,2026-06-08,2026-05-28,,Shipped,Direct Sales,45,373887.5,67299.75,0.0,441187.25,277000.0,96887.5,Overdue Open Order,85,,True
ORD-001034,CUS-0029,2026-05-08,2026-05-12,2026-05-14,,Shipped,Direct Sales,15,680050.0,122409.0,0.0,802459.0,488400.0,191650.0,Overdue Open Order,112,,True
ORD-001035,CUS-0011,2026-04-27,2026-05-05,2026-05-02,2026-05-03,Delivered,Direct Sales,60,3063822.5,551488.05,0.0,3615310.55,2337100.0,726722.5,On Time,0,6.0,False
ORD-001036,CUS-0046,2026-03-11,2026-03-17,2026-03-15,2026-03-20,Delivered,Direct Sales,60,1911073.75,343993.27,0.0,2255067.02,1458050.0,453023.75,Delayed,3,9.0,False
ORD-001037,CUS-0047,2025-04-07,2025-04-12,2025-04-12,2025-04-17,Delivered,Phone / WhatsApp,30,545610.0,98209.8,0.0,643819.8,424850.0,120760.0,Delayed,5,10.0,False
ORD-001038,CUS-0076,2025-10-12,2025-10-23,2025-10-18,2025-10-19,Delivered,Corporate Account,45,437262.5,78707.25,0.0,515969.75,328550.0,108712.5,On Time,0,7.0,False
ORD-001039,CUS-0090,2026-08-08,2026-08-14,2026-08-12,,Shipped,Direct Sales,30,1389830.0,250169.4,0.0,1639999.4,1065500.0,324330.0,Overdue Open Order,18,,True
ORD-001040,CUS-0005,2025-05-18,2025-06-01,2025-05-24,2025-05-25,Delivered,Corporate Account,30,1385245.0,249344.1,0.0,1634589.1,1015550.0,369695.0,On Time,0,7.0,False
ORD-001041,CUS-0048,2026-08-01,2026-08-09,2026-08-08,2026-08-13,Delivered,Phone / WhatsApp,30,1584285.0,285171.3,0.0,1869456.3,1236900.0,347385.0,Delayed,4,12.0,False
ORD-001042,CUS-0013,2025-12-16,2025-12-23,2025-12-21,2025-12-24,Delivered,Phone / WhatsApp,45,324247.5,58364.55,0.0,382612.05,260250.0,63997.5,Delayed,1,8.0,False
ORD-001043,CUS-0018,2026-04-27,2026-05-12,2026-05-02,2026-05-06,Partially Returned,Website,30,1663938.75,299508.97,0.0,1963447.73,1284850.0,379088.75,On Time,0,9.0,False
ORD-001044,CUS-0052,2025-07-26,2025-08-02,2025-07-31,2025-08-04,Delivered,Website,45,331765.0,59717.7,0.0,391482.7,257250.0,74515.0,Delayed,2,9.0,False
ORD-001045,CUS-0071,2026-01-27,2026-02-05,2026-01-28,2026-01-29,Delivered,Corporate Account,30,2479796.25,446363.33,0.0,2926159.58,1858650.0,621146.25,On Time,0,2.0,False
ORD-001046,CUS-0046,2026-02-19,2026-02-23,2026-02-25,,Shipped,Direct Sales,60,6909695.0,1243745.1,0.0,8153440.1,5747250.0,1162445.0,Overdue Open Order,190,,True
ORD-001047,CUS-0090,2026-03-15,2026-03-30,2026-03-20,2026-03-25,Delivered,Direct Sales,30,1074808.75,193465.57,0.0,1268274.32,790850.0,283958.75,On Time,0,10.0,False
ORD-001048,CUS-0054,2026-03-31,2026-04-14,2026-04-03,,Shipped,Corporate Account,15,27787.5,5001.75,2000.0,34789.25,18200.0,9587.5,Overdue Open Order,140,,True
ORD-001049,CUS-0110,2026-07-18,2026-07-28,2026-07-20,2026-07-22,Delivered,Website,30,563765.0,101477.7,0.0,665242.7,412750.0,151015.0,On Time,0,4.0,False
ORD-001050,CUS-0095,2025-06-09,2025-06-24,2025-06-10,2025-06-12,Delivered,Corporate Account,45,2748640.0,494755.2,0.0,3243395.2,2112300.0,636340.0,On Time,0,3.0,False
ORD-001051,CUS-0063,2026-02-03,2026-02-15,2026-02-05,2026-02-06,Delivered,Corporate Account,30,81315.0,14636.7,2000.0,97951.7,60600.0,20715.0,On Time,0,3.0,False
ORD-001052,CUS-0114,2026-03-12,2026-03-24,2026-03-18,2026-03-22,Delivered,Corporate Account,15,457228.75,82301.18,0.0,539529.93,335400.0,121828.75,On Time,0,10.0,False
ORD-001053,CUS-0005,2026-03-26,2026-03-31,2026-04-02,2026-04-04,Delivered,Website,30,764327.5,137578.95,0.0,901906.45,550300.0,214027.5,Delayed,4,9.0,False
ORD-001054,CUS-0075,2025-06-18,2025-06-23,2025-06-22,2025-06-27,Delivered,Phone / WhatsApp,30,1608567.5,289542.15,0.0,1898109.65,1209250.0,399317.5,Delayed,4,9.0,False
ORD-001055,CUS-0011,2026-07-18,2026-07-31,,,Confirmed,Corporate Account,60,6300535.0,1134096.3,0.0,7434631.3,5402050.0,898485.0,Overdue Open Order,32,,True
ORD-001056,CUS-0002,2026-08-29,2026-09-12,2026-09-01,2026-09-01,Delivered,Direct Sales,60,1273535.0,229236.3,0.0,1502771.3,926650.0,346885.0,On Time,0,3.0,False
ORD-001057,CUS-0098,2025-11-28,2025-12-06,,,Confirmed,Direct Sales,45,294867.5,53076.15,0.0,347943.65,200500.0,94367.5,Overdue Open Order,269,,True
ORD-001058,CUS-0057,2025-08-17,2025-08-26,2025-08-19,2025-08-22,Delivered,Corporate Account,30,36832.5,6629.85,1500.0,44962.35,25900.0,10932.5,On Time,0,5.0,False
ORD-001059,CUS-0064,2026-03-19,2026-03-30,2026-03-21,2026-03-23,Delivered,Corporate Account,30,1120206.25,201637.12,0.0,1321843.38,828700.0,291506.25,On Time,0,4.0,False
ORD-001060,CUS-0023,2026-05-19,2026-05-24,2026-05-25,2026-05-30,Delivered,Phone / WhatsApp,15,336798.75,60623.77,0.0,397422.53,243450.0,93348.75,Delayed,6,11.0,False
ORD-001061,CUS-0104,2026-02-17,2026-02-23,2026-02-23,2026-02-26,Delivered,Phone / WhatsApp,30,988768.75,177978.38,0.0,1166747.12,686750.0,302018.75,Delayed,3,9.0,False
ORD-001062,CUS-0103,2025-08-11,2025-08-18,2025-08-18,2025-08-23,Delivered,Website,30,748027.5,134644.95,0.0,882672.45,537800.0,210227.5,Delayed,5,12.0,False
ORD-001063,CUS-0011,2026-06-17,2026-06-27,2026-06-23,2026-06-28,Delivered,Corporate Account,60,5404681.25,972842.62,0.0,6377523.88,3996800.0,1407881.25,Delayed,1,11.0,False
ORD-001064,CUS-0069,2026-04-06,2026-04-15,2026-04-09,2026-04-13,Delivered,Tender,30,328827.5,59188.95,0.0,388016.45,213600.0,115227.5,On Time,0,7.0,False
ORD-001065,CUS-0001,2025-10-27,2025-11-02,2025-11-02,,Shipped,Tender,45,272365.0,49025.7,0.0,321390.7,212250.0,60115.0,Overdue Open Order,303,,True
ORD-001066,CUS-0004,2025-12-30,2026-01-11,2026-01-04,2026-01-07,Delivered,Direct Sales,30,800531.25,144095.62,0.0,944626.88,608550.0,191981.25,On Time,0,8.0,False
ORD-001067,CUS-0113,2026-04-29,2026-05-12,,,Processing,Corporate Account,60,2209475.0,397705.5,0.0,2607180.5,1565300.0,644175.0,Overdue Open Order,112,,True
ORD-001068,CUS-0110,2025-05-20,2025-06-03,2025-05-24,,Shipped,Direct Sales,30,893992.5,160918.65,0.0,1054911.15,621800.0,272192.5,Overdue Open Order,455,,True
ORD-001069,CUS-0095,2026-08-06,2026-08-12,2026-08-13,2026-08-17,Delivered,Direct Sales,45,1609762.5,289757.25,0.0,1899519.75,1157100.0,452662.5,Delayed,5,11.0,False
ORD-001070,CUS-0044,2026-06-20,2026-07-01,2026-06-23,2026-06-25,Delivered,Phone / WhatsApp,60,2284180.0,411152.4,0.0,2695332.4,1805100.0,479080.0,On Time,0,5.0,False
ORD-001071,CUS-0080,2026-02-07,2026-02-14,2026-02-14,2026-02-15,Delivered,Corporate Account,30,730865.0,131555.7,0.0,862420.7,519200.0,211665.0,Delayed,1,8.0,False
ORD-001072,CUS-0067,2025-03-16,2025-03-30,2025-03-23,2025-03-28,Delivered,Direct Sales,60,1562353.75,281223.67,0.0,1843577.43,1140750.0,421603.75,On Time,0,12.0,False
ORD-001073,CUS-0097,2026-01-07,2026-01-22,2026-01-13,2026-01-18,Delivered,Corporate Account,45,50625.0,9112.5,2000.0,61737.5,38700.0,11925.0,On Time,0,11.0,False
ORD-001074,CUS-0074,2026-06-09,2026-06-17,2026-06-10,2026-06-15,Delivered,Direct Sales,30,1708575.0,307543.5,0.0,2016118.5,1311500.0,397075.0,On Time,0,6.0,False
ORD-001075,CUS-0072,2025-12-27,2026-01-05,,,Processing,Corporate Account,45,17100.0,3078.0,2500.0,22678.0,9750.0,7350.0,Overdue Open Order,239,,True
ORD-001076,CUS-0045,2025-07-27,2025-08-04,2025-08-01,2025-08-06,Delivered,Website,60,2986678.75,537602.17,0.0,3524280.92,2339550.0,647128.75,Delayed,2,10.0,False
ORD-001077,CUS-0003,2026-04-17,2026-04-24,2026-04-20,2026-04-25,Delivered,Corporate Account,15,480008.75,86401.57,0.0,566410.32,366750.0,113258.75,Delayed,1,8.0,False
ORD-001078,CUS-0046,2026-07-26,2026-08-10,2026-07-28,2026-07-29,Delivered,Direct Sales,60,559496.25,100709.32,0.0,660205.57,405750.0,153746.25,On Time,0,3.0,False
ORD-001079,CUS-0039,2025-11-13,2025-11-18,2025-11-18,,Shipped,Direct Sales,30,1594715.0,287048.7,0.0,1881763.7,1201050.0,393665.0,Overdue Open Order,287,,True
ORD-001080,CUS-0117,2026-05-01,2026-05-16,2026-05-07,2026-05-10,Partially Returned,Tender,30,106020.0,19083.6,0.0,125103.6,74000.0,32020.0,On Time,0,9.0,False
ORD-001081,CUS-0115,2026-08-20,2026-08-25,2026-08-26,2026-08-30,Delivered,Phone / WhatsApp,30,752100.0,135378.0,0.0,887478.0,551950.0,200150.0,Delayed,5,10.0,False
ORD-001082,CUS-0053,2026-08-18,2026-08-29,2026-08-19,2026-08-23,Delivered,Corporate Account,45,60000.0,10800.0,3000.0,73800.0,40000.0,20000.0,On Time,0,5.0,False
ORD-001083,CUS-0055,2025-04-04,2025-04-15,2025-04-06,2025-04-07,Delivered,Direct Sales,60,1583607.5,285049.35,0.0,1868656.85,1149400.0,434207.5,On Time,0,3.0,False
ORD-001084,CUS-0041,2025-07-21,2025-08-01,2025-07-28,,Shipped,Direct Sales,45,165806.25,29845.12,0.0,195651.38,127750.0,38056.25,Overdue Open Order,396,,True
ORD-001085,CUS-0041,2025-04-05,2025-04-15,2025-04-07,2025-04-11,Delivered,Corporate Account,45,1225705.0,220626.9,0.0,1446331.9,923150.0,302555.0,On Time,0,6.0,False
ORD-001086,CUS-0069,2026-04-20,2026-05-02,2026-04-22,2026-04-26,Delivered,Corporate Account,30,472405.0,85032.9,0.0,557437.9,352900.0,119505.0,On Time,0,6.0,False
ORD-001087,CUS-0049,2026-07-22,2026-08-03,,,Cancelled,Phone / WhatsApp,45,1597850.0,287613.0,0.0,1885463.0,1248050.0,349800.0,Cancelled,0,,False
ORD-001088,CUS-0011,2026-07-01,2026-07-07,2026-07-08,2026-07-10,Delivered,Phone / WhatsApp,60,976220.0,175719.6,0.0,1151939.6,727750.0,248470.0,Delayed,3,9.0,False
ORD-001089,CUS-0116,2026-05-18,2026-05-29,2026-05-24,2026-05-28,Delivered,Website,30,151382.5,27248.85,0.0,178631.35,111300.0,40082.5,On Time,0,10.0,False
ORD-001090,CUS-0046,2025-12-25,2026-01-06,,,Processing,Direct Sales,60,1087496.25,195749.32,0.0,1283245.57,854700.0,232796.25,Overdue Open Order,238,,True
ORD-001091,CUS-0007,2025-03-27,2025-04-01,2025-04-03,,Shipped,Corporate Account,15,722590.0,130066.2,0.0,852656.2,574850.0,147740.0,Overdue Open Order,518,,True
ORD-001092,CUS-0046,2026-01-10,2026-01-15,2026-01-15,2026-01-18,Delivered,Direct Sales,60,877650.0,157977.0,0.0,1035627.0,629600.0,248050.0,Delayed,3,8.0,False
ORD-001093,CUS-0002,2026-01-03,2026-01-14,,,Confirmed,Website,60,1898497.5,341729.55,0.0,2240227.05,1472450.0,426047.5,Overdue Open Order,230,,True
ORD-001094,CUS-0081,2025-07-28,2025-08-09,2025-07-30,2025-08-04,Delivered,Phone / WhatsApp,60,818362.5,147305.25,0.0,965667.75,646300.0,172062.5,On Time,0,7.0,False
ORD-001095,CUS-0072,2025-08-05,2025-08-11,2025-08-06,2025-08-07,Delivered,Corporate Account,45,830155.0,149427.9,0.0,979582.9,642200.0,187955.0,On Time,0,2.0,False
ORD-001096,CUS-0058,2025-06-05,2025-06-20,2025-06-09,,Shipped,Tender,45,4921985.0,885957.3,0.0,5807942.3,4118200.0,803785.0,Overdue Open Order,438,,True
ORD-001097,CUS-0107,2026-07-28,2026-08-12,2026-07-31,2026-08-05,Delivered,Corporate Account,15,441465.0,79463.7,0.0,520928.7,344100.0,97365.0,On Time,0,8.0,False
ORD-001098,CUS-0035,2026-02-23,2026-03-01,,,Cancelled,Corporate Account,30,3470938.75,624768.97,0.0,4095707.73,2685700.0,785238.75,Cancelled,0,,False
ORD-001099,CUS-0116,2025-11-09,2025-11-17,,,Processing,Corporate Account,30,331053.75,59589.67,0.0,390643.42,225900.0,105153.75,Overdue Open Order,288,,True
ORD-001100,CUS-0092,2026-05-23,2026-05-28,2026-05-30,2026-06-04,Delivered,Corporate Account,30,216850.0,39033.0,0.0,255883.0,132050.0,84800.0,Delayed,7,12.0,False
ORD-001101,CUS-0071,2026-04-04,2026-04-17,2026-04-05,2026-04-06,Delivered,Phone / WhatsApp,30,116285.0,20931.3,0.0,137216.3,77900.0,38385.0,On Time,0,2.0,False
ORD-001102,CUS-0083,2025-09-28,2025-10-10,2025-10-01,2025-10-06,Delivered,Corporate Account,30,713557.5,128440.35,0.0,841997.85,532300.0,181257.5,On Time,0,8.0,False
ORD-001103,CUS-0115,2026-06-04,2026-06-16,2026-06-11,2026-06-12,Delivered,Direct Sales,30,763620.0,137451.6,0.0,901071.6,508700.0,254920.0,On Time,0,8.0,False
ORD-001104,CUS-0010,2026-01-15,2026-01-23,2026-01-20,2026-01-25,Delivered,Tender,30,618441.25,111319.43,0.0,729760.68,503850.0,114591.25,Delayed,2,10.0,False
ORD-001105,CUS-0089,2025-10-14,2025-10-28,2025-10-20,2025-10-24,Delivered,Corporate Account,45,1034561.25,186221.02,0.0,1220782.27,718900.0,315661.25,On Time,0,10.0,False
ORD-001106,CUS-0112,2025-12-04,2025-12-14,2025-12-09,2025-12-10,Delivered,Website,15,462690.0,83284.2,0.0,545974.2,363450.0,99240.0,On Time,0,6.0,False
ORD-001107,CUS-0011,2026-03-29,2026-04-08,,,Cancelled,Corporate Account,60,930120.0,167421.6,0.0,1097541.6,636000.0,294120.0,Cancelled,0,,False
ORD-001108,CUS-0014,2025-12-02,2025-12-16,2025-12-07,2025-12-09,Delivered,Corporate Account,45,128700.0,23166.0,0.0,151866.0,88000.0,40700.0,On Time,0,7.0,False
ORD-001109,CUS-0039,2025-06-29,2025-07-08,2025-07-05,2025-07-10,Delivered,Tender,30,830700.0,149526.0,0.0,980226.0,586550.0,244150.0,Delayed,2,11.0,False
ORD-001110,CUS-0025,2025-11-21,2025-11-28,2025-11-23,2025-11-27,Delivered,Corporate Account,15,9690.0,1744.2,1500.0,12934.2,6600.0,3090.0,On Time,0,6.0,False
ORD-001111,CUS-0084,2026-03-16,2026-03-24,,,Confirmed,Phone / WhatsApp,30,1350100.0,243018.0,0.0,1593118.0,1017900.0,332200.0,Overdue Open Order,161,,True
ORD-001112,CUS-0120,2025-10-21,2025-11-02,2025-10-22,2025-10-25,Delivered,Direct Sales,30,1111761.25,200117.02,0.0,1311878.27,802400.0,309361.25,On Time,0,4.0,False
ORD-001113,CUS-0062,2026-07-21,2026-07-29,,,Cancelled,Corporate Account,45,3451612.5,621290.25,0.0,4072902.75,2698000.0,753612.5,Cancelled,0,,False
ORD-001114,CUS-0002,2025-07-13,2025-07-27,2025-07-18,2025-07-19,Delivered,Corporate Account,60,1470170.0,264630.6,0.0,1734800.6,1128800.0,341370.0,On Time,0,6.0,False
ORD-001115,CUS-0074,2026-07-26,2026-08-03,,,Confirmed,Corporate Account,30,4721227.5,849820.95,0.0,5571048.45,3552900.0,1168327.5,Overdue Open Order,29,,True
ORD-001116,CUS-0034,2025-05-28,2025-06-09,,,Cancelled,Direct Sales,30,1203461.25,216623.02,0.0,1420084.27,815650.0,387811.25,Cancelled,0,,False
ORD-001117,CUS-0116,2025-08-14,2025-08-20,2025-08-15,2025-08-20,Delivered,Phone / WhatsApp,30,253920.0,45705.6,0.0,299625.6,177300.0,76620.0,On Time,0,6.0,False
ORD-001118,CUS-0097,2025-12-03,2025-12-18,2025-12-10,,Shipped,Corporate Account,45,579400.0,104292.0,0.0,683692.0,440650.0,138750.0,Overdue Open Order,257,,True
ORD-001119,CUS-0075,2025-07-31,2025-08-08,2025-08-04,2025-08-09,Delivered,Corporate Account,30,2661800.0,479124.0,0.0,3140924.0,2175900.0,485900.0,Delayed,1,9.0,False
ORD-001120,CUS-0100,2026-01-09,2026-01-23,2026-01-10,2026-01-11,Delivered,Direct Sales,45,570408.75,102673.57,0.0,673082.32,449000.0,121408.75,On Time,0,2.0,False
ORD-001121,CUS-0092,2025-12-14,2025-12-26,2025-12-18,2025-12-20,Delivered,Corporate Account,30,889006.25,160021.12,0.0,1049027.38,674450.0,214556.25,On Time,0,6.0,False
ORD-001122,CUS-0034,2025-04-02,2025-04-17,2025-04-08,2025-04-12,Delivered,Phone / WhatsApp,30,1718838.75,309390.97,0.0,2028229.73,1316850.0,401988.75,On Time,0,10.0,False
ORD-001123,CUS-0100,2025-10-22,2025-10-29,,,Processing,Phone / WhatsApp,45,1482393.75,266830.88,0.0,1749224.62,1120950.0,361443.75,Overdue Open Order,307,,True
ORD-001124,CUS-0064,2026-02-04,2026-02-11,2026-02-07,2026-02-12,Delivered,Phone / WhatsApp,30,999150.0,179847.0,0.0,1178997.0,733300.0,265850.0,Delayed,1,8.0,False
ORD-001125,CUS-0086,2026-01-10,2026-01-19,2026-01-12,2026-01-13,Delivered,Direct Sales,15,479115.0,86240.7,0.0,565355.7,352750.0,126365.0,On Time,0,3.0,False
ORD-001126,CUS-0058,2026-08-15,2026-08-25,2026-08-18,2026-08-20,Delivered,Direct Sales,45,1077185.0,193893.3,0.0,1271078.3,795950.0,281235.0,On Time,0,5.0,False
ORD-001127,CUS-0102,2025-03-16,2025-03-24,,,Pending,Direct Sales,45,681058.75,122590.57,0.0,803649.32,448100.0,232958.75,Overdue Open Order,526,,True
ORD-001128,CUS-0090,2025-04-28,2025-05-12,2025-05-05,,Shipped,Corporate Account,30,1479990.0,266398.2,0.0,1746388.2,1105950.0,374040.0,Overdue Open Order,477,,True
ORD-001129,CUS-0024,2025-09-12,2025-09-19,2025-09-19,2025-09-22,Delivered,Direct Sales,60,782823.75,140908.27,0.0,923732.03,498550.0,284273.75,Delayed,3,10.0,False
ORD-001130,CUS-0116,2026-06-06,2026-06-20,2026-06-09,2026-06-14,Delivered,Phone / WhatsApp,30,1092225.0,196600.5,0.0,1288825.5,845250.0,246975.0,On Time,0,8.0,False
ORD-001131,CUS-0059,2025-12-04,2025-12-15,2025-12-06,2025-12-07,Delivered,Corporate Account,30,857380.0,154328.4,0.0,1011708.4,604850.0,252530.0,On Time,0,3.0,False
ORD-001132,CUS-0012,2026-07-16,2026-07-24,2026-07-17,2026-07-22,Delivered,Website,30,424015.0,76322.7,0.0,500337.7,322050.0,101965.0,On Time,0,6.0,False
ORD-001133,CUS-0083,2026-07-05,2026-07-18,,,Processing,Direct Sales,30,521085.0,93795.3,0.0,614880.3,364050.0,157035.0,Overdue Open Order,45,,True
ORD-001134,CUS-0119,2025-05-20,2025-06-04,2025-05-26,2025-05-31,Delivered,Direct Sales,30,452715.0,81488.7,0.0,534203.7,336150.0,116565.0,On Time,0,11.0,False
ORD-001135,CUS-0094,2025-05-19,2025-05-26,2025-05-22,2025-05-27,Returned,Corporate Account,45,119070.0,21432.6,0.0,140502.6,82350.0,36720.0,Delayed,1,8.0,False
ORD-001136,CUS-0090,2026-02-09,2026-02-13,,,Pending,Phone / WhatsApp,30,552615.0,99470.7,0.0,652085.7,423850.0,128765.0,Overdue Open Order,200,,True
ORD-001137,CUS-0035,2026-07-30,2026-08-14,2026-08-04,2026-08-07,Delivered,Corporate Account,30,2966300.0,533934.0,0.0,3500234.0,2261800.0,704500.0,On Time,0,8.0,False
ORD-001138,CUS-0110,2025-11-23,2025-12-03,,,Processing,Corporate Account,30,343590.0,61846.2,0.0,405436.2,265400.0,78190.0,Overdue Open Order,272,,True
ORD-001139,CUS-0095,2026-01-25,2026-01-31,,,Confirmed,Direct Sales,45,1641045.0,295388.1,0.0,1936433.1,1223450.0,417595.0,Overdue Open Order,213,,True
ORD-001140,CUS-0115,2025-11-12,2025-11-25,2025-11-18,2025-11-22,Delivered,Direct Sales,30,30240.0,5443.2,2500.0,38183.2,19800.0,10440.0,On Time,0,10.0,False
ORD-001141,CUS-0037,2026-01-03,2026-01-18,2026-01-04,2026-01-07,Delivered,Website,30,128760.0,23176.8,0.0,151936.8,94600.0,34160.0,On Time,0,4.0,False
ORD-001142,CUS-0024,2025-10-09,2025-10-19,2025-10-10,2025-10-11,Delivered,Website,60,935006.25,168301.12,0.0,1103307.38,701100.0,233906.25,On Time,0,2.0,False
ORD-001143,CUS-0087,2026-08-22,2026-09-05,2026-08-27,2026-08-29,Delivered,Corporate Account,30,65545.0,11798.1,2500.0,79843.1,46100.0,19445.0,On Time,0,7.0,False
ORD-001144,CUS-0057,2026-07-08,2026-07-12,2026-07-10,,Shipped,Tender,30,1269996.25,228599.32,0.0,1498595.57,966350.0,303646.25,Overdue Open Order,51,,True
ORD-001145,CUS-0113,2025-11-30,2025-12-11,2025-12-07,2025-12-08,Delivered,Corporate Account,60,4160265.0,748847.7,0.0,4909112.7,3210900.0,949365.0,On Time,0,8.0,False
ORD-001146,CUS-0028,2026-01-20,2026-01-26,2026-01-23,2026-01-25,Delivered,Direct Sales,30,1016695.0,183005.1,0.0,1199700.1,795200.0,221495.0,On Time,0,5.0,False
ORD-001147,CUS-0120,2026-04-04,2026-04-15,2026-04-09,2026-04-10,Delivered,Corporate Account,30,5696760.0,1025416.8,0.0,6722176.8,4619100.0,1077660.0,On Time,0,6.0,False
ORD-001148,CUS-0028,2026-05-04,2026-05-16,,,Processing,Corporate Account,30,944337.5,169980.75,0.0,1114318.25,726400.0,217937.5,Overdue Open Order,108,,True
ORD-001149,CUS-0012,2025-12-17,2025-12-30,2025-12-24,2025-12-26,Delivered,Direct Sales,30,3018521.25,543333.82,0.0,3561855.08,2619350.0,399171.25,On Time,0,9.0,False
ORD-001150,CUS-0041,2026-08-19,2026-08-24,2026-08-20,2026-08-23,Delivered,Corporate Account,45,1582897.5,284921.55,0.0,1867819.05,1253000.0,329897.5,On Time,0,4.0,False
ORD-001151,CUS-0040,2025-12-01,2025-12-14,2025-12-04,2025-12-05,Delivered,Corporate Account,30,394757.5,71056.35,0.0,465813.85,285350.0,109407.5,On Time,0,4.0,False
ORD-001152,CUS-0073,2025-03-17,2025-03-22,2025-03-18,2025-03-22,Delivered,Direct Sales,30,426332.5,76739.85,0.0,503072.35,343700.0,82632.5,On Time,0,5.0,False
ORD-001153,CUS-0019,2026-08-12,2026-08-19,,,Processing,Direct Sales,30,240435.0,43278.3,0.0,283713.3,162000.0,78435.0,Overdue Open Order,13,,True
ORD-001154,CUS-0046,2025-10-06,2025-10-21,2025-10-13,2025-10-18,Delivered,Corporate Account,60,1152060.0,207370.8,0.0,1359430.8,841700.0,310360.0,On Time,0,12.0,False
ORD-001155,CUS-0004,2026-01-02,2026-01-08,2026-01-05,2026-01-09,Delivered,Website,30,121972.5,21955.05,0.0,143927.55,90900.0,31072.5,Delayed,1,7.0,False
ORD-001156,CUS-0072,2026-05-02,2026-05-09,2026-05-05,2026-05-10,Delivered,Tender,45,1892358.75,340624.58,0.0,2232983.33,1322850.0,569508.75,Delayed,1,8.0,False
ORD-001157,CUS-0046,2025-08-08,2025-08-14,2025-08-12,2025-08-17,Delivered,Corporate Account,60,422077.5,75973.95,0.0,498051.45,303750.0,118327.5,Delayed,3,9.0,False
ORD-001158,CUS-0115,2026-08-08,2026-08-16,2026-08-09,2026-08-12,Delivered,Direct Sales,30,1339160.0,241048.8,0.0,1580208.8,950250.0,388910.0,On Time,0,4.0,False
ORD-001159,CUS-0028,2026-02-04,2026-02-19,2026-02-10,2026-02-14,Delivered,Corporate Account,30,268897.5,48401.55,0.0,317299.05,209000.0,59897.5,On Time,0,10.0,False
ORD-001160,CUS-0117,2025-09-08,2025-09-22,2025-09-14,2025-09-17,Partially Returned,Corporate Account,30,352952.5,63531.45,0.0,416483.95,236850.0,116102.5,On Time,0,9.0,False
ORD-001161,CUS-0088,2026-07-15,2026-07-21,,,Pending,Direct Sales,30,774413.75,139394.48,0.0,913808.22,571350.0,203063.75,Overdue Open Order,42,,True
ORD-001162,CUS-0048,2025-06-10,2025-06-21,2025-06-16,2025-06-20,Delivered,Direct Sales,30,1087662.5,195779.25,0.0,1283441.75,876900.0,210762.5,On Time,0,10.0,False
ORD-001163,CUS-0092,2025-07-17,2025-07-30,2025-07-20,2025-07-21,Delivered,Phone / WhatsApp,30,598856.25,107794.12,0.0,706650.38,451100.0,147756.25,On Time,0,4.0,False
ORD-001164,CUS-0067,2026-02-05,2026-02-15,2026-02-09,2026-02-13,Delivered,Phone / WhatsApp,60,825697.5,148625.55,0.0,974323.05,611650.0,214047.5,On Time,0,8.0,False
ORD-001165,CUS-0016,2025-06-15,2025-06-30,,,Processing,Tender,45,88000.0,15840.0,2000.0,105840.0,56000.0,32000.0,Overdue Open Order,428,,True
ORD-001166,CUS-0108,2026-08-04,2026-08-17,2026-08-11,2026-08-13,Delivered,Phone / WhatsApp,45,95475.0,17185.5,2500.0,115160.5,60000.0,35475.0,On Time,0,9.0,False
ORD-001167,CUS-0055,2026-02-15,2026-02-19,2026-02-18,2026-02-21,Delivered,Corporate Account,60,1599611.25,287930.02,0.0,1887541.27,1154550.0,445061.25,Delayed,2,6.0,False
ORD-001168,CUS-0024,2026-07-11,2026-07-26,2026-07-17,2026-07-21,Delivered,Website,60,1819687.5,327543.75,0.0,2147231.25,1520250.0,299437.5,On Time,0,10.0,False
ORD-001169,CUS-0072,2026-02-28,2026-03-11,,,Confirmed,Corporate Account,45,381997.5,68759.55,0.0,450757.05,295400.0,86597.5,Overdue Open Order,174,,True
ORD-001170,CUS-0001,2025-10-21,2025-10-27,2025-10-28,2025-10-29,Delivered,Corporate Account,45,5717985.0,1029237.3,0.0,6747222.3,4829450.0,888535.0,Delayed,2,8.0,False
ORD-001171,CUS-0087,2025-10-28,2025-11-07,2025-10-29,2025-11-03,Returned,Tender,30,535710.0,96427.8,0.0,632137.8,409950.0,125760.0,On Time,0,6.0,False
ORD-001172,CUS-0064,2025-04-20,2025-04-27,2025-04-26,2025-05-01,Delivered,Corporate Account,30,1578815.0,284186.7,0.0,1863001.7,1240700.0,338115.0,Delayed,4,11.0,False
ORD-001173,CUS-0094,2025-08-17,2025-08-26,2025-08-20,2025-08-25,Returned,Website,45,962768.75,173298.38,0.0,1136067.12,686650.0,276118.75,On Time,0,8.0,False
ORD-001174,CUS-0120,2026-02-02,2026-02-17,2026-02-07,2026-02-09,Delivered,Website,30,1466550.0,263979.0,0.0,1730529.0,1057900.0,408650.0,On Time,0,7.0,False
ORD-001175,CUS-0113,2025-12-24,2026-01-04,2025-12-25,2025-12-30,Delivered,Direct Sales,60,1790140.0,322225.2,0.0,2112365.2,1373850.0,416290.0,On Time,0,6.0,False
ORD-001176,CUS-0017,2026-07-09,2026-07-14,,,Processing,Corporate Account,30,121972.5,21955.05,0.0,143927.55,90900.0,31072.5,Overdue Open Order,49,,True
ORD-001177,CUS-0030,2026-07-12,2026-07-26,2026-07-14,2026-07-19,Delivered,Corporate Account,30,1206781.25,217220.62,0.0,1424001.88,902000.0,304781.25,On Time,0,7.0,False
ORD-001178,CUS-0038,2026-07-09,2026-07-21,2026-07-14,2026-07-17,Delivered,Tender,45,328387.5,59109.75,0.0,387497.25,272700.0,55687.5,On Time,0,8.0,False
ORD-001179,CUS-0039,2026-08-25,2026-09-05,2026-09-01,2026-09-01,Delivered,Phone / WhatsApp,30,3482866.25,626915.92,0.0,4109782.17,2584450.0,898416.25,On Time,0,7.0,False
ORD-001180,CUS-0112,2025-03-17,2025-03-30,2025-03-22,2025-03-24,Delivered,Direct Sales,15,148170.0,26670.6,0.0,174840.6,107250.0,40920.0,On Time,0,7.0,False
ORD-001181,CUS-0008,2025-08-26,2025-09-05,2025-09-02,2025-09-07,Delivered,Corporate Account,45,75240.0,13543.2,1500.0,90283.2,53200.0,22040.0,Delayed,2,12.0,False
ORD-001182,CUS-0113,2026-08-07,2026-08-16,,,Processing,Corporate Account,60,7207455.0,1297341.9,0.0,8504796.9,5723200.0,1484255.0,Overdue Open Order,16,,True
ORD-001183,CUS-0081,2026-02-24,2026-03-03,2026-02-27,2026-03-03,Delivered,Corporate Account,60,1493438.75,268818.97,0.0,1762257.73,1045000.0,448438.75,On Time,0,7.0,False
ORD-001184,CUS-0083,2026-07-01,2026-07-15,2026-07-08,2026-07-12,Partially Returned,Corporate Account,30,829235.0,149262.3,0.0,978497.3,631750.0,197485.0,On Time,0,11.0,False
ORD-001185,CUS-0108,2025-12-23,2025-12-27,2025-12-24,,Shipped,Tender,45,1374101.25,247338.22,0.0,1621439.48,980100.0,394001.25,Overdue Open Order,248,,True
ORD-001186,CUS-0071,2025-05-25,2025-05-29,2025-05-31,2025-06-02,Delivered,Direct Sales,30,1245246.25,224144.32,0.0,1469390.57,951450.0,293796.25,Delayed,4,8.0,False
ORD-001187,CUS-0072,2025-08-15,2025-08-30,2025-08-17,2025-08-18,Delivered,Phone / WhatsApp,45,2671047.5,480788.55,0.0,3151836.05,2044450.0,626597.5,On Time,0,3.0,False
ORD-001188,CUS-0074,2025-08-14,2025-08-25,2025-08-17,2025-08-18,Delivered,Direct Sales,30,3757710.0,676387.8,0.0,4434097.8,2875800.0,881910.0,On Time,0,4.0,False
ORD-001189,CUS-0050,2025-04-02,2025-04-11,2025-04-08,2025-04-12,Delivered,Website,60,2874990.0,517498.2,0.0,3392488.2,2159800.0,715190.0,Delayed,1,10.0,False
ORD-001190,CUS-0045,2025-07-09,2025-07-18,2025-07-11,2025-07-14,Delivered,Direct Sales,60,173643.75,31255.88,0.0,204899.62,118550.0,55093.75,On Time,0,5.0,False
ORD-001191,CUS-0100,2025-06-18,2025-06-27,2025-06-24,,Shipped,Direct Sales,45,4913617.5,884451.15,0.0,5798068.65,3903900.0,1009717.5,Overdue Open Order,431,,True
ORD-001192,CUS-0066,2025-05-22,2025-06-01,2025-05-23,2025-05-26,Delivered,Tender,30,289450.0,52101.0,0.0,341551.0,213650.0,75800.0,On Time,0,4.0,False
ORD-001193,CUS-0058,2026-03-21,2026-04-02,2026-03-23,2026-03-24,Delivered,Corporate Account,45,659051.25,118629.22,0.0,777680.47,501950.0,157101.25,On Time,0,3.0,False
ORD-001194,CUS-0034,2026-07-23,2026-08-02,2026-07-27,2026-07-30,Delivered,Direct Sales,30,1167990.0,210238.2,0.0,1378228.2,883500.0,284490.0,On Time,0,7.0,False
ORD-001195,CUS-0046,2026-06-19,2026-07-03,,,Cancelled,Phone / WhatsApp,60,1735168.75,312330.38,0.0,2047499.12,1312200.0,422968.75,Cancelled,0,,False
ORD-001196,CUS-0118,2025-09-20,2025-10-04,,,Processing,Direct Sales,30,488507.5,87931.35,0.0,576438.85,369800.0,118707.5,Overdue Open Order,332,,True
ORD-001197,CUS-0010,2025-06-14,2025-06-20,2025-06-18,2025-06-19,Delivered,Corporate Account,30,883350.0,159003.0,0.0,1042353.0,705300.0,178050.0,On Time,0,5.0,False
ORD-001198,CUS-0024,2025-12-01,2025-12-10,2025-12-06,2025-12-08,Delivered,Phone / WhatsApp,60,2640708.75,475327.57,0.0,3116036.33,1982000.0,658708.75,On Time,0,7.0,False
ORD-001199,CUS-0102,2026-04-13,2026-04-22,2026-04-18,2026-04-22,Delivered,Direct Sales,45,92962.5,16733.25,2500.0,112195.75,72600.0,20362.5,On Time,0,9.0,False
ORD-001200,CUS-0079,2025-12-19,2026-01-02,2025-12-22,,Shipped,Website,45,1206055.0,217089.9,0.0,1423144.9,917350.0,288705.0,Overdue Open Order,242,,True
ORD-001201,CUS-0081,2026-03-15,2026-03-23,2026-03-16,2026-03-20,Delivered,Direct Sales,60,1446117.5,260301.15,0.0,1706418.65,1075300.0,370817.5,On Time,0,5.0,False
ORD-001202,CUS-0102,2025-04-28,2025-05-07,2025-05-05,2025-05-09,Delivered,Website,45,1155230.0,207941.4,0.0,1363171.4,847050.0,308180.0,Delayed,2,11.0,False
ORD-001203,CUS-0071,2026-06-19,2026-06-30,2026-06-21,2026-06-25,Partially Returned,Tender,30,826020.0,148683.6,0.0,974703.6,644400.0,181620.0,On Time,0,6.0,False
ORD-001204,CUS-0104,2025-05-01,2025-05-12,2025-05-03,2025-05-07,Delivered,Corporate Account,30,1601676.25,288301.72,0.0,1889977.98,1212150.0,389526.25,On Time,0,6.0,False
ORD-001205,CUS-0024,2026-06-12,2026-06-26,2026-06-14,2026-06-15,Delivered,Corporate Account,60,1037928.75,186827.17,0.0,1224755.93,793500.0,244428.75,On Time,0,3.0,False
ORD-001206,CUS-0072,2026-08-30,2026-09-04,2026-09-01,2026-09-01,Delivered,Corporate Account,45,315190.0,56734.2,0.0,371924.2,211400.0,103790.0,On Time,0,2.0,False
ORD-001207,CUS-0074,2025-09-19,2025-09-27,2025-09-23,2025-09-25,Delivered,Phone / WhatsApp,30,2706755.0,487215.9,0.0,3193970.9,2049150.0,657605.0,On Time,0,6.0,False
ORD-001208,CUS-0019,2025-10-10,2025-10-22,2025-10-17,2025-10-20,Delivered,Phone / WhatsApp,30,300817.5,54147.15,0.0,354964.65,219900.0,80917.5,On Time,0,10.0,False
ORD-001209,CUS-0074,2026-04-19,2026-05-04,2026-04-21,2026-04-26,Delivered,Direct Sales,30,1478521.25,266133.83,0.0,1744655.07,1165450.0,313071.25,On Time,0,7.0,False
ORD-001210,CUS-0045,2026-06-11,2026-06-24,2026-06-18,2026-06-19,Delivered,Corporate Account,60,396145.0,71306.1,0.0,467451.1,265700.0,130445.0,On Time,0,8.0,False
ORD-001211,CUS-0041,2026-02-05,2026-02-13,2026-02-11,2026-02-14,Delivered,Direct Sales,45,3166082.5,569894.85,0.0,3735977.35,2408800.0,757282.5,Delayed,1,9.0,False
ORD-001212,CUS-0042,2026-03-14,2026-03-26,2026-03-21,2026-03-26,Delivered,Corporate Account,30,135402.5,24372.45,0.0,159774.95,88500.0,46902.5,On Time,0,12.0,False
ORD-001213,CUS-0049,2025-10-02,2025-10-17,2025-10-08,2025-10-11,Delivered,Phone / WhatsApp,45,1475270.0,265548.6,0.0,1740818.6,1097100.0,378170.0,On Time,0,9.0,False
ORD-001214,CUS-0119,2025-03-26,2025-04-03,2025-03-28,,Shipped,Corporate Account,30,126447.5,22760.55,0.0,149208.05,83100.0,43347.5,Overdue Open Order,516,,True
ORD-001215,CUS-0041,2025-07-12,2025-07-25,2025-07-15,2025-07-19,Delivered,Corporate Account,45,625891.25,112660.43,0.0,738551.68,422950.0,202941.25,On Time,0,7.0,False
ORD-001216,CUS-0034,2026-07-31,2026-08-08,,,Pending,Direct Sales,30,2770777.5,498739.95,0.0,3269517.45,2334350.0,436427.5,Overdue Open Order,24,,True
ORD-001217,CUS-0025,2026-08-10,2026-08-16,2026-08-17,2026-08-20,Delivered,Direct Sales,15,28230.0,5081.4,2000.0,35311.4,17950.0,10280.0,Delayed,4,10.0,False
ORD-001218,CUS-0094,2025-07-12,2025-07-23,2025-07-16,2025-07-19,Partially Returned,Direct Sales,45,2265115.0,407720.7,0.0,2672835.7,1670200.0,594915.0,On Time,0,7.0,False
ORD-001219,CUS-0064,2026-03-05,2026-03-11,2026-03-11,2026-03-12,Delivered,Corporate Account,30,1519937.5,273588.75,0.0,1793526.25,1127500.0,392437.5,Delayed,1,7.0,False
ORD-001220,CUS-0050,2025-05-27,2025-06-11,2025-05-28,2025-05-31,Delivered,Phone / WhatsApp,60,3478823.75,626188.28,0.0,4105012.02,2630350.0,848473.75,On Time,0,4.0,False
ORD-001221,CUS-0008,2025-08-04,2025-08-15,2025-08-10,2025-08-13,Delivered,Direct Sales,45,250100.0,45018.0,0.0,295118.0,178750.0,71350.0,On Time,0,9.0,False
ORD-001222,CUS-0011,2026-07-02,2026-07-16,2026-07-09,2026-07-13,Delivered,Phone / WhatsApp,60,167630.0,30173.4,0.0,197803.4,108600.0,59030.0,On Time,0,11.0,False
ORD-001223,CUS-0096,2025-05-21,2025-06-01,2025-05-24,2025-05-25,Delivered,Direct Sales,30,717517.5,129153.15,0.0,846670.65,498450.0,219067.5,On Time,0,4.0,False
ORD-001224,CUS-0081,2026-04-22,2026-05-04,2026-04-28,2026-05-02,Delivered,Direct Sales,60,714142.5,128545.65,0.0,842688.15,533400.0,180742.5,On Time,0,10.0,False
ORD-001225,CUS-0035,2025-05-26,2025-06-03,,,Processing,Phone / WhatsApp,30,1091200.0,196416.0,0.0,1287616.0,780000.0,311200.0,Overdue Open Order,455,,True
ORD-001226,CUS-0035,2025-10-21,2025-10-27,,,Confirmed,Corporate Account,30,2140395.0,385271.1,0.0,2525666.1,1587900.0,552495.0,Overdue Open Order,309,,True
ORD-001227,CUS-0024,2025-04-13,2025-04-20,2025-04-16,2025-04-19,Delivered,Direct Sales,60,6232675.0,1121881.5,0.0,7354556.5,5191150.0,1041525.0,On Time,0,6.0,False
ORD-001228,CUS-0103,2025-08-24,2025-08-28,2025-08-28,2025-08-29,Delivered,Phone / WhatsApp,30,3758545.0,676538.1,0.0,4435083.1,2999850.0,758695.0,Delayed,1,5.0,False
ORD-001229,CUS-0046,2026-02-04,2026-02-11,2026-02-05,2026-02-08,Delivered,Direct Sales,60,1297147.5,233486.55,0.0,1530634.05,961350.0,335797.5,On Time,0,4.0,False
ORD-001230,CUS-0005,2025-03-20,2025-04-01,2025-03-27,2025-04-01,Delivered,Tender,30,2017956.25,363232.12,0.0,2381188.38,1483100.0,534856.25,On Time,0,12.0,False
ORD-001231,CUS-0067,2025-08-18,2025-08-26,2025-08-22,,Shipped,Phone / WhatsApp,60,2495222.5,449140.05,0.0,2944362.55,1831300.0,663922.5,Overdue Open Order,371,,True
ORD-001232,CUS-0090,2026-06-14,2026-06-28,2026-06-17,2026-06-21,Delivered,Tender,30,440500.0,79290.0,0.0,519790.0,331750.0,108750.0,On Time,0,7.0,False
ORD-001233,CUS-0110,2025-10-09,2025-10-20,2025-10-13,2025-10-18,Delivered,Direct Sales,30,106375.0,19147.5,0.0,125522.5,73800.0,32575.0,On Time,0,9.0,False
ORD-001234,CUS-0101,2026-01-14,2026-01-29,2026-01-16,2026-01-18,Delivered,Phone / WhatsApp,30,1599692.5,287944.65,0.0,1887637.15,1253050.0,346642.5,On Time,0,4.0,False
ORD-001235,CUS-0011,2026-04-28,2026-05-08,2026-05-04,2026-05-09,Delivered,Corporate Account,60,875497.5,157589.55,0.0,1033087.05,644250.0,231247.5,Delayed,1,11.0,False
ORD-001236,CUS-0108,2026-03-19,2026-03-26,2026-03-22,,Shipped,Phone / WhatsApp,45,233820.0,42087.6,0.0,275907.6,174900.0,58920.0,Overdue Open Order,159,,True
ORD-001237,CUS-0095,2026-06-28,2026-07-03,2026-07-01,2026-07-03,Delivered,Direct Sales,45,4532490.0,815848.2,0.0,5348338.2,3413950.0,1118540.0,On Time,0,5.0,False
ORD-001238,CUS-0046,2026-01-17,2026-01-28,2026-01-22,2026-01-27,Delivered,Tender,60,2513330.0,452399.4,0.0,2965729.4,1821000.0,692330.0,On Time,0,10.0,False
ORD-001239,CUS-0039,2026-02-11,2026-02-17,2026-02-13,2026-02-16,Delivered,Direct Sales,30,2426982.5,436856.85,0.0,2863839.35,1877150.0,549832.5,On Time,0,5.0,False
ORD-001240,CUS-0046,2026-02-26,2026-03-04,,,Cancelled,Corporate Account,60,604000.0,108720.0,0.0,712720.0,449700.0,154300.0,Cancelled,0,,False
ORD-001241,CUS-0067,2025-07-02,2025-07-07,2025-07-06,2025-07-09,Delivered,Tender,60,1565646.25,281816.33,0.0,1847462.57,1200900.0,364746.25,Delayed,2,7.0,False
ORD-001242,CUS-0063,2026-03-21,2026-03-31,2026-03-28,2026-03-31,Delivered,Direct Sales,30,549196.25,98855.32,0.0,648051.57,373700.0,175496.25,On Time,0,10.0,False
ORD-001243,CUS-0120,2025-04-03,2025-04-10,2025-04-04,2025-04-08,Delivered,Direct Sales,30,302365.0,54425.7,0.0,356790.7,198100.0,104265.0,On Time,0,5.0,False
ORD-001244,CUS-0055,2025-12-05,2025-12-10,,,Confirmed,Website,60,1363600.0,245448.0,0.0,1609048.0,1038300.0,325300.0,Overdue Open Order,265,,True
ORD-001245,CUS-0081,2025-11-08,2025-11-23,,,Cancelled,Corporate Account,60,8611522.5,1550074.05,0.0,10161596.55,7171500.0,1440022.5,Cancelled,0,,False
ORD-001246,CUS-0061,2025-05-25,2025-06-03,2025-05-30,2025-06-04,Delivered,Direct Sales,30,153520.0,27633.6,0.0,181153.6,117000.0,36520.0,Delayed,1,10.0,False
ORD-001247,CUS-0118,2025-11-22,2025-12-05,2025-11-27,2025-11-28,Delivered,Phone / WhatsApp,30,545220.0,98139.6,0.0,643359.6,441350.0,103870.0,On Time,0,6.0,False
ORD-001248,CUS-0036,2026-03-13,2026-03-22,2026-03-19,,Shipped,Direct Sales,45,2154861.25,387875.02,0.0,2542736.27,1568050.0,586811.25,Overdue Open Order,163,,True
ORD-001249,CUS-0047,2025-11-13,2025-11-28,2025-11-18,2025-11-21,Delivered,Direct Sales,30,716182.5,128912.85,0.0,845095.35,516700.0,199482.5,On Time,0,8.0,False
ORD-001250,CUS-0075,2025-12-29,2026-01-09,2026-01-04,2026-01-08,Delivered,Direct Sales,30,1417417.5,255135.15,0.0,1672552.65,1017550.0,399867.5,On Time,0,10.0,False
ORD-001251,CUS-0104,2026-05-09,2026-05-20,,,Pending,Direct Sales,30,310651.25,55917.22,0.0,366568.47,214300.0,96351.25,Overdue Open Order,104,,True
ORD-001252,CUS-0083,2026-01-25,2026-01-31,,,Pending,Corporate Account,30,587900.0,105822.0,0.0,693722.0,423400.0,164500.0,Overdue Open Order,213,,True
ORD-001253,CUS-0044,2026-07-01,2026-07-16,2026-07-04,2026-07-06,Delivered,Website,60,230625.0,41512.5,0.0,272137.5,168600.0,62025.0,On Time,0,5.0,False
ORD-001254,CUS-0120,2026-02-24,2026-03-10,2026-03-03,2026-03-08,Delivered,Phone / WhatsApp,30,2866067.5,515892.15,0.0,3381959.65,2145100.0,720967.5,On Time,0,12.0,False
ORD-001255,CUS-0016,2026-04-01,2026-04-07,2026-04-05,2026-04-07,Delivered,Corporate Account,45,422715.0,76088.7,0.0,498803.7,323650.0,99065.0,On Time,0,6.0,False
ORD-001256,CUS-0084,2025-05-01,2025-05-06,2025-05-07,2025-05-09,Delivered,Corporate Account,30,1253775.0,225679.5,0.0,1479454.5,938700.0,315075.0,Delayed,3,8.0,False
ORD-001257,CUS-0094,2025-11-22,2025-12-04,2025-11-24,2025-11-27,Delivered,Corporate Account,45,3125425.0,562576.5,0.0,3688001.5,2354800.0,770625.0,On Time,0,5.0,False
ORD-001258,CUS-0051,2026-01-08,2026-01-21,2026-01-13,2026-01-17,Delivered,Tender,30,692070.0,124572.6,0.0,816642.6,510650.0,181420.0,On Time,0,9.0,False
ORD-001259,CUS-0044,2026-08-08,2026-08-15,2026-08-14,2026-08-19,Delivered,Corporate Account,60,2263817.5,407487.15,0.0,2671304.65,1674900.0,588917.5,Delayed,4,11.0,False
ORD-001260,CUS-0098,2026-03-31,2026-04-07,2026-04-03,2026-04-04,Delivered,Tender,45,775452.5,139581.45,0.0,915033.95,594450.0,181002.5,On Time,0,4.0,False
ORD-001261,CUS-0056,2025-12-07,2025-12-18,2025-12-09,2025-12-12,Delivered,Corporate Account,45,882600.0,158868.0,0.0,1041468.0,628850.0,253750.0,On Time,0,5.0,False
ORD-001262,CUS-0036,2026-05-09,2026-05-15,,,Cancelled,Website,45,467175.0,84091.5,0.0,551266.5,298100.0,169075.0,Cancelled,0,,False
ORD-001263,CUS-0063,2025-12-16,2025-12-29,2025-12-21,2025-12-26,Delivered,Corporate Account,30,289830.0,52169.4,0.0,341999.4,228450.0,61380.0,On Time,0,10.0,False
ORD-001264,CUS-0074,2026-02-22,2026-02-26,2026-02-24,2026-02-25,Delivered,Tender,30,1280438.75,230478.98,0.0,1510917.73,934750.0,345688.75,On Time,0,3.0,False
ORD-001265,CUS-0117,2025-11-24,2025-12-06,2025-11-28,2025-12-01,Delivered,Phone / WhatsApp,30,505856.25,91054.12,0.0,596910.38,376050.0,129806.25,On Time,0,7.0,False
ORD-001266,CUS-0064,2026-02-16,2026-02-20,2026-02-22,2026-02-27,Delivered,Corporate Account,30,3063922.5,551506.05,0.0,3615428.55,2386700.0,677222.5,Delayed,7,11.0,False
ORD-001267,CUS-0016,2025-09-02,2025-09-06,2025-09-06,2025-09-08,Delivered,Phone / WhatsApp,45,862810.0,155305.8,0.0,1018115.8,616600.0,246210.0,Delayed,2,6.0,False
ORD-001268,CUS-0093,2025-10-05,2025-10-14,2025-10-11,2025-10-16,Delivered,Direct Sales,30,216418.75,38955.38,0.0,255374.12,164900.0,51518.75,Delayed,2,11.0,False
ORD-001269,CUS-0010,2026-05-03,2026-05-16,2026-05-04,2026-05-06,Delivered,Tender,30,1008025.0,181444.5,0.0,1189469.5,725850.0,282175.0,On Time,0,3.0,False
ORD-001270,CUS-0056,2025-11-11,2025-11-21,2025-11-16,2025-11-17,Delivered,Direct Sales,45,229261.25,41267.03,0.0,270528.28,171650.0,57611.25,On Time,0,6.0,False
ORD-001271,CUS-0021,2026-07-05,2026-07-12,,,Pending,Corporate Account,30,962400.0,173232.0,0.0,1135632.0,705900.0,256500.0,Overdue Open Order,51,,True
ORD-001272,CUS-0059,2026-04-13,2026-04-22,2026-04-18,2026-04-20,Delivered,Website,30,219608.75,39529.57,0.0,259138.33,157000.0,62608.75,On Time,0,7.0,False
ORD-001273,CUS-0115,2025-05-11,2025-05-17,2025-05-17,2025-05-19,Delivered,Website,30,1619271.25,291468.83,0.0,1910740.07,1225750.0,393521.25,Delayed,2,8.0,False
ORD-001274,CUS-0115,2025-08-08,2025-08-17,,,Processing,Direct Sales,30,1175206.25,211537.12,0.0,1386743.38,833450.0,341756.25,Overdue Open Order,380,,True
ORD-001275,CUS-0077,2026-03-26,2026-04-08,2026-04-01,2026-04-04,Delivered,Direct Sales,15,103415.0,18614.7,0.0,122029.7,65400.0,38015.0,On Time,0,9.0,False
ORD-001276,CUS-0113,2025-11-21,2025-12-02,2025-11-23,2025-11-24,Delivered,Direct Sales,60,799393.75,143890.88,0.0,943284.62,582300.0,217093.75,On Time,0,3.0,False
ORD-001277,CUS-0089,2025-03-04,2025-03-18,,,Processing,Direct Sales,45,1560341.25,280861.42,0.0,1841202.68,1118600.0,441741.25,Overdue Open Order,532,,True
ORD-001278,CUS-0037,2025-11-19,2025-12-04,2025-11-26,2025-12-01,Delivered,Phone / WhatsApp,30,1151040.0,207187.2,0.0,1358227.2,884950.0,266090.0,On Time,0,12.0,False
ORD-001279,CUS-0053,2026-01-26,2026-02-10,2026-01-31,2026-02-04,Delivered,Direct Sales,45,358800.0,64584.0,0.0,423384.0,253200.0,105600.0,On Time,0,9.0,False
ORD-001280,CUS-0076,2025-08-26,2025-09-04,2025-08-29,2025-09-02,Delivered,Direct Sales,45,1660035.0,298806.3,0.0,1958841.3,1194800.0,465235.0,On Time,0,7.0,False
ORD-001281,CUS-0104,2026-07-22,2026-07-28,2026-07-23,2026-07-28,Delivered,Corporate Account,30,878085.0,158055.3,0.0,1036140.3,672000.0,206085.0,On Time,0,6.0,False
ORD-001282,CUS-0042,2025-08-09,2025-08-14,2025-08-11,2025-08-15,Partially Returned,Website,30,334350.0,60183.0,0.0,394533.0,250800.0,83550.0,Delayed,1,6.0,False
ORD-001283,CUS-0114,2026-05-16,2026-05-28,2026-05-17,2026-05-21,Delivered,Direct Sales,15,575542.5,103597.65,0.0,679140.15,409200.0,166342.5,On Time,0,5.0,False
ORD-001284,CUS-0098,2026-06-15,2026-06-20,2026-06-19,2026-06-23,Delivered,Corporate Account,45,998785.0,179781.3,0.0,1178566.3,658200.0,340585.0,Delayed,3,8.0,False
ORD-001285,CUS-0115,2025-12-17,2026-01-01,,,Pending,Corporate Account,30,1327517.5,238953.15,0.0,1566470.65,1045150.0,282367.5,Overdue Open Order,243,,True
ORD-001286,CUS-0107,2026-07-13,2026-07-26,,,Processing,Website,15,358787.5,64581.75,0.0,423369.25,268550.0,90237.5,Overdue Open Order,37,,True
ORD-001287,CUS-0080,2025-04-21,2025-04-30,2025-04-23,2025-04-24,Delivered,Direct Sales,30,2280.0,410.4,2000.0,4690.4,1300.0,980.0,On Time,0,3.0,False
ORD-001288,CUS-0090,2025-11-04,2025-11-19,2025-11-06,2025-11-08,Delivered,Direct Sales,30,521075.0,93793.5,0.0,614868.5,347300.0,173775.0,On Time,0,4.0,False
ORD-001289,CUS-0100,2025-04-25,2025-05-02,2025-04-28,2025-05-03,Delivered,Phone / WhatsApp,45,48600.0,8748.0,2000.0,59348.0,39300.0,9300.0,Delayed,1,8.0,False
ORD-001290,CUS-0102,2025-11-14,2025-11-26,2025-11-16,2025-11-18,Delivered,Website,45,474406.25,85393.12,0.0,559799.38,349850.0,124556.25,On Time,0,4.0,False
ORD-001291,CUS-0001,2026-01-08,2026-01-18,2026-01-15,2026-01-18,Delivered,Website,45,896447.5,161360.55,0.0,1057808.05,606550.0,289897.5,On Time,0,10.0,False
ORD-001292,CUS-0116,2025-08-21,2025-08-31,2025-08-22,2025-08-26,Delivered,Tender,30,550850.0,99153.0,0.0,650003.0,366200.0,184650.0,On Time,0,5.0,False
ORD-001293,CUS-0031,2026-07-29,2026-08-13,2026-08-03,2026-08-05,Delivered,Direct Sales,30,238960.0,43012.8,0.0,281972.8,176500.0,62460.0,On Time,0,7.0,False
ORD-001294,CUS-0005,2026-05-04,2026-05-11,2026-05-08,2026-05-10,Delivered,Phone / WhatsApp,30,1222645.0,220076.1,0.0,1442721.1,936700.0,285945.0,On Time,0,6.0,False
ORD-001295,CUS-0056,2025-05-13,2025-05-27,2025-05-19,2025-05-23,Delivered,Corporate Account,45,2011850.0,362133.0,0.0,2373983.0,1552500.0,459350.0,On Time,0,10.0,False
ORD-001296,CUS-0096,2026-07-09,2026-07-23,2026-07-10,2026-07-11,Delivered,Direct Sales,30,2991325.0,538438.5,0.0,3529763.5,2252550.0,738775.0,On Time,0,2.0,False
ORD-001297,CUS-0048,2026-03-23,2026-04-05,2026-03-30,2026-03-31,Delivered,Direct Sales,30,1099900.0,197982.0,0.0,1297882.0,813800.0,286100.0,On Time,0,8.0,False
ORD-001298,CUS-0049,2026-07-15,2026-07-29,2026-07-16,2026-07-20,Delivered,Phone / WhatsApp,45,2865228.75,515741.17,0.0,3380969.92,2264450.0,600778.75,On Time,0,5.0,False
ORD-001299,CUS-0050,2026-02-23,2026-03-04,2026-02-24,2026-02-28,Delivered,Direct Sales,60,1184190.0,213154.2,0.0,1397344.2,786100.0,398090.0,On Time,0,5.0,False
ORD-001300,CUS-0080,2026-07-23,2026-08-02,2026-07-25,2026-07-26,Delivered,Tender,30,921928.75,165947.17,0.0,1087875.93,688700.0,233228.75,On Time,0,3.0,False
ORD-001301,CUS-0002,2026-04-05,2026-04-16,2026-04-06,2026-04-11,Delivered,Direct Sales,60,394520.0,71013.6,0.0,465533.6,281400.0,113120.0,On Time,0,6.0,False
ORD-001302,CUS-0003,2025-09-07,2025-09-17,2025-09-08,2025-09-09,Delivered,Tender,15,1376322.5,247738.05,0.0,1624060.55,1154900.0,221422.5,On Time,0,2.0,False
ORD-001303,CUS-0039,2026-04-26,2026-05-01,2026-05-02,2026-05-05,Delivered,Direct Sales,30,1384381.25,249188.62,0.0,1633569.88,1019700.0,364681.25,Delayed,4,9.0,False
ORD-001304,CUS-0055,2025-12-05,2025-12-14,2025-12-08,,Shipped,Corporate Account,60,1095480.0,197186.4,0.0,1292666.4,782750.0,312730.0,Overdue Open Order,261,,True
ORD-001305,CUS-0078,2026-07-25,2026-08-09,2026-07-30,2026-08-04,Returned,Corporate Account,15,14040.0,2527.2,2500.0,19067.2,8450.0,5590.0,On Time,0,10.0,False
ORD-001306,CUS-0103,2025-10-15,2025-10-19,2025-10-22,2025-10-27,Delivered,Corporate Account,30,179550.0,32319.0,0.0,211869.0,142200.0,37350.0,Delayed,8,12.0,False
ORD-001307,CUS-0074,2025-05-13,2025-05-21,2025-05-14,2025-05-18,Delivered,Website,30,3978552.5,716139.45,0.0,4694691.95,2928550.0,1050002.5,On Time,0,5.0,False
ORD-001308,CUS-0113,2025-08-27,2025-09-04,2025-08-28,2025-08-29,Delivered,Phone / WhatsApp,60,2160866.25,388955.92,0.0,2549822.17,1721900.0,438966.25,On Time,0,2.0,False
ORD-001309,CUS-0043,2026-03-09,2026-03-15,2026-03-10,2026-03-13,Delivered,Phone / WhatsApp,45,2345275.0,422149.5,0.0,2767424.5,1802400.0,542875.0,On Time,0,4.0,False
ORD-001310,CUS-0045,2026-03-11,2026-03-23,2026-03-15,2026-03-20,Delivered,Direct Sales,60,1914030.0,344525.4,0.0,2258555.4,1338350.0,575680.0,On Time,0,9.0,False
ORD-001311,CUS-0083,2025-09-15,2025-09-23,,,Pending,Direct Sales,30,788120.0,141861.6,0.0,929981.6,596750.0,191370.0,Overdue Open Order,343,,True
ORD-001312,CUS-0064,2025-03-04,2025-03-08,2025-03-10,2025-03-14,Delivered,Direct Sales,30,804290.0,144772.2,0.0,949062.2,571800.0,232490.0,Delayed,6,10.0,False
ORD-001313,CUS-0065,2026-02-17,2026-03-02,2026-02-21,2026-02-24,Partially Returned,Corporate Account,30,43600.0,7848.0,1500.0,52948.0,26800.0,16800.0,On Time,0,7.0,False
ORD-001314,CUS-0096,2025-03-16,2025-03-25,2025-03-22,2025-03-25,Delivered,Direct Sales,30,1680630.0,302513.4,0.0,1983143.4,1150750.0,529880.0,On Time,0,9.0,False
ORD-001315,CUS-0113,2025-05-06,2025-05-18,2025-05-11,2025-05-13,Delivered,Corporate Account,60,472067.5,84972.15,0.0,557039.65,350350.0,121717.5,On Time,0,7.0,False
ORD-001316,CUS-0071,2025-08-24,2025-09-05,,,Confirmed,Corporate Account,30,192017.5,34563.15,0.0,226580.65,142150.0,49867.5,Overdue Open Order,361,,True
ORD-001317,CUS-0117,2025-10-13,2025-10-24,2025-10-18,,Shipped,Corporate Account,30,1350300.0,243054.0,0.0,1593354.0,1047250.0,303050.0,Overdue Open Order,312,,True
ORD-001318,CUS-0044,2025-07-23,2025-08-05,2025-07-29,2025-07-31,Delivered,Direct Sales,60,1041120.0,187401.6,0.0,1228521.6,773800.0,267320.0,On Time,0,8.0,False
ORD-001319,CUS-0044,2025-03-02,2025-03-10,2025-03-09,2025-03-13,Delivered,Direct Sales,60,2886772.5,519619.05,0.0,3406391.55,2091250.0,795522.5,Delayed,3,11.0,False
ORD-001320,CUS-0054,2026-02-16,2026-02-24,2026-02-21,2026-02-25,Delivered,Direct Sales,15,327548.75,58958.78,0.0,386507.53,243450.0,84098.75,Delayed,1,9.0,False
ORD-001321,CUS-0070,2026-04-05,2026-04-19,2026-04-09,2026-04-12,Delivered,Website,15,656057.5,118090.35,0.0,774147.85,473600.0,182457.5,On Time,0,7.0,False
ORD-001322,CUS-0103,2025-05-27,2025-06-03,2025-05-29,2025-05-31,Delivered,Phone / WhatsApp,30,1689117.5,304041.15,0.0,1993158.65,1209550.0,479567.5,On Time,0,4.0,False
ORD-001323,CUS-0076,2026-02-16,2026-02-28,2026-02-19,2026-02-24,Delivered,Corporate Account,45,1481050.0,266589.0,0.0,1747639.0,1237200.0,243850.0,On Time,0,8.0,False
ORD-001324,CUS-0061,2026-02-11,2026-02-23,2026-02-14,2026-02-15,Delivered,Website,30,142878.75,25718.17,0.0,168596.92,104550.0,38328.75,On Time,0,4.0,False
ORD-001325,CUS-0060,2025-04-24,2025-05-03,2025-05-01,2025-05-02,Delivered,Corporate Account,15,457170.0,82290.6,0.0,539460.6,357000.0,100170.0,On Time,0,8.0,False
ORD-001326,CUS-0046,2026-07-25,2026-08-04,2026-07-30,2026-08-02,Delivered,Tender,60,505625.0,91012.5,0.0,596637.5,380100.0,125525.0,On Time,0,8.0,False
ORD-001327,CUS-0046,2025-10-09,2025-10-19,,,Confirmed,Tender,60,1124786.25,202461.52,0.0,1327247.77,861250.0,263536.25,Overdue Open Order,317,,True
ORD-001328,CUS-0003,2025-05-27,2025-06-08,2025-06-02,2025-06-05,Returned,Website,15,2590.0,466.2,2000.0,5056.2,1650.0,940.0,On Time,0,9.0,False
ORD-001329,CUS-0053,2025-06-15,2025-06-27,2025-06-19,2025-06-20,Delivered,Phone / WhatsApp,45,808041.25,145447.42,0.0,953488.68,635450.0,172591.25,On Time,0,5.0,False
ORD-001330,CUS-0063,2025-08-05,2025-08-20,2025-08-09,2025-08-13,Delivered,Corporate Account,30,288630.0,51953.4,0.0,340583.4,229400.0,59230.0,On Time,0,8.0,False
ORD-001331,CUS-0094,2026-05-18,2026-05-31,2026-05-24,,Shipped,Tender,45,1649882.5,296978.85,0.0,1946861.35,1305150.0,344732.5,Overdue Open Order,93,,True
ORD-001332,CUS-0036,2026-07-06,2026-07-20,2026-07-11,2026-07-12,Delivered,Direct Sales,45,1714261.25,308567.02,0.0,2022828.27,1217650.0,496611.25,On Time,0,6.0,False
ORD-001333,CUS-0044,2025-05-03,2025-05-13,2025-05-07,2025-05-11,Delivered,Website,60,6520942.5,1173769.65,0.0,7694712.15,5480050.0,1040892.5,On Time,0,8.0,False
ORD-001334,CUS-0037,2026-03-11,2026-03-25,2026-03-12,2026-03-14,Delivered,Website,30,1080963.75,194573.48,0.0,1275537.23,791750.0,289213.75,On Time,0,3.0,False
ORD-001335,CUS-0092,2025-07-24,2025-08-07,2025-07-27,2025-08-01,Delivered,Phone / WhatsApp,30,130275.0,23449.5,0.0,153724.5,90900.0,39375.0,On Time,0,8.0,False
ORD-001336,CUS-0044,2025-04-19,2025-04-27,2025-04-20,2025-04-24,Delivered,Corporate Account,60,2336850.0,420633.0,0.0,2757483.0,1705800.0,631050.0,On Time,0,5.0,False
ORD-001337,CUS-0068,2025-11-13,2025-11-26,2025-11-18,2025-11-22,Delivered,Corporate Account,30,214087.5,38535.75,0.0,252623.25,143400.0,70687.5,On Time,0,9.0,False
ORD-001338,CUS-0113,2026-03-08,2026-03-12,2026-03-14,2026-03-17,Returned,Direct Sales,60,6098648.75,1097756.77,0.0,7196405.53,4509800.0,1588848.75,Delayed,5,9.0,False
ORD-001339,CUS-0090,2026-08-06,2026-08-17,2026-08-13,2026-08-16,Delivered,Direct Sales,30,953447.5,171620.55,0.0,1125068.05,727000.0,226447.5,On Time,0,10.0,False
ORD-001340,CUS-0056,2025-03-10,2025-03-25,,,Processing,Website,45,241500.0,43470.0,0.0,284970.0,165900.0,75600.0,Overdue Open Order,525,,True
ORD-001341,CUS-0117,2025-10-01,2025-10-08,2025-10-02,2025-10-04,Delivered,Corporate Account,30,1511357.5,272044.35,0.0,1783401.85,1294700.0,216657.5,On Time,0,3.0,False
ORD-001342,CUS-0011,2025-08-16,2025-08-20,2025-08-17,2025-08-20,Delivered,Direct Sales,60,4794962.5,863093.25,0.0,5658055.75,4247100.0,547862.5,On Time,0,4.0,False
ORD-001343,CUS-0018,2025-04-05,2025-04-20,2025-04-10,2025-04-11,Delivered,Direct Sales,30,106760.0,19216.8,0.0,125976.8,71600.0,35160.0,On Time,0,6.0,False
ORD-001344,CUS-0096,2025-06-27,2025-07-11,2025-07-01,2025-07-03,Delivered,Website,30,2329760.0,419356.8,0.0,2749116.8,1721000.0,608760.0,On Time,0,6.0,False
ORD-001345,CUS-0060,2025-04-03,2025-04-16,2025-04-10,2025-04-12,Delivered,Corporate Account,15,171325.0,30838.5,0.0,202163.5,149250.0,22075.0,On Time,0,9.0,False
ORD-001346,CUS-0035,2026-08-18,2026-09-02,2026-08-21,2026-08-22,Delivered,Website,30,1969502.5,354510.45,0.0,2324012.95,1502550.0,466952.5,On Time,0,4.0,False
ORD-001347,CUS-0074,2025-05-20,2025-05-25,2025-05-24,2025-05-27,Delivered,Website,30,9614260.0,1730566.8,0.0,11344826.8,7657200.0,1957060.0,Delayed,2,7.0,False
ORD-001348,CUS-0045,2026-08-12,2026-08-16,,,Processing,Direct Sales,60,637897.5,114821.55,0.0,752719.05,452350.0,185547.5,Overdue Open Order,16,,True
ORD-001349,CUS-0002,2025-06-09,2025-06-23,2025-06-13,2025-06-17,Delivered,Direct Sales,60,7719848.75,1389572.77,0.0,9109421.53,6322000.0,1397848.75,On Time,0,8.0,False
ORD-001350,CUS-0056,2026-04-26,2026-05-07,2026-04-29,2026-05-03,Delivered,Corporate Account,45,636455.0,114561.9,0.0,751016.9,467300.0,169155.0,On Time,0,7.0,False
ORD-001351,CUS-0036,2025-08-28,2025-09-06,,,Cancelled,Corporate Account,45,2398515.0,431732.7,0.0,2830247.7,1825300.0,573215.0,Cancelled,0,,False
ORD-001352,CUS-0064,2025-10-05,2025-10-12,2025-10-11,2025-10-14,Delivered,Direct Sales,30,904042.5,162727.65,0.0,1066770.15,642450.0,261592.5,Delayed,2,9.0,False
ORD-001353,CUS-0074,2026-07-15,2026-07-28,,,Confirmed,Corporate Account,30,1174386.25,211389.52,0.0,1385775.77,796650.0,377736.25,Overdue Open Order,35,,True
ORD-001354,CUS-0035,2025-10-11,2025-10-19,2025-10-16,2025-10-19,Delivered,Website,30,2497277.5,449509.95,0.0,2946787.45,1909850.0,587427.5,On Time,0,8.0,False
ORD-001355,CUS-0058,2025-03-16,2025-03-28,2025-03-17,2025-03-21,Delivered,Direct Sales,45,163875.0,29497.5,0.0,193372.5,118500.0,45375.0,On Time,0,5.0,False
ORD-001356,CUS-0062,2025-11-21,2025-12-05,2025-11-28,2025-11-29,Delivered,Direct Sales,45,1314862.5,236675.25,0.0,1551537.75,993250.0,321612.5,On Time,0,8.0,False
ORD-001357,CUS-0107,2025-09-28,2025-10-10,2025-10-03,,Shipped,Corporate Account,15,94635.0,17034.3,2500.0,114169.3,66000.0,28635.0,Overdue Open Order,326,,True
ORD-001358,CUS-0074,2025-11-02,2025-11-06,2025-11-06,,Shipped,Tender,30,953663.75,171659.48,0.0,1125323.23,713050.0,240613.75,Overdue Open Order,299,,True
ORD-001359,CUS-0004,2026-07-15,2026-07-21,2026-07-19,2026-07-22,Delivered,Phone / WhatsApp,30,672875.0,121117.5,0.0,793992.5,522300.0,150575.0,Delayed,1,7.0,False
ORD-001360,CUS-0044,2026-03-15,2026-03-30,2026-03-21,2026-03-24,Delivered,Direct Sales,60,5627977.5,1013035.95,0.0,6641013.45,4486100.0,1141877.5,On Time,0,9.0,False
ORD-001361,CUS-0095,2025-06-01,2025-06-09,,,Cancelled,Website,45,2112383.75,380229.08,0.0,2492612.83,1614150.0,498233.75,Cancelled,0,,False
ORD-001362,CUS-0115,2026-07-28,2026-08-01,2026-07-29,2026-08-02,Delivered,Corporate Account,30,10640.0,1915.2,2000.0,14555.2,6600.0,4040.0,Delayed,1,5.0,False
ORD-001363,CUS-0053,2025-04-19,2025-04-25,2025-04-21,2025-04-26,Delivered,Direct Sales,45,954446.25,171800.32,0.0,1126246.57,668750.0,285696.25,Delayed,1,7.0,False
ORD-001364,CUS-0089,2025-06-23,2025-06-28,,,Cancelled,Website,45,1752580.0,315464.4,0.0,2068044.4,1318550.0,434030.0,Cancelled,0,,False
ORD-001365,CUS-0059,2026-05-15,2026-05-28,2026-05-20,2026-05-23,Delivered,Corporate Account,30,733135.0,131964.3,0.0,865099.3,573200.0,159935.0,On Time,0,8.0,False
ORD-001366,CUS-0056,2026-01-30,2026-02-07,,,Confirmed,Corporate Account,45,1207892.5,217420.65,0.0,1425313.15,873500.0,334392.5,Overdue Open Order,206,,True
ORD-001367,CUS-0095,2026-02-09,2026-02-20,2026-02-10,,Shipped,Website,45,2938575.0,528943.5,0.0,3467518.5,2164950.0,773625.0,Overdue Open Order,193,,True
ORD-001368,CUS-0039,2025-11-29,2025-12-07,2025-12-06,,Shipped,Corporate Account,30,876811.25,157826.02,0.0,1034637.28,698000.0,178811.25,Overdue Open Order,268,,True
ORD-001369,CUS-0011,2025-11-05,2025-11-11,2025-11-09,2025-11-11,Delivered,Corporate Account,60,1786415.0,321554.7,0.0,2107969.7,1360950.0,425465.0,On Time,0,6.0,False
ORD-001370,CUS-0100,2026-08-26,2026-09-05,2026-09-01,2026-09-01,Delivered,Corporate Account,45,442333.75,79620.07,0.0,521953.83,313900.0,128433.75,On Time,0,6.0,False
ORD-001371,CUS-0007,2025-06-22,2025-06-29,,,Confirmed,Tender,15,86307.5,15535.35,2500.0,104342.85,63750.0,22557.5,Overdue Open Order,429,,True
ORD-001372,CUS-0008,2026-05-09,2026-05-24,2026-05-14,2026-05-17,Delivered,Phone / WhatsApp,45,1606391.25,289150.42,0.0,1895541.68,1248400.0,357991.25,On Time,0,8.0,False
ORD-001373,CUS-0014,2025-09-15,2025-09-19,,,Cancelled,Website,45,473553.75,85239.68,0.0,558793.43,368550.0,105003.75,Cancelled,0,,False
ORD-001374,CUS-0039,2026-07-10,2026-07-21,2026-07-15,2026-07-18,Delivered,Website,30,728675.0,131161.5,0.0,859836.5,514900.0,213775.0,On Time,0,8.0,False
ORD-001375,CUS-0075,2025-06-13,2025-06-23,2025-06-18,2025-06-20,Delivered,Phone / WhatsApp,30,4261002.5,766980.45,0.0,5027982.95,3073350.0,1187652.5,On Time,0,7.0,False
ORD-001376,CUS-0075,2026-05-08,2026-05-15,2026-05-12,2026-05-16,Delivered,Phone / WhatsApp,30,643237.5,115782.75,0.0,759020.25,452050.0,191187.5,Delayed,1,8.0,False
ORD-001377,CUS-0044,2025-04-22,2025-05-02,,,Confirmed,Direct Sales,60,1059536.25,190716.52,0.0,1250252.77,753450.0,306086.25,Overdue Open Order,487,,True
ORD-001378,CUS-0097,2025-04-09,2025-04-19,2025-04-10,2025-04-15,Delivered,Corporate Account,45,4627440.0,832939.2,0.0,5460379.2,3690600.0,936840.0,On Time,0,6.0,False
ORD-001379,CUS-0076,2025-07-09,2025-07-22,2025-07-12,2025-07-16,Delivered,Direct Sales,45,2542063.75,457571.47,0.0,2999635.23,1933350.0,608713.75,On Time,0,7.0,False
ORD-001380,CUS-0100,2025-09-14,2025-09-21,2025-09-15,2025-09-16,Delivered,Tender,45,1576237.5,283722.75,0.0,1859960.25,1154800.0,421437.5,On Time,0,2.0,False
ORD-001381,CUS-0017,2025-11-06,2025-11-18,2025-11-13,2025-11-16,Delivered,Tender,30,603220.0,108579.6,0.0,711799.6,471350.0,131870.0,On Time,0,10.0,False
ORD-001382,CUS-0074,2026-01-30,2026-02-06,2026-02-04,,Shipped,Corporate Account,30,1559762.5,280757.25,0.0,1840519.75,1142950.0,416812.5,Overdue Open Order,207,,True
ORD-001383,CUS-0096,2025-09-08,2025-09-14,2025-09-14,2025-09-19,Delivered,Direct Sales,30,1480432.5,266477.85,0.0,1746910.35,1091450.0,388982.5,Delayed,5,11.0,False
ORD-001384,CUS-0021,2026-06-13,2026-06-17,2026-06-17,2026-06-21,Delivered,Tender,30,2092861.25,376715.02,0.0,2469576.27,1764400.0,328461.25,Delayed,4,8.0,False
ORD-001385,CUS-0113,2026-07-01,2026-07-16,2026-07-06,2026-07-09,Delivered,Website,60,598412.5,107714.25,0.0,706126.75,403450.0,194962.5,On Time,0,8.0,False
ORD-001386,CUS-0042,2026-03-29,2026-04-03,2026-04-04,2026-04-07,Delivered,Direct Sales,30,317345.0,57122.1,0.0,374467.1,253150.0,64195.0,Delayed,4,9.0,False
ORD-001387,CUS-0063,2025-07-18,2025-07-25,,,Pending,Corporate Account,30,501325.0,90238.5,0.0,591563.5,378650.0,122675.0,Overdue Open Order,403,,True
ORD-001388,CUS-0045,2026-03-03,2026-03-11,2026-03-04,2026-03-06,Returned,Direct Sales,60,385661.25,69419.02,0.0,455080.28,265600.0,120061.25,On Time,0,3.0,False
ORD-001389,CUS-0065,2025-06-16,2025-06-27,2025-06-20,2025-06-25,Delivered,Direct Sales,30,267602.5,48168.45,0.0,315770.95,210200.0,57402.5,On Time,0,9.0,False
ORD-001390,CUS-0038,2026-08-22,2026-09-06,2026-08-28,,Shipped,Direct Sales,45,3290901.25,592362.22,0.0,3883263.48,2714550.0,576351.25,Open - Within Promise,0,,False
ORD-001391,CUS-0014,2026-04-24,2026-05-04,2026-04-25,2026-04-28,Delivered,Phone / WhatsApp,45,401280.0,72230.4,0.0,473510.4,304800.0,96480.0,On Time,0,4.0,False
ORD-001392,CUS-0089,2026-06-08,2026-06-13,2026-06-13,2026-06-17,Delivered,Corporate Account,45,994802.5,179064.45,0.0,1173866.95,746200.0,248602.5,Delayed,4,9.0,False
ORD-001393,CUS-0052,2025-10-29,2025-11-05,2025-10-31,2025-11-03,Delivered,Tender,45,1417005.0,255060.9,0.0,1672065.9,1089950.0,327055.0,On Time,0,5.0,False
ORD-001394,CUS-0118,2025-08-30,2025-09-09,2025-09-01,,Shipped,Phone / WhatsApp,30,1204095.0,216737.1,0.0,1420832.1,914150.0,289945.0,Overdue Open Order,357,,True
ORD-001395,CUS-0069,2025-10-09,2025-10-18,2025-10-15,,Shipped,Tender,30,519060.0,93430.8,0.0,612490.8,379450.0,139610.0,Overdue Open Order,318,,True
ORD-001396,CUS-0093,2025-03-21,2025-03-29,2025-03-26,2025-03-30,Delivered,Direct Sales,30,127005.0,22860.9,0.0,149865.9,91100.0,35905.0,Delayed,1,9.0,False
ORD-001397,CUS-0118,2025-12-16,2025-12-23,2025-12-22,2025-12-27,Delivered,Phone / WhatsApp,30,450881.25,81158.62,0.0,532039.88,363600.0,87281.25,Delayed,4,11.0,False
ORD-001398,CUS-0054,2026-05-29,2026-06-11,,,Processing,Direct Sales,15,412297.5,74213.55,0.0,486511.05,299900.0,112397.5,Overdue Open Order,82,,True
ORD-001399,CUS-0060,2026-02-11,2026-02-22,2026-02-12,2026-02-16,Delivered,Direct Sales,15,117862.5,21215.25,0.0,139077.75,95600.0,22262.5,On Time,0,5.0,False
ORD-001400,CUS-0014,2026-05-08,2026-05-19,2026-05-15,2026-05-17,Delivered,Tender,45,1977522.5,355954.05,0.0,2333476.55,1515600.0,461922.5,On Time,0,9.0,False
ORD-001401,CUS-0083,2025-04-22,2025-04-29,,,Processing,Website,30,450537.5,81096.75,0.0,531634.25,331800.0,118737.5,Overdue Open Order,490,,True
ORD-001402,CUS-0083,2025-06-16,2025-06-21,2025-06-23,2025-06-24,Delivered,Phone / WhatsApp,30,1205300.0,216954.0,0.0,1422254.0,892100.0,313200.0,Delayed,3,8.0,False
ORD-001403,CUS-0114,2026-01-30,2026-02-12,2026-02-03,,Shipped,Website,15,324718.75,58449.38,0.0,383168.12,241500.0,83218.75,Overdue Open Order,201,,True
ORD-001404,CUS-0044,2026-07-28,2026-08-11,,,Processing,Direct Sales,60,1169503.75,210510.67,0.0,1380014.43,893300.0,276203.75,Overdue Open Order,21,,True
ORD-001405,CUS-0120,2025-11-02,2025-11-17,2025-11-03,,Shipped,Direct Sales,30,2256150.0,406107.0,0.0,2662257.0,1644200.0,611950.0,Overdue Open Order,288,,True
ORD-001406,CUS-0005,2026-06-22,2026-07-01,2026-06-29,2026-07-01,Delivered,Website,30,2748807.5,494785.35,0.0,3243592.85,2079750.0,669057.5,On Time,0,9.0,False
ORD-001407,CUS-0058,2026-05-09,2026-05-20,2026-05-15,2026-05-17,Delivered,Corporate Account,45,235876.25,42457.72,0.0,278333.97,174650.0,61226.25,On Time,0,8.0,False
ORD-001408,CUS-0013,2026-02-22,2026-03-07,2026-02-24,2026-02-27,Delivered,Phone / WhatsApp,45,1083601.25,195048.23,0.0,1278649.48,808750.0,274851.25,On Time,0,5.0,False
ORD-001409,CUS-0045,2025-10-25,2025-10-29,2025-10-26,2025-10-29,Delivered,Corporate Account,60,2080218.75,374439.38,0.0,2454658.12,1453650.0,626568.75,On Time,0,4.0,False
ORD-001410,CUS-0089,2025-12-22,2025-12-30,2025-12-24,2025-12-25,Delivered,Phone / WhatsApp,45,1064546.25,191618.32,0.0,1256164.57,777850.0,286696.25,On Time,0,3.0,False
ORD-001411,CUS-0120,2026-01-04,2026-01-19,2026-01-05,2026-01-07,Delivered,Phone / WhatsApp,30,1000003.75,180000.67,0.0,1180004.43,714350.0,285653.75,On Time,0,3.0,False
ORD-001412,CUS-0053,2026-02-21,2026-02-27,2026-02-24,2026-02-26,Delivered,Phone / WhatsApp,45,794637.5,143034.75,0.0,937672.25,564450.0,230187.5,On Time,0,5.0,False
ORD-001413,CUS-0049,2026-04-19,2026-04-26,2026-04-24,2026-04-29,Delivered,Website,45,358725.0,64570.5,0.0,423295.5,239450.0,119275.0,Delayed,3,10.0,False
ORD-001414,CUS-0043,2026-06-04,2026-06-14,2026-06-05,2026-06-09,Delivered,Phone / WhatsApp,45,790485.0,142287.3,0.0,932772.3,616250.0,174235.0,On Time,0,5.0,False
ORD-001415,CUS-0011,2026-02-22,2026-03-09,2026-02-24,2026-02-28,Delivered,Direct Sales,60,6234732.5,1122251.85,0.0,7356984.35,4778000.0,1456732.5,On Time,0,6.0,False
ORD-001416,CUS-0097,2026-08-09,2026-08-14,2026-08-11,2026-08-13,Delivered,Direct Sales,45,1220670.0,219720.6,0.0,1440390.6,914300.0,306370.0,On Time,0,4.0,False
ORD-001417,CUS-0067,2026-04-27,2026-05-05,,,Confirmed,Corporate Account,60,764487.5,137607.75,0.0,902095.25,549250.0,215237.5,Overdue Open Order,119,,True
ORD-001418,CUS-0038,2026-03-21,2026-04-03,2026-03-23,2026-03-28,Delivered,Phone / WhatsApp,45,1500416.25,270074.92,0.0,1770491.18,1093400.0,407016.25,On Time,0,7.0,False
ORD-001419,CUS-0008,2025-08-05,2025-08-15,2025-08-10,2025-08-13,Delivered,Direct Sales,45,207575.0,37363.5,0.0,244938.5,150100.0,57475.0,On Time,0,8.0,False
ORD-001420,CUS-0036,2026-01-26,2026-02-01,2026-01-28,2026-01-29,Delivered,Direct Sales,45,6075583.75,1093605.07,0.0,7169188.83,4738350.0,1337233.75,On Time,0,3.0,False
ORD-001421,CUS-0059,2026-08-22,2026-08-30,2026-08-25,,Shipped,Corporate Account,30,95665.0,17219.7,2500.0,115384.7,61750.0,33915.0,Overdue Open Order,2,,True
ORD-001422,CUS-0021,2025-09-19,2025-10-01,2025-09-25,2025-09-30,Delivered,Tender,30,1796007.5,323281.35,0.0,2119288.85,1442800.0,353207.5,On Time,0,11.0,False
ORD-001423,CUS-0116,2025-09-19,2025-09-30,2025-09-26,2025-09-28,Delivered,Direct Sales,30,296145.0,53306.1,0.0,349451.1,211900.0,84245.0,On Time,0,9.0,False
ORD-001424,CUS-0110,2026-01-30,2026-02-10,,,Processing,Phone / WhatsApp,30,2050792.5,369142.65,0.0,2419935.15,1758300.0,292492.5,Overdue Open Order,203,,True
ORD-001425,CUS-0063,2026-04-09,2026-04-23,2026-04-15,2026-04-20,Delivered,Tender,30,376427.5,67756.95,0.0,444184.45,258300.0,118127.5,On Time,0,11.0,False
ORD-001426,CUS-0039,2025-06-08,2025-06-13,2025-06-15,2025-06-16,Delivered,Phone / WhatsApp,30,1855210.0,333937.8,0.0,2189147.8,1414150.0,441060.0,Delayed,3,8.0,False
ORD-001427,CUS-0016,2026-06-15,2026-06-20,2026-06-17,2026-06-21,Returned,Direct Sales,45,53057.5,9550.35,2500.0,65107.85,37300.0,15757.5,Delayed,1,6.0,False
ORD-001428,CUS-0016,2026-04-14,2026-04-19,2026-04-16,2026-04-20,Delivered,Phone / WhatsApp,45,166012.5,29882.25,0.0,195894.75,121350.0,44662.5,Delayed,1,6.0,False
ORD-001429,CUS-0085,2025-10-08,2025-10-17,2025-10-12,2025-10-17,Delivered,Tender,60,1174255.0,211365.9,0.0,1385620.9,762600.0,411655.0,On Time,0,9.0,False
ORD-001430,CUS-0047,2025-05-24,2025-05-30,2025-05-31,2025-06-02,Delivered,Website,30,58590.0,10546.2,2500.0,71636.2,37600.0,20990.0,Delayed,3,9.0,False
ORD-001431,CUS-0112,2025-12-11,2025-12-19,2025-12-18,2025-12-21,Delivered,Tender,15,255003.75,45900.67,0.0,300904.42,190350.0,64653.75,Delayed,2,10.0,False
ORD-001432,CUS-0014,2025-06-18,2025-06-30,,,Cancelled,Corporate Account,45,375145.0,67526.1,0.0,442671.1,271150.0,103995.0,Cancelled,0,,False
ORD-001433,CUS-0094,2026-01-18,2026-01-26,2026-01-19,2026-01-24,Delivered,Tender,45,439268.75,79068.38,0.0,518337.12,336950.0,102318.75,On Time,0,6.0,False
ORD-001434,CUS-0042,2026-03-22,2026-03-30,2026-03-23,2026-03-24,Delivered,Tender,30,86107.5,15499.35,2500.0,104106.85,57750.0,28357.5,On Time,0,2.0,False
ORD-001435,CUS-0067,2025-03-12,2025-03-24,,,Pending,Corporate Account,60,1366410.0,245953.8,0.0,1612363.8,982350.0,384060.0,Overdue Open Order,526,,True
ORD-001436,CUS-0117,2026-08-25,2026-09-08,2026-08-26,2026-08-27,Delivered,Corporate Account,30,507770.0,91398.6,0.0,599168.6,368150.0,139620.0,On Time,0,2.0,False
ORD-001437,CUS-0116,2026-01-02,2026-01-08,2026-01-09,2026-01-14,Delivered,Corporate Account,30,761287.5,137031.75,0.0,898319.25,589500.0,171787.5,Delayed,6,12.0,False
ORD-001438,CUS-0016,2025-08-11,2025-08-22,2025-08-18,2025-08-19,Delivered,Phone / WhatsApp,45,350115.0,63020.7,0.0,413135.7,250500.0,99615.0,On Time,0,8.0,False
ORD-001439,CUS-0013,2026-03-18,2026-03-31,2026-03-22,2026-03-25,Delivered,Corporate Account,45,73260.0,13186.8,2500.0,88946.8,50400.0,22860.0,On Time,0,7.0,False
ORD-001440,CUS-0067,2026-05-17,2026-05-25,2026-05-20,2026-05-21,Delivered,Direct Sales,60,2109342.5,379681.65,0.0,2489024.15,1613800.0,495542.5,On Time,0,4.0,False
ORD-001441,CUS-0059,2026-05-22,2026-05-27,2026-05-24,2026-05-27,Delivered,Corporate Account,30,173080.0,31154.4,0.0,204234.4,125700.0,47380.0,On Time,0,5.0,False
ORD-001442,CUS-0044,2026-01-20,2026-01-29,2026-01-21,2026-01-26,Delivered,Corporate Account,60,1652310.0,297415.8,0.0,1949725.8,1257100.0,395210.0,On Time,0,6.0,False
ORD-001443,CUS-0044,2025-09-13,2025-09-22,2025-09-19,2025-09-24,Delivered,Corporate Account,60,3893897.5,700901.55,0.0,4594799.05,2893150.0,1000747.5,Delayed,2,11.0,False
ORD-001444,CUS-0109,2026-01-07,2026-01-14,2026-01-10,2026-01-13,Delivered,Direct Sales,15,948060.0,170650.8,0.0,1118710.8,746700.0,201360.0,On Time,0,6.0,False
ORD-001445,CUS-0118,2026-03-13,2026-03-19,2026-03-16,2026-03-19,Delivered,Direct Sales,30,363235.0,65382.3,0.0,428617.3,252200.0,111035.0,On Time,0,6.0,False
ORD-001446,CUS-0089,2026-03-01,2026-03-10,,,Pending,Tender,45,815557.5,146800.35,0.0,962357.85,639450.0,176107.5,Overdue Open Order,175,,True
ORD-001447,CUS-0008,2025-05-14,2025-05-23,2025-05-15,2025-05-20,Delivered,Corporate Account,45,560457.5,100882.35,0.0,661339.85,393600.0,166857.5,On Time,0,6.0,False
ORD-001448,CUS-0056,2025-10-11,2025-10-26,2025-10-15,2025-10-16,Delivered,Website,45,1759665.0,316739.7,0.0,2076404.7,1422200.0,337465.0,On Time,0,5.0,False
ORD-001449,CUS-0034,2025-10-28,2025-11-08,2025-10-29,2025-11-01,Delivered,Direct Sales,30,3590347.5,646262.55,0.0,4236610.05,2509300.0,1081047.5,On Time,0,4.0,False
ORD-001450,CUS-0036,2025-10-14,2025-10-22,,,Pending,Direct Sales,45,2655893.75,478060.88,0.0,3133954.62,1889550.0,766343.75,Overdue Open Order,314,,True
ORD-001451,CUS-0046,2025-08-26,2025-08-30,2025-09-01,2025-09-04,Delivered,Corporate Account,60,529400.0,95292.0,0.0,624692.0,370900.0,158500.0,Delayed,5,9.0,False
ORD-001452,CUS-0008,2026-03-20,2026-03-29,,,Processing,Corporate Account,45,1110360.0,199864.8,0.0,1310224.8,856750.0,253610.0,Overdue Open Order,156,,True
ORD-001453,CUS-0045,2026-06-04,2026-06-11,,,Cancelled,Tender,60,3893826.25,700888.72,0.0,4594714.97,2976300.0,917526.25,Cancelled,0,,False
ORD-001454,CUS-0081,2026-04-27,2026-05-01,2026-05-04,2026-05-07,Delivered,Corporate Account,60,552851.25,99513.22,0.0,652364.47,360600.0,192251.25,Delayed,6,10.0,False
ORD-001455,CUS-0048,2025-04-09,2025-04-20,2025-04-13,2025-04-16,Delivered,Direct Sales,30,124875.0,22477.5,0.0,147352.5,98250.0,26625.0,On Time,0,7.0,False
ORD-001456,CUS-0061,2025-05-06,2025-05-12,2025-05-13,2025-05-17,Delivered,Website,30,668655.0,120357.9,0.0,789012.9,503400.0,165255.0,Delayed,5,11.0,False
ORD-001457,CUS-0028,2025-06-05,2025-06-15,,,Processing,Corporate Account,30,533382.5,96008.85,0.0,629391.35,397100.0,136282.5,Overdue Open Order,443,,True
ORD-001458,CUS-0071,2025-12-15,2025-12-23,2025-12-21,2025-12-25,Delivered,Tender,30,452260.0,81406.8,0.0,533666.8,316900.0,135360.0,Delayed,2,10.0,False
ORD-001459,CUS-0114,2025-09-04,2025-09-14,2025-09-08,2025-09-13,Delivered,Corporate Account,15,157937.5,28428.75,0.0,186366.25,123650.0,34287.5,On Time,0,9.0,False
ORD-001460,CUS-0016,2025-11-04,2025-11-19,2025-11-08,2025-11-10,Delivered,Direct Sales,45,143968.75,25914.38,0.0,169883.12,101800.0,42168.75,On Time,0,6.0,False
ORD-001461,CUS-0014,2025-08-29,2025-09-12,2025-09-01,2025-09-04,Delivered,Corporate Account,45,550980.0,99176.4,0.0,650156.4,407750.0,143230.0,On Time,0,6.0,False
ORD-001462,CUS-0095,2026-02-01,2026-02-15,2026-02-06,2026-02-09,Delivered,Direct Sales,45,4146401.25,746352.22,0.0,4892753.47,2960950.0,1185451.25,On Time,0,8.0,False
ORD-001463,CUS-0067,2026-04-15,2026-04-28,,,Processing,Website,60,930661.25,167519.02,0.0,1098180.27,706450.0,224211.25,Overdue Open Order,126,,True
ORD-001464,CUS-0049,2026-07-07,2026-07-17,2026-07-13,2026-07-16,Delivered,Website,45,4317210.0,777097.8,0.0,5094307.8,3789900.0,527310.0,On Time,0,9.0,False
ORD-001465,CUS-0081,2026-06-15,2026-06-30,2026-06-20,,Shipped,Website,60,1573775.0,283279.5,0.0,1857054.5,1211950.0,361825.0,Overdue Open Order,63,,True
ORD-001466,CUS-0043,2026-05-03,2026-05-11,2026-05-05,2026-05-08,Returned,Website,45,415327.5,74758.95,0.0,490086.45,282300.0,133027.5,On Time,0,5.0,False
ORD-001467,CUS-0074,2025-12-24,2026-01-04,2025-12-29,2026-01-01,Delivered,Phone / WhatsApp,30,1973417.5,355215.15,0.0,2328632.65,1479850.0,493567.5,On Time,0,8.0,False
ORD-001468,CUS-0116,2025-05-25,2025-06-09,,,Cancelled,Corporate Account,30,598470.0,107724.6,0.0,706194.6,404850.0,193620.0,Cancelled,0,,False
ORD-001469,CUS-0052,2026-01-12,2026-01-16,2026-01-14,2026-01-16,Delivered,Website,45,2002327.5,360418.95,0.0,2362746.45,1570800.0,431527.5,On Time,0,4.0,False
ORD-001470,CUS-0039,2026-04-24,2026-05-08,2026-04-28,2026-04-29,Delivered,Phone / WhatsApp,30,2456361.25,442145.02,0.0,2898506.27,1723100.0,733261.25,On Time,0,5.0,False
ORD-001471,CUS-0066,2026-02-14,2026-02-27,2026-02-19,2026-02-22,Delivered,Direct Sales,30,634103.75,114138.68,0.0,748242.43,467650.0,166453.75,On Time,0,8.0,False
ORD-001472,CUS-0017,2026-07-29,2026-08-07,2026-08-05,2026-08-08,Delivered,Phone / WhatsApp,30,71000.0,12780.0,1500.0,85280.0,42600.0,28400.0,Delayed,1,10.0,False
ORD-001473,CUS-0044,2026-01-14,2026-01-18,2026-01-16,,Shipped,Corporate Account,60,810922.5,145966.05,0.0,956888.55,621150.0,189772.5,Overdue Open Order,226,,True
ORD-001474,CUS-0092,2025-03-19,2025-03-26,2025-03-20,2025-03-24,Delivered,Direct Sales,30,377150.0,67887.0,0.0,445037.0,276200.0,100950.0,On Time,0,5.0,False
ORD-001475,CUS-0097,2025-10-30,2025-11-06,2025-10-31,2025-11-03,Delivered,Corporate Account,45,941780.0,169520.4,0.0,1111300.4,753450.0,188330.0,On Time,0,4.0,False
ORD-001476,CUS-0095,2025-12-20,2025-12-29,2025-12-23,2025-12-27,Delivered,Phone / WhatsApp,45,2620233.75,471642.08,0.0,3091875.83,1880350.0,739883.75,On Time,0,7.0,False
ORD-001477,CUS-0011,2025-12-09,2025-12-14,2025-12-10,,Shipped,Corporate Account,60,2036981.25,366656.62,0.0,2403637.88,1478150.0,558831.25,Overdue Open Order,261,,True
ORD-001478,CUS-0009,2026-04-01,2026-04-11,2026-04-08,2026-04-10,Delivered,Tender,30,315195.0,56735.1,0.0,371930.1,229100.0,86095.0,On Time,0,9.0,False
ORD-001479,CUS-0036,2025-11-12,2025-11-20,,,Confirmed,Tender,45,4234665.0,762239.7,0.0,4996904.7,3254850.0,979815.0,Overdue Open Order,285,,True
ORD-001480,CUS-0109,2026-02-07,2026-02-21,,,Confirmed,Direct Sales,15,394350.0,70983.0,0.0,465333.0,281050.0,113300.0,Overdue Open Order,192,,True
ORD-001481,CUS-0024,2026-04-17,2026-04-23,2026-04-24,2026-04-26,Delivered,Phone / WhatsApp,60,987477.5,177745.95,0.0,1165223.45,749250.0,238227.5,Delayed,3,9.0,False
ORD-001482,CUS-0034,2026-03-07,2026-03-14,,,Processing,Direct Sales,30,902900.0,162522.0,0.0,1065422.0,624000.0,278900.0,Overdue Open Order,171,,True
ORD-001483,CUS-0057,2025-08-01,2025-08-07,,,Processing,Website,30,320525.0,57694.5,0.0,378219.5,247550.0,72975.0,Overdue Open Order,390,,True
ORD-001484,CUS-0053,2025-10-28,2025-11-07,2025-11-03,2025-11-05,Delivered,Direct Sales,45,797092.5,143476.65,0.0,940569.15,577200.0,219892.5,On Time,0,8.0,False
ORD-001485,CUS-0001,2026-08-22,2026-09-04,2026-08-26,,Shipped,Corporate Account,45,8590275.0,1546249.5,0.0,10136524.5,6774100.0,1816175.0,Open - Within Promise,0,,False
ORD-001486,CUS-0048,2026-05-14,2026-05-22,2026-05-15,2026-05-18,Delivered,Phone / WhatsApp,30,2392078.75,430574.17,0.0,2822652.92,1895950.0,496128.75,On Time,0,4.0,False
ORD-001487,CUS-0080,2026-01-30,2026-02-14,2026-02-06,2026-02-08,Delivered,Direct Sales,30,105007.5,18901.35,0.0,123908.85,74100.0,30907.5,On Time,0,9.0,False
ORD-001488,CUS-0079,2026-01-02,2026-01-08,2026-01-04,,Shipped,Direct Sales,45,522482.5,94046.85,0.0,616529.35,375450.0,147032.5,Overdue Open Order,236,,True
ORD-001489,CUS-0035,2026-01-14,2026-01-18,2026-01-20,2026-01-24,Delivered,Website,30,2922268.75,526008.38,0.0,3448277.12,2158900.0,763368.75,Delayed,6,10.0,False
ORD-001490,CUS-0002,2025-09-05,2025-09-13,2025-09-12,2025-09-16,Delivered,Direct Sales,60,2933682.5,528062.85,0.0,3461745.35,2202400.0,731282.5,Delayed,3,11.0,False
ORD-001491,CUS-0074,2025-11-12,2025-11-17,2025-11-19,2025-11-22,Delivered,Corporate Account,30,2130102.5,383418.45,0.0,2513520.95,1554050.0,576052.5,Delayed,5,10.0,False
ORD-001492,CUS-0017,2025-06-11,2025-06-20,2025-06-13,2025-06-15,Delivered,Direct Sales,30,17550.0,3159.0,2500.0,23209.0,11600.0,5950.0,On Time,0,4.0,False
ORD-001493,CUS-0056,2026-06-28,2026-07-09,2026-06-30,,Shipped,Direct Sales,45,678935.0,122208.3,0.0,801143.3,498800.0,180135.0,Overdue Open Order,54,,True
ORD-001494,CUS-0008,2026-08-14,2026-08-28,2026-08-16,2026-08-20,Delivered,Phone / WhatsApp,45,1368665.0,246359.7,0.0,1615024.7,1069600.0,299065.0,On Time,0,6.0,False
ORD-001495,CUS-0104,2026-05-26,2026-06-07,2026-06-02,2026-06-05,Delivered,Corporate Account,30,448440.0,80719.2,0.0,529159.2,351000.0,97440.0,On Time,0,10.0,False
ORD-001496,CUS-0117,2026-01-14,2026-01-25,2026-01-21,2026-01-22,Delivered,Direct Sales,30,1282487.5,230847.75,0.0,1513335.25,953100.0,329387.5,On Time,0,8.0,False
ORD-001497,CUS-0115,2026-01-21,2026-02-02,2026-01-24,2026-01-26,Delivered,Corporate Account,30,3277642.5,589975.65,0.0,3867618.15,2751300.0,526342.5,On Time,0,5.0,False
ORD-001498,CUS-0014,2025-08-22,2025-08-29,2025-08-23,2025-08-27,Delivered,Corporate Account,45,53295.0,9593.1,2500.0,65388.1,38900.0,14395.0,On Time,0,5.0,False
ORD-001499,CUS-0031,2026-01-11,2026-01-24,,,Processing,Website,30,27900.0,5022.0,1500.0,34422.0,18500.0,9400.0,Overdue Open Order,220,,True
ORD-001500,CUS-0079,2025-04-20,2025-04-25,2025-04-22,2025-04-26,Delivered,Corporate Account,45,121130.0,21803.4,0.0,142933.4,81050.0,40080.0,Delayed,1,6.0,False
ORD-001501,CUS-0075,2026-02-14,2026-02-19,,,Processing,Direct Sales,30,987075.0,177673.5,0.0,1164748.5,726600.0,260475.0,Overdue Open Order,194,,True
ORD-001502,CUS-0115,2025-08-09,2025-08-22,,,Pending,Website,30,156563.75,28181.47,0.0,184745.23,119650.0,36913.75,Overdue Open Order,375,,True
ORD-001503,CUS-0039,2025-08-30,2025-09-09,2025-09-06,2025-09-10,Delivered,Direct Sales,30,1162321.25,209217.82,0.0,1371539.07,841350.0,320971.25,Delayed,1,11.0,False
ORD-001504,CUS-0008,2026-04-12,2026-04-18,2026-04-17,2026-04-18,Delivered,Phone / WhatsApp,45,55620.0,10011.6,2000.0,67631.6,36900.0,18720.0,On Time,0,6.0,False
ORD-001505,CUS-0105,2026-05-14,2026-05-20,2026-05-20,2026-05-22,Delivered,Website,15,250231.25,45041.62,0.0,295272.88,190500.0,59731.25,Delayed,2,8.0,False
ORD-001506,CUS-0056,2026-05-28,2026-06-11,2026-06-01,2026-06-02,Delivered,Website,45,649078.75,116834.18,0.0,765912.93,499950.0,149128.75,On Time,0,5.0,False
ORD-001507,CUS-0086,2025-05-21,2025-06-02,2025-05-23,,Shipped,Website,15,251085.0,45195.3,0.0,296280.3,199050.0,52035.0,Overdue Open Order,456,,True
ORD-001508,CUS-0011,2025-10-06,2025-10-20,2025-10-12,,Shipped,Website,60,1760315.0,316856.7,0.0,2077171.7,1261200.0,499115.0,Overdue Open Order,316,,True
ORD-001509,CUS-0044,2025-07-13,2025-07-18,2025-07-18,2025-07-20,Delivered,Direct Sales,60,5443796.25,979883.32,0.0,6423679.58,4178800.0,1264996.25,Delayed,2,7.0,False
ORD-001510,CUS-0001,2025-09-18,2025-09-30,2025-09-21,2025-09-22,Delivered,Phone / WhatsApp,45,7365012.5,1325702.25,0.0,8690714.75,6106050.0,1258962.5,On Time,0,4.0,False
ORD-001511,CUS-0044,2026-08-24,2026-09-08,2026-08-31,2026-09-01,Delivered,Website,60,460715.0,82928.7,0.0,543643.7,307000.0,153715.0,On Time,0,8.0,False
ORD-001512,CUS-0075,2026-07-02,2026-07-11,2026-07-06,2026-07-08,Returned,Corporate Account,30,612271.25,110208.82,0.0,722480.07,412000.0,200271.25,On Time,0,6.0,False
ORD-001513,CUS-0116,2026-03-04,2026-03-13,2026-03-08,2026-03-11,Delivered,Website,30,196690.0,35404.2,0.0,232094.2,142900.0,53790.0,On Time,0,7.0,False
ORD-001514,CUS-0048,2026-02-15,2026-02-20,,,Processing,Phone / WhatsApp,30,1775980.0,319676.4,0.0,2095656.4,1364500.0,411480.0,Overdue Open Order,193,,True
ORD-001515,CUS-0011,2026-02-19,2026-02-24,2026-02-25,2026-02-27,Delivered,Direct Sales,60,945885.0,170259.3,0.0,1116144.3,695850.0,250035.0,Delayed,3,8.0,False
ORD-001516,CUS-0081,2025-06-14,2025-06-25,2025-06-17,2025-06-18,Delivered,Direct Sales,60,2060402.5,370872.45,0.0,2431274.95,1425900.0,634502.5,On Time,0,4.0,False
ORD-001517,CUS-0018,2026-08-17,2026-08-29,,,Processing,Corporate Account,30,887733.75,159792.07,0.0,1047525.82,696850.0,190883.75,Overdue Open Order,3,,True
ORD-001518,CUS-0104,2025-10-28,2025-11-02,2025-11-03,2025-11-07,Delivered,Phone / WhatsApp,30,439492.5,79108.65,0.0,518601.15,323550.0,115942.5,Delayed,5,10.0,False
ORD-001519,CUS-0068,2025-04-15,2025-04-21,2025-04-21,2025-04-24,Delivered,Website,30,430241.25,77443.43,0.0,507684.67,318150.0,112091.25,Delayed,3,9.0,False
ORD-001520,CUS-0065,2026-05-08,2026-05-12,2026-05-14,2026-05-17,Delivered,Corporate Account,30,1120992.5,201778.65,0.0,1322771.15,877500.0,243492.5,Delayed,5,9.0,False
ORD-001521,CUS-0024,2025-08-30,2025-09-12,,,Processing,Website,60,5575471.25,1003584.82,0.0,6579056.08,4371850.0,1203621.25,Overdue Open Order,354,,True
ORD-001522,CUS-0115,2026-08-21,2026-09-03,2026-08-23,2026-08-25,Delivered,Corporate Account,30,261821.25,47127.82,0.0,308949.08,203500.0,58321.25,On Time,0,4.0,False
ORD-001523,CUS-0049,2025-10-04,2025-10-18,2025-10-09,2025-10-14,Delivered,Direct Sales,45,4216202.5,758916.45,0.0,4975118.95,3327100.0,889102.5,On Time,0,10.0,False
ORD-001524,CUS-0062,2026-06-11,2026-06-19,2026-06-12,2026-06-14,Delivered,Direct Sales,45,1274325.0,229378.5,0.0,1503703.5,942800.0,331525.0,On Time,0,3.0,False
ORD-001525,CUS-0045,2026-05-22,2026-05-30,2026-05-27,2026-05-30,Delivered,Corporate Account,60,7228468.75,1301124.38,0.0,8529593.12,5736300.0,1492168.75,On Time,0,8.0,False
ORD-001526,CUS-0055,2025-12-05,2025-12-20,,,Confirmed,Direct Sales,60,309750.0,55755.0,0.0,365505.0,217950.0,91800.0,Overdue Open Order,255,,True
ORD-001527,CUS-0036,2026-04-11,2026-04-15,2026-04-15,2026-04-17,Delivered,Phone / WhatsApp,45,1074170.0,193350.6,0.0,1267520.6,750700.0,323470.0,Delayed,2,6.0,False
ORD-001528,CUS-0108,2025-12-03,2025-12-16,2025-12-09,2025-12-14,Delivered,Corporate Account,45,175320.0,31557.6,0.0,206877.6,120750.0,54570.0,On Time,0,11.0,False
ORD-001529,CUS-0079,2026-01-24,2026-01-31,2026-01-26,,Shipped,Website,45,252337.5,45420.75,0.0,297758.25,188200.0,64137.5,Overdue Open Order,213,,True
ORD-001530,CUS-0059,2025-12-21,2026-01-03,2025-12-26,2025-12-30,Delivered,Direct Sales,30,1258790.0,226582.2,0.0,1485372.2,997450.0,261340.0,On Time,0,9.0,False
ORD-001531,CUS-0072,2026-01-16,2026-01-27,2026-01-19,2026-01-21,Delivered,Phone / WhatsApp,45,960065.0,172811.7,0.0,1132876.7,728450.0,231615.0,On Time,0,5.0,False
ORD-001532,CUS-0081,2026-04-25,2026-05-03,,,Confirmed,Direct Sales,60,1648450.0,296721.0,0.0,1945171.0,1192450.0,456000.0,Overdue Open Order,121,,True
ORD-001533,CUS-0034,2026-08-19,2026-08-28,2026-08-22,2026-08-24,Partially Returned,Direct Sales,30,1276175.0,229711.5,0.0,1505886.5,872200.0,403975.0,On Time,0,5.0,False
ORD-001534,CUS-0043,2026-07-17,2026-07-23,2026-07-23,2026-07-25,Delivered,Corporate Account,45,820212.5,147638.25,0.0,967850.75,635000.0,185212.5,Delayed,2,8.0,False
ORD-001535,CUS-0034,2025-04-20,2025-05-01,2025-04-21,2025-04-22,Delivered,Corporate Account,30,2877640.0,517975.2,0.0,3395615.2,2344500.0,533140.0,On Time,0,2.0,False
ORD-001536,CUS-0108,2026-02-15,2026-03-02,2026-02-20,2026-02-21,Delivered,Tender,45,587645.0,105776.1,0.0,693421.1,442700.0,144945.0,On Time,0,6.0,False
ORD-001537,CUS-0073,2026-07-18,2026-07-24,2026-07-21,2026-07-22,Delivered,Direct Sales,30,112712.5,20288.25,0.0,133000.75,76550.0,36162.5,On Time,0,4.0,False
ORD-001538,CUS-0063,2025-06-07,2025-06-17,2025-06-08,2025-06-12,Delivered,Direct Sales,30,502345.0,90422.1,0.0,592767.1,366600.0,135745.0,On Time,0,5.0,False
ORD-001539,CUS-0039,2026-02-27,2026-03-11,2026-03-05,,Shipped,Website,30,744185.0,133953.3,0.0,878138.3,570900.0,173285.0,Overdue Open Order,174,,True
ORD-001540,CUS-0002,2025-03-09,2025-03-22,,,Pending,Corporate Account,60,869882.5,156578.85,0.0,1026461.35,610350.0,259532.5,Overdue Open Order,528,,True
ORD-001541,CUS-0110,2026-05-20,2026-05-31,,,Processing,Direct Sales,30,336460.0,60562.8,0.0,397022.8,229800.0,106660.0,Overdue Open Order,93,,True
ORD-001542,CUS-0008,2026-03-25,2026-04-01,,,Processing,Direct Sales,45,3619162.5,651449.25,0.0,4270611.75,3014950.0,604212.5,Overdue Open Order,153,,True
ORD-001543,CUS-0013,2026-04-27,2026-05-07,,,Cancelled,Corporate Account,45,527280.0,94910.4,0.0,622190.4,369200.0,158080.0,Cancelled,0,,False
ORD-001544,CUS-0104,2026-07-14,2026-07-18,,,Pending,Phone / WhatsApp,30,125475.0,22585.5,0.0,148060.5,102200.0,23275.0,Overdue Open Order,45,,True
ORD-001545,CUS-0086,2026-07-07,2026-07-17,2026-07-09,2026-07-11,Returned,Direct Sales,15,868507.5,156331.35,0.0,1024838.85,660850.0,207657.5,On Time,0,4.0,False
ORD-001546,CUS-0117,2026-03-01,2026-03-11,2026-03-04,2026-03-07,Delivered,Phone / WhatsApp,30,59850.0,10773.0,3000.0,73623.0,47400.0,12450.0,On Time,0,6.0,False
ORD-001547,CUS-0081,2026-03-23,2026-04-06,2026-03-26,2026-03-29,Delivered,Direct Sales,60,826470.0,148764.6,0.0,975234.6,617200.0,209270.0,On Time,0,6.0,False
ORD-001548,CUS-0095,2025-07-23,2025-07-28,2025-07-25,2025-07-30,Delivered,Website,45,1645293.75,296152.88,0.0,1941446.62,1214300.0,430993.75,Delayed,2,7.0,False
ORD-001549,CUS-0044,2025-03-06,2025-03-14,2025-03-12,,Shipped,Direct Sales,60,2704112.5,486740.25,0.0,3190852.75,2118100.0,586012.5,Overdue Open Order,536,,True
ORD-001550,CUS-0089,2025-06-20,2025-07-05,2025-06-22,2025-06-26,Delivered,Phone / WhatsApp,45,2930602.5,527508.45,0.0,3458110.95,2180700.0,749902.5,On Time,0,6.0,False
ORD-001551,CUS-0116,2026-06-29,2026-07-03,2026-07-04,2026-07-07,Delivered,Direct Sales,30,825175.0,148531.5,0.0,973706.5,637800.0,187375.0,Delayed,4,8.0,False
ORD-001552,CUS-0086,2026-07-24,2026-07-28,,,Cancelled,Phone / WhatsApp,15,905575.0,163003.5,0.0,1068578.5,746250.0,159325.0,Cancelled,0,,False
ORD-001553,CUS-0077,2026-08-20,2026-08-28,,,Pending,Tender,15,7400.0,1332.0,3000.0,11732.0,4500.0,2900.0,Overdue Open Order,4,,True
ORD-001554,CUS-0078,2026-07-16,2026-07-28,2026-07-19,2026-07-21,Delivered,Direct Sales,15,504747.5,90854.55,0.0,595602.05,368500.0,136247.5,On Time,0,5.0,False
ORD-001555,CUS-0035,2026-05-03,2026-05-08,2026-05-06,2026-05-08,Returned,Phone / WhatsApp,30,5325557.5,958600.35,0.0,6284157.85,4237200.0,1088357.5,On Time,0,5.0,False
ORD-001556,CUS-0100,2025-11-03,2025-11-13,2025-11-10,2025-11-13,Delivered,Phone / WhatsApp,45,772332.5,139019.85,0.0,911352.35,579000.0,193332.5,On Time,0,10.0,False
ORD-001557,CUS-0118,2026-06-02,2026-06-13,2026-06-03,2026-06-08,Delivered,Direct Sales,30,1515087.5,272715.75,0.0,1787803.25,1071700.0,443387.5,On Time,0,6.0,False
ORD-001558,CUS-0013,2025-10-14,2025-10-25,2025-10-19,2025-10-20,Delivered,Corporate Account,45,810823.75,145948.27,0.0,956772.03,646800.0,164023.75,On Time,0,6.0,False
ORD-001559,CUS-0024,2025-08-06,2025-08-10,,,Processing,Phone / WhatsApp,60,397660.0,71578.8,0.0,469238.8,274400.0,123260.0,Overdue Open Order,387,,True
ORD-001560,CUS-0080,2026-05-21,2026-06-02,2026-05-25,2026-05-30,Delivered,Corporate Account,30,367270.0,66108.6,0.0,433378.6,257400.0,109870.0,On Time,0,9.0,False
ORD-001561,CUS-0105,2025-05-25,2025-05-30,2025-05-28,2025-05-29,Delivered,Direct Sales,15,258867.5,46596.15,0.0,305463.65,180200.0,78667.5,On Time,0,4.0,False
ORD-001562,CUS-0079,2025-03-21,2025-04-01,2025-03-24,2025-03-29,Delivered,Corporate Account,45,804911.25,144884.02,0.0,949795.28,616000.0,188911.25,On Time,0,8.0,False
ORD-001563,CUS-0063,2026-04-05,2026-04-09,2026-04-11,,Shipped,Corporate Account,30,590110.0,106219.8,0.0,696329.8,410650.0,179460.0,Overdue Open Order,145,,True
ORD-001564,CUS-0074,2025-08-16,2025-08-20,2025-08-22,2025-08-27,Delivered,Corporate Account,30,272930.0,49127.4,0.0,322057.4,181500.0,91430.0,Delayed,7,11.0,False
ORD-001565,CUS-0088,2025-05-06,2025-05-10,2025-05-09,2025-05-12,Delivered,Corporate Account,30,403770.0,72678.6,0.0,476448.6,279900.0,123870.0,Delayed,2,6.0,False
ORD-001566,CUS-0053,2026-02-17,2026-02-23,,,Cancelled,Direct Sales,45,791732.5,142511.85,0.0,934244.35,534300.0,257432.5,Cancelled,0,,False
ORD-001567,CUS-0050,2025-05-14,2025-05-22,,,Cancelled,Corporate Account,60,2047093.75,368476.88,0.0,2415570.62,1531800.0,515293.75,Cancelled,0,,False
ORD-001568,CUS-0046,2025-10-18,2025-11-02,,,Processing,Website,60,1578177.5,284071.95,0.0,1862249.45,1188950.0,389227.5,Overdue Open Order,303,,True
ORD-001569,CUS-0040,2025-03-25,2025-03-31,2025-03-26,2025-03-28,Delivered,Corporate Account,30,76475.0,13765.5,2500.0,92740.5,57700.0,18775.0,On Time,0,3.0,False
ORD-001570,CUS-0120,2026-03-28,2026-04-09,,,Processing,Website,30,5209280.0,937670.4,0.0,6146950.4,3948600.0,1260680.0,Overdue Open Order,145,,True
ORD-001571,CUS-0093,2025-12-17,2025-12-23,2025-12-23,2025-12-24,Returned,Direct Sales,30,1307537.5,235356.75,0.0,1542894.25,1033800.0,273737.5,Delayed,1,7.0,False
ORD-001572,CUS-0050,2025-05-23,2025-06-02,2025-05-29,2025-06-03,Delivered,Corporate Account,60,1512001.25,272160.22,0.0,1784161.48,1093850.0,418151.25,Delayed,1,11.0,False
ORD-001573,CUS-0074,2026-04-16,2026-04-27,2026-04-23,2026-04-28,Partially Returned,Corporate Account,30,953250.0,171585.0,0.0,1124835.0,707800.0,245450.0,Delayed,1,12.0,False
ORD-001574,CUS-0035,2025-06-27,2025-07-06,2025-07-02,2025-07-07,Delivered,Website,30,3688825.0,663988.5,0.0,4352813.5,3057150.0,631675.0,Delayed,1,10.0,False
ORD-001575,CUS-0094,2025-06-30,2025-07-09,,,Confirmed,Phone / WhatsApp,45,1505201.25,270936.22,0.0,1776137.48,1131800.0,373401.25,Overdue Open Order,419,,True
ORD-001576,CUS-0034,2025-12-24,2026-01-04,2025-12-27,2025-12-29,Delivered,Direct Sales,30,2949096.25,530837.32,0.0,3479933.58,2125950.0,823146.25,On Time,0,5.0,False
ORD-001577,CUS-0034,2025-12-21,2026-01-05,2025-12-24,2025-12-28,Delivered,Tender,30,552872.5,99517.05,0.0,652389.55,391350.0,161522.5,On Time,0,7.0,False
ORD-001578,CUS-0055,2026-01-31,2026-02-15,2026-02-02,2026-02-04,Delivered,Corporate Account,60,1126245.0,202724.1,0.0,1328969.1,839050.0,287195.0,On Time,0,4.0,False
ORD-001579,CUS-0005,2026-04-11,2026-04-18,2026-04-13,2026-04-17,Delivered,Direct Sales,30,1120862.5,201755.25,0.0,1322617.75,847600.0,273262.5,On Time,0,6.0,False
ORD-001580,CUS-0053,2025-12-10,2025-12-20,2025-12-13,2025-12-17,Delivered,Direct Sales,45,2251761.25,405317.02,0.0,2657078.27,1670050.0,581711.25,On Time,0,7.0,False
ORD-001581,CUS-0037,2026-05-14,2026-05-29,2026-05-16,2026-05-20,Delivered,Corporate Account,30,1156978.75,208256.17,0.0,1365234.93,900800.0,256178.75,On Time,0,6.0,False
ORD-001582,CUS-0024,2025-12-22,2025-12-31,2025-12-28,2025-12-31,Delivered,Phone / WhatsApp,60,201390.0,36250.2,0.0,237640.2,155400.0,45990.0,On Time,0,9.0,False
ORD-001583,CUS-0039,2026-08-06,2026-08-19,2026-08-13,2026-08-16,Delivered,Phone / WhatsApp,30,955967.5,172074.15,0.0,1128041.65,717300.0,238667.5,On Time,0,10.0,False
ORD-001584,CUS-0036,2025-12-30,2026-01-10,2025-12-31,2026-01-04,Delivered,Direct Sales,45,4174515.0,751412.7,0.0,4925927.7,3202150.0,972365.0,On Time,0,5.0,False
ORD-001585,CUS-0095,2025-12-13,2025-12-19,,,Cancelled,Corporate Account,45,6302990.0,1134538.2,0.0,7437528.2,5000350.0,1302640.0,Cancelled,0,,False
ORD-001586,CUS-0052,2025-11-19,2025-12-01,2025-11-25,2025-11-26,Returned,Website,45,1022523.75,184054.27,0.0,1206578.02,771300.0,251223.75,On Time,0,7.0,False
ORD-001587,CUS-0004,2026-04-03,2026-04-11,2026-04-10,2026-04-12,Delivered,Direct Sales,30,284602.5,51228.45,0.0,335830.95,212100.0,72502.5,Delayed,1,9.0,False
ORD-001588,CUS-0045,2026-02-17,2026-02-27,2026-02-24,2026-02-27,Delivered,Website,60,1945671.25,350220.83,0.0,2295892.08,1530850.0,414821.25,On Time,0,10.0,False
ORD-001589,CUS-0043,2026-06-24,2026-07-01,2026-06-25,2026-06-26,Delivered,Phone / WhatsApp,45,1177825.0,212008.5,0.0,1389833.5,896850.0,280975.0,On Time,0,2.0,False
ORD-001590,CUS-0017,2026-03-14,2026-03-29,2026-03-20,2026-03-24,Delivered,Direct Sales,30,554606.25,99829.12,0.0,654435.38,467200.0,87406.25,On Time,0,10.0,False
ORD-001591,CUS-0044,2025-07-04,2025-07-13,2025-07-05,2025-07-06,Delivered,Corporate Account,60,827663.75,148979.48,0.0,976643.22,568850.0,258813.75,On Time,0,2.0,False
ORD-001592,CUS-0069,2026-06-04,2026-06-12,2026-06-07,2026-06-11,Delivered,Direct Sales,30,841666.25,151499.92,0.0,993166.18,628650.0,213016.25,On Time,0,7.0,False
ORD-001593,CUS-0030,2025-09-09,2025-09-15,2025-09-12,2025-09-16,Delivered,Direct Sales,30,218025.0,39244.5,0.0,257269.5,155250.0,62775.0,Delayed,1,7.0,False
ORD-001594,CUS-0081,2026-03-14,2026-03-28,2026-03-19,2026-03-20,Delivered,Direct Sales,60,1327705.0,238986.9,0.0,1566691.9,959250.0,368455.0,On Time,0,6.0,False
ORD-001595,CUS-0042,2025-12-21,2025-12-29,,,Processing,Direct Sales,30,1794510.0,323011.8,0.0,2117521.8,1405400.0,389110.0,Overdue Open Order,246,,True
ORD-001596,CUS-0103,2025-10-31,2025-11-06,2025-11-07,,Shipped,Direct Sales,30,4900.0,882.0,3000.0,8782.0,3300.0,1600.0,Overdue Open Order,299,,True
ORD-001597,CUS-0074,2026-01-25,2026-02-03,2026-01-27,2026-01-29,Delivered,Phone / WhatsApp,30,556530.0,100175.4,0.0,656705.4,410550.0,145980.0,On Time,0,4.0,False
ORD-001598,CUS-0083,2025-11-12,2025-11-21,2025-11-15,2025-11-17,Delivered,Tender,30,226520.0,40773.6,0.0,267293.6,160250.0,66270.0,On Time,0,5.0,False
ORD-001599,CUS-0041,2025-12-17,2025-12-22,2025-12-20,2025-12-23,Delivered,Corporate Account,45,646882.5,116438.85,0.0,763321.35,450950.0,195932.5,Delayed,1,6.0,False
ORD-001600,CUS-0033,2026-03-07,2026-03-19,,,Cancelled,Corporate Account,15,254880.0,45878.4,0.0,300758.4,190200.0,64680.0,Cancelled,0,,False
ORD-001601,CUS-0082,2026-07-19,2026-07-23,2026-07-25,2026-07-26,Delivered,Phone / WhatsApp,30,41700.0,7506.0,3000.0,52206.0,30300.0,11400.0,Delayed,3,7.0,False
ORD-001602,CUS-0055,2026-08-25,2026-09-07,2026-08-28,2026-09-01,Delivered,Direct Sales,60,458010.0,82441.8,0.0,540451.8,310900.0,147110.0,On Time,0,7.0,False
ORD-001603,CUS-0093,2025-12-30,2026-01-08,2026-01-04,2026-01-07,Delivered,Tender,30,709197.5,127655.55,0.0,836853.05,611400.0,97797.5,On Time,0,8.0,False
ORD-001604,CUS-0074,2026-02-12,2026-02-17,2026-02-13,2026-02-14,Delivered,Website,30,1153155.0,207567.9,0.0,1360722.9,850800.0,302355.0,On Time,0,2.0,False
ORD-001605,CUS-0074,2025-04-07,2025-04-22,,,Pending,Website,30,1076560.0,193780.8,0.0,1270340.8,768150.0,308410.0,Overdue Open Order,497,,True
ORD-001606,CUS-0050,2026-05-25,2026-06-08,2026-05-27,2026-06-01,Delivered,Website,60,3929451.25,707301.22,0.0,4636752.47,3051200.0,878251.25,On Time,0,7.0,False
ORD-001607,CUS-0028,2026-08-14,2026-08-19,2026-08-19,,Shipped,Direct Sales,30,600472.5,108085.05,0.0,708557.55,432650.0,167822.5,Overdue Open Order,13,,True
ORD-001608,CUS-0001,2026-01-26,2026-02-07,2026-01-29,2026-02-01,Delivered,Corporate Account,45,470541.25,84697.43,0.0,555238.68,344200.0,126341.25,On Time,0,6.0,False
ORD-001609,CUS-0016,2026-02-20,2026-02-25,2026-02-27,,Shipped,Phone / WhatsApp,45,1258752.5,226575.45,0.0,1485327.95,953300.0,305452.5,Overdue Open Order,188,,True
ORD-001610,CUS-0039,2026-02-21,2026-03-03,2026-02-22,2026-02-24,Delivered,Website,30,624270.0,112368.6,0.0,736638.6,440250.0,184020.0,On Time,0,3.0,False
ORD-001611,CUS-0037,2026-06-13,2026-06-28,2026-06-14,2026-06-15,Delivered,Website,30,382375.0,68827.5,0.0,451202.5,288500.0,93875.0,On Time,0,2.0,False
ORD-001612,CUS-0050,2026-08-17,2026-08-24,2026-08-18,2026-08-22,Delivered,Tender,60,798840.0,143791.2,0.0,942631.2,630700.0,168140.0,On Time,0,5.0,False
ORD-001613,CUS-0016,2026-06-17,2026-06-29,,,Pending,Corporate Account,45,348045.0,62648.1,0.0,410693.1,246400.0,101645.0,Overdue Open Order,64,,True
ORD-001614,CUS-0054,2025-12-05,2025-12-17,2025-12-10,2025-12-12,Delivered,Direct Sales,15,237575.0,42763.5,0.0,280338.5,193300.0,44275.0,On Time,0,7.0,False
ORD-001615,CUS-0054,2026-05-17,2026-05-21,,,Processing,Phone / WhatsApp,15,40657.5,7318.35,3000.0,50975.85,30300.0,10357.5,Overdue Open Order,103,,True
ORD-001616,CUS-0034,2025-11-08,2025-11-13,2025-11-13,,Shipped,Phone / WhatsApp,30,1661180.0,299012.4,0.0,1960192.4,1139500.0,521680.0,Overdue Open Order,292,,True
ORD-001617,CUS-0090,2026-08-21,2026-08-31,2026-08-28,2026-08-31,Delivered,Corporate Account,30,714915.0,128684.7,0.0,843599.7,545500.0,169415.0,On Time,0,10.0,False
ORD-001618,CUS-0056,2026-03-14,2026-03-28,2026-03-15,2026-03-17,Delivered,Corporate Account,45,272270.0,49008.6,0.0,321278.6,206800.0,65470.0,On Time,0,3.0,False
ORD-001619,CUS-0035,2026-01-12,2026-01-19,,,Cancelled,Direct Sales,30,2153955.0,387711.9,0.0,2541666.9,1569600.0,584355.0,Cancelled,0,,False
ORD-001620,CUS-0029,2025-11-09,2025-11-21,,,Confirmed,Corporate Account,15,90125.0,16222.5,3000.0,109347.5,68000.0,22125.0,Overdue Open Order,284,,True
ORD-001621,CUS-0073,2026-06-26,2026-06-30,2026-07-02,2026-07-06,Delivered,Corporate Account,30,344370.0,61986.6,0.0,406356.6,260000.0,84370.0,Delayed,6,10.0,False
ORD-001622,CUS-0024,2026-04-25,2026-05-03,2026-04-26,,Shipped,Direct Sales,60,3316150.0,596907.0,0.0,3913057.0,2440150.0,876000.0,Overdue Open Order,121,,True
ORD-001623,CUS-0027,2026-07-12,2026-07-20,,,Cancelled,Phone / WhatsApp,45,1880361.25,338465.02,0.0,2218826.27,1480450.0,399911.25,Cancelled,0,,False
ORD-001624,CUS-0005,2025-06-17,2025-06-26,2025-06-23,,Shipped,Direct Sales,30,3764360.0,677584.8,0.0,4441944.8,2876400.0,887960.0,Overdue Open Order,432,,True
ORD-001625,CUS-0002,2025-11-18,2025-11-24,2025-11-24,2025-11-26,Delivered,Corporate Account,60,1570712.5,282728.25,0.0,1853440.75,1034200.0,536512.5,Delayed,2,8.0,False
ORD-001626,CUS-0103,2026-06-18,2026-06-22,2026-06-25,,Shipped,Website,30,1435046.25,258308.32,0.0,1693354.57,1116150.0,318896.25,Overdue Open Order,71,,True
ORD-001627,CUS-0011,2026-06-23,2026-06-29,2026-06-28,2026-07-01,Partially Returned,Website,60,1528960.0,275212.8,0.0,1804172.8,1147200.0,381760.0,Delayed,2,8.0,False
ORD-001628,CUS-0055,2026-01-12,2026-01-22,,,Processing,Direct Sales,60,3256105.0,586098.9,0.0,3842203.9,2377300.0,878805.0,Overdue Open Order,222,,True
ORD-001629,CUS-0089,2025-03-11,2025-03-23,2025-03-12,2025-03-17,Delivered,Corporate Account,45,3599987.5,647997.75,0.0,4247985.25,2745200.0,854787.5,On Time,0,6.0,False
ORD-001630,CUS-0012,2025-03-09,2025-03-17,2025-03-10,,Shipped,Phone / WhatsApp,30,651588.75,117285.97,0.0,768874.72,484950.0,166638.75,Overdue Open Order,533,,True
ORD-001631,CUS-0108,2026-07-23,2026-07-30,2026-07-24,2026-07-25,Delivered,Direct Sales,45,1422665.0,256079.7,0.0,1678744.7,1099550.0,323115.0,On Time,0,2.0,False
ORD-001632,CUS-0069,2026-08-25,2026-09-08,2026-08-31,2026-09-01,Delivered,Website,30,280552.5,50499.45,0.0,331051.95,215400.0,65152.5,On Time,0,7.0,False
ORD-001633,CUS-0120,2026-05-06,2026-05-11,,,Cancelled,Phone / WhatsApp,30,1844582.5,332024.85,0.0,2176607.35,1407200.0,437382.5,Cancelled,0,,False
ORD-001634,CUS-0014,2026-08-10,2026-08-23,2026-08-17,,Shipped,Direct Sales,45,464055.0,83529.9,0.0,547584.9,327650.0,136405.0,Overdue Open Order,9,,True
ORD-001635,CUS-0061,2025-07-17,2025-07-30,2025-07-23,,Shipped,Website,30,121125.0,21802.5,0.0,142927.5,88000.0,33125.0,Overdue Open Order,398,,True
ORD-001636,CUS-0013,2026-08-16,2026-08-20,2026-08-23,2026-08-27,Delivered,Website,45,1445276.25,260149.72,0.0,1705425.98,1082750.0,362526.25,Delayed,7,11.0,False
ORD-001637,CUS-0046,2025-08-24,2025-09-08,2025-08-31,2025-09-01,Delivered,Direct Sales,60,2433946.25,438110.33,0.0,2872056.58,1945150.0,488796.25,On Time,0,8.0,False
ORD-001638,CUS-0001,2025-05-20,2025-05-30,2025-05-23,2025-05-26,Returned,Website,45,782080.0,140774.4,0.0,922854.4,587100.0,194980.0,On Time,0,6.0,False
ORD-001639,CUS-0117,2026-03-21,2026-03-31,2026-03-25,2026-03-29,Delivered,Corporate Account,30,712833.75,128310.07,0.0,841143.82,523400.0,189433.75,On Time,0,8.0,False
ORD-001640,CUS-0067,2026-06-03,2026-06-13,2026-06-07,2026-06-09,Delivered,Corporate Account,60,5937852.5,1068813.45,0.0,7006665.95,4964400.0,973452.5,On Time,0,6.0,False
ORD-001641,CUS-0058,2026-08-24,2026-09-04,2026-08-29,2026-08-30,Delivered,Corporate Account,45,23541.25,4237.43,3000.0,30778.67,17350.0,6191.25,On Time,0,6.0,False
ORD-001642,CUS-0012,2026-03-17,2026-03-24,2026-03-24,2026-03-28,Delivered,Corporate Account,30,385812.5,69446.25,0.0,455258.75,253950.0,131862.5,Delayed,4,11.0,False
ORD-001643,CUS-0024,2025-11-08,2025-11-23,,,Pending,Direct Sales,60,6964148.75,1253546.77,0.0,8217695.53,5616000.0,1348148.75,Overdue Open Order,282,,True
ORD-001644,CUS-0074,2026-06-22,2026-06-27,2026-06-27,2026-06-30,Delivered,Corporate Account,30,291765.0,52517.7,0.0,344282.7,218000.0,73765.0,Delayed,3,8.0,False
ORD-001645,CUS-0001,2025-07-09,2025-07-20,,,Pending,Corporate Account,45,3090538.75,556296.97,0.0,3646835.73,2276300.0,814238.75,Overdue Open Order,408,,True
ORD-001646,CUS-0001,2026-04-24,2026-04-28,2026-04-29,2026-04-30,Delivered,Tender,45,7235346.25,1302362.32,0.0,8537708.57,5885600.0,1349746.25,Delayed,2,6.0,False
ORD-001647,CUS-0060,2026-04-27,2026-05-01,2026-04-30,2026-05-04,Delivered,Tender,15,330400.0,59472.0,0.0,389872.0,215850.0,114550.0,Delayed,3,7.0,False
ORD-001648,CUS-0002,2026-07-19,2026-07-24,2026-07-26,2026-07-30,Delivered,Corporate Account,60,1641236.25,295422.52,0.0,1936658.77,1238100.0,403136.25,Delayed,6,11.0,False
ORD-001649,CUS-0087,2025-07-21,2025-07-25,2025-07-23,2025-07-28,Delivered,Direct Sales,30,822852.5,148113.45,0.0,970965.95,635800.0,187052.5,Delayed,3,7.0,False
ORD-001650,CUS-0101,2026-06-24,2026-07-08,2026-06-28,2026-07-02,Returned,Corporate Account,30,880945.0,158570.1,0.0,1039515.1,668800.0,212145.0,On Time,0,8.0,False
ORD-001651,CUS-0001,2025-04-10,2025-04-23,2025-04-12,,Shipped,Direct Sales,45,1881125.0,338602.5,0.0,2219727.5,1393150.0,487975.0,Overdue Open Order,496,,True
ORD-001652,CUS-0081,2026-08-13,2026-08-18,2026-08-16,2026-08-20,Delivered,Website,60,1393793.75,250882.88,0.0,1644676.62,1012050.0,381743.75,Delayed,2,7.0,False
ORD-001653,CUS-0035,2026-01-09,2026-01-21,2026-01-12,2026-01-16,Delivered,Phone / WhatsApp,30,3331621.25,599691.82,0.0,3931313.08,2505150.0,826471.25,On Time,0,7.0,False
ORD-001654,CUS-0047,2025-11-21,2025-11-29,2025-11-27,2025-11-29,Delivered,Direct Sales,30,1961110.0,352999.8,0.0,2314109.8,1530850.0,430260.0,On Time,0,8.0,False
ORD-001655,CUS-0007,2025-10-28,2025-11-03,,,Confirmed,Corporate Account,15,80100.0,14418.0,2500.0,97018.0,63900.0,16200.0,Overdue Open Order,302,,True
ORD-001656,CUS-0035,2025-07-19,2025-07-29,,,Pending,Direct Sales,30,326797.5,58823.55,0.0,385621.05,244200.0,82597.5,Overdue Open Order,399,,True
ORD-001657,CUS-0062,2026-01-20,2026-01-27,2026-01-23,,Shipped,Direct Sales,45,363230.0,65381.4,0.0,428611.4,270400.0,92830.0,Overdue Open Order,217,,True
ORD-001658,CUS-0080,2026-03-04,2026-03-13,2026-03-09,2026-03-13,Delivered,Phone / WhatsApp,30,262578.75,47264.17,0.0,309842.92,194700.0,67878.75,On Time,0,9.0,False
ORD-001659,CUS-0035,2026-03-04,2026-03-09,2026-03-06,2026-03-09,Delivered,Corporate Account,30,801900.0,144342.0,0.0,946242.0,554900.0,247000.0,On Time,0,5.0,False
ORD-001660,CUS-0050,2026-07-08,2026-07-12,,,Pending,Corporate Account,60,1981232.5,356621.85,0.0,2337854.35,1485700.0,495532.5,Overdue Open Order,51,,True
ORD-001661,CUS-0061,2026-01-15,2026-01-20,2026-01-19,2026-01-24,Delivered,Direct Sales,30,235863.75,42455.47,0.0,278319.22,184050.0,51813.75,Delayed,4,9.0,False
ORD-001662,CUS-0001,2026-07-26,2026-08-01,2026-07-30,2026-08-01,Delivered,Website,45,1602150.0,288387.0,0.0,1890537.0,1180600.0,421550.0,On Time,0,6.0,False
ORD-001663,CUS-0079,2025-10-31,2025-11-08,,,Processing,Corporate Account,45,2314132.5,416543.85,0.0,2730676.35,1792300.0,521832.5,Overdue Open Order,297,,True
ORD-001664,CUS-0053,2026-03-17,2026-03-31,2026-03-20,2026-03-24,Delivered,Phone / WhatsApp,45,195820.0,35247.6,0.0,231067.6,148800.0,47020.0,On Time,0,7.0,False
ORD-001665,CUS-0039,2026-04-04,2026-04-09,,,Confirmed,Corporate Account,30,1597585.0,287565.3,0.0,1885150.3,1241750.0,355835.0,Overdue Open Order,145,,True
ORD-001666,CUS-0090,2025-06-24,2025-07-04,2025-06-29,2025-07-01,Delivered,Corporate Account,30,1805318.75,324957.38,0.0,2130276.12,1395050.0,410268.75,On Time,0,7.0,False
ORD-001667,CUS-0028,2025-03-17,2025-03-26,2025-03-20,2025-03-25,Delivered,Tender,30,827413.75,148934.48,0.0,976348.22,610150.0,217263.75,On Time,0,8.0,False
ORD-001668,CUS-0002,2025-12-29,2026-01-07,2025-12-31,2026-01-05,Delivered,Direct Sales,60,633145.0,113966.1,0.0,747111.1,441000.0,192145.0,On Time,0,7.0,False
ORD-001669,CUS-0075,2025-06-22,2025-06-27,2025-06-28,2025-06-29,Delivered,Corporate Account,30,1988012.5,357842.25,0.0,2345854.75,1496200.0,491812.5,Delayed,2,7.0,False
ORD-001670,CUS-0119,2025-08-24,2025-08-31,2025-08-27,,Shipped,Phone / WhatsApp,30,441847.5,79532.55,0.0,521380.05,324200.0,117647.5,Overdue Open Order,366,,True
ORD-001671,CUS-0098,2026-07-11,2026-07-15,2026-07-15,2026-07-19,Delivered,Direct Sales,45,419425.0,75496.5,0.0,494921.5,325000.0,94425.0,Delayed,4,8.0,False
ORD-001672,CUS-0066,2026-06-12,2026-06-17,2026-06-19,2026-06-23,Delivered,Direct Sales,30,76037.5,13686.75,2500.0,92224.25,54000.0,22037.5,Delayed,6,11.0,False
ORD-001673,CUS-0110,2025-08-29,2025-09-08,2025-09-01,,Shipped,Tender,30,234025.0,42124.5,0.0,276149.5,158400.0,75625.0,Overdue Open Order,358,,True
ORD-001674,CUS-0036,2025-05-23,2025-05-27,2025-05-30,2025-06-01,Delivered,Website,45,694492.5,125008.65,0.0,819501.15,499900.0,194592.5,Delayed,5,9.0,False
ORD-001675,CUS-0069,2025-09-26,2025-10-06,2025-09-27,2025-09-28,Delivered,Phone / WhatsApp,30,615966.25,110873.93,0.0,726840.18,459550.0,156416.25,On Time,0,2.0,False
ORD-001676,CUS-0110,2026-02-03,2026-02-09,2026-02-06,2026-02-10,Delivered,Corporate Account,30,1142700.0,205686.0,0.0,1348386.0,825150.0,317550.0,Delayed,1,7.0,False
ORD-001677,CUS-0083,2025-08-13,2025-08-20,2025-08-20,2025-08-25,Delivered,Direct Sales,30,1183315.0,212996.7,0.0,1396311.7,910200.0,273115.0,Delayed,5,12.0,False
ORD-001678,CUS-0059,2026-04-30,2026-05-15,2026-05-06,2026-05-11,Delivered,Corporate Account,30,330860.0,59554.8,0.0,390414.8,247400.0,83460.0,On Time,0,11.0,False
ORD-001679,CUS-0096,2025-09-06,2025-09-17,2025-09-08,2025-09-09,Delivered,Direct Sales,30,1091667.5,196500.15,0.0,1288167.65,779800.0,311867.5,On Time,0,3.0,False
ORD-001680,CUS-0070,2025-12-23,2025-12-27,2025-12-26,2025-12-29,Delivered,Website,15,255570.0,46002.6,0.0,301572.6,193400.0,62170.0,Delayed,2,6.0,False
ORD-001681,CUS-0037,2026-07-11,2026-07-26,2026-07-14,2026-07-19,Returned,Tender,30,780750.0,140535.0,0.0,921285.0,571500.0,209250.0,On Time,0,8.0,False
ORD-001682,CUS-0119,2025-04-02,2025-04-07,2025-04-04,2025-04-07,Delivered,Direct Sales,30,254292.5,45772.65,0.0,300065.15,182250.0,72042.5,On Time,0,5.0,False
ORD-001683,CUS-0088,2026-06-03,2026-06-12,2026-06-06,2026-06-07,Delivered,Tender,30,1220983.75,219777.07,0.0,1440760.82,887150.0,333833.75,On Time,0,4.0,False
ORD-001684,CUS-0110,2025-09-24,2025-10-06,2025-09-28,2025-10-02,Delivered,Corporate Account,30,567700.0,102186.0,0.0,669886.0,364100.0,203600.0,On Time,0,8.0,False
ORD-001685,CUS-0115,2025-04-10,2025-04-16,2025-04-15,2025-04-16,Partially Returned,Corporate Account,30,440310.0,79255.8,0.0,519565.8,321700.0,118610.0,On Time,0,6.0,False
ORD-001686,CUS-0095,2026-08-07,2026-08-16,2026-08-08,2026-08-10,Delivered,Direct Sales,45,9033820.0,1626087.6,0.0,10659907.6,7330400.0,1703420.0,On Time,0,3.0,False
ORD-001687,CUS-0034,2025-07-17,2025-07-23,2025-07-21,2025-07-25,Delivered,Direct Sales,30,6270821.25,1128747.82,0.0,7399569.08,4806350.0,1464471.25,Delayed,2,8.0,False
ORD-001688,CUS-0073,2026-02-21,2026-03-02,2026-02-23,,Shipped,Tender,30,142595.0,25667.1,0.0,168262.1,112000.0,30595.0,Overdue Open Order,183,,True
ORD-001689,CUS-0060,2026-01-16,2026-01-28,2026-01-23,2026-01-28,Delivered,Tender,15,346266.25,62327.92,0.0,408594.17,256900.0,89366.25,On Time,0,12.0,False
ORD-001690,CUS-0048,2025-03-04,2025-03-13,2025-03-08,2025-03-13,Delivered,Direct Sales,30,581462.5,104663.25,0.0,686125.75,434200.0,147262.5,On Time,0,9.0,False
ORD-001691,CUS-0081,2026-07-08,2026-07-17,2026-07-09,2026-07-11,Delivered,Website,60,1574362.5,283385.25,0.0,1857747.75,1153600.0,420762.5,On Time,0,3.0,False
ORD-001692,CUS-0096,2026-01-13,2026-01-27,2026-01-15,2026-01-17,Delivered,Phone / WhatsApp,30,301365.0,54245.7,0.0,355610.7,207000.0,94365.0,On Time,0,4.0,False
ORD-001693,CUS-0078,2025-09-09,2025-09-20,2025-09-10,2025-09-13,Delivered,Direct Sales,15,63460.0,11422.8,2500.0,77382.8,43200.0,20260.0,On Time,0,4.0,False
ORD-001694,CUS-0079,2026-07-17,2026-07-28,2026-07-18,2026-07-23,Delivered,Website,45,5944733.75,1070052.07,0.0,7014785.83,4787600.0,1157133.75,On Time,0,6.0,False
ORD-001695,CUS-0005,2025-11-28,2025-12-11,2025-12-03,,Shipped,Website,30,681142.5,122605.65,0.0,803748.15,502250.0,178892.5,Overdue Open Order,264,,True
ORD-001696,CUS-0054,2026-01-01,2026-01-07,2026-01-07,2026-01-09,Delivered,Corporate Account,15,328773.75,59179.27,0.0,387953.03,232450.0,96323.75,Delayed,2,8.0,False
ORD-001697,CUS-0092,2025-04-17,2025-04-22,,,Processing,Corporate Account,30,435375.0,78367.5,0.0,513742.5,330550.0,104825.0,Overdue Open Order,497,,True
ORD-001698,CUS-0005,2025-07-01,2025-07-06,2025-07-05,2025-07-10,Delivered,Corporate Account,30,3506013.75,631082.47,0.0,4137096.23,2572350.0,933663.75,Delayed,4,9.0,False
ORD-001699,CUS-0055,2025-03-18,2025-04-02,,,Confirmed,Phone / WhatsApp,60,7373388.75,1327209.97,0.0,8700598.72,5952200.0,1421188.75,Overdue Open Order,517,,True
ORD-001700,CUS-0032,2025-10-27,2025-11-06,2025-10-28,2025-10-30,Delivered,Phone / WhatsApp,30,39390.0,7090.2,3000.0,49480.2,29250.0,10140.0,On Time,0,3.0,False
ORD-001701,CUS-0074,2025-12-16,2025-12-31,2025-12-20,2025-12-21,Delivered,Website,30,1179500.0,212310.0,0.0,1391810.0,821100.0,358400.0,On Time,0,5.0,False
ORD-001702,CUS-0120,2026-01-16,2026-01-30,,,Pending,Phone / WhatsApp,30,1610895.0,289961.1,0.0,1900856.1,1171450.0,439445.0,Overdue Open Order,214,,True
ORD-001703,CUS-0094,2025-03-12,2025-03-16,2025-03-17,2025-03-21,Delivered,Direct Sales,45,233516.25,42032.92,0.0,275549.17,175050.0,58466.25,Delayed,5,9.0,False
ORD-001704,CUS-0071,2026-07-14,2026-07-21,2026-07-16,2026-07-18,Delivered,Website,30,760100.0,136818.0,0.0,896918.0,542050.0,218050.0,On Time,0,4.0,False
ORD-001705,CUS-0041,2026-06-16,2026-06-23,2026-06-19,2026-06-24,Delivered,Corporate Account,45,4089277.5,736069.95,0.0,4825347.45,3489950.0,599327.5,Delayed,1,8.0,False
ORD-001706,CUS-0054,2025-04-27,2025-05-02,2025-05-02,2025-05-07,Delivered,Corporate Account,15,1311847.5,236132.55,0.0,1547980.05,1038950.0,272897.5,Delayed,5,10.0,False
ORD-001707,CUS-0090,2026-01-09,2026-01-24,2026-01-14,2026-01-17,Delivered,Corporate Account,30,1012645.0,182276.1,0.0,1194921.1,733100.0,279545.0,On Time,0,8.0,False
ORD-001708,CUS-0016,2025-11-30,2025-12-14,2025-12-03,2025-12-04,Delivered,Phone / WhatsApp,45,67500.0,12150.0,2500.0,82150.0,51600.0,15900.0,On Time,0,4.0,False
ORD-001709,CUS-0088,2026-03-17,2026-03-30,2026-03-21,2026-03-23,Delivered,Direct Sales,30,603422.5,108616.05,0.0,712038.55,456400.0,147022.5,On Time,0,6.0,False
ORD-001710,CUS-0024,2026-07-27,2026-08-09,2026-08-02,2026-08-06,Delivered,Direct Sales,60,3914248.75,704564.78,0.0,4618813.53,3076700.0,837548.75,On Time,0,10.0,False
ORD-001711,CUS-0064,2026-06-25,2026-07-05,2026-06-26,2026-06-29,Delivered,Corporate Account,30,214312.5,38576.25,0.0,252888.75,154900.0,59412.5,On Time,0,4.0,False
ORD-001712,CUS-0039,2026-08-27,2026-09-08,2026-08-28,2026-09-01,Delivered,Corporate Account,30,945845.0,170252.1,0.0,1116097.1,724250.0,221595.0,On Time,0,5.0,False
ORD-001713,CUS-0071,2026-06-02,2026-06-06,2026-06-05,,Shipped,Direct Sales,30,497170.0,89490.6,0.0,586660.6,392400.0,104770.0,Overdue Open Order,87,,True
ORD-001714,CUS-0014,2026-07-12,2026-07-21,,,Confirmed,Direct Sales,45,563872.5,101497.05,0.0,665369.55,454650.0,109222.5,Overdue Open Order,42,,True
ORD-001715,CUS-0060,2026-02-09,2026-02-13,2026-02-12,2026-02-15,Delivered,Phone / WhatsApp,15,312460.0,56242.8,0.0,368702.8,228500.0,83960.0,Delayed,2,6.0,False
ORD-001716,CUS-0024,2026-04-07,2026-04-17,2026-04-14,2026-04-16,Delivered,Website,60,3301643.75,594295.88,0.0,3895939.62,2401450.0,900193.75,On Time,0,9.0,False
ORD-001717,CUS-0033,2026-03-08,2026-03-21,2026-03-11,2026-03-15,Delivered,Website,15,48000.0,8640.0,2500.0,59140.0,34000.0,14000.0,On Time,0,7.0,False
ORD-001718,CUS-0100,2026-05-08,2026-05-22,,,Processing,Corporate Account,45,1964672.5,353641.05,0.0,2318313.55,1491000.0,473672.5,Overdue Open Order,102,,True
ORD-001719,CUS-0048,2026-05-25,2026-05-29,2026-05-26,2026-05-31,Delivered,Direct Sales,30,401108.75,72199.57,0.0,473308.33,300850.0,100258.75,Delayed,2,6.0,False
ORD-001720,CUS-0078,2026-02-28,2026-03-05,2026-03-01,2026-03-05,Delivered,Corporate Account,15,1705125.0,306922.5,0.0,2012047.5,1294550.0,410575.0,On Time,0,5.0,False
ORD-001721,CUS-0074,2025-12-12,2025-12-18,2025-12-18,2025-12-22,Delivered,Phone / WhatsApp,30,1166050.0,209889.0,0.0,1375939.0,926100.0,239950.0,Delayed,4,10.0,False
ORD-001722,CUS-0046,2026-01-24,2026-02-06,2026-01-29,2026-02-03,Delivered,Direct Sales,60,5244183.75,943953.07,0.0,6188136.83,3970050.0,1274133.75,On Time,0,10.0,False
ORD-001723,CUS-0055,2026-01-17,2026-01-26,2026-01-20,2026-01-25,Delivered,Corporate Account,60,3732990.0,671938.2,0.0,4404928.2,3123550.0,609440.0,On Time,0,8.0,False
ORD-001724,CUS-0096,2025-06-02,2025-06-09,2025-06-06,,Shipped,Direct Sales,30,734771.25,132258.82,0.0,867030.07,497950.0,236821.25,Overdue Open Order,449,,True
ORD-001725,CUS-0090,2025-04-12,2025-04-26,2025-04-17,2025-04-22,Delivered,Corporate Account,30,572452.5,103041.45,0.0,675493.95,390500.0,181952.5,On Time,0,10.0,False
ORD-001726,CUS-0067,2026-07-08,2026-07-14,2026-07-12,,Shipped,Website,60,1708430.0,307517.4,0.0,2015947.4,1290850.0,417580.0,Overdue Open Order,49,,True
ORD-001727,CUS-0049,2025-07-27,2025-08-05,,,Cancelled,Direct Sales,45,785365.0,141365.7,0.0,926730.7,586600.0,198765.0,Cancelled,0,,False
ORD-001728,CUS-0104,2025-04-06,2025-04-12,2025-04-09,2025-04-11,Delivered,Direct Sales,30,752802.5,135504.45,0.0,888306.95,644400.0,108402.5,On Time,0,5.0,False
ORD-001729,CUS-0034,2026-06-10,2026-06-18,2026-06-14,2026-06-18,Delivered,Direct Sales,30,1397720.0,251589.6,0.0,1649309.6,1112950.0,284770.0,On Time,0,8.0,False
ORD-001730,CUS-0067,2025-05-12,2025-05-21,2025-05-13,2025-05-17,Returned,Direct Sales,60,563327.5,101398.95,0.0,664726.45,395150.0,168177.5,On Time,0,5.0,False
ORD-001731,CUS-0076,2026-01-08,2026-01-21,2026-01-13,,Shipped,Direct Sales,45,409725.0,73750.5,0.0,483475.5,311200.0,98525.0,Overdue Open Order,223,,True
ORD-001732,CUS-0081,2026-08-08,2026-08-20,2026-08-09,2026-08-10,Delivered,Website,60,4000847.5,720152.55,0.0,4721000.05,3020900.0,979947.5,On Time,0,2.0,False
ORD-001733,CUS-0064,2026-08-27,2026-09-10,2026-08-31,,Shipped,Direct Sales,30,2889382.5,520088.85,0.0,3409471.35,2193000.0,696382.5,Open - Within Promise,0,,False
ORD-001734,CUS-0120,2026-04-26,2026-05-05,2026-05-03,2026-05-05,Delivered,Corporate Account,30,6845626.25,1232212.72,0.0,8077838.97,5564750.0,1280876.25,On Time,0,9.0,False
ORD-001735,CUS-0048,2026-04-01,2026-04-06,2026-04-07,2026-04-12,Delivered,Direct Sales,30,563763.75,101477.47,0.0,665241.22,437100.0,126663.75,Delayed,6,11.0,False
ORD-001736,CUS-0013,2026-03-04,2026-03-19,2026-03-07,2026-03-09,Delivered,Corporate Account,45,224987.5,40497.75,0.0,265485.25,168600.0,56387.5,On Time,0,5.0,False
ORD-001737,CUS-0024,2026-05-27,2026-06-08,2026-06-03,,Shipped,Direct Sales,60,2378345.0,428102.1,0.0,2806447.1,1883800.0,494545.0,Overdue Open Order,85,,True
ORD-001738,CUS-0045,2026-07-02,2026-07-17,2026-07-04,2026-07-07,Delivered,Direct Sales,60,1002240.0,180403.2,0.0,1182643.2,721250.0,280990.0,On Time,0,5.0,False
ORD-001739,CUS-0103,2026-06-16,2026-06-22,,,Pending,Direct Sales,30,821011.25,147782.02,0.0,968793.28,648150.0,172861.25,Overdue Open Order,71,,True
ORD-001740,CUS-0062,2026-07-30,2026-08-05,2026-08-03,2026-08-06,Delivered,Phone / WhatsApp,45,1309200.0,235656.0,0.0,1544856.0,939600.0,369600.0,Delayed,1,7.0,False
ORD-001741,CUS-0069,2026-03-19,2026-03-28,2026-03-20,2026-03-22,Partially Returned,Phone / WhatsApp,30,1254728.75,225851.17,0.0,1480579.93,912100.0,342628.75,On Time,0,3.0,False
ORD-001742,CUS-0063,2026-02-04,2026-02-18,2026-02-08,2026-02-09,Partially Returned,Direct Sales,30,238402.5,42912.45,0.0,281314.95,178850.0,59552.5,On Time,0,5.0,False
ORD-001743,CUS-0046,2026-05-20,2026-05-30,2026-05-23,2026-05-24,Delivered,Direct Sales,60,4941852.5,889533.45,0.0,5831385.95,3730650.0,1211202.5,On Time,0,4.0,False
ORD-001744,CUS-0005,2025-06-04,2025-06-10,2025-06-08,2025-06-13,Delivered,Direct Sales,30,749652.5,134937.45,0.0,884589.95,534450.0,215202.5,Delayed,3,9.0,False
ORD-001745,CUS-0034,2025-11-08,2025-11-13,2025-11-09,2025-11-11,Delivered,Website,30,3593637.5,646854.75,0.0,4240492.25,2766850.0,826787.5,On Time,0,3.0,False
ORD-001746,CUS-0094,2026-07-15,2026-07-20,2026-07-16,,Shipped,Direct Sales,45,306330.0,55139.4,0.0,361469.4,228000.0,78330.0,Overdue Open Order,43,,True
ORD-001747,CUS-0047,2026-02-02,2026-02-17,2026-02-06,,Shipped,Website,30,1556262.5,280127.25,0.0,1836389.75,1326100.0,230162.5,Overdue Open Order,196,,True
ORD-001748,CUS-0092,2026-02-15,2026-02-23,2026-02-16,2026-02-20,Delivered,Corporate Account,30,374883.75,67479.07,0.0,442362.83,274350.0,100533.75,On Time,0,5.0,False
ORD-001749,CUS-0038,2026-06-25,2026-06-30,2026-06-29,2026-07-03,Delivered,Corporate Account,45,1629838.75,293370.97,0.0,1923209.73,1245700.0,384138.75,Delayed,3,8.0,False
ORD-001750,CUS-0089,2026-04-27,2026-05-04,2026-05-02,2026-05-05,Partially Returned,Direct Sales,45,1721171.25,309810.83,0.0,2030982.07,1292150.0,429021.25,Delayed,1,8.0,False
ORD-001751,CUS-0095,2026-08-26,2026-09-03,,,Processing,Direct Sales,45,1041307.5,187435.35,0.0,1228742.85,762150.0,279157.5,Open - Within Promise,0,,False
ORD-001752,CUS-0070,2025-07-13,2025-07-19,2025-07-19,2025-07-24,Delivered,Website,15,2382180.0,428792.4,0.0,2810972.4,1896600.0,485580.0,Delayed,5,11.0,False
ORD-001753,CUS-0074,2025-08-07,2025-08-14,2025-08-13,2025-08-17,Delivered,Direct Sales,30,512475.0,92245.5,0.0,604720.5,371350.0,141125.0,Delayed,3,10.0,False
ORD-001754,CUS-0113,2025-08-01,2025-08-13,2025-08-06,2025-08-09,Delivered,Corporate Account,60,5611225.0,1010020.5,0.0,6621245.5,4656700.0,954525.0,On Time,0,8.0,False
ORD-001755,CUS-0102,2025-06-23,2025-06-27,2025-06-25,2025-06-30,Delivered,Corporate Account,45,2296265.0,413327.7,0.0,2709592.7,1765550.0,530715.0,Delayed,3,7.0,False
ORD-001756,CUS-0010,2026-03-08,2026-03-12,2026-03-14,2026-03-15,Delivered,Direct Sales,30,863451.25,155421.23,0.0,1018872.47,635050.0,228401.25,Delayed,3,7.0,False
ORD-001757,CUS-0104,2025-06-29,2025-07-12,,,Pending,Website,30,8850.0,1593.0,1500.0,11943.0,5550.0,3300.0,Overdue Open Order,416,,True
ORD-001758,CUS-0104,2026-08-21,2026-08-25,2026-08-22,2026-08-27,Delivered,Direct Sales,30,428658.75,77158.57,0.0,505817.33,303650.0,125008.75,Delayed,2,6.0,False
ORD-001759,CUS-0095,2026-06-15,2026-06-24,2026-06-21,2026-06-24,Delivered,Phone / WhatsApp,45,266800.0,48024.0,0.0,314824.0,181600.0,85200.0,On Time,0,9.0,False
ORD-001760,CUS-0037,2025-11-19,2025-12-01,2025-11-26,2025-11-29,Delivered,Corporate Account,30,829992.5,149398.65,0.0,979391.15,604900.0,225092.5,On Time,0,10.0,False
ORD-001761,CUS-0011,2025-08-19,2025-08-28,2025-08-26,2025-08-30,Delivered,Direct Sales,60,1595605.0,287208.9,0.0,1882813.9,1156950.0,438655.0,Delayed,2,11.0,False
ORD-001762,CUS-0074,2025-10-31,2025-11-12,,,Pending,Corporate Account,30,163897.5,29501.55,0.0,193399.05,108550.0,55347.5,Overdue Open Order,293,,True
ORD-001763,CUS-0057,2026-07-13,2026-07-23,2026-07-16,2026-07-21,Delivered,Direct Sales,30,136465.0,24563.7,0.0,161028.7,99750.0,36715.0,On Time,0,8.0,False
ORD-001764,CUS-0049,2026-02-28,2026-03-13,2026-03-02,2026-03-06,Delivered,Phone / WhatsApp,45,1772366.25,319025.92,0.0,2091392.18,1267800.0,504566.25,On Time,0,6.0,False
ORD-001765,CUS-0075,2025-09-28,2025-10-03,2025-09-29,2025-10-02,Delivered,Direct Sales,30,1900711.25,342128.02,0.0,2242839.27,1395300.0,505411.25,On Time,0,4.0,False
ORD-001766,CUS-0063,2026-08-06,2026-08-17,2026-08-10,2026-08-15,Delivered,Direct Sales,30,163497.5,29429.55,0.0,192927.05,120750.0,42747.5,On Time,0,9.0,False
ORD-001767,CUS-0105,2025-05-08,2025-05-15,2025-05-12,,Shipped,Direct Sales,15,141618.75,25491.38,0.0,167110.12,88500.0,53118.75,Overdue Open Order,474,,True
ORD-001768,CUS-0010,2026-01-19,2026-02-03,,,Pending,Direct Sales,30,1878773.75,338179.27,0.0,2216953.02,1388050.0,490723.75,Overdue Open Order,210,,True
ORD-001769,CUS-0036,2025-12-24,2025-12-30,,,Processing,Direct Sales,45,1205312.5,216956.25,0.0,1422268.75,905450.0,299862.5,Overdue Open Order,245,,True
ORD-001770,CUS-0036,2025-04-01,2025-04-06,2025-04-02,2025-04-06,Delivered,Corporate Account,45,940280.0,169250.4,0.0,1109530.4,667750.0,272530.0,On Time,0,5.0,False
ORD-001771,CUS-0098,2025-03-01,2025-03-16,2025-03-08,2025-03-09,Partially Returned,Website,45,1248635.0,224754.3,0.0,1473389.3,921700.0,326935.0,On Time,0,8.0,False
ORD-001772,CUS-0076,2026-04-29,2026-05-09,,,Confirmed,Direct Sales,45,75060.0,13510.8,3000.0,91570.8,60600.0,14460.0,Overdue Open Order,115,,True
ORD-001773,CUS-0011,2025-11-05,2025-11-13,,,Processing,Direct Sales,60,797902.5,143622.45,0.0,941524.95,605100.0,192802.5,Overdue Open Order,292,,True
ORD-001774,CUS-0029,2026-04-12,2026-04-22,2026-04-17,2026-04-21,Delivered,Corporate Account,15,13300.0,2394.0,1500.0,17194.0,8250.0,5050.0,On Time,0,9.0,False
ORD-001775,CUS-0049,2026-06-18,2026-07-01,2026-06-25,2026-06-30,Delivered,Direct Sales,45,1053250.0,189585.0,0.0,1242835.0,762650.0,290600.0,On Time,0,12.0,False
ORD-001776,CUS-0016,2025-07-19,2025-07-27,2025-07-22,2025-07-23,Delivered,Phone / WhatsApp,45,939527.5,169114.95,0.0,1108642.45,729100.0,210427.5,On Time,0,4.0,False
ORD-001777,CUS-0084,2025-12-17,2025-12-27,,,Pending,Corporate Account,30,316920.0,57045.6,0.0,373965.6,242400.0,74520.0,Overdue Open Order,248,,True
ORD-001778,CUS-0067,2026-01-25,2026-01-29,2026-01-27,,Shipped,Corporate Account,60,598740.0,107773.2,0.0,706513.2,431700.0,167040.0,Overdue Open Order,215,,True
ORD-001779,CUS-0095,2025-08-13,2025-08-21,2025-08-19,2025-08-21,Delivered,Website,45,4960451.25,892881.22,0.0,5853332.47,3704500.0,1255951.25,On Time,0,8.0,False
ORD-001780,CUS-0052,2026-05-09,2026-05-22,,,Pending,Direct Sales,45,177400.0,31932.0,0.0,209332.0,130300.0,47100.0,Overdue Open Order,102,,True
ORD-001781,CUS-0004,2026-04-26,2026-05-03,2026-05-01,,Shipped,Phone / WhatsApp,30,3476447.5,625760.55,0.0,4102208.05,2607000.0,869447.5,Overdue Open Order,121,,True
ORD-001782,CUS-0044,2026-04-05,2026-04-14,2026-04-06,2026-04-09,Delivered,Direct Sales,60,2471975.0,444955.5,0.0,2916930.5,1886500.0,585475.0,On Time,0,4.0,False
ORD-001783,CUS-0089,2026-08-28,2026-09-10,,,Processing,Direct Sales,45,1922925.0,346126.5,0.0,2269051.5,1389200.0,533725.0,Open - Within Promise,0,,False
ORD-001784,CUS-0075,2025-08-30,2025-09-04,,,Processing,Tender,30,665177.5,119731.95,0.0,784909.45,445900.0,219277.5,Overdue Open Order,362,,True
ORD-001785,CUS-0062,2025-12-24,2026-01-07,2025-12-27,2026-01-01,Delivered,Corporate Account,45,1998888.75,359799.97,0.0,2358688.73,1504700.0,494188.75,On Time,0,8.0,False
ORD-001786,CUS-0012,2025-03-31,2025-04-14,2025-04-02,,Shipped,Tender,30,50160.0,9028.8,2500.0,61688.8,33600.0,16560.0,Overdue Open Order,505,,True
ORD-001787,CUS-0089,2025-07-10,2025-07-21,2025-07-13,2025-07-16,Delivered,Direct Sales,45,692025.0,124564.5,0.0,816589.5,501700.0,190325.0,On Time,0,6.0,False
ORD-001788,CUS-0010,2025-09-22,2025-09-27,2025-09-24,2025-09-27,Delivered,Tender,30,579193.75,104254.88,0.0,683448.62,439250.0,139943.75,On Time,0,5.0,False
ORD-001789,CUS-0012,2025-08-15,2025-08-22,2025-08-16,2025-08-21,Delivered,Corporate Account,30,555522.5,99994.05,0.0,655516.55,445250.0,110272.5,On Time,0,6.0,False
ORD-001790,CUS-0024,2025-09-13,2025-09-22,2025-09-15,2025-09-16,Delivered,Phone / WhatsApp,60,1994720.0,359049.6,0.0,2353769.6,1427800.0,566920.0,On Time,0,3.0,False
ORD-001791,CUS-0039,2026-07-24,2026-08-08,2026-07-27,2026-07-29,Delivered,Direct Sales,30,2338447.5,420920.55,0.0,2759368.05,1648450.0,689997.5,On Time,0,5.0,False
ORD-001792,CUS-0043,2026-07-28,2026-08-11,2026-07-30,,Shipped,Website,45,629735.0,113352.3,0.0,743087.3,429800.0,199935.0,Overdue Open Order,21,,True
ORD-001793,CUS-0034,2026-02-15,2026-02-22,2026-02-17,2026-02-22,Partially Returned,Direct Sales,30,750460.0,135082.8,0.0,885542.8,566100.0,184360.0,On Time,0,7.0,False
ORD-001794,CUS-0010,2026-07-02,2026-07-09,2026-07-04,2026-07-07,Delivered,Direct Sales,30,2420186.25,435633.52,0.0,2855819.77,1881950.0,538236.25,On Time,0,5.0,False
ORD-001795,CUS-0043,2026-04-20,2026-05-01,2026-04-26,2026-04-28,Delivered,Corporate Account,45,512382.5,92228.85,0.0,604611.35,372800.0,139582.5,On Time,0,8.0,False
ORD-001796,CUS-0064,2025-04-28,2025-05-08,2025-05-03,2025-05-04,Delivered,Website,30,590520.0,106293.6,0.0,696813.6,433000.0,157520.0,On Time,0,6.0,False
ORD-001797,CUS-0049,2026-08-04,2026-08-16,2026-08-10,2026-08-15,Returned,Website,45,489210.0,88057.8,0.0,577267.8,362650.0,126560.0,On Time,0,11.0,False
ORD-001798,CUS-0063,2025-12-27,2025-12-31,2025-12-29,2025-12-30,Delivered,Direct Sales,30,84000.0,15120.0,3000.0,102120.0,56000.0,28000.0,On Time,0,3.0,False
ORD-001799,CUS-0081,2026-02-09,2026-02-13,2026-02-12,2026-02-13,Delivered,Website,60,175560.0,31600.8,0.0,207160.8,113850.0,61710.0,On Time,0,4.0,False
ORD-001800,CUS-0046,2026-04-26,2026-05-11,2026-05-01,2026-05-06,Delivered,Website,60,565383.75,101769.07,0.0,667152.82,401300.0,164083.75,On Time,0,10.0,False
ORD-001801,CUS-0053,2025-11-30,2025-12-05,2025-12-01,,Shipped,Corporate Account,45,318045.0,57248.1,0.0,375293.1,237650.0,80395.0,Overdue Open Order,270,,True
ORD-001802,CUS-0102,2026-05-30,2026-06-03,,,Cancelled,Direct Sales,45,1533560.0,276040.8,0.0,1809600.8,1203300.0,330260.0,Cancelled,0,,False
ORD-001803,CUS-0026,2026-05-02,2026-05-11,2026-05-08,2026-05-09,Delivered,Phone / WhatsApp,30,805747.5,145034.55,0.0,950782.05,702300.0,103447.5,On Time,0,7.0,False
ORD-001804,CUS-0052,2025-09-20,2025-09-24,2025-09-23,2025-09-28,Delivered,Direct Sales,45,1240961.25,223373.02,0.0,1464334.27,899250.0,341711.25,Delayed,4,8.0,False
ORD-001805,CUS-0034,2026-02-23,2026-03-05,2026-02-27,2026-03-03,Delivered,Phone / WhatsApp,30,4909206.25,883657.12,0.0,5792863.38,4261050.0,648156.25,On Time,0,8.0,False
ORD-001806,CUS-0005,2025-11-28,2025-12-05,2025-11-29,2025-12-02,Delivered,Tender,30,182400.0,32832.0,0.0,215232.0,121800.0,60600.0,On Time,0,4.0,False
ORD-001807,CUS-0038,2026-04-13,2026-04-27,2026-04-18,2026-04-23,Delivered,Phone / WhatsApp,45,3533933.75,636108.07,0.0,4170041.83,2659150.0,874783.75,On Time,0,10.0,False
ORD-001808,CUS-0071,2025-05-30,2025-06-05,2025-06-05,2025-06-06,Delivered,Corporate Account,30,473697.5,85265.55,0.0,558963.05,314300.0,159397.5,Delayed,1,7.0,False
ORD-001809,CUS-0034,2025-10-03,2025-10-10,2025-10-04,2025-10-09,Delivered,Corporate Account,30,2969226.25,534460.72,0.0,3503686.98,2256600.0,712626.25,On Time,0,6.0,False
ORD-001810,CUS-0083,2026-07-08,2026-07-19,2026-07-11,2026-07-12,Delivered,Phone / WhatsApp,30,736548.75,132578.77,0.0,869127.53,563850.0,172698.75,On Time,0,4.0,False
ORD-001811,CUS-0075,2025-07-08,2025-07-19,2025-07-09,2025-07-10,Delivered,Tender,30,1629817.5,293367.15,0.0,1923184.65,1229400.0,400417.5,On Time,0,2.0,False
ORD-001812,CUS-0059,2025-03-08,2025-03-23,2025-03-14,2025-03-16,Delivered,Direct Sales,30,5474497.5,985409.55,0.0,6459907.05,4459000.0,1015497.5,On Time,0,8.0,False
ORD-001813,CUS-0081,2025-04-14,2025-04-27,2025-04-21,2025-04-22,Delivered,Direct Sales,60,4468568.75,804342.38,0.0,5272911.12,3398500.0,1070068.75,On Time,0,8.0,False
ORD-001814,CUS-0096,2025-06-09,2025-06-19,2025-06-14,,Shipped,Direct Sales,30,1609331.25,289679.62,0.0,1899010.88,1233250.0,376081.25,Overdue Open Order,439,,True
ORD-001815,CUS-0064,2025-06-07,2025-06-11,2025-06-09,2025-06-12,Delivered,Phone / WhatsApp,30,3442762.5,619697.25,0.0,4062459.75,2673600.0,769162.5,Delayed,1,5.0,False
ORD-001816,CUS-0100,2025-10-19,2025-10-23,2025-10-23,2025-10-25,Delivered,Tender,45,706400.0,127152.0,0.0,833552.0,520000.0,186400.0,Delayed,2,6.0,False
ORD-001817,CUS-0116,2026-02-19,2026-03-01,2026-02-20,2026-02-22,Delivered,Corporate Account,30,187250.0,33705.0,0.0,220955.0,132400.0,54850.0,On Time,0,3.0,False
ORD-001818,CUS-0116,2025-09-28,2025-10-02,2025-10-05,2025-10-09,Delivered,Corporate Account,30,4027025.0,724864.5,0.0,4751889.5,2981650.0,1045375.0,Delayed,7,11.0,False
ORD-001819,CUS-0120,2026-06-13,2026-06-25,2026-06-20,2026-06-22,Delivered,Tender,30,157065.0,28271.7,0.0,185336.7,109600.0,47465.0,On Time,0,9.0,False
ORD-001820,CUS-0005,2025-07-04,2025-07-08,2025-07-05,2025-07-10,Delivered,Direct Sales,30,996502.5,179370.45,0.0,1175872.95,731700.0,264802.5,Delayed,2,6.0,False
ORD-001821,CUS-0095,2026-01-06,2026-01-11,2026-01-07,2026-01-12,Delivered,Website,45,499505.0,89910.9,0.0,589415.9,340500.0,159005.0,Delayed,1,6.0,False
ORD-001822,CUS-0100,2025-12-18,2026-01-02,,,Confirmed,Phone / WhatsApp,45,1114627.5,200632.95,0.0,1315260.45,824350.0,290277.5,Overdue Open Order,242,,True
ORD-001823,CUS-0081,2026-03-26,2026-04-03,2026-03-30,2026-04-01,Delivered,Phone / WhatsApp,60,814102.5,146538.45,0.0,960640.95,585800.0,228302.5,On Time,0,6.0,False
ORD-001824,CUS-0063,2026-06-30,2026-07-04,,,Pending,Direct Sales,30,396537.5,71376.75,0.0,467914.25,266600.0,129937.5,Overdue Open Order,59,,True
ORD-001825,CUS-0047,2026-01-13,2026-01-22,2026-01-14,2026-01-19,Partially Returned,Direct Sales,30,401735.0,72312.3,0.0,474047.3,287700.0,114035.0,On Time,0,6.0,False
ORD-001826,CUS-0082,2025-12-09,2025-12-17,2025-12-15,2025-12-20,Delivered,Tender,30,810587.5,145905.75,0.0,956493.25,614250.0,196337.5,Delayed,3,11.0,False
ORD-001827,CUS-0032,2025-11-26,2025-12-04,2025-12-01,,Shipped,Direct Sales,30,86092.5,15496.65,2500.0,104089.15,65000.0,21092.5,Overdue Open Order,271,,True
ORD-001828,CUS-0093,2025-12-11,2025-12-17,2025-12-15,2025-12-17,Delivered,Corporate Account,30,364182.5,65552.85,0.0,429735.35,305700.0,58482.5,On Time,0,6.0,False
ORD-001829,CUS-0056,2025-08-01,2025-08-08,,,Processing,Tender,45,220050.0,39609.0,0.0,259659.0,150450.0,69600.0,Overdue Open Order,389,,True
ORD-001830,CUS-0068,2026-01-28,2026-02-05,2026-02-01,2026-02-06,Delivered,Corporate Account,30,74462.5,13403.25,3000.0,90865.75,57700.0,16762.5,Delayed,1,9.0,False
ORD-001831,CUS-0043,2026-06-11,2026-06-15,2026-06-16,2026-06-20,Returned,Phone / WhatsApp,45,4849590.0,872926.2,0.0,5722516.2,3873450.0,976140.0,Delayed,5,9.0,False
ORD-001832,CUS-0081,2025-11-26,2025-12-02,2025-11-28,2025-11-30,Delivered,Tender,60,2165770.0,389838.6,0.0,2555608.6,1693600.0,472170.0,On Time,0,4.0,False
ORD-001833,CUS-0013,2025-12-23,2025-12-28,2025-12-30,2026-01-01,Delivered,Phone / WhatsApp,45,233501.25,42030.22,0.0,275531.47,172000.0,61501.25,Delayed,4,9.0,False
ORD-001834,CUS-0075,2026-04-22,2026-05-06,2026-04-23,2026-04-28,Delivered,Phone / WhatsApp,30,17363150.0,3125367.0,0.0,20488517.0,13582650.0,3780500.0,On Time,0,6.0,False
ORD-001835,CUS-0037,2025-11-22,2025-12-03,2025-11-26,,Shipped,Website,30,525792.5,94642.65,0.0,620435.15,435250.0,90542.5,Overdue Open Order,272,,True
ORD-001836,CUS-0062,2026-02-21,2026-02-26,,,Cancelled,Direct Sales,45,405900.0,73062.0,0.0,478962.0,298500.0,107400.0,Cancelled,0,,False
ORD-001837,CUS-0006,2025-03-05,2025-03-09,2025-03-11,2025-03-12,Delivered,Direct Sales,15,130387.5,23469.75,0.0,153857.25,90000.0,40387.5,Delayed,3,7.0,False
ORD-001838,CUS-0082,2026-02-17,2026-02-28,2026-02-23,2026-02-28,Delivered,Phone / WhatsApp,30,116730.0,21011.4,0.0,137741.4,79950.0,36780.0,On Time,0,11.0,False
ORD-001839,CUS-0057,2025-11-07,2025-11-19,2025-11-11,2025-11-14,Delivered,Direct Sales,30,913290.0,164392.2,0.0,1077682.2,702000.0,211290.0,On Time,0,7.0,False
ORD-001840,CUS-0094,2025-10-16,2025-10-23,2025-10-23,2025-10-28,Delivered,Tender,45,697855.0,125613.9,0.0,823468.9,522750.0,175105.0,Delayed,5,12.0,False
ORD-001841,CUS-0017,2025-10-28,2025-11-12,2025-11-04,2025-11-08,Delivered,Direct Sales,30,123517.5,22233.15,0.0,145750.65,87600.0,35917.5,On Time,0,11.0,False
ORD-001842,CUS-0098,2025-12-02,2025-12-16,2025-12-07,2025-12-09,Delivered,Direct Sales,45,1323761.25,238277.02,0.0,1562038.27,992000.0,331761.25,On Time,0,7.0,False
ORD-001843,CUS-0074,2026-05-27,2026-06-08,2026-05-30,2026-05-31,Delivered,Direct Sales,30,9958527.5,1792534.95,0.0,11751062.45,8182700.0,1775827.5,On Time,0,4.0,False
ORD-001844,CUS-0116,2026-08-05,2026-08-20,2026-08-08,2026-08-13,Delivered,Direct Sales,30,1142251.25,205605.23,0.0,1347856.48,867400.0,274851.25,On Time,0,8.0,False
ORD-001845,CUS-0050,2025-08-16,2025-08-30,2025-08-17,2025-08-22,Delivered,Corporate Account,60,1331066.25,239591.92,0.0,1570658.18,1004850.0,326216.25,On Time,0,6.0,False
ORD-001846,CUS-0039,2025-05-23,2025-06-03,,,Processing,Direct Sales,30,410437.5,73878.75,0.0,484316.25,292200.0,118237.5,Overdue Open Order,455,,True
ORD-001847,CUS-0008,2026-03-09,2026-03-23,2026-03-10,2026-03-14,Delivered,Phone / WhatsApp,45,1445607.5,260209.35,0.0,1705816.85,1100800.0,344807.5,On Time,0,5.0,False
ORD-001848,CUS-0009,2025-12-03,2025-12-11,2025-12-04,2025-12-06,Delivered,Direct Sales,30,450130.0,81023.4,0.0,531153.4,326500.0,123630.0,On Time,0,3.0,False
ORD-001849,CUS-0067,2025-03-25,2025-03-30,2025-03-27,,Shipped,Direct Sales,60,2590520.0,466293.6,0.0,3056813.6,1972100.0,618420.0,Overdue Open Order,520,,True
ORD-001850,CUS-0089,2025-12-20,2025-12-26,2025-12-22,2025-12-26,Delivered,Website,45,4132025.0,743764.5,0.0,4875789.5,3186100.0,945925.0,On Time,0,6.0,False
ORD-001851,CUS-0055,2025-03-23,2025-04-02,2025-03-29,2025-04-01,Delivered,Corporate Account,60,1295142.5,233125.65,0.0,1528268.15,972500.0,322642.5,On Time,0,9.0,False
ORD-001852,CUS-0047,2025-11-04,2025-11-16,2025-11-06,2025-11-09,Delivered,Direct Sales,30,166037.5,29886.75,0.0,195924.25,123500.0,42537.5,On Time,0,5.0,False
ORD-001853,CUS-0075,2026-08-20,2026-09-01,2026-08-24,2026-08-25,Delivered,Corporate Account,30,2356912.5,424244.25,0.0,2781156.75,1709000.0,647912.5,On Time,0,5.0,False
ORD-001854,CUS-0102,2026-05-04,2026-05-15,2026-05-11,2026-05-15,Delivered,Direct Sales,45,243945.0,43910.1,0.0,287855.1,181800.0,62145.0,On Time,0,11.0,False
ORD-001855,CUS-0055,2025-11-14,2025-11-28,2025-11-18,2025-11-20,Delivered,Direct Sales,60,1029990.0,185398.2,0.0,1215388.2,729350.0,300640.0,On Time,0,6.0,False
ORD-001856,CUS-0115,2026-05-27,2026-06-04,2026-05-28,,Shipped,Website,30,562457.5,101242.35,0.0,663699.85,459600.0,102857.5,Overdue Open Order,89,,True
ORD-001857,CUS-0072,2025-04-30,2025-05-13,,,Confirmed,Website,45,4211335.0,758040.3,0.0,4969375.3,3538900.0,672435.0,Overdue Open Order,476,,True
ORD-001858,CUS-0120,2026-03-29,2026-04-03,2026-04-04,2026-04-05,Delivered,Corporate Account,30,104720.0,18849.6,0.0,123569.6,66250.0,38470.0,Delayed,2,7.0,False
ORD-001859,CUS-0099,2026-06-16,2026-06-24,,,Processing,Direct Sales,15,225958.75,40672.57,0.0,266631.33,151550.0,74408.75,Overdue Open Order,69,,True
ORD-001860,CUS-0001,2026-05-02,2026-05-07,2026-05-05,2026-05-09,Delivered,Direct Sales,45,2284758.75,411256.58,0.0,2696015.33,1685550.0,599208.75,Delayed,2,7.0,False
ORD-001861,CUS-0102,2025-08-06,2025-08-16,2025-08-07,2025-08-12,Delivered,Corporate Account,45,1045050.0,188109.0,0.0,1233159.0,832600.0,212450.0,On Time,0,6.0,False
ORD-001862,CUS-0024,2026-03-12,2026-03-25,2026-03-16,2026-03-17,Delivered,Phone / WhatsApp,60,5966448.75,1073960.77,0.0,7040409.53,4798450.0,1167998.75,On Time,0,5.0,False
ORD-001863,CUS-0060,2025-03-21,2025-03-31,2025-03-26,2025-03-31,Delivered,Direct Sales,15,2590.0,466.2,3000.0,6056.2,1650.0,940.0,On Time,0,10.0,False
ORD-001864,CUS-0119,2025-04-27,2025-05-02,2025-04-29,,Shipped,Corporate Account,30,26647.5,4796.55,3000.0,34444.05,19450.0,7197.5,Overdue Open Order,487,,True
ORD-001865,CUS-0039,2026-02-24,2026-03-10,2026-03-03,2026-03-05,Delivered,Corporate Account,30,1981108.75,356599.58,0.0,2337708.33,1440800.0,540308.75,On Time,0,9.0,False
ORD-001866,CUS-0052,2026-06-08,2026-06-14,,,Confirmed,Direct Sales,45,108933.75,19608.08,0.0,128541.82,75750.0,33183.75,Overdue Open Order,79,,True
ORD-001867,CUS-0045,2026-04-09,2026-04-15,2026-04-13,2026-04-17,Delivered,Direct Sales,60,2738350.0,492903.0,0.0,3231253.0,2191400.0,546950.0,Delayed,2,8.0,False
ORD-001868,CUS-0026,2025-03-10,2025-03-25,2025-03-14,2025-03-15,Delivered,Corporate Account,30,317402.5,57132.45,0.0,374534.95,245550.0,71852.5,On Time,0,5.0,False
ORD-001869,CUS-0094,2026-06-23,2026-07-08,2026-06-30,2026-07-05,Delivered,Corporate Account,45,445915.0,80264.7,0.0,526179.7,345300.0,100615.0,On Time,0,12.0,False
ORD-001870,CUS-0083,2025-09-12,2025-09-19,2025-09-13,2025-09-15,Delivered,Direct Sales,30,835276.25,150349.73,0.0,985625.97,634250.0,201026.25,On Time,0,3.0,False
ORD-001871,CUS-0008,2025-06-22,2025-07-04,2025-06-29,2025-07-01,Delivered,Direct Sales,45,448426.25,80716.72,0.0,529142.97,319500.0,128926.25,On Time,0,9.0,False
ORD-001872,CUS-0120,2025-09-04,2025-09-11,2025-09-08,2025-09-11,Delivered,Corporate Account,30,1890402.5,340272.45,0.0,2230674.95,1459200.0,431202.5,On Time,0,7.0,False
ORD-001873,CUS-0004,2026-05-15,2026-05-29,2026-05-21,2026-05-24,Delivered,Direct Sales,30,207575.0,37363.5,0.0,244938.5,136800.0,70775.0,On Time,0,9.0,False
ORD-001874,CUS-0024,2025-12-29,2026-01-10,,,Pending,Direct Sales,60,1365556.25,245800.12,0.0,1611356.38,1010300.0,355256.25,Overdue Open Order,234,,True
ORD-001875,CUS-0069,2026-04-28,2026-05-09,2026-05-04,2026-05-08,Delivered,Tender,30,1041885.0,187539.3,0.0,1229424.3,793000.0,248885.0,On Time,0,10.0,False
ORD-001876,CUS-0110,2026-06-03,2026-06-08,2026-06-09,2026-06-14,Delivered,Direct Sales,30,1033163.75,185969.48,0.0,1219133.23,790050.0,243113.75,Delayed,6,11.0,False
ORD-001877,CUS-0025,2025-06-25,2025-07-07,2025-06-27,2025-06-30,Delivered,Direct Sales,15,40280.0,7250.4,3000.0,50530.4,26000.0,14280.0,On Time,0,5.0,False
ORD-001878,CUS-0102,2025-05-01,2025-05-16,2025-05-02,2025-05-05,Delivered,Website,45,833581.25,150044.62,0.0,983625.88,595850.0,237731.25,On Time,0,4.0,False
ORD-001879,CUS-0113,2025-07-05,2025-07-16,2025-07-12,2025-07-17,Delivered,Corporate Account,60,2348920.0,422805.6,0.0,2771725.6,1634600.0,714320.0,Delayed,1,12.0,False
ORD-001880,CUS-0076,2026-03-12,2026-03-16,2026-03-14,2026-03-17,Delivered,Direct Sales,45,781107.5,140599.35,0.0,921706.85,595150.0,185957.5,Delayed,1,5.0,False
ORD-001881,CUS-0021,2025-07-07,2025-07-14,,,Confirmed,Direct Sales,30,170473.75,30685.27,0.0,201159.02,122450.0,48023.75,Overdue Open Order,414,,True
ORD-001882,CUS-0056,2026-06-06,2026-06-21,2026-06-08,2026-06-10,Delivered,Phone / WhatsApp,45,529350.0,95283.0,0.0,624633.0,378200.0,151150.0,On Time,0,4.0,False
ORD-001883,CUS-0116,2026-07-06,2026-07-18,2026-07-08,2026-07-11,Delivered,Tender,30,345607.5,62209.35,0.0,407816.85,283500.0,62107.5,On Time,0,5.0,False
ORD-001884,CUS-0066,2026-08-31,2026-09-08,2026-09-01,2026-09-01,Delivered,Corporate Account,30,1652998.75,297539.77,0.0,1950538.52,1312800.0,340198.75,On Time,0,1.0,False
ORD-001885,CUS-0118,2026-04-08,2026-04-12,2026-04-09,2026-04-12,Delivered,Website,30,306755.0,55215.9,0.0,361970.9,225250.0,81505.0,On Time,0,4.0,False
ORD-001886,CUS-0112,2025-03-10,2025-03-23,2025-03-14,,Shipped,Phone / WhatsApp,15,421107.5,75799.35,0.0,496906.85,304800.0,116307.5,Overdue Open Order,527,,True
ORD-001887,CUS-0120,2025-10-15,2025-10-27,2025-10-18,2025-10-19,Delivered,Direct Sales,30,969265.0,174467.7,0.0,1143732.7,723200.0,246065.0,On Time,0,4.0,False
ORD-001888,CUS-0001,2025-12-19,2025-12-28,2025-12-22,2025-12-26,Partially Returned,Tender,45,2336395.0,420551.1,0.0,2756946.1,1771750.0,564645.0,On Time,0,7.0,False
ORD-001889,CUS-0108,2026-06-01,2026-06-13,2026-06-04,2026-06-07,Delivered,Website,45,790360.0,142264.8,0.0,932624.8,615100.0,175260.0,On Time,0,6.0,False
ORD-001890,CUS-0103,2026-08-14,2026-08-22,2026-08-18,2026-08-21,Partially Returned,Phone / WhatsApp,30,1490668.75,268320.38,0.0,1758989.12,1143400.0,347268.75,On Time,0,7.0,False
ORD-001891,CUS-0113,2025-08-30,2025-09-03,2025-09-03,2025-09-06,Delivered,Phone / WhatsApp,60,1574600.0,283428.0,0.0,1858028.0,1130600.0,444000.0,Delayed,3,7.0,False
ORD-001892,CUS-0043,2026-08-08,2026-08-23,2026-08-15,2026-08-16,Delivered,Tender,45,1318035.0,237246.3,0.0,1555281.3,947750.0,370285.0,On Time,0,8.0,False
ORD-001893,CUS-0043,2025-11-14,2025-11-20,2025-11-19,2025-11-23,Delivered,Phone / WhatsApp,45,1347092.5,242476.65,0.0,1589569.15,1020650.0,326442.5,Delayed,3,9.0,False
ORD-001894,CUS-0081,2025-03-06,2025-03-20,2025-03-11,2025-03-15,Returned,Website,60,1115171.25,200730.82,0.0,1315902.07,825950.0,289221.25,On Time,0,9.0,False
ORD-001895,CUS-0055,2026-06-17,2026-06-28,2026-06-18,2026-06-20,Delivered,Direct Sales,60,8187905.0,1473822.9,0.0,9661727.9,6840200.0,1347705.0,On Time,0,3.0,False
ORD-001896,CUS-0012,2025-04-10,2025-04-18,2025-04-12,,Shipped,Website,30,378575.0,68143.5,0.0,446718.5,256350.0,122225.0,Overdue Open Order,501,,True
ORD-001897,CUS-0090,2026-01-03,2026-01-13,2026-01-04,2026-01-05,Delivered,Website,30,417570.0,75162.6,0.0,492732.6,289250.0,128320.0,On Time,0,2.0,False
ORD-001898,CUS-0086,2026-05-21,2026-05-28,2026-05-25,,Shipped,Corporate Account,15,67080.0,12074.4,2000.0,81154.4,43250.0,23830.0,Overdue Open Order,96,,True
ORD-001899,CUS-0076,2025-08-15,2025-08-29,2025-08-19,2025-08-23,Delivered,Corporate Account,45,434542.5,78217.65,0.0,512760.15,304800.0,129742.5,On Time,0,8.0,False
ORD-001900,CUS-0081,2026-05-30,2026-06-11,2026-06-01,2026-06-04,Returned,Direct Sales,60,2239552.5,403119.45,0.0,2642671.95,1851300.0,388252.5,On Time,0,5.0,False
ORD-001901,CUS-0035,2026-05-01,2026-05-15,2026-05-08,2026-05-13,Delivered,Corporate Account,30,2368941.25,426409.42,0.0,2795350.67,1748450.0,620491.25,On Time,0,12.0,False
ORD-001902,CUS-0108,2025-08-01,2025-08-08,2025-08-07,2025-08-11,Delivered,Direct Sales,45,563355.0,101403.9,0.0,664758.9,421500.0,141855.0,Delayed,3,10.0,False
ORD-001903,CUS-0092,2025-07-05,2025-07-11,2025-07-11,,Shipped,Tender,30,193746.25,34874.32,0.0,228620.58,154250.0,39496.25,Overdue Open Order,417,,True
ORD-001904,CUS-0038,2026-08-26,2026-08-31,2026-08-27,,Shipped,Corporate Account,45,353430.0,63617.4,0.0,417047.4,272300.0,81130.0,Overdue Open Order,1,,True
ORD-001905,CUS-0083,2026-08-21,2026-09-02,2026-08-24,2026-08-27,Delivered,Direct Sales,30,1527100.0,274878.0,0.0,1801978.0,1087100.0,440000.0,On Time,0,6.0,False
ORD-001906,CUS-0098,2025-03-28,2025-04-07,2025-04-03,2025-04-05,Delivered,Phone / WhatsApp,45,7790.0,1402.2,2500.0,11692.2,5000.0,2790.0,On Time,0,8.0,False
ORD-001907,CUS-0089,2026-05-07,2026-05-13,2026-05-14,2026-05-15,Delivered,Direct Sales,45,414555.0,74619.9,0.0,489174.9,272250.0,142305.0,Delayed,2,8.0,False
ORD-001908,CUS-0037,2026-07-22,2026-07-28,2026-07-28,2026-08-01,Delivered,Corporate Account,30,1563971.25,281514.83,0.0,1845486.07,1183500.0,380471.25,Delayed,4,10.0,False
ORD-001909,CUS-0014,2026-06-10,2026-06-23,2026-06-12,2026-06-16,Delivered,Direct Sales,45,15200.0,2736.0,1500.0,19436.0,9000.0,6200.0,On Time,0,6.0,False
ORD-001910,CUS-0113,2026-08-17,2026-08-23,2026-08-18,2026-08-22,Delivered,Direct Sales,60,2174820.0,391467.6,0.0,2566287.6,1568050.0,606770.0,On Time,0,5.0,False
ORD-001911,CUS-0013,2025-10-31,2025-11-09,2025-11-05,2025-11-10,Delivered,Corporate Account,45,294337.5,52980.75,0.0,347318.25,208050.0,86287.5,Delayed,1,10.0,False
ORD-001912,CUS-0067,2026-08-05,2026-08-18,2026-08-06,,Shipped,Website,60,1218060.0,219250.8,0.0,1437310.8,880050.0,338010.0,Overdue Open Order,14,,True
ORD-001913,CUS-0074,2026-03-08,2026-03-15,2026-03-09,2026-03-12,Delivered,Corporate Account,30,1574112.5,283340.25,0.0,1857452.75,1127550.0,446562.5,On Time,0,4.0,False
ORD-001914,CUS-0035,2025-03-18,2025-03-28,2025-03-23,2025-03-27,Delivered,Website,30,2902357.5,522424.35,0.0,3424781.85,2284700.0,617657.5,On Time,0,9.0,False
ORD-001915,CUS-0038,2026-04-12,2026-04-21,2026-04-14,2026-04-19,Delivered,Tender,45,261590.0,47086.2,0.0,308676.2,204750.0,56840.0,On Time,0,7.0,False
ORD-001916,CUS-0002,2026-08-30,2026-09-05,2026-09-01,2026-09-01,Delivered,Phone / WhatsApp,60,1951503.75,351270.67,0.0,2302774.42,1465950.0,485553.75,On Time,0,2.0,False
ORD-001917,CUS-0035,2026-02-24,2026-03-05,2026-02-26,2026-03-02,Delivered,Corporate Account,30,4941672.5,889501.05,0.0,5831173.55,4298850.0,642822.5,On Time,0,6.0,False
ORD-001918,CUS-0046,2026-04-18,2026-05-01,2026-04-25,2026-04-30,Delivered,Corporate Account,60,1002441.25,180439.42,0.0,1182880.68,707400.0,295041.25,On Time,0,12.0,False
ORD-001919,CUS-0038,2025-11-24,2025-11-30,2025-12-01,2025-12-03,Delivered,Website,45,1232772.5,221899.05,0.0,1454671.55,892450.0,340322.5,Delayed,3,9.0,False
ORD-001920,CUS-0004,2025-06-25,2025-07-07,2025-06-29,2025-07-03,Delivered,Direct Sales,30,1908400.0,343512.0,0.0,2251912.0,1413250.0,495150.0,On Time,0,8.0,False
ORD-001921,CUS-0067,2026-01-22,2026-02-04,2026-01-23,,Shipped,Corporate Account,60,1180200.0,212436.0,0.0,1392636.0,849700.0,330500.0,Overdue Open Order,209,,True
ORD-001922,CUS-0036,2026-01-30,2026-02-09,2026-02-05,2026-02-07,Delivered,Tender,45,2539240.0,457063.2,0.0,2996303.2,1975200.0,564040.0,On Time,0,8.0,False
ORD-001923,CUS-0108,2026-08-13,2026-08-18,,,Processing,Direct Sales,45,315461.25,56783.03,0.0,372244.28,229500.0,85961.25,Overdue Open Order,14,,True
ORD-001924,CUS-0011,2026-01-07,2026-01-20,2026-01-13,2026-01-14,Delivered,Corporate Account,60,5062570.0,911262.6,0.0,5973832.6,4344850.0,717720.0,On Time,0,7.0,False
ORD-001925,CUS-0014,2026-03-10,2026-03-14,2026-03-16,2026-03-17,Delivered,Corporate Account,45,1846940.0,332449.2,0.0,2179389.2,1345600.0,501340.0,Delayed,3,7.0,False
ORD-001926,CUS-0012,2026-02-25,2026-03-08,2026-03-01,2026-03-05,Delivered,Direct Sales,30,440943.75,79369.88,0.0,520313.62,326700.0,114243.75,On Time,0,8.0,False
ORD-001927,CUS-0103,2025-11-30,2025-12-14,2025-12-04,2025-12-06,Delivered,Direct Sales,30,1189340.0,214081.2,0.0,1403421.2,900600.0,288740.0,On Time,0,6.0,False
ORD-001928,CUS-0021,2025-08-13,2025-08-27,2025-08-14,2025-08-18,Delivered,Direct Sales,30,916170.0,164910.6,0.0,1081080.6,656800.0,259370.0,On Time,0,5.0,False
ORD-001929,CUS-0097,2026-08-01,2026-08-15,2026-08-03,2026-08-07,Delivered,Direct Sales,45,324235.0,58362.3,0.0,382597.3,245700.0,78535.0,On Time,0,6.0,False
ORD-001930,CUS-0101,2026-03-07,2026-03-15,2026-03-11,,Shipped,Corporate Account,30,763907.5,137503.35,0.0,901410.85,604250.0,159657.5,Overdue Open Order,170,,True
ORD-001931,CUS-0064,2026-04-29,2026-05-12,2026-05-02,2026-05-05,Delivered,Corporate Account,30,1131387.5,203649.75,0.0,1335037.25,820300.0,311087.5,On Time,0,6.0,False
ORD-001932,CUS-0120,2025-06-12,2025-06-19,2025-06-13,2025-06-17,Delivered,Website,30,3429990.0,617398.2,0.0,4047388.2,2703300.0,726690.0,On Time,0,5.0,False
ORD-001933,CUS-0098,2026-05-01,2026-05-13,,,Confirmed,Phone / WhatsApp,45,357755.0,64395.9,0.0,422150.9,274450.0,83305.0,Overdue Open Order,111,,True
ORD-001934,CUS-0034,2025-09-10,2025-09-16,2025-09-13,2025-09-18,Delivered,Website,30,1844715.0,332048.7,0.0,2176763.7,1382400.0,462315.0,Delayed,2,8.0,False
ORD-001935,CUS-0118,2025-08-13,2025-08-27,2025-08-20,2025-08-23,Delivered,Direct Sales,30,590637.5,106314.75,0.0,696952.25,438950.0,151687.5,On Time,0,10.0,False
ORD-001936,CUS-0044,2026-05-11,2026-05-25,2026-05-12,2026-05-13,Delivered,Tender,60,1451715.0,261308.7,0.0,1713023.7,1137550.0,314165.0,On Time,0,2.0,False
ORD-001937,CUS-0012,2025-03-09,2025-03-16,2025-03-16,2025-03-17,Delivered,Tender,30,1018210.0,183277.8,0.0,1201487.8,792050.0,226160.0,Delayed,1,8.0,False
ORD-001938,CUS-0001,2025-10-10,2025-10-24,,,Confirmed,Phone / WhatsApp,45,1101700.0,198306.0,0.0,1300006.0,839650.0,262050.0,Overdue Open Order,312,,True
ORD-001939,CUS-0013,2026-05-27,2026-06-02,2026-06-01,2026-06-06,Delivered,Phone / WhatsApp,45,21450.0,3861.0,3000.0,28311.0,14000.0,7450.0,Delayed,4,10.0,False
ORD-001940,CUS-0072,2026-04-21,2026-04-25,2026-04-27,2026-04-30,Delivered,Phone / WhatsApp,45,56425.0,10156.5,2500.0,69081.5,40000.0,16425.0,Delayed,5,9.0,False
ORD-001941,CUS-0095,2025-03-19,2025-03-31,2025-03-26,2025-03-31,Delivered,Phone / WhatsApp,45,795307.5,143155.35,0.0,938462.85,575450.0,219857.5,On Time,0,12.0,False
ORD-001942,CUS-0026,2025-03-06,2025-03-12,2025-03-07,2025-03-09,Delivered,Corporate Account,30,533973.75,96115.27,0.0,630089.03,414950.0,119023.75,On Time,0,3.0,False
ORD-001943,CUS-0011,2026-02-08,2026-02-19,2026-02-12,2026-02-17,Delivered,Direct Sales,60,2379260.0,428266.8,0.0,2807526.8,1653900.0,725360.0,On Time,0,9.0,False
ORD-001944,CUS-0043,2026-06-27,2026-07-11,2026-07-04,2026-07-08,Delivered,Website,45,1210471.25,217884.82,0.0,1428356.07,868850.0,341621.25,On Time,0,11.0,False
ORD-001945,CUS-0001,2026-01-06,2026-01-13,2026-01-12,2026-01-16,Delivered,Corporate Account,45,878012.5,158042.25,0.0,1036054.75,629200.0,248812.5,Delayed,3,10.0,False
ORD-001946,CUS-0044,2025-11-10,2025-11-20,2025-11-13,2025-11-16,Delivered,Tender,60,1468320.0,264297.6,0.0,1732617.6,1099500.0,368820.0,On Time,0,6.0,False
ORD-001947,CUS-0037,2026-03-21,2026-04-04,2026-03-27,2026-03-31,Delivered,Direct Sales,30,568360.0,102304.8,0.0,670664.8,406500.0,161860.0,On Time,0,10.0,False
ORD-001948,CUS-0108,2026-01-02,2026-01-17,2026-01-03,2026-01-08,Delivered,Corporate Account,45,783040.0,140947.2,0.0,923987.2,580500.0,202540.0,On Time,0,6.0,False
ORD-001949,CUS-0088,2025-11-08,2025-11-17,2025-11-09,2025-11-13,Delivered,Corporate Account,30,912072.5,164173.05,0.0,1076245.55,674600.0,237472.5,On Time,0,5.0,False
ORD-001950,CUS-0076,2026-01-06,2026-01-20,2026-01-09,2026-01-13,Delivered,Direct Sales,45,923996.25,166319.32,0.0,1090315.57,681200.0,242796.25,On Time,0,7.0,False
ORD-001951,CUS-0063,2025-11-22,2025-11-30,2025-11-25,2025-11-30,Delivered,Corporate Account,30,247147.5,44486.55,0.0,291634.05,164850.0,82297.5,On Time,0,8.0,False
ORD-001952,CUS-0063,2026-06-21,2026-06-26,2026-06-22,2026-06-27,Delivered,Tender,30,428882.5,77198.85,0.0,506081.35,304700.0,124182.5,Delayed,1,6.0,False
ORD-001953,CUS-0046,2025-04-09,2025-04-24,2025-04-13,2025-04-17,Delivered,Corporate Account,60,1946156.25,350308.12,0.0,2296464.38,1501500.0,444656.25,On Time,0,8.0,False
ORD-001954,CUS-0114,2025-07-11,2025-07-16,2025-07-13,2025-07-18,Delivered,Tender,15,276860.0,49834.8,0.0,326694.8,199250.0,77610.0,Delayed,2,7.0,False
ORD-001955,CUS-0110,2025-10-17,2025-10-25,2025-10-22,2025-10-25,Returned,Corporate Account,30,552845.0,99512.1,0.0,652357.1,414500.0,138345.0,On Time,0,8.0,False
ORD-001956,CUS-0052,2026-08-15,2026-08-19,2026-08-19,,Shipped,Direct Sales,45,656252.5,118125.45,0.0,774377.95,480750.0,175502.5,Overdue Open Order,13,,True
ORD-001957,CUS-0112,2026-04-21,2026-04-29,2026-04-26,2026-04-28,Delivered,Corporate Account,15,821777.5,147919.95,0.0,969697.45,641450.0,180327.5,On Time,0,7.0,False
ORD-001958,CUS-0035,2026-02-20,2026-02-27,2026-02-25,2026-02-27,Delivered,Direct Sales,30,3461158.75,623008.57,0.0,4084167.33,2619800.0,841358.75,On Time,0,7.0,False
ORD-001959,CUS-0115,2026-06-09,2026-06-23,2026-06-15,2026-06-19,Delivered,Direct Sales,30,406542.5,73177.65,0.0,479720.15,289000.0,117542.5,On Time,0,10.0,False
ORD-001960,CUS-0092,2025-10-08,2025-10-20,2025-10-14,2025-10-16,Delivered,Corporate Account,30,14400.0,2592.0,2500.0,19492.0,8100.0,6300.0,On Time,0,8.0,False
ORD-001961,CUS-0052,2026-02-07,2026-02-18,2026-02-13,,Shipped,Tender,45,82840.0,14911.2,2000.0,99751.2,62800.0,20040.0,Overdue Open Order,195,,True
ORD-001962,CUS-0088,2025-12-02,2025-12-11,2025-12-09,2025-12-11,Delivered,Direct Sales,30,327976.25,59035.72,0.0,387011.97,239800.0,88176.25,On Time,0,9.0,False
ORD-001963,CUS-0046,2025-11-18,2025-12-03,,,Confirmed,Corporate Account,60,1109746.25,199754.32,0.0,1309500.57,804300.0,305446.25,Overdue Open Order,272,,True
ORD-001964,CUS-0004,2026-01-12,2026-01-27,2026-01-13,2026-01-17,Delivered,Direct Sales,30,1278620.0,230151.6,0.0,1508771.6,964000.0,314620.0,On Time,0,5.0,False
ORD-001965,CUS-0103,2026-04-09,2026-04-22,2026-04-11,2026-04-13,Delivered,Tender,30,900557.5,162100.35,0.0,1062657.85,673300.0,227257.5,On Time,0,4.0,False
ORD-001966,CUS-0052,2026-02-27,2026-03-06,2026-03-05,2026-03-09,Delivered,Corporate Account,45,343156.25,61768.12,0.0,404924.38,261150.0,82006.25,Delayed,3,10.0,False
ORD-001967,CUS-0024,2025-05-06,2025-05-17,2025-05-13,2025-05-16,Delivered,Direct Sales,60,455752.5,82035.45,0.0,537787.95,314550.0,141202.5,On Time,0,10.0,False
ORD-001968,CUS-0063,2026-06-22,2026-06-28,,,Processing,Phone / WhatsApp,30,534195.0,96155.1,0.0,630350.1,375550.0,158645.0,Overdue Open Order,65,,True
ORD-001969,CUS-0112,2025-10-23,2025-11-06,2025-10-30,2025-11-03,Delivered,Website,15,274760.0,49456.8,0.0,324216.8,183200.0,91560.0,On Time,0,11.0,False
ORD-001970,CUS-0109,2025-12-25,2026-01-02,,,Processing,Direct Sales,15,96315.0,17336.7,2000.0,115651.7,69850.0,26465.0,Overdue Open Order,242,,True
ORD-001971,CUS-0062,2026-05-27,2026-06-05,,,Cancelled,Corporate Account,45,363667.5,65460.15,0.0,429127.65,283100.0,80567.5,Cancelled,0,,False
ORD-001972,CUS-0070,2025-05-21,2025-05-30,2025-05-25,2025-05-30,Delivered,Phone / WhatsApp,15,237037.5,42666.75,0.0,279704.25,174800.0,62237.5,On Time,0,9.0,False
ORD-001973,CUS-0005,2025-09-25,2025-10-08,2025-09-30,2025-10-01,Delivered,Phone / WhatsApp,30,425625.0,76612.5,0.0,502237.5,339400.0,86225.0,On Time,0,6.0,False
ORD-001974,CUS-0002,2025-11-14,2025-11-22,,,Processing,Corporate Account,60,1022025.0,183964.5,0.0,1205989.5,775200.0,246825.0,Overdue Open Order,283,,True
ORD-001975,CUS-0050,2025-06-04,2025-06-13,2025-06-10,,Shipped,Corporate Account,60,3545047.5,638108.55,0.0,4183156.05,2703900.0,841147.5,Overdue Open Order,445,,True
ORD-001976,CUS-0010,2025-11-21,2025-12-03,2025-11-22,2025-11-27,Delivered,Direct Sales,30,425037.5,76506.75,0.0,501544.25,332300.0,92737.5,On Time,0,6.0,False
ORD-001977,CUS-0058,2026-07-12,2026-07-24,2026-07-14,2026-07-16,Delivered,Corporate Account,45,2014950.0,362691.0,0.0,2377641.0,1489600.0,525350.0,On Time,0,4.0,False
ORD-001978,CUS-0035,2026-06-27,2026-07-02,2026-07-04,2026-07-09,Delivered,Website,30,4350438.75,783078.97,0.0,5133517.72,3276850.0,1073588.75,Delayed,7,12.0,False
ORD-001979,CUS-0039,2026-08-30,2026-09-03,2026-09-01,2026-09-01,Partially Returned,Tender,30,1287110.0,231679.8,0.0,1518789.8,934150.0,352960.0,On Time,0,2.0,False
ORD-001980,CUS-0116,2026-07-01,2026-07-05,2026-07-04,2026-07-06,Delivered,Tender,30,1155070.0,207912.6,0.0,1362982.6,895150.0,259920.0,Delayed,1,5.0,False
ORD-001981,CUS-0090,2025-12-05,2025-12-17,2025-12-12,2025-12-16,Delivered,Direct Sales,30,5475860.0,985654.8,0.0,6461514.8,4237600.0,1238260.0,On Time,0,11.0,False
ORD-001982,CUS-0084,2026-01-29,2026-02-11,,,Processing,Corporate Account,30,521992.5,93958.65,0.0,615951.15,373600.0,148392.5,Overdue Open Order,202,,True
ORD-001983,CUS-0102,2026-04-12,2026-04-26,2026-04-17,,Shipped,Direct Sales,45,1647825.0,296608.5,0.0,1944433.5,1242700.0,405125.0,Overdue Open Order,128,,True
ORD-001984,CUS-0009,2025-07-05,2025-07-10,2025-07-10,2025-07-12,Delivered,Corporate Account,30,174581.25,31424.62,0.0,206005.88,118100.0,56481.25,Delayed,2,7.0,False
ORD-001985,CUS-0024,2026-07-03,2026-07-07,2026-07-04,,Shipped,Direct Sales,60,2450476.25,441085.72,0.0,2891561.98,1784200.0,666276.25,Overdue Open Order,56,,True
ORD-001986,CUS-0062,2025-10-30,2025-11-09,2025-11-03,2025-11-08,Delivered,Corporate Account,45,661175.0,119011.5,0.0,780186.5,501900.0,159275.0,On Time,0,9.0,False
ORD-001987,CUS-0058,2025-12-09,2025-12-21,2025-12-11,2025-12-16,Delivered,Direct Sales,45,3796838.75,683430.97,0.0,4480269.72,2783550.0,1013288.75,On Time,0,7.0,False
ORD-001988,CUS-0053,2026-06-23,2026-07-07,2026-06-30,2026-07-04,Delivered,Corporate Account,45,544742.5,98053.65,0.0,642796.15,395550.0,149192.5,On Time,0,11.0,False
ORD-001989,CUS-0116,2025-11-07,2025-11-19,2025-11-09,2025-11-10,Delivered,Corporate Account,30,728365.0,131105.7,0.0,859470.7,611400.0,116965.0,On Time,0,3.0,False
ORD-001990,CUS-0094,2025-12-27,2025-12-31,2026-01-03,2026-01-06,Delivered,Direct Sales,45,1307985.0,235437.3,0.0,1543422.3,981000.0,326985.0,Delayed,6,10.0,False
ORD-001991,CUS-0012,2026-04-26,2026-05-02,,,Cancelled,Direct Sales,30,497418.75,89535.38,0.0,586954.12,383250.0,114168.75,Cancelled,0,,False
ORD-001992,CUS-0069,2025-03-02,2025-03-07,2025-03-06,,Shipped,Corporate Account,30,991288.75,178431.98,0.0,1169720.73,771050.0,220238.75,Overdue Open Order,543,,True
ORD-001993,CUS-0012,2026-03-08,2026-03-21,2026-03-15,2026-03-20,Delivered,Direct Sales,30,154400.0,27792.0,0.0,182192.0,101600.0,52800.0,On Time,0,12.0,False
ORD-001994,CUS-0036,2026-07-13,2026-07-20,2026-07-18,2026-07-22,Delivered,Tender,45,479100.0,86238.0,0.0,565338.0,369000.0,110100.0,Delayed,2,9.0,False
ORD-001995,CUS-0096,2026-04-16,2026-04-26,2026-04-17,2026-04-22,Delivered,Phone / WhatsApp,30,1272250.0,229005.0,0.0,1501255.0,897400.0,374850.0,On Time,0,6.0,False
ORD-001996,CUS-0032,2025-03-09,2025-03-19,2025-03-11,2025-03-13,Delivered,Corporate Account,30,302685.0,54483.3,0.0,357168.3,225200.0,77485.0,On Time,0,4.0,False
ORD-001997,CUS-0120,2025-11-16,2025-11-24,2025-11-18,2025-11-22,Delivered,Corporate Account,30,1300290.0,234052.2,0.0,1534342.2,1064050.0,236240.0,On Time,0,6.0,False
ORD-001998,CUS-0050,2026-03-04,2026-03-14,2026-03-08,2026-03-13,Delivered,Direct Sales,60,3700920.0,666165.6,0.0,4367085.6,2904800.0,796120.0,On Time,0,9.0,False
ORD-001999,CUS-0056,2025-12-19,2025-12-25,2025-12-23,2025-12-27,Delivered,Website,45,688450.0,123921.0,0.0,812371.0,485400.0,203050.0,Delayed,2,8.0,False
ORD-002000,CUS-0064,2026-06-08,2026-06-22,2026-06-14,2026-06-17,Delivered,Direct Sales,30,1031031.25,185585.62,0.0,1216616.88,777000.0,254031.25,On Time,0,9.0,False
ORD-002001,CUS-0074,2026-06-21,2026-06-26,2026-06-22,,Shipped,Tender,30,2390412.5,430274.25,0.0,2820686.75,1773450.0,616962.5,Overdue Open Order,67,,True
ORD-002002,CUS-0035,2025-06-29,2025-07-03,2025-06-30,2025-07-03,Delivered,Tender,30,3802350.0,684423.0,0.0,4486773.0,2991050.0,811300.0,On Time,0,4.0,False
ORD-002003,CUS-0046,2025-11-13,2025-11-24,2025-11-16,2025-11-18,Delivered,Direct Sales,60,1761453.75,317061.67,0.0,2078515.43,1360500.0,400953.75,On Time,0,5.0,False
ORD-002004,CUS-0102,2026-02-08,2026-02-19,2026-02-13,2026-02-18,Delivered,Corporate Account,45,783135.0,140964.3,0.0,924099.3,578300.0,204835.0,On Time,0,10.0,False
ORD-002005,CUS-0024,2025-11-21,2025-11-30,2025-11-28,2025-11-29,Delivered,Corporate Account,60,703006.25,126541.12,0.0,829547.38,515000.0,188006.25,On Time,0,8.0,False
ORD-002006,CUS-0071,2026-03-27,2026-04-10,2026-03-31,2026-04-04,Delivered,Direct Sales,30,53557.5,9640.35,2000.0,65197.85,38100.0,15457.5,On Time,0,8.0,False
ORD-002007,CUS-0120,2025-07-04,2025-07-17,2025-07-08,2025-07-11,Delivered,Corporate Account,30,2129400.0,383292.0,0.0,2512692.0,1577150.0,552250.0,On Time,0,7.0,False
ORD-002008,CUS-0040,2026-03-11,2026-03-24,2026-03-18,2026-03-19,Delivered,Direct Sales,30,72345.0,13022.1,1500.0,86867.1,45500.0,26845.0,On Time,0,8.0,False
ORD-002009,CUS-0045,2025-03-06,2025-03-11,,,Processing,Corporate Account,60,3344690.0,602044.2,0.0,3946734.2,2506850.0,837840.0,Overdue Open Order,539,,True
ORD-002010,CUS-0049,2025-08-10,2025-08-21,,,Processing,Corporate Account,45,993293.75,178792.88,0.0,1172086.62,742450.0,250843.75,Overdue Open Order,376,,True
ORD-002011,CUS-0067,2025-05-09,2025-05-18,2025-05-14,2025-05-19,Delivered,Direct Sales,60,3119340.0,561481.2,0.0,3680821.2,2278200.0,841140.0,Delayed,1,10.0,False
ORD-002012,CUS-0043,2025-12-30,2026-01-09,2026-01-06,2026-01-10,Delivered,Phone / WhatsApp,45,515315.0,92756.7,0.0,608071.7,383700.0,131615.0,Delayed,1,11.0,False
ORD-002013,CUS-0035,2025-09-08,2025-09-14,2025-09-14,2025-09-15,Delivered,Phone / WhatsApp,30,3065831.25,551849.62,0.0,3617680.88,2369800.0,696031.25,Delayed,1,7.0,False
ORD-002014,CUS-0043,2026-08-31,2026-09-10,2026-09-01,2026-09-01,Partially Returned,Website,45,14365047.5,2585708.55,0.0,16950756.05,11297300.0,3067747.5,On Time,0,1.0,False
ORD-002015,CUS-0117,2026-02-10,2026-02-20,,,Pending,Corporate Account,30,480370.0,86466.6,0.0,566836.6,326950.0,153420.0,Overdue Open Order,193,,True
ORD-002016,CUS-0099,2026-03-08,2026-03-13,,,Confirmed,Direct Sales,15,152627.5,27472.95,0.0,180100.45,110600.0,42027.5,Overdue Open Order,172,,True
ORD-002017,CUS-0098,2026-05-23,2026-06-04,2026-05-26,2026-05-30,Delivered,Tender,45,341760.0,61516.8,0.0,403276.8,236300.0,105460.0,On Time,0,7.0,False
ORD-002018,CUS-0076,2025-07-20,2025-07-29,2025-07-27,,Shipped,Phone / WhatsApp,45,5318981.25,957416.62,0.0,6276397.88,4585500.0,733481.25,Overdue Open Order,399,,True
ORD-002019,CUS-0090,2025-11-04,2025-11-17,2025-11-11,,Shipped,Phone / WhatsApp,30,379500.0,68310.0,0.0,447810.0,237600.0,141900.0,Overdue Open Order,288,,True
ORD-002020,CUS-0115,2025-05-27,2025-06-01,2025-05-31,2025-06-02,Delivered,Phone / WhatsApp,30,278135.0,50064.3,0.0,328199.3,211650.0,66485.0,Delayed,1,6.0,False
ORD-002021,CUS-0070,2026-04-17,2026-05-02,,,Confirmed,Direct Sales,15,576540.0,103777.2,0.0,680317.2,421900.0,154640.0,Overdue Open Order,122,,True
ORD-002022,CUS-0076,2026-04-10,2026-04-16,2026-04-15,2026-04-19,Delivered,Direct Sales,45,39615.0,7130.7,2000.0,48745.7,30300.0,9315.0,Delayed,3,9.0,False
ORD-002023,CUS-0093,2026-07-23,2026-08-06,2026-07-25,2026-07-29,Delivered,Corporate Account,30,410570.0,73902.6,0.0,484472.6,299150.0,111420.0,On Time,0,6.0,False
ORD-002024,CUS-0038,2025-04-14,2025-04-22,2025-04-20,2025-04-23,Delivered,Direct Sales,45,603112.5,108560.25,0.0,711672.75,440550.0,162562.5,Delayed,1,9.0,False
ORD-002025,CUS-0103,2026-04-13,2026-04-17,2026-04-18,,Shipped,Corporate Account,30,2145466.25,386183.92,0.0,2531650.17,1575400.0,570066.25,Overdue Open Order,137,,True
ORD-002026,CUS-0005,2026-02-23,2026-03-09,2026-02-24,2026-02-27,Returned,Tender,30,4987211.25,897698.03,0.0,5884909.28,4215150.0,772061.25,On Time,0,4.0,False
ORD-002027,CUS-0107,2026-03-03,2026-03-07,,,Confirmed,Website,15,59400.0,10692.0,3000.0,73092.0,42000.0,17400.0,Overdue Open Order,178,,True
ORD-002028,CUS-0036,2025-08-06,2025-08-13,,,Pending,Tender,45,1831627.5,329692.95,0.0,2161320.45,1331600.0,500027.5,Overdue Open Order,384,,True
ORD-002029,CUS-0010,2026-05-03,2026-05-15,2026-05-04,2026-05-08,Delivered,Phone / WhatsApp,30,715402.5,128772.45,0.0,844174.95,535100.0,180302.5,On Time,0,5.0,False
ORD-002030,CUS-0050,2025-12-09,2025-12-14,2025-12-10,2025-12-13,Delivered,Corporate Account,60,378650.0,68157.0,0.0,446807.0,268400.0,110250.0,On Time,0,4.0,False
ORD-002031,CUS-0095,2026-07-31,2026-08-08,,,Processing,Phone / WhatsApp,45,2444297.5,439973.55,0.0,2884271.05,1803700.0,640597.5,Overdue Open Order,24,,True
ORD-002032,CUS-0088,2025-11-11,2025-11-19,2025-11-16,2025-11-19,Delivered,Website,30,681325.0,122638.5,0.0,803963.5,502400.0,178925.0,On Time,0,8.0,False
ORD-002033,CUS-0064,2026-06-07,2026-06-21,2026-06-08,2026-06-09,Delivered,Direct Sales,30,847720.0,152589.6,0.0,1000309.6,663950.0,183770.0,On Time,0,2.0,False
ORD-002034,CUS-0097,2025-03-25,2025-04-03,2025-03-28,2025-03-29,Delivered,Phone / WhatsApp,45,148975.0,26815.5,0.0,175790.5,111100.0,37875.0,On Time,0,4.0,False
ORD-002035,CUS-0120,2025-07-31,2025-08-12,2025-08-06,2025-08-08,Delivered,Phone / WhatsApp,30,2325030.0,418505.4,0.0,2743535.4,1704350.0,620680.0,On Time,0,8.0,False
ORD-002036,CUS-0054,2025-10-20,2025-11-01,,,Processing,Direct Sales,15,1499865.0,269975.7,0.0,1769840.7,1225400.0,274465.0,Overdue Open Order,304,,True
ORD-002037,CUS-0062,2025-04-22,2025-04-28,2025-04-27,2025-04-30,Delivered,Phone / WhatsApp,45,1001103.75,180198.67,0.0,1181302.43,718900.0,282203.75,Delayed,2,8.0,False
ORD-002038,CUS-0005,2025-11-14,2025-11-23,2025-11-16,2025-11-19,Delivered,Corporate Account,30,2907955.0,523431.9,0.0,3431386.9,2299500.0,608455.0,On Time,0,5.0,False
ORD-002039,CUS-0001,2026-08-21,2026-09-04,2026-08-24,2026-08-29,Delivered,Corporate Account,45,1939060.0,349030.8,0.0,2288090.8,1482450.0,456610.0,On Time,0,8.0,False
ORD-002040,CUS-0056,2026-05-20,2026-05-31,2026-05-27,2026-05-31,Delivered,Phone / WhatsApp,45,354740.0,63853.2,0.0,418593.2,239600.0,115140.0,On Time,0,11.0,False
ORD-002041,CUS-0002,2026-06-30,2026-07-09,2026-07-02,2026-07-05,Delivered,Corporate Account,60,944760.0,170056.8,0.0,1114816.8,691800.0,252960.0,On Time,0,5.0,False
ORD-002042,CUS-0089,2025-07-09,2025-07-20,,,Confirmed,Website,45,2265941.25,407869.42,0.0,2673810.67,1665300.0,600641.25,Overdue Open Order,408,,True
ORD-002043,CUS-0069,2026-04-11,2026-04-24,2026-04-15,2026-04-17,Delivered,Direct Sales,30,507025.0,91264.5,0.0,598289.5,337800.0,169225.0,On Time,0,6.0,False
ORD-002044,CUS-0036,2025-06-01,2025-06-15,2025-06-03,2025-06-06,Delivered,Phone / WhatsApp,45,2088990.0,376018.2,0.0,2465008.2,1659600.0,429390.0,On Time,0,5.0,False
ORD-002045,CUS-0049,2026-05-10,2026-05-14,,,Cancelled,Corporate Account,45,862182.5,155192.85,0.0,1017375.35,552250.0,309932.5,Cancelled,0,,False
ORD-002046,CUS-0036,2025-09-25,2025-10-06,2025-09-27,,Shipped,Direct Sales,45,2311196.25,416015.33,0.0,2727211.58,1696600.0,614596.25,Overdue Open Order,330,,True
ORD-002047,CUS-0078,2026-08-03,2026-08-17,2026-08-05,2026-08-07,Delivered,Website,15,692408.75,124633.57,0.0,817042.32,526850.0,165558.75,On Time,0,4.0,False
ORD-002048,CUS-0057,2026-01-17,2026-01-25,2026-01-24,2026-01-29,Delivered,Corporate Account,30,165905.0,29862.9,0.0,195767.9,123300.0,42605.0,Delayed,4,12.0,False
ORD-002049,CUS-0117,2026-01-25,2026-01-30,,,Confirmed,Direct Sales,30,469523.75,84514.27,0.0,554038.03,322850.0,146673.75,Overdue Open Order,214,,True
ORD-002050,CUS-0039,2025-06-04,2025-06-13,2025-06-09,2025-06-13,Delivered,Corporate Account,30,493632.5,88853.85,0.0,582486.35,379500.0,114132.5,On Time,0,9.0,False
ORD-002051,CUS-0109,2026-02-25,2026-03-04,2026-03-01,2026-03-06,Delivered,Direct Sales,15,251250.0,45225.0,0.0,296475.0,181500.0,69750.0,Delayed,2,9.0,False
ORD-002052,CUS-0023,2026-08-13,2026-08-19,,,Cancelled,Corporate Account,15,2660.0,478.8,2500.0,5638.8,1650.0,1010.0,Cancelled,0,,False
ORD-002053,CUS-0100,2026-01-22,2026-01-28,2026-01-25,,Shipped,Direct Sales,45,1013212.5,182378.25,0.0,1195590.75,808400.0,204812.5,Overdue Open Order,216,,True
ORD-002054,CUS-0052,2025-12-02,2025-12-06,2025-12-05,,Shipped,Website,45,1234910.0,222283.8,0.0,1457193.8,910600.0,324310.0,Overdue Open Order,269,,True
ORD-002055,CUS-0002,2025-07-24,2025-08-01,2025-07-30,2025-08-04,Delivered,Corporate Account,60,1565608.75,281809.58,0.0,1847418.32,1098850.0,466758.75,Delayed,3,11.0,False
ORD-002056,CUS-0094,2025-05-21,2025-05-27,2025-05-27,2025-05-29,Delivered,Direct Sales,45,502005.0,90360.9,0.0,592365.9,361950.0,140055.0,Delayed,2,8.0,False
ORD-002057,CUS-0063,2026-02-14,2026-02-26,2026-02-20,2026-02-22,Delivered,Corporate Account,30,666317.5,119937.15,0.0,786254.65,493750.0,172567.5,On Time,0,8.0,False
ORD-002058,CUS-0102,2026-07-09,2026-07-15,,,Cancelled,Tender,45,489725.0,88150.5,0.0,577875.5,376000.0,113725.0,Cancelled,0,,False
ORD-002059,CUS-0118,2025-11-08,2025-11-21,2025-11-09,2025-11-12,Delivered,Corporate Account,30,106780.0,19220.4,0.0,126000.4,78300.0,28480.0,On Time,0,4.0,False
ORD-002060,CUS-0055,2026-07-13,2026-07-23,2026-07-16,2026-07-20,Delivered,Website,60,1029100.0,185238.0,0.0,1214338.0,754500.0,274600.0,On Time,0,7.0,False
ORD-002061,CUS-0065,2025-10-16,2025-10-20,,,Confirmed,Corporate Account,30,186187.5,33513.75,0.0,219701.25,140050.0,46137.5,Overdue Open Order,316,,True
ORD-002062,CUS-0108,2025-06-24,2025-07-01,2025-06-30,2025-07-02,Delivered,Direct Sales,45,4132992.5,743938.65,0.0,4876931.15,3181100.0,951892.5,Delayed,1,8.0,False
ORD-002063,CUS-0046,2026-08-12,2026-08-20,2026-08-13,2026-08-15,Delivered,Tender,60,2254392.5,405790.65,0.0,2660183.15,1612100.0,642292.5,On Time,0,3.0,False
ORD-002064,CUS-0056,2025-10-23,2025-10-30,2025-10-24,2025-10-25,Delivered,Corporate Account,45,401450.0,72261.0,0.0,473711.0,321850.0,79600.0,On Time,0,2.0,False
ORD-002065,CUS-0001,2025-08-17,2025-08-27,2025-08-20,2025-08-21,Delivered,Direct Sales,45,873520.0,157233.6,0.0,1030753.6,670700.0,202820.0,On Time,0,4.0,False
ORD-002066,CUS-0063,2026-02-07,2026-02-17,,,Processing,Corporate Account,30,677875.0,122017.5,0.0,799892.5,540750.0,137125.0,Overdue Open Order,196,,True
ORD-002067,CUS-0085,2025-10-07,2025-10-21,2025-10-14,2025-10-19,Delivered,Phone / WhatsApp,60,6179778.75,1112360.18,0.0,7292138.92,4765600.0,1414178.75,On Time,0,12.0,False
ORD-002068,CUS-0075,2026-04-11,2026-04-16,2026-04-14,2026-04-16,Delivered,Direct Sales,30,1119352.5,201483.45,0.0,1320835.95,853600.0,265752.5,On Time,0,5.0,False
ORD-002069,CUS-0047,2025-04-19,2025-05-02,2025-04-24,2025-04-27,Delivered,Corporate Account,30,2000210.0,360037.8,0.0,2360247.8,1585700.0,414510.0,On Time,0,8.0,False
ORD-002070,CUS-0035,2025-06-22,2025-06-29,,,Cancelled,Direct Sales,30,776275.0,139729.5,0.0,916004.5,618150.0,158125.0,Cancelled,0,,False
ORD-002071,CUS-0067,2025-06-25,2025-07-02,,,Confirmed,Tender,60,1608250.0,289485.0,0.0,1897735.0,1157700.0,450550.0,Overdue Open Order,426,,True
ORD-002072,CUS-0081,2025-10-14,2025-10-21,2025-10-20,,Shipped,Tender,60,1729765.0,311357.7,0.0,2041122.7,1256050.0,473715.0,Overdue Open Order,315,,True
ORD-002073,CUS-0055,2025-11-14,2025-11-26,2025-11-21,2025-11-22,Delivered,Direct Sales,60,751970.0,135354.6,0.0,887324.6,560550.0,191420.0,On Time,0,8.0,False
ORD-002074,CUS-0115,2026-02-03,2026-02-16,2026-02-05,2026-02-09,Delivered,Corporate Account,30,1218765.0,219377.7,0.0,1438142.7,886350.0,332415.0,On Time,0,6.0,False
ORD-002075,CUS-0009,2025-10-01,2025-10-09,2025-10-05,2025-10-10,Delivered,Direct Sales,30,373845.0,67292.1,0.0,441137.1,295000.0,78845.0,Delayed,1,9.0,False
ORD-002076,CUS-0052,2026-08-04,2026-08-16,2026-08-10,2026-08-11,Delivered,Corporate Account,45,546073.75,98293.27,0.0,644367.03,379900.0,166173.75,On Time,0,7.0,False
ORD-002077,CUS-0069,2026-08-27,2026-09-08,2026-08-28,2026-09-01,Delivered,Corporate Account,30,2256607.5,406189.35,0.0,2662796.85,1762850.0,493757.5,On Time,0,5.0,False
ORD-002078,CUS-0035,2025-09-21,2025-09-27,,,Pending,Direct Sales,30,1286173.75,231511.27,0.0,1517685.02,946550.0,339623.75,Overdue Open Order,339,,True
ORD-002079,CUS-0071,2025-12-12,2025-12-16,2025-12-18,2025-12-20,Delivered,Direct Sales,30,231753.75,41715.67,0.0,273469.42,172000.0,59753.75,Delayed,4,8.0,False
ORD-002080,CUS-0055,2025-03-28,2025-04-09,2025-04-01,2025-04-04,Delivered,Phone / WhatsApp,60,1296222.5,233320.05,0.0,1529542.55,970300.0,325922.5,On Time,0,7.0,False
ORD-002081,CUS-0055,2025-11-12,2025-11-19,2025-11-19,2025-11-21,Delivered,Website,60,2104590.0,378826.2,0.0,2483416.2,1470800.0,633790.0,Delayed,2,9.0,False
ORD-002082,CUS-0002,2026-06-11,2026-06-16,,,Confirmed,Website,60,1422577.5,256063.95,0.0,1678641.45,1044300.0,378277.5,Overdue Open Order,77,,True
ORD-002083,CUS-0065,2026-03-11,2026-03-18,2026-03-16,2026-03-20,Delivered,Corporate Account,30,1293880.0,232898.4,0.0,1526778.4,1018100.0,275780.0,Delayed,2,9.0,False
ORD-002084,CUS-0058,2025-05-14,2025-05-23,2025-05-21,2025-05-23,Delivered,Corporate Account,45,3488350.0,627903.0,0.0,4116253.0,2487050.0,1001300.0,On Time,0,9.0,False
ORD-002085,CUS-0083,2026-01-30,2026-02-06,2026-02-01,2026-02-03,Delivered,Corporate Account,30,486210.0,87517.8,0.0,573727.8,378750.0,107460.0,On Time,0,4.0,False
ORD-002086,CUS-0014,2026-05-14,2026-05-29,2026-05-19,2026-05-21,Delivered,Phone / WhatsApp,45,21660.0,3898.8,2500.0,28058.8,12350.0,9310.0,On Time,0,7.0,False
ORD-002087,CUS-0049,2026-08-10,2026-08-14,2026-08-17,,Shipped,Tender,45,2204770.0,396858.6,0.0,2601628.6,1626100.0,578670.0,Overdue Open Order,18,,True
ORD-002088,CUS-0103,2025-11-03,2025-11-08,2025-11-09,2025-11-10,Delivered,Website,30,1538156.25,276868.12,0.0,1815024.38,1159900.0,378256.25,Delayed,2,7.0,False
ORD-002089,CUS-0109,2025-09-18,2025-09-27,2025-09-21,2025-09-23,Delivered,Corporate Account,15,692025.0,124564.5,0.0,816589.5,503750.0,188275.0,On Time,0,5.0,False
ORD-002090,CUS-0046,2025-10-16,2025-10-27,2025-10-21,2025-10-23,Delivered,Website,60,1442710.0,259687.8,0.0,1702397.8,1012350.0,430360.0,On Time,0,7.0,False
ORD-002091,CUS-0056,2026-05-14,2026-05-26,2026-05-16,2026-05-19,Delivered,Direct Sales,45,457592.5,82366.65,0.0,539959.15,339900.0,117692.5,On Time,0,5.0,False
ORD-002092,CUS-0113,2025-10-27,2025-11-11,,,Pending,Corporate Account,60,4935780.0,888440.4,0.0,5824220.4,4156800.0,778980.0,Overdue Open Order,294,,True
ORD-002093,CUS-0060,2025-03-06,2025-03-16,2025-03-08,2025-03-12,Delivered,Direct Sales,15,1424786.25,256461.52,0.0,1681247.77,1200750.0,224036.25,On Time,0,6.0,False
ORD-002094,CUS-0076,2025-11-11,2025-11-26,2025-11-18,,Shipped,Phone / WhatsApp,45,1123482.5,202226.85,0.0,1325709.35,909750.0,213732.5,Overdue Open Order,279,,True
ORD-002095,CUS-0092,2026-07-10,2026-07-22,,,Processing,Corporate Account,30,330750.0,59535.0,0.0,390285.0,235250.0,95500.0,Overdue Open Order,41,,True
ORD-002096,CUS-0018,2025-04-20,2025-05-02,2025-04-23,2025-04-27,Partially Returned,Direct Sales,30,2680805.0,482544.9,0.0,3163349.9,2299900.0,380905.0,On Time,0,7.0,False
ORD-002097,CUS-0064,2025-11-18,2025-11-24,2025-11-23,2025-11-26,Delivered,Direct Sales,30,813100.0,146358.0,0.0,959458.0,584350.0,228750.0,Delayed,2,8.0,False
ORD-002098,CUS-0117,2026-03-23,2026-03-31,2026-03-25,2026-03-27,Delivered,Direct Sales,30,823325.0,148198.5,0.0,971523.5,602900.0,220425.0,On Time,0,4.0,False
ORD-002099,CUS-0011,2026-03-07,2026-03-20,2026-03-08,2026-03-10,Delivered,Direct Sales,60,1841015.0,331382.7,0.0,2172397.7,1374100.0,466915.0,On Time,0,3.0,False
ORD-002100,CUS-0013,2026-03-14,2026-03-28,,,Confirmed,Tender,45,341137.5,61404.75,0.0,402542.25,247200.0,93937.5,Overdue Open Order,157,,True
ORD-002101,CUS-0013,2025-07-11,2025-07-19,2025-07-13,2025-07-14,Delivered,Direct Sales,45,75735.0,13632.3,2500.0,91867.3,58350.0,17385.0,On Time,0,3.0,False
ORD-002102,CUS-0058,2025-07-30,2025-08-12,2025-08-06,2025-08-10,Delivered,Corporate Account,45,399831.25,71969.62,0.0,471800.88,308100.0,91731.25,On Time,0,11.0,False
ORD-002103,CUS-0042,2025-07-28,2025-08-09,2025-07-31,2025-08-05,Delivered,Direct Sales,30,312740.0,56293.2,0.0,369033.2,231900.0,80840.0,On Time,0,8.0,False
ORD-002104,CUS-0110,2026-07-16,2026-07-22,2026-07-18,2026-07-20,Delivered,Tender,30,238687.5,42963.75,0.0,281651.25,181500.0,57187.5,On Time,0,4.0,False
ORD-002105,CUS-0035,2025-05-08,2025-05-13,,,Processing,Direct Sales,30,2671965.0,480953.7,0.0,3152918.7,2002400.0,669565.0,Overdue Open Order,476,,True
ORD-002106,CUS-0002,2026-04-25,2026-05-09,2026-05-02,2026-05-03,Returned,Tender,60,2949530.0,530915.4,0.0,3480445.4,2276850.0,672680.0,On Time,0,8.0,False
ORD-002107,CUS-0005,2026-07-16,2026-07-28,2026-07-19,2026-07-24,Delivered,Direct Sales,30,1487020.0,267663.6,0.0,1754683.6,1046300.0,440720.0,On Time,0,8.0,False
ORD-002108,CUS-0039,2025-05-18,2025-05-29,2025-05-25,2025-05-30,Delivered,Corporate Account,30,797137.5,143484.75,0.0,940622.25,572000.0,225137.5,Delayed,1,12.0,False
ORD-002109,CUS-0048,2025-11-04,2025-11-15,2025-11-05,2025-11-08,Delivered,Direct Sales,30,460268.75,82848.38,0.0,543117.12,323250.0,137018.75,On Time,0,4.0,False
ORD-002110,CUS-0008,2025-05-12,2025-05-19,,,Cancelled,Website,45,226620.0,40791.6,0.0,267411.6,154350.0,72270.0,Cancelled,0,,False
ORD-002111,CUS-0116,2025-05-13,2025-05-22,2025-05-18,2025-05-21,Delivered,Phone / WhatsApp,30,126500.0,22770.0,0.0,149270.0,80000.0,46500.0,On Time,0,8.0,False
ORD-002112,CUS-0084,2026-03-12,2026-03-18,2026-03-19,2026-03-20,Delivered,Phone / WhatsApp,30,970500.0,174690.0,0.0,1145190.0,720400.0,250100.0,Delayed,2,8.0,False
ORD-002113,CUS-0118,2026-08-11,2026-08-21,2026-08-12,,Shipped,Website,30,1578512.5,284132.25,0.0,1862644.75,1228500.0,350012.5,Overdue Open Order,11,,True
ORD-002114,CUS-0095,2025-10-29,2025-11-05,2025-10-31,2025-11-02,Delivered,Phone / WhatsApp,45,1217062.5,219071.25,0.0,1436133.75,910000.0,307062.5,On Time,0,4.0,False
ORD-002115,CUS-0058,2026-06-13,2026-06-17,2026-06-20,2026-06-22,Delivered,Direct Sales,45,1535850.0,276453.0,0.0,1812303.0,1228500.0,307350.0,Delayed,5,9.0,False
ORD-002116,CUS-0021,2026-04-28,2026-05-11,2026-04-29,2026-05-03,Delivered,Phone / WhatsApp,30,304793.75,54862.88,0.0,359656.62,224650.0,80143.75,On Time,0,5.0,False
ORD-002117,CUS-0088,2026-07-09,2026-07-18,2026-07-13,,Shipped,Direct Sales,30,1062878.75,191318.17,0.0,1254196.93,753200.0,309678.75,Overdue Open Order,45,,True
ORD-002118,CUS-0082,2025-12-29,2026-01-02,,,Confirmed,Direct Sales,30,1631900.0,293742.0,0.0,1925642.0,1259400.0,372500.0,Overdue Open Order,242,,True
ORD-002119,CUS-0053,2025-11-05,2025-11-19,2025-11-11,2025-11-13,Delivered,Corporate Account,45,287580.0,51764.4,0.0,339344.4,208650.0,78930.0,On Time,0,8.0,False
ORD-002120,CUS-0094,2026-06-17,2026-06-25,2026-06-22,,Shipped,Direct Sales,45,1530430.0,275477.4,0.0,1805907.4,1105400.0,425030.0,Overdue Open Order,68,,True
ORD-002121,CUS-0002,2026-05-12,2026-05-19,2026-05-13,,Shipped,Corporate Account,60,3240322.5,583258.05,0.0,3823580.55,2348850.0,891472.5,Overdue Open Order,105,,True
ORD-002122,CUS-0008,2026-08-21,2026-09-01,,,Cancelled,Phone / WhatsApp,45,31080.0,5594.4,3000.0,39674.4,19800.0,11280.0,Cancelled,0,,False
ORD-002123,CUS-0016,2025-10-09,2025-10-20,2025-10-10,2025-10-13,Delivered,Website,45,487890.0,87820.2,0.0,575710.2,363600.0,124290.0,On Time,0,4.0,False
ORD-002124,CUS-0120,2025-07-05,2025-07-16,2025-07-10,2025-07-13,Delivered,Direct Sales,30,856897.5,154241.55,0.0,1011139.05,626850.0,230047.5,On Time,0,8.0,False
ORD-002125,CUS-0075,2026-02-10,2026-02-25,,,Pending,Corporate Account,30,1026162.5,184709.25,0.0,1210871.75,790300.0,235862.5,Overdue Open Order,188,,True
ORD-002126,CUS-0031,2025-06-28,2025-07-13,2025-06-29,2025-07-03,Delivered,Direct Sales,30,526440.0,94759.2,0.0,621199.2,402800.0,123640.0,On Time,0,5.0,False
ORD-002127,CUS-0104,2025-12-25,2026-01-02,2025-12-30,2026-01-01,Delivered,Phone / WhatsApp,30,124420.0,22395.6,0.0,146815.6,87600.0,36820.0,On Time,0,7.0,False
ORD-002128,CUS-0055,2026-06-17,2026-06-24,2026-06-20,2026-06-24,Delivered,Direct Sales,60,3822962.5,688133.25,0.0,4511095.75,2779650.0,1043312.5,On Time,0,7.0,False
ORD-002129,CUS-0092,2026-07-19,2026-08-03,2026-07-24,2026-07-28,Delivered,Website,30,482280.0,86810.4,0.0,569090.4,358400.0,123880.0,On Time,0,9.0,False
ORD-002130,CUS-0081,2026-04-07,2026-04-16,2026-04-09,2026-04-13,Delivered,Direct Sales,60,1260196.25,226835.32,0.0,1487031.57,915750.0,344446.25,On Time,0,6.0,False
ORD-002131,CUS-0067,2025-12-31,2026-01-14,,,Confirmed,Phone / WhatsApp,60,2209040.0,397627.2,0.0,2606667.2,1718100.0,490940.0,Overdue Open Order,230,,True
ORD-002132,CUS-0095,2025-11-17,2025-11-28,2025-11-24,,Shipped,Corporate Account,45,798760.0,143776.8,0.0,942536.8,600400.0,198360.0,Overdue Open Order,277,,True
ORD-002133,CUS-0005,2025-07-23,2025-08-03,2025-07-26,2025-07-29,Delivered,Phone / WhatsApp,30,5583065.0,1004951.7,0.0,6588016.7,4318000.0,1265065.0,On Time,0,6.0,False
ORD-002134,CUS-0102,2026-02-19,2026-03-04,2026-02-24,2026-02-27,Delivered,Corporate Account,45,883000.0,158940.0,0.0,1041940.0,650000.0,233000.0,On Time,0,8.0,False
ORD-002135,CUS-0036,2026-03-23,2026-03-29,2026-03-28,,Shipped,Corporate Account,45,1456321.25,262137.82,0.0,1718459.07,1125800.0,330521.25,Overdue Open Order,156,,True
ORD-002136,CUS-0052,2025-10-22,2025-11-06,2025-10-25,2025-10-30,Delivered,Corporate Account,45,516927.5,93046.95,0.0,609974.45,380600.0,136327.5,On Time,0,8.0,False
ORD-002137,CUS-0050,2026-05-31,2026-06-04,2026-06-01,2026-06-06,Delivered,Website,60,1184507.5,213211.35,0.0,1397718.85,874050.0,310457.5,Delayed,2,6.0,False
ORD-002138,CUS-0100,2026-07-21,2026-07-29,2026-07-27,2026-08-01,Delivered,Phone / WhatsApp,45,850525.0,153094.5,0.0,1003619.5,687100.0,163425.0,Delayed,3,11.0,False
ORD-002139,CUS-0073,2026-08-27,2026-09-07,,,Cancelled,Corporate Account,30,52800.0,9504.0,2000.0,64304.0,33600.0,19200.0,Cancelled,0,,False
ORD-002140,CUS-0080,2025-06-24,2025-07-02,2025-06-27,2025-06-30,Delivered,Corporate Account,30,218012.5,39242.25,0.0,257254.75,152950.0,65062.5,On Time,0,6.0,False
ORD-002141,CUS-0089,2026-08-07,2026-08-15,2026-08-14,2026-08-19,Delivered,Website,45,2129495.0,383309.1,0.0,2512804.1,1539400.0,590095.0,Delayed,4,12.0,False
ORD-002142,CUS-0010,2026-03-13,2026-03-18,2026-03-15,,Shipped,Direct Sales,30,1639875.0,295177.5,0.0,1935052.5,1241850.0,398025.0,Overdue Open Order,167,,True
ORD-002143,CUS-0072,2025-03-28,2025-04-11,2025-04-02,2025-04-03,Delivered,Tender,45,301055.0,54189.9,0.0,355244.9,233200.0,67855.0,On Time,0,6.0,False
ORD-002144,CUS-0097,2026-03-29,2026-04-12,2026-03-31,2026-04-02,Delivered,Tender,45,1190296.25,214253.32,0.0,1404549.57,865550.0,324746.25,On Time,0,4.0,False
ORD-002145,CUS-0001,2025-08-13,2025-08-19,2025-08-19,2025-08-24,Delivered,Direct Sales,45,1274402.5,229392.45,0.0,1503794.95,924250.0,350152.5,Delayed,5,11.0,False
ORD-002146,CUS-0036,2025-08-18,2025-08-25,2025-08-22,2025-08-24,Delivered,Corporate Account,45,2869967.5,516594.15,0.0,3386561.65,2190200.0,679767.5,On Time,0,6.0,False
ORD-002147,CUS-0062,2025-07-01,2025-07-15,2025-07-06,2025-07-07,Delivered,Phone / WhatsApp,45,811781.25,146120.62,0.0,957901.88,622600.0,189181.25,On Time,0,6.0,False
ORD-002148,CUS-0004,2026-08-19,2026-09-01,2026-08-24,2026-08-26,Delivered,Direct Sales,30,365853.75,65853.68,0.0,431707.42,281300.0,84553.75,On Time,0,7.0,False
ORD-002149,CUS-0100,2025-10-26,2025-11-01,2025-11-02,2025-11-06,Delivered,Tender,45,189762.5,34157.25,0.0,223919.75,146450.0,43312.5,Delayed,5,11.0,False
ORD-002150,CUS-0043,2026-02-22,2026-02-28,2026-02-24,2026-02-26,Delivered,Corporate Account,45,956087.5,172095.75,0.0,1128183.25,670050.0,286037.5,On Time,0,4.0,False
ORD-002151,CUS-0046,2025-10-17,2025-10-31,2025-10-22,2025-10-25,Delivered,Tender,60,3770697.5,678725.55,0.0,4449423.05,2954600.0,816097.5,On Time,0,8.0,False
ORD-002152,CUS-0035,2026-08-19,2026-08-24,2026-08-20,2026-08-23,Delivered,Phone / WhatsApp,30,2352165.0,423389.7,0.0,2775554.7,1689800.0,662365.0,On Time,0,4.0,False
ORD-002153,CUS-0045,2026-07-30,2026-08-13,2026-08-05,2026-08-06,Delivered,Phone / WhatsApp,60,2362052.5,425169.45,0.0,2787221.95,1744100.0,617952.5,On Time,0,7.0,False
ORD-002154,CUS-0035,2025-03-24,2025-04-02,,,Pending,Tender,30,2566973.75,462055.27,0.0,3029029.02,1985050.0,581923.75,Overdue Open Order,517,,True
ORD-002155,CUS-0116,2026-07-31,2026-08-06,2026-08-05,2026-08-08,Delivered,Corporate Account,30,53200.0,9576.0,2000.0,64776.0,36500.0,16700.0,Delayed,2,8.0,False
ORD-002156,CUS-0044,2025-06-14,2025-06-24,2025-06-19,2025-06-20,Delivered,Corporate Account,60,2726250.0,490725.0,0.0,3216975.0,2114200.0,612050.0,On Time,0,6.0,False
ORD-002157,CUS-0025,2026-03-12,2026-03-24,,,Processing,Direct Sales,15,312902.5,56322.45,0.0,369224.95,234350.0,78552.5,Overdue Open Order,161,,True
ORD-002158,CUS-0092,2025-09-18,2025-09-27,,,Cancelled,Phone / WhatsApp,30,925845.0,166652.1,0.0,1092497.1,678600.0,247245.0,Cancelled,0,,False
ORD-002159,CUS-0059,2025-10-27,2025-11-09,2025-10-30,2025-11-02,Delivered,Direct Sales,30,224000.0,40320.0,0.0,264320.0,168000.0,56000.0,On Time,0,6.0,False
ORD-002160,CUS-0065,2026-06-05,2026-06-11,2026-06-06,2026-06-10,Delivered,Direct Sales,30,333350.0,60003.0,0.0,393353.0,224400.0,108950.0,On Time,0,5.0,False
ORD-002161,CUS-0033,2026-07-06,2026-07-19,2026-07-13,2026-07-18,Delivered,Website,15,72345.0,13022.1,1500.0,86867.1,51500.0,20845.0,On Time,0,12.0,False
ORD-002162,CUS-0056,2025-03-21,2025-03-29,2025-03-28,2025-03-30,Delivered,Website,45,441945.0,79550.1,0.0,521495.1,311200.0,130745.0,Delayed,1,9.0,False
ORD-002163,CUS-0092,2026-08-28,2026-09-03,2026-09-01,2026-09-01,Delivered,Corporate Account,30,4983760.0,897076.8,0.0,5880836.8,3855000.0,1128760.0,On Time,0,4.0,False
ORD-002164,CUS-0113,2025-09-20,2025-09-27,2025-09-23,2025-09-28,Delivered,Phone / WhatsApp,60,213245.0,38384.1,0.0,251629.1,147350.0,65895.0,Delayed,1,8.0,False
ORD-002165,CUS-0120,2025-09-22,2025-09-27,,,Processing,Direct Sales,30,3774248.75,679364.78,0.0,4453613.53,2767550.0,1006698.75,Overdue Open Order,339,,True
ORD-002166,CUS-0036,2026-06-04,2026-06-19,2026-06-07,2026-06-12,Delivered,Corporate Account,45,282622.5,50872.05,0.0,333494.55,218200.0,64422.5,On Time,0,8.0,False
ORD-002167,CUS-0046,2026-02-03,2026-02-08,2026-02-10,,Shipped,Corporate Account,60,2390980.0,430376.4,0.0,2821356.4,1798000.0,592980.0,Overdue Open Order,205,,True
ORD-002168,CUS-0064,2026-02-24,2026-03-02,2026-02-27,,Shipped,Website,30,426450.0,76761.0,0.0,503211.0,298900.0,127550.0,Overdue Open Order,183,,True
ORD-002169,CUS-0034,2026-06-21,2026-06-30,2026-06-22,2026-06-25,Delivered,Direct Sales,30,4086057.5,735490.35,0.0,4821547.85,3157150.0,928907.5,On Time,0,4.0,False
ORD-002170,CUS-0079,2026-01-04,2026-01-14,2026-01-08,2026-01-11,Delivered,Tender,45,43980.0,7916.4,3000.0,54896.4,27700.0,16280.0,On Time,0,7.0,False
ORD-002171,CUS-0095,2025-12-18,2025-12-26,,,Confirmed,Tender,45,5257268.75,946308.38,0.0,6203577.12,4003150.0,1254118.75,Overdue Open Order,249,,True
ORD-002172,CUS-0009,2026-02-24,2026-03-08,,,Cancelled,Website,30,2800.0,504.0,2000.0,5304.0,1650.0,1150.0,Cancelled,0,,False
ORD-002173,CUS-0049,2026-07-19,2026-07-23,2026-07-25,2026-07-29,Delivered,Direct Sales,45,802560.0,144460.8,0.0,947020.8,559150.0,243410.0,Delayed,6,10.0,False
ORD-002174,CUS-0058,2025-08-13,2025-08-17,2025-08-19,2025-08-21,Delivered,Corporate Account,45,8325.0,1498.5,3000.0,12823.5,5250.0,3075.0,Delayed,4,8.0,False
ORD-002175,CUS-0081,2026-05-09,2026-05-19,2026-05-13,2026-05-17,Delivered,Corporate Account,60,1886145.0,339506.1,0.0,2225651.1,1495950.0,390195.0,On Time,0,8.0,False
ORD-002176,CUS-0055,2025-08-26,2025-08-30,,,Processing,Phone / WhatsApp,60,1835735.0,330432.3,0.0,2166167.3,1301950.0,533785.0,Overdue Open Order,367,,True
ORD-002177,CUS-0096,2026-01-20,2026-01-29,,,Confirmed,Corporate Account,30,1088608.75,195949.57,0.0,1284558.32,731250.0,357358.75,Overdue Open Order,215,,True
ORD-002178,CUS-0012,2026-05-15,2026-05-21,2026-05-19,2026-05-21,Delivered,Corporate Account,30,260690.0,46924.2,0.0,307614.2,201000.0,59690.0,On Time,0,6.0,False
ORD-002179,CUS-0063,2025-08-11,2025-08-26,2025-08-15,2025-08-19,Delivered,Direct Sales,30,105112.5,18920.25,0.0,124032.75,73300.0,31812.5,On Time,0,8.0,False
ORD-002180,CUS-0093,2025-07-23,2025-08-02,2025-07-29,2025-08-01,Delivered,Corporate Account,30,331757.5,59716.35,0.0,391473.85,245350.0,86407.5,On Time,0,9.0,False
ORD-002181,CUS-0089,2025-12-06,2025-12-14,2025-12-13,2025-12-18,Delivered,Direct Sales,45,1843980.0,331916.4,0.0,2175896.4,1393400.0,450580.0,Delayed,4,12.0,False
ORD-002182,CUS-0049,2025-08-25,2025-09-01,2025-08-26,2025-08-28,Delivered,Corporate Account,45,2027757.5,364996.35,0.0,2392753.85,1577300.0,450457.5,On Time,0,3.0,False
ORD-002183,CUS-0034,2025-11-02,2025-11-12,2025-11-04,2025-11-08,Delivered,Tender,30,1225725.0,220630.5,0.0,1446355.5,936800.0,288925.0,On Time,0,6.0,False
ORD-002184,CUS-0076,2026-07-17,2026-07-24,2026-07-20,2026-07-24,Delivered,Phone / WhatsApp,45,469775.0,84559.5,0.0,554334.5,309600.0,160175.0,On Time,0,7.0,False
ORD-002185,CUS-0012,2026-06-08,2026-06-14,,,Cancelled,Direct Sales,30,425105.0,76518.9,0.0,501623.9,307800.0,117305.0,Cancelled,0,,False
ORD-002186,CUS-0041,2026-05-19,2026-05-26,2026-05-25,2026-05-26,Returned,Website,45,487762.5,87797.25,0.0,575559.75,351600.0,136162.5,On Time,0,7.0,False
ORD-002187,CUS-0012,2025-03-17,2025-03-25,2025-03-24,2025-03-25,Delivered,Tender,30,2633487.5,474027.75,0.0,3107515.25,2065200.0,568287.5,On Time,0,8.0,False
ORD-002188,CUS-0046,2026-06-16,2026-06-23,2026-06-22,2026-06-27,Delivered,Direct Sales,60,267431.25,48137.62,0.0,315568.88,191450.0,75981.25,Delayed,4,11.0,False
ORD-002189,CUS-0049,2026-07-20,2026-07-27,2026-07-21,2026-07-23,Delivered,Corporate Account,45,1016490.0,182968.2,0.0,1199458.2,726550.0,289940.0,On Time,0,3.0,False
ORD-002190,CUS-0052,2025-08-26,2025-08-31,2025-08-29,2025-08-30,Delivered,Direct Sales,45,523180.0,94172.4,0.0,617352.4,409500.0,113680.0,On Time,0,4.0,False
ORD-002191,CUS-0018,2026-06-20,2026-06-26,2026-06-25,2026-06-27,Delivered,Corporate Account,30,570030.0,102605.4,0.0,672635.4,437700.0,132330.0,Delayed,1,7.0,False
ORD-002192,CUS-0093,2026-04-05,2026-04-16,2026-04-12,2026-04-17,Delivered,Tender,30,193056.25,34750.12,0.0,227806.38,138550.0,54506.25,Delayed,1,12.0,False
ORD-002193,CUS-0034,2026-07-24,2026-07-31,2026-07-25,2026-07-30,Delivered,Direct Sales,30,2849332.5,512879.85,0.0,3362212.35,2505600.0,343732.5,On Time,0,6.0,False
ORD-002194,CUS-0111,2026-07-14,2026-07-26,2026-07-19,2026-07-21,Delivered,Tender,30,236947.5,42650.55,0.0,279598.05,160650.0,76297.5,On Time,0,7.0,False
ORD-002195,CUS-0104,2025-05-29,2025-06-06,2025-06-04,2025-06-09,Delivered,Direct Sales,30,1017927.5,183226.95,0.0,1201154.45,737700.0,280227.5,Delayed,3,11.0,False
ORD-002196,CUS-0115,2026-06-29,2026-07-04,2026-07-05,2026-07-06,Delivered,Phone / WhatsApp,30,5140582.5,925304.85,0.0,6065887.35,4412500.0,728082.5,Delayed,2,7.0,False
ORD-002197,CUS-0083,2025-07-06,2025-07-17,2025-07-10,2025-07-14,Delivered,Direct Sales,30,284130.0,51143.4,0.0,335273.4,198850.0,85280.0,On Time,0,8.0,False
ORD-002198,CUS-0068,2025-12-13,2025-12-28,2025-12-19,2025-12-22,Delivered,Direct Sales,30,215100.0,38718.0,0.0,253818.0,153300.0,61800.0,On Time,0,9.0,False
ORD-002199,CUS-0069,2026-07-21,2026-07-31,2026-07-22,2026-07-24,Delivered,Phone / WhatsApp,30,890377.5,160267.95,0.0,1050645.45,697600.0,192777.5,On Time,0,3.0,False
ORD-002200,CUS-0063,2025-09-05,2025-09-09,2025-09-10,2025-09-15,Delivered,Corporate Account,30,94350.0,16983.0,1500.0,112833.0,66000.0,28350.0,Delayed,6,10.0,False
ORD-002201,CUS-0007,2026-08-25,2026-09-05,2026-08-30,2026-09-01,Delivered,Corporate Account,15,205450.0,36981.0,0.0,242431.0,150050.0,55400.0,On Time,0,7.0,False
ORD-002202,CUS-0034,2026-02-07,2026-02-20,2026-02-11,2026-02-16,Delivered,Corporate Account,30,1497067.5,269472.15,0.0,1766539.65,1207900.0,289167.5,On Time,0,9.0,False
ORD-002203,CUS-0055,2025-07-01,2025-07-09,2025-07-02,2025-07-05,Delivered,Direct Sales,60,2849772.5,512959.05,0.0,3362731.55,2157400.0,692372.5,On Time,0,4.0,False
ORD-002204,CUS-0046,2025-10-17,2025-10-22,2025-10-22,2025-10-27,Delivered,Website,60,392721.25,70689.82,0.0,463411.08,268600.0,124121.25,Delayed,5,10.0,False
ORD-002205,CUS-0024,2026-01-22,2026-02-04,2026-01-23,2026-01-27,Delivered,Direct Sales,60,5541182.5,997412.85,0.0,6538595.35,4803750.0,737432.5,On Time,0,5.0,False
ORD-002206,CUS-0050,2025-04-18,2025-05-02,2025-04-20,2025-04-24,Delivered,Direct Sales,60,1473057.5,265150.35,0.0,1738207.85,1065650.0,407407.5,On Time,0,6.0,False
ORD-002207,CUS-0094,2025-08-15,2025-08-21,2025-08-21,2025-08-26,Delivered,Direct Sales,45,48840.0,8791.2,2000.0,59631.2,33600.0,15240.0,Delayed,5,11.0,False
ORD-002208,CUS-0120,2026-06-16,2026-07-01,,,Cancelled,Corporate Account,30,1811620.0,326091.6,0.0,2137711.6,1431700.0,379920.0,Cancelled,0,,False
ORD-002209,CUS-0118,2026-04-07,2026-04-13,2026-04-13,2026-04-15,Delivered,Corporate Account,30,223177.5,40171.95,0.0,263349.45,159950.0,63227.5,Delayed,2,8.0,False
ORD-002210,CUS-0067,2025-07-23,2025-08-02,2025-07-25,2025-07-28,Delivered,Corporate Account,60,2125895.0,382661.1,0.0,2508556.1,1700400.0,425495.0,On Time,0,5.0,False
ORD-002211,CUS-0108,2026-08-28,2026-09-03,2026-09-01,2026-09-01,Delivered,Direct Sales,45,379735.0,68352.3,0.0,448087.3,243500.0,136235.0,On Time,0,4.0,False
ORD-002212,CUS-0094,2026-07-26,2026-08-01,2026-07-29,2026-07-30,Delivered,Direct Sales,45,1921726.25,345910.72,0.0,2267636.98,1392100.0,529626.25,On Time,0,4.0,False
ORD-002213,CUS-0025,2025-12-02,2025-12-06,2025-12-07,2025-12-10,Returned,Website,15,219117.5,39441.15,0.0,258558.65,157550.0,61567.5,Delayed,4,8.0,False
ORD-002214,CUS-0098,2026-06-19,2026-06-26,2026-06-22,2026-06-25,Delivered,Direct Sales,45,3122665.0,562079.7,0.0,3684744.7,2518200.0,604465.0,On Time,0,6.0,False
ORD-002215,CUS-0035,2025-11-09,2025-11-24,2025-11-14,2025-11-16,Delivered,Phone / WhatsApp,30,655250.0,117945.0,0.0,773195.0,487500.0,167750.0,On Time,0,7.0,False
ORD-002216,CUS-0048,2025-09-07,2025-09-22,2025-09-10,2025-09-12,Delivered,Corporate Account,30,2098087.5,377655.75,0.0,2475743.25,1590350.0,507737.5,On Time,0,5.0,False
ORD-002217,CUS-0034,2025-11-25,2025-12-08,2025-12-01,2025-12-05,Delivered,Website,30,2241992.5,403558.65,0.0,2645551.15,1711350.0,530642.5,On Time,0,10.0,False
ORD-002218,CUS-0002,2026-03-24,2026-04-04,,,Cancelled,Corporate Account,60,754881.25,135878.62,0.0,890759.88,535750.0,219131.25,Cancelled,0,,False
ORD-002219,CUS-0074,2025-07-02,2025-07-17,2025-07-03,,Shipped,Direct Sales,30,1081235.0,194622.3,0.0,1275857.3,735150.0,346085.0,Overdue Open Order,411,,True
ORD-002220,CUS-0089,2026-04-28,2026-05-11,,,Confirmed,Direct Sales,45,414521.25,74613.82,0.0,489135.08,299200.0,115321.25,Overdue Open Order,113,,True
ORD-002221,CUS-0108,2026-01-27,2026-02-07,2026-01-28,2026-01-31,Delivered,Corporate Account,45,875845.0,157652.1,0.0,1033497.1,564400.0,311445.0,On Time,0,4.0,False
ORD-002222,CUS-0113,2025-10-28,2025-11-06,2025-11-04,2025-11-08,Delivered,Corporate Account,60,1773606.25,319249.12,0.0,2092855.38,1308750.0,464856.25,Delayed,2,11.0,False
ORD-002223,CUS-0045,2026-03-25,2026-04-01,2026-03-31,2026-04-05,Delivered,Tender,60,4946810.0,890425.8,0.0,5837235.8,3632700.0,1314110.0,Delayed,4,11.0,False
ORD-002224,CUS-0092,2025-12-28,2026-01-01,2026-01-04,2026-01-08,Delivered,Direct Sales,30,1483927.5,267106.95,0.0,1751034.45,1174650.0,309277.5,Delayed,7,11.0,False
ORD-002225,CUS-0043,2026-06-25,2026-06-29,2026-06-29,2026-07-03,Delivered,Website,45,1461352.5,263043.45,0.0,1724395.95,1073200.0,388152.5,Delayed,4,8.0,False
ORD-002226,CUS-0036,2025-09-06,2025-09-19,2025-09-09,2025-09-11,Delivered,Direct Sales,45,1505490.0,270988.2,0.0,1776478.2,1114800.0,390690.0,On Time,0,5.0,False
ORD-002227,CUS-0031,2025-11-19,2025-11-23,,,Processing,Direct Sales,30,704805.0,126864.9,0.0,831669.9,566150.0,138655.0,Overdue Open Order,282,,True
ORD-002228,CUS-0047,2026-06-11,2026-06-16,,,Cancelled,Corporate Account,30,89775.0,16159.5,2000.0,107934.5,71100.0,18675.0,Cancelled,0,,False
ORD-002229,CUS-0030,2025-07-13,2025-07-21,,,Processing,Direct Sales,30,129200.0,23256.0,0.0,152456.0,90600.0,38600.0,Overdue Open Order,407,,True
ORD-002230,CUS-0098,2025-04-19,2025-04-29,,,Confirmed,Website,45,237152.5,42687.45,0.0,279839.95,169100.0,68052.5,Overdue Open Order,490,,True
ORD-002231,CUS-0024,2025-05-04,2025-05-09,2025-05-10,2025-05-15,Delivered,Phone / WhatsApp,60,2263332.5,407399.85,0.0,2670732.35,1757650.0,505682.5,Delayed,6,11.0,False
ORD-002232,CUS-0089,2026-03-10,2026-03-14,2026-03-11,2026-03-13,Delivered,Direct Sales,45,613270.0,110388.6,0.0,723658.6,413200.0,200070.0,On Time,0,3.0,False
ORD-002233,CUS-0016,2025-08-21,2025-08-31,,,Processing,Phone / WhatsApp,45,349715.0,62948.7,0.0,412663.7,269050.0,80665.0,Overdue Open Order,366,,True
ORD-002234,CUS-0034,2025-03-03,2025-03-15,2025-03-08,2025-03-10,Delivered,Tender,30,4701775.0,846319.5,0.0,5548094.5,3748750.0,953025.0,On Time,0,7.0,False
ORD-002235,CUS-0043,2026-04-14,2026-04-27,,,Processing,Direct Sales,45,1275880.0,229658.4,0.0,1505538.4,944000.0,331880.0,Overdue Open Order,127,,True
ORD-002236,CUS-0016,2026-06-11,2026-06-23,2026-06-13,,Shipped,Direct Sales,45,32820.0,5907.6,2500.0,41227.6,20400.0,12420.0,Overdue Open Order,70,,True
ORD-002237,CUS-0062,2026-03-23,2026-04-04,2026-03-24,2026-03-25,Delivered,Phone / WhatsApp,45,487160.0,87688.8,0.0,574848.8,366100.0,121060.0,On Time,0,2.0,False
ORD-002238,CUS-0071,2025-05-05,2025-05-13,2025-05-08,2025-05-11,Delivered,Direct Sales,30,81600.0,14688.0,2500.0,98788.0,52800.0,28800.0,On Time,0,6.0,False
ORD-002239,CUS-0096,2026-06-11,2026-06-19,2026-06-14,2026-06-17,Delivered,Corporate Account,30,890316.25,160256.92,0.0,1050573.18,611150.0,279166.25,On Time,0,6.0,False
ORD-002240,CUS-0059,2026-08-26,2026-09-02,,,Confirmed,Phone / WhatsApp,30,609450.0,109701.0,0.0,719151.0,434350.0,175100.0,Open - Within Promise,0,,False
ORD-002241,CUS-0063,2026-07-13,2026-07-25,2026-07-15,2026-07-20,Delivered,Direct Sales,30,199635.0,35934.3,0.0,235569.3,136150.0,63485.0,On Time,0,7.0,False
ORD-002242,CUS-0014,2025-07-16,2025-07-29,2025-07-18,2025-07-22,Delivered,Website,45,838117.5,150861.15,0.0,988978.65,657050.0,181067.5,On Time,0,6.0,False
ORD-002243,CUS-0078,2025-08-22,2025-09-01,2025-08-24,,Shipped,Corporate Account,15,151607.5,27289.35,0.0,178896.85,114200.0,37407.5,Overdue Open Order,365,,True
ORD-002244,CUS-0034,2025-04-04,2025-04-18,2025-04-06,2025-04-11,Delivered,Website,30,3051300.0,549234.0,0.0,3600534.0,2353350.0,697950.0,On Time,0,7.0,False
ORD-002245,CUS-0044,2026-04-30,2026-05-12,2026-05-01,2026-05-05,Delivered,Direct Sales,60,776565.0,139781.7,0.0,916346.7,578600.0,197965.0,On Time,0,5.0,False
ORD-002246,CUS-0005,2026-04-20,2026-04-25,,,Processing,Corporate Account,30,4468583.75,804345.07,0.0,5272928.83,3264400.0,1204183.75,Overdue Open Order,129,,True
ORD-002247,CUS-0003,2026-05-22,2026-06-01,,,Processing,Phone / WhatsApp,15,771236.25,138822.52,0.0,910058.78,599200.0,172036.25,Overdue Open Order,92,,True
ORD-002248,CUS-0063,2025-11-05,2025-11-16,2025-11-12,,Shipped,Phone / WhatsApp,30,556920.0,100245.6,0.0,657165.6,443250.0,113670.0,Overdue Open Order,289,,True
ORD-002249,CUS-0062,2026-05-26,2026-06-09,2026-05-29,2026-06-01,Delivered,Phone / WhatsApp,45,295332.5,53159.85,0.0,348492.35,210450.0,84882.5,On Time,0,6.0,False
ORD-002250,CUS-0011,2025-04-24,2025-05-04,,,Pending,Direct Sales,60,454845.0,81872.1,0.0,536717.1,320400.0,134445.0,Overdue Open Order,485,,True
ORD-002251,CUS-0087,2025-03-18,2025-03-23,2025-03-21,2025-03-23,Delivered,Website,30,233775.0,42079.5,0.0,275854.5,168900.0,64875.0,On Time,0,5.0,False
ORD-002252,CUS-0005,2025-08-08,2025-08-19,,,Processing,Direct Sales,30,1075155.0,193527.9,0.0,1268682.9,803900.0,271255.0,Overdue Open Order,378,,True
ORD-002253,CUS-0105,2026-04-17,2026-04-24,2026-04-21,2026-04-25,Delivered,Corporate Account,15,259350.0,46683.0,0.0,306033.0,189600.0,69750.0,Delayed,1,8.0,False
ORD-002254,CUS-0088,2025-07-22,2025-08-03,2025-07-24,2025-07-27,Delivered,Corporate Account,30,238687.5,42963.75,0.0,281651.25,181500.0,57187.5,On Time,0,5.0,False
ORD-002255,CUS-0024,2025-09-29,2025-10-12,2025-10-04,2025-10-08,Delivered,Phone / WhatsApp,60,364265.0,65567.7,0.0,429832.7,266600.0,97665.0,On Time,0,9.0,False
ORD-002256,CUS-0084,2025-09-22,2025-10-07,2025-09-25,2025-09-28,Delivered,Corporate Account,30,957986.25,172437.52,0.0,1130423.77,731500.0,226486.25,On Time,0,6.0,False
ORD-002257,CUS-0032,2025-11-29,2025-12-06,2025-12-06,,Shipped,Phone / WhatsApp,30,8850.0,1593.0,2000.0,12443.0,5550.0,3300.0,Overdue Open Order,269,,True
ORD-002258,CUS-0113,2025-11-04,2025-11-18,2025-11-07,2025-11-08,Delivered,Direct Sales,60,1616458.75,290962.58,0.0,1907421.32,1218950.0,397508.75,On Time,0,4.0,False
ORD-002259,CUS-0095,2026-05-11,2026-05-24,2026-05-16,2026-05-18,Delivered,Tender,45,495637.5,89214.75,0.0,584852.25,356400.0,139237.5,On Time,0,7.0,False
ORD-002260,CUS-0071,2025-12-08,2025-12-17,2025-12-13,2025-12-18,Delivered,Tender,30,1566400.0,281952.0,0.0,1848352.0,1194000.0,372400.0,Delayed,1,10.0,False
ORD-002261,CUS-0005,2026-07-15,2026-07-27,,,Cancelled,Phone / WhatsApp,30,2394925.0,431086.5,0.0,2826011.5,1751800.0,643125.0,Cancelled,0,,False
ORD-002262,CUS-0082,2026-05-21,2026-06-01,2026-05-26,2026-05-29,Delivered,Corporate Account,30,326610.0,58789.8,0.0,385399.8,258800.0,67810.0,On Time,0,8.0,False
ORD-002263,CUS-0061,2026-07-04,2026-07-18,2026-07-11,2026-07-16,Delivered,Direct Sales,30,24300.0,4374.0,2500.0,31174.0,19650.0,4650.0,On Time,0,12.0,False
ORD-002264,CUS-0028,2026-08-12,2026-08-26,2026-08-16,2026-08-20,Delivered,Corporate Account,30,436572.5,78583.05,0.0,515155.55,320800.0,115772.5,On Time,0,8.0,False
ORD-002265,CUS-0050,2025-04-05,2025-04-14,2025-04-11,2025-04-16,Delivered,Tender,60,678300.0,122094.0,0.0,800394.0,477200.0,201100.0,Delayed,2,11.0,False
ORD-002266,CUS-0039,2025-09-19,2025-09-26,2025-09-20,2025-09-25,Delivered,Tender,30,2023385.0,364209.3,0.0,2387594.3,1590550.0,432835.0,On Time,0,6.0,False
ORD-002267,CUS-0050,2026-04-12,2026-04-21,2026-04-17,2026-04-19,Delivered,Tender,60,6255951.25,1126071.22,0.0,7382022.47,5252900.0,1003051.25,On Time,0,7.0,False
ORD-002268,CUS-0019,2026-06-03,2026-06-17,2026-06-05,2026-06-07,Delivered,Corporate Account,30,226497.5,40769.55,0.0,267267.05,168650.0,57847.5,On Time,0,4.0,False
ORD-002269,CUS-0049,2025-06-21,2025-06-25,2025-06-23,,Shipped,Tender,45,10418331.25,1875299.62,0.0,12293630.88,8197200.0,2221131.25,Overdue Open Order,433,,True
ORD-002270,CUS-0100,2026-07-20,2026-07-27,2026-07-23,2026-07-28,Delivered,Phone / WhatsApp,45,768790.0,138382.2,0.0,907172.2,567800.0,200990.0,Delayed,1,8.0,False
ORD-002271,CUS-0079,2025-12-21,2025-12-29,2025-12-22,2025-12-27,Delivered,Tender,45,378100.0,68058.0,0.0,446158.0,251100.0,127000.0,On Time,0,6.0,False
ORD-002272,CUS-0033,2025-06-28,2025-07-02,2025-07-04,2025-07-07,Delivered,Corporate Account,15,396450.0,71361.0,0.0,467811.0,331750.0,64700.0,Delayed,5,9.0,False
ORD-002273,CUS-0115,2026-08-28,2026-09-04,2026-09-01,2026-09-01,Delivered,Tender,30,543037.5,97746.75,0.0,640784.25,416150.0,126887.5,On Time,0,4.0,False
ORD-002274,CUS-0072,2026-07-21,2026-07-25,2026-07-28,,Shipped,Direct Sales,45,520587.5,93705.75,0.0,614293.25,354450.0,166137.5,Overdue Open Order,38,,True
ORD-002275,CUS-0013,2025-05-03,2025-05-16,2025-05-04,,Shipped,Phone / WhatsApp,45,101412.5,18254.25,0.0,119666.75,70000.0,31412.5,Overdue Open Order,473,,True
ORD-002276,CUS-0043,2026-06-19,2026-06-23,2026-06-24,2026-06-29,Delivered,Website,45,163360.0,29404.8,0.0,192764.8,106200.0,57160.0,Delayed,6,10.0,False
ORD-002277,CUS-0038,2025-10-29,2025-11-11,2025-10-30,2025-11-04,Delivered,Phone / WhatsApp,45,429637.5,77334.75,0.0,506972.25,326700.0,102937.5,On Time,0,6.0,False
ORD-002278,CUS-0081,2025-04-12,2025-04-21,2025-04-15,2025-04-19,Delivered,Website,60,1349372.5,242887.05,0.0,1592259.55,1111150.0,238222.5,On Time,0,7.0,False
ORD-002279,CUS-0039,2026-05-09,2026-05-15,2026-05-13,,Shipped,Tender,30,3335230.0,600341.4,0.0,3935571.4,2573000.0,762230.0,Overdue Open Order,109,,True
ORD-002280,CUS-0039,2026-05-27,2026-06-05,2026-05-28,2026-05-30,Delivered,Corporate Account,30,5638427.5,1014916.95,0.0,6653344.45,4134050.0,1504377.5,On Time,0,3.0,False
ORD-002281,CUS-0056,2026-05-23,2026-05-31,2026-05-25,2026-05-26,Delivered,Corporate Account,45,572095.0,102977.1,0.0,675072.1,458300.0,113795.0,On Time,0,3.0,False
ORD-002282,CUS-0005,2026-05-07,2026-05-16,2026-05-13,2026-05-16,Partially Returned,Direct Sales,30,610340.0,109861.2,0.0,720201.2,436700.0,173640.0,On Time,0,9.0,False
ORD-002283,CUS-0098,2026-02-13,2026-02-21,2026-02-20,2026-02-23,Delivered,Phone / WhatsApp,45,514550.0,92619.0,0.0,607169.0,352800.0,161750.0,Delayed,2,10.0,False
ORD-002284,CUS-0104,2025-08-15,2025-08-28,2025-08-20,2025-08-21,Partially Returned,Phone / WhatsApp,30,270733.75,48732.07,0.0,319465.83,200000.0,70733.75,On Time,0,6.0,False
ORD-002285,CUS-0004,2026-06-20,2026-06-27,2026-06-25,2026-06-29,Delivered,Direct Sales,30,2760120.0,496821.6,0.0,3256941.6,2445600.0,314520.0,Delayed,2,9.0,False
ORD-002286,CUS-0002,2025-04-14,2025-04-18,2025-04-21,2025-04-25,Delivered,Corporate Account,60,1701267.5,306228.15,0.0,2007495.65,1310000.0,391267.5,Delayed,7,11.0,False
ORD-002287,CUS-0049,2026-02-17,2026-02-28,2026-02-19,2026-02-23,Delivered,Corporate Account,45,9572795.0,1723103.1,0.0,11295898.1,7936200.0,1636595.0,On Time,0,6.0,False
ORD-002288,CUS-0075,2025-07-02,2025-07-10,2025-07-08,2025-07-13,Delivered,Corporate Account,30,1746253.75,314325.67,0.0,2060579.43,1362750.0,383503.75,Delayed,3,11.0,False
ORD-002289,CUS-0003,2026-01-25,2026-02-02,2026-01-30,2026-01-31,Delivered,Direct Sales,15,10080.0,1814.4,2000.0,13894.4,6600.0,3480.0,On Time,0,6.0,False
ORD-002290,CUS-0008,2026-03-09,2026-03-13,2026-03-15,2026-03-17,Delivered,Website,45,464928.75,83687.18,0.0,548615.93,334950.0,129978.75,Delayed,4,8.0,False
ORD-002291,CUS-0046,2026-08-20,2026-08-30,2026-08-22,,Shipped,Corporate Account,60,648593.75,116746.88,0.0,765340.62,451650.0,196943.75,Overdue Open Order,2,,True
ORD-002292,CUS-0008,2026-03-30,2026-04-12,2026-04-06,2026-04-07,Delivered,Phone / WhatsApp,45,576640.0,103795.2,0.0,680435.2,435900.0,140740.0,On Time,0,8.0,False
ORD-002293,CUS-0028,2025-06-17,2025-06-25,2025-06-24,2025-06-25,Delivered,Direct Sales,30,562170.0,101190.6,0.0,663360.6,392900.0,169270.0,On Time,0,8.0,False
ORD-002294,CUS-0087,2025-03-17,2025-03-22,2025-03-22,2025-03-23,Delivered,Corporate Account,30,77455.0,13941.9,3000.0,94396.9,58100.0,19355.0,Delayed,1,6.0,False
ORD-002295,CUS-0009,2026-04-25,2026-05-10,2026-04-30,2026-05-04,Delivered,Direct Sales,30,71297.5,12833.55,2500.0,86631.05,56000.0,15297.5,On Time,0,9.0,False
ORD-002296,CUS-0031,2025-11-03,2025-11-07,2025-11-10,2025-11-14,Delivered,Website,30,527892.5,95020.65,0.0,622913.15,419400.0,108492.5,Delayed,7,11.0,False
ORD-002297,CUS-0055,2025-05-02,2025-05-14,2025-05-06,2025-05-09,Delivered,Phone / WhatsApp,60,83440.0,15019.2,2500.0,100959.2,56150.0,27290.0,On Time,0,7.0,False
ORD-002298,CUS-0060,2026-04-22,2026-04-27,2026-04-25,2026-04-27,Delivered,Corporate Account,15,593292.5,106792.65,0.0,700085.15,468200.0,125092.5,On Time,0,5.0,False
ORD-002299,CUS-0049,2026-03-19,2026-03-29,2026-03-25,2026-03-28,Delivered,Corporate Account,45,177080.0,31874.4,0.0,208954.4,115550.0,61530.0,On Time,0,9.0,False
ORD-002300,CUS-0075,2026-04-19,2026-04-29,2026-04-26,2026-04-30,Delivered,Phone / WhatsApp,30,588980.0,106016.4,0.0,694996.4,426850.0,162130.0,Delayed,1,11.0,False
ORD-002301,CUS-0097,2026-03-15,2026-03-23,2026-03-20,2026-03-21,Delivered,Tender,45,1000462.5,180083.25,0.0,1180545.75,733450.0,267012.5,On Time,0,6.0,False
ORD-002302,CUS-0017,2025-09-01,2025-09-11,2025-09-07,2025-09-10,Delivered,Website,30,11200.0,2016.0,3000.0,16216.0,6600.0,4600.0,On Time,0,9.0,False
ORD-002303,CUS-0050,2026-03-31,2026-04-12,,,Cancelled,Phone / WhatsApp,60,1351657.5,243298.35,0.0,1594955.85,1002200.0,349457.5,Cancelled,0,,False
ORD-002304,CUS-0062,2025-12-13,2025-12-27,2025-12-18,2025-12-22,Delivered,Direct Sales,45,599650.0,107937.0,0.0,707587.0,449250.0,150400.0,On Time,0,9.0,False
ORD-002305,CUS-0045,2026-01-08,2026-01-12,2026-01-13,,Shipped,Direct Sales,60,786678.75,141602.17,0.0,928280.93,580150.0,206528.75,Overdue Open Order,232,,True
ORD-002306,CUS-0064,2025-11-19,2025-11-27,2025-11-21,2025-11-24,Delivered,Corporate Account,30,2429525.0,437314.5,0.0,2866839.5,1954050.0,475475.0,On Time,0,5.0,False
ORD-002307,CUS-0076,2025-09-17,2025-09-27,2025-09-22,2025-09-23,Delivered,Tender,45,78837.5,14190.75,3000.0,96028.25,55250.0,23587.5,On Time,0,6.0,False
ORD-002308,CUS-0062,2025-09-13,2025-09-28,2025-09-20,2025-09-24,Delivered,Corporate Account,45,225482.5,40586.85,0.0,266069.35,143350.0,82132.5,On Time,0,11.0,False
ORD-002309,CUS-0095,2025-11-08,2025-11-17,2025-11-09,,Shipped,Phone / WhatsApp,45,913535.0,164436.3,0.0,1077971.3,672400.0,241135.0,Overdue Open Order,288,,True
ORD-002310,CUS-0119,2026-03-16,2026-03-28,2026-03-20,2026-03-21,Delivered,Direct Sales,30,233082.5,41954.85,0.0,275037.35,164900.0,68182.5,On Time,0,5.0,False
ORD-002311,CUS-0041,2025-12-17,2025-12-28,2025-12-19,2025-12-22,Delivered,Direct Sales,45,106875.0,19237.5,0.0,126112.5,77400.0,29475.0,On Time,0,5.0,False
ORD-002312,CUS-0067,2026-04-11,2026-04-15,2026-04-16,2026-04-17,Delivered,Direct Sales,60,667600.0,120168.0,0.0,787768.0,483550.0,184050.0,Delayed,2,6.0,False
ORD-002313,CUS-0024,2025-04-19,2025-05-04,2025-04-20,2025-04-21,Partially Returned,Corporate Account,60,2667553.75,480159.67,0.0,3147713.42,2055800.0,611753.75,On Time,0,2.0,False
ORD-002314,CUS-0030,2026-05-01,2026-05-14,2026-05-03,2026-05-07,Delivered,Direct Sales,30,90075.0,16213.5,1500.0,107788.5,62700.0,27375.0,On Time,0,6.0,False
ORD-002315,CUS-0011,2026-04-02,2026-04-06,2026-04-07,2026-04-12,Delivered,Direct Sales,60,1708943.75,307609.88,0.0,2016553.62,1093100.0,615843.75,Delayed,6,10.0,False
ORD-002316,CUS-0035,2026-04-18,2026-04-22,2026-04-24,2026-04-27,Returned,Phone / WhatsApp,30,761962.5,137153.25,0.0,899115.75,530400.0,231562.5,Delayed,5,9.0,False
ORD-002317,CUS-0069,2026-07-02,2026-07-08,2026-07-03,2026-07-05,Delivered,Direct Sales,30,284602.5,51228.45,0.0,335830.95,212100.0,72502.5,On Time,0,3.0,False
ORD-002318,CUS-0089,2026-03-07,2026-03-19,2026-03-12,2026-03-17,Delivered,Phone / WhatsApp,45,1188162.5,213869.25,0.0,1402031.75,872100.0,316062.5,On Time,0,10.0,False
ORD-002319,CUS-0098,2026-06-02,2026-06-06,2026-06-03,2026-06-04,Delivered,Tender,45,620000.0,111600.0,0.0,731600.0,461200.0,158800.0,On Time,0,2.0,False
ORD-002320,CUS-0105,2025-03-29,2025-04-10,2025-03-31,2025-04-01,Delivered,Direct Sales,15,128550.0,23139.0,0.0,151689.0,95250.0,33300.0,On Time,0,3.0,False
ORD-002321,CUS-0036,2026-08-13,2026-08-22,2026-08-18,2026-08-19,Delivered,Corporate Account,45,5843523.75,1051834.27,0.0,6895358.03,4449000.0,1394523.75,On Time,0,6.0,False
ORD-002322,CUS-0049,2026-05-30,2026-06-10,2026-06-06,,Shipped,Corporate Account,45,321656.25,57898.12,0.0,379554.38,237000.0,84656.25,Overdue Open Order,83,,True
ORD-002323,CUS-0009,2025-09-15,2025-09-24,2025-09-20,2025-09-21,Delivered,Direct Sales,30,32418.75,5835.38,2000.0,40254.12,23700.0,8718.75,On Time,0,6.0,False
ORD-002324,CUS-0075,2026-04-09,2026-04-22,2026-04-13,2026-04-14,Delivered,Corporate Account,30,4367422.5,786136.05,0.0,5153558.55,3236500.0,1130922.5,On Time,0,5.0,False
ORD-002325,CUS-0012,2025-03-07,2025-03-19,2025-03-14,2025-03-18,Delivered,Direct Sales,30,7560.0,1360.8,3000.0,11920.8,4950.0,2610.0,On Time,0,11.0,False
ORD-002326,CUS-0049,2025-12-09,2025-12-20,2025-12-12,2025-12-15,Delivered,Direct Sales,45,587497.5,105749.55,0.0,693247.05,448650.0,138847.5,On Time,0,6.0,False
ORD-002327,CUS-0052,2025-08-25,2025-09-08,2025-08-31,2025-09-02,Partially Returned,Direct Sales,45,500975.0,90175.5,0.0,591150.5,322300.0,178675.0,On Time,0,8.0,False
ORD-002328,CUS-0064,2026-06-09,2026-06-21,2026-06-10,2026-06-12,Delivered,Website,30,3943342.5,709801.65,0.0,4653144.15,3015150.0,928192.5,On Time,0,3.0,False
ORD-002329,CUS-0089,2025-05-06,2025-05-11,2025-05-08,,Shipped,Direct Sales,45,1788120.0,321861.6,0.0,2109981.6,1387650.0,400470.0,Overdue Open Order,478,,True
ORD-002330,CUS-0056,2025-11-18,2025-12-03,,,Processing,Direct Sales,45,935605.0,168408.9,0.0,1104013.9,656650.0,278955.0,Overdue Open Order,272,,True
ORD-002331,CUS-0036,2025-12-22,2026-01-04,,,Processing,Phone / WhatsApp,45,976415.0,175754.7,0.0,1152169.7,766250.0,210165.0,Overdue Open Order,240,,True
ORD-002332,CUS-0096,2026-05-12,2026-05-16,2026-05-14,2026-05-16,Delivered,Direct Sales,30,969440.0,174499.2,0.0,1143939.2,635850.0,333590.0,On Time,0,4.0,False
ORD-002333,CUS-0106,2025-12-30,2026-01-12,2025-12-31,2026-01-02,Delivered,Tender,15,56800.0,10224.0,1500.0,68524.0,36800.0,20000.0,On Time,0,3.0,False
ORD-002334,CUS-0088,2025-11-13,2025-11-27,2025-11-20,2025-11-22,Delivered,Direct Sales,30,1636250.0,294525.0,0.0,1930775.0,1363950.0,272300.0,On Time,0,9.0,False
ORD-002335,CUS-0063,2026-02-14,2026-02-21,2026-02-19,2026-02-22,Delivered,Corporate Account,30,1999645.0,359936.1,0.0,2359581.1,1557500.0,442145.0,Delayed,1,8.0,False
ORD-002336,CUS-0011,2025-12-23,2025-12-31,2025-12-25,2025-12-29,Delivered,Corporate Account,60,487921.25,87825.82,0.0,575747.07,352800.0,135121.25,On Time,0,6.0,False
ORD-002337,CUS-0045,2026-02-07,2026-02-22,2026-02-09,2026-02-13,Delivered,Corporate Account,60,3241005.0,583380.9,0.0,3824385.9,2592850.0,648155.0,On Time,0,6.0,False
ORD-002338,CUS-0024,2025-08-22,2025-09-06,2025-08-25,2025-08-26,Delivered,Direct Sales,60,921207.5,165817.35,0.0,1087024.85,659600.0,261607.5,On Time,0,4.0,False
ORD-002339,CUS-0021,2026-03-06,2026-03-21,,,Confirmed,Direct Sales,30,254285.0,45771.3,0.0,300056.3,173050.0,81235.0,Overdue Open Order,164,,True
ORD-002340,CUS-0056,2026-05-11,2026-05-24,2026-05-18,2026-05-19,Delivered,Direct Sales,45,211021.25,37983.82,0.0,249005.08,152300.0,58721.25,On Time,0,8.0,False
ORD-002341,CUS-0002,2025-11-16,2025-11-25,2025-11-19,2025-11-21,Delivered,Website,60,2148450.0,386721.0,0.0,2535171.0,1622600.0,525850.0,On Time,0,5.0,False
ORD-002342,CUS-0098,2026-06-22,2026-07-05,2026-06-23,2026-06-26,Delivered,Website,45,298960.0,53812.8,0.0,352772.8,234000.0,64960.0,On Time,0,4.0,False
ORD-002343,CUS-0036,2025-06-10,2025-06-24,2025-06-12,2025-06-15,Delivered,Phone / WhatsApp,45,1737865.0,312815.7,0.0,2050680.7,1255000.0,482865.0,On Time,0,5.0,False
ORD-002344,CUS-0039,2026-01-02,2026-01-12,2026-01-05,2026-01-08,Delivered,Corporate Account,30,3622942.5,652129.65,0.0,4275072.15,2708100.0,914842.5,On Time,0,6.0,False
ORD-002345,CUS-0074,2025-10-15,2025-10-29,,,Processing,Direct Sales,30,2006512.5,361172.25,0.0,2367684.75,1672550.0,333962.5,Overdue Open Order,307,,True
ORD-002346,CUS-0062,2026-04-19,2026-04-26,2026-04-20,2026-04-25,Delivered,Corporate Account,45,379785.0,68361.3,0.0,448146.3,298700.0,81085.0,On Time,0,6.0,False
ORD-002347,CUS-0113,2026-03-01,2026-03-07,2026-03-07,2026-03-10,Delivered,Website,60,2068005.0,372240.9,0.0,2440245.9,1523300.0,544705.0,Delayed,3,9.0,False
ORD-002348,CUS-0096,2025-06-08,2025-06-20,2025-06-10,2025-06-14,Delivered,Direct Sales,30,1305062.5,234911.25,0.0,1539973.75,951250.0,353812.5,On Time,0,6.0,False
ORD-002349,CUS-0108,2025-12-12,2025-12-25,2025-12-19,2025-12-24,Delivered,Corporate Account,45,1413985.0,254517.3,0.0,1668502.3,1076300.0,337685.0,On Time,0,12.0,False
ORD-002350,CUS-0117,2026-08-05,2026-08-14,2026-08-12,2026-08-15,Delivered,Direct Sales,30,28975.0,5215.5,3000.0,37190.5,20000.0,8975.0,Delayed,1,10.0,False
ORD-002351,CUS-0120,2026-07-31,2026-08-05,,,Cancelled,Direct Sales,30,1200100.0,216018.0,0.0,1416118.0,886000.0,314100.0,Cancelled,0,,False
ORD-002352,CUS-0059,2026-03-28,2026-04-11,2026-04-03,2026-04-05,Delivered,Corporate Account,30,79411.25,14294.02,1500.0,95205.27,51850.0,27561.25,On Time,0,8.0,False
ORD-002353,CUS-0102,2025-05-24,2025-06-08,2025-05-26,2025-05-28,Delivered,Corporate Account,45,908320.0,163497.6,0.0,1071817.6,716900.0,191420.0,On Time,0,4.0,False
ORD-002354,CUS-0089,2026-02-11,2026-02-18,2026-02-14,2026-02-17,Delivered,Corporate Account,45,1364556.25,245620.12,0.0,1610176.38,961000.0,403556.25,On Time,0,6.0,False
ORD-002355,CUS-0075,2026-03-29,2026-04-09,,,Processing,Corporate Account,30,431162.5,77609.25,0.0,508771.75,285800.0,145362.5,Overdue Open Order,145,,True
ORD-002356,CUS-0046,2025-11-18,2025-11-22,,,Confirmed,Corporate Account,60,4412155.0,794187.9,0.0,5206342.9,3156400.0,1255755.0,Overdue Open Order,283,,True
ORD-002357,CUS-0052,2025-07-01,2025-07-10,2025-07-05,2025-07-09,Delivered,Corporate Account,45,1151585.0,207285.3,0.0,1358870.3,860000.0,291585.0,On Time,0,8.0,False
ORD-002358,CUS-0004,2026-07-24,2026-08-04,2026-07-25,2026-07-28,Delivered,Direct Sales,30,133000.0,23940.0,0.0,156940.0,94800.0,38200.0,On Time,0,4.0,False
ORD-002359,CUS-0049,2025-05-26,2025-06-04,2025-06-01,2025-06-05,Delivered,Website,45,711742.5,128113.65,0.0,839856.15,505350.0,206392.5,Delayed,1,10.0,False
ORD-002360,CUS-0005,2025-08-27,2025-09-05,2025-08-28,2025-09-02,Delivered,Corporate Account,30,3044145.0,547946.1,0.0,3592091.1,2308050.0,736095.0,On Time,0,6.0,False
ORD-002361,CUS-0024,2026-04-27,2026-05-06,2026-05-02,,Shipped,Tender,60,810495.0,145889.1,0.0,956384.1,555800.0,254695.0,Overdue Open Order,118,,True
ORD-002362,CUS-0111,2026-05-12,2026-05-22,2026-05-14,2026-05-17,Delivered,Tender,30,187087.5,33675.75,0.0,220763.25,128100.0,58987.5,On Time,0,5.0,False
ORD-002363,CUS-0021,2025-12-17,2025-12-25,2025-12-19,2025-12-22,Returned,Direct Sales,30,529413.75,95294.47,0.0,624708.22,366150.0,163263.75,On Time,0,5.0,False
ORD-002364,CUS-0088,2026-08-17,2026-08-24,,,Processing,Direct Sales,30,37500.0,6750.0,2000.0,46250.0,25800.0,11700.0,Overdue Open Order,8,,True
ORD-002365,CUS-0048,2026-01-19,2026-01-31,2026-01-24,2026-01-28,Delivered,Corporate Account,30,4745566.25,854201.92,0.0,5599768.17,3851150.0,894416.25,On Time,0,9.0,False
ORD-002366,CUS-0036,2026-02-02,2026-02-13,2026-02-05,2026-02-07,Delivered,Corporate Account,45,7090287.5,1276251.75,0.0,8366539.25,6013150.0,1077137.5,On Time,0,5.0,False
ORD-002367,CUS-0097,2026-03-20,2026-03-24,2026-03-27,2026-04-01,Delivered,Phone / WhatsApp,45,609195.0,109655.1,0.0,718850.1,444900.0,164295.0,Delayed,8,12.0,False
ORD-002368,CUS-0019,2026-08-16,2026-08-25,2026-08-22,2026-08-27,Delivered,Website,30,202635.0,36474.3,0.0,239109.3,168000.0,34635.0,Delayed,2,11.0,False
ORD-002369,CUS-0089,2026-02-24,2026-02-28,2026-03-03,2026-03-06,Delivered,Direct Sales,45,2314236.25,416562.52,0.0,2730798.77,1669700.0,644536.25,Delayed,6,10.0,False
ORD-002370,CUS-0072,2025-07-24,2025-07-30,,,Confirmed,Corporate Account,45,827265.0,148907.7,0.0,976172.7,609500.0,217765.0,Overdue Open Order,398,,True
ORD-002371,CUS-0060,2025-04-19,2025-04-23,,,Pending,Phone / WhatsApp,15,806407.5,145153.35,0.0,951560.85,600950.0,205457.5,Overdue Open Order,496,,True
ORD-002372,CUS-0067,2025-09-09,2025-09-16,2025-09-14,2025-09-15,Delivered,Corporate Account,60,2907253.75,523305.67,0.0,3430559.42,2247700.0,659553.75,On Time,0,6.0,False
ORD-002373,CUS-0064,2025-04-16,2025-05-01,2025-04-18,2025-04-19,Delivered,Corporate Account,30,1736545.0,312578.1,0.0,2049123.1,1258050.0,478495.0,On Time,0,3.0,False
ORD-002374,CUS-0120,2025-08-24,2025-09-02,2025-08-25,2025-08-28,Partially Returned,Phone / WhatsApp,30,2913035.0,524346.3,0.0,3437381.3,2229650.0,683385.0,On Time,0,4.0,False
ORD-002375,CUS-0050,2025-09-08,2025-09-22,2025-09-12,2025-09-15,Delivered,Phone / WhatsApp,60,1956345.0,352142.1,0.0,2308487.1,1573200.0,383145.0,On Time,0,7.0,False
ORD-002376,CUS-0045,2025-08-28,2025-09-12,2025-08-29,2025-09-01,Delivered,Website,60,4237420.0,762735.6,0.0,5000155.6,3048600.0,1188820.0,On Time,0,4.0,False
ORD-002377,CUS-0016,2025-08-09,2025-08-13,2025-08-16,2025-08-17,Delivered,Direct Sales,45,489870.0,88176.6,0.0,578046.6,383150.0,106720.0,Delayed,4,8.0,False
ORD-002378,CUS-0080,2026-06-14,2026-06-23,2026-06-20,2026-06-22,Delivered,Website,30,438760.0,78976.8,0.0,517736.8,337650.0,101110.0,On Time,0,8.0,False
ORD-002379,CUS-0013,2025-08-13,2025-08-22,2025-08-20,,Shipped,Direct Sales,45,1917862.5,345215.25,0.0,2263077.75,1403600.0,514262.5,Overdue Open Order,375,,True
ORD-002380,CUS-0063,2025-09-01,2025-09-09,2025-09-04,2025-09-09,Delivered,Direct Sales,30,445582.5,80204.85,0.0,525787.35,330100.0,115482.5,On Time,0,8.0,False
ORD-002381,CUS-0062,2025-06-19,2025-06-24,2025-06-22,2025-06-23,Delivered,Direct Sales,45,18620.0,3351.6,2000.0,23971.6,11550.0,7070.0,On Time,0,4.0,False
ORD-002382,CUS-0092,2025-11-18,2025-12-01,2025-11-22,2025-11-24,Delivered,Direct Sales,30,1032133.75,185784.07,0.0,1217917.82,826650.0,205483.75,On Time,0,6.0,False
ORD-002383,CUS-0058,2025-12-14,2025-12-25,2025-12-16,2025-12-17,Delivered,Website,45,1722963.75,310133.47,0.0,2033097.23,1238450.0,484513.75,On Time,0,3.0,False
ORD-002384,CUS-0117,2025-12-15,2025-12-20,2025-12-17,2025-12-21,Delivered,Corporate Account,30,1119202.5,201456.45,0.0,1320658.95,845000.0,274202.5,Delayed,1,6.0,False
ORD-002385,CUS-0095,2025-07-22,2025-08-02,,,Cancelled,Phone / WhatsApp,45,3048866.25,548795.92,0.0,3597662.17,2529450.0,519416.25,Cancelled,0,,False
ORD-002386,CUS-0037,2025-06-07,2025-06-20,2025-06-08,,Shipped,Phone / WhatsApp,30,990525.0,178294.5,0.0,1168819.5,643750.0,346775.0,Overdue Open Order,438,,True
ORD-002387,CUS-0110,2026-01-07,2026-01-13,2026-01-08,2026-01-10,Delivered,Corporate Account,30,2751492.5,495268.65,0.0,3246761.15,2031000.0,720492.5,On Time,0,3.0,False
ORD-002388,CUS-0072,2026-06-05,2026-06-11,,,Pending,Tender,45,338010.0,60841.8,0.0,398851.8,243000.0,95010.0,Overdue Open Order,82,,True
ORD-002389,CUS-0026,2026-02-20,2026-02-27,2026-02-25,2026-03-02,Partially Returned,Direct Sales,30,166410.0,29953.8,0.0,196363.8,123450.0,42960.0,Delayed,3,10.0,False
ORD-002390,CUS-0075,2026-04-10,2026-04-17,,,Confirmed,Tender,30,1590870.0,286356.6,0.0,1877226.6,1196800.0,394070.0,Overdue Open Order,137,,True
ORD-002391,CUS-0056,2026-05-16,2026-05-28,2026-05-19,2026-05-20,Delivered,Direct Sales,45,407298.75,73313.77,0.0,480612.53,277200.0,130098.75,On Time,0,4.0,False
ORD-002392,CUS-0067,2026-08-13,2026-08-24,2026-08-14,2026-08-17,Delivered,Phone / WhatsApp,60,635150.0,114327.0,0.0,749477.0,495100.0,140050.0,On Time,0,4.0,False
ORD-002393,CUS-0036,2026-06-29,2026-07-10,2026-07-04,,Shipped,Tender,45,1559400.0,280692.0,0.0,1840092.0,1234600.0,324800.0,Overdue Open Order,53,,True
ORD-002394,CUS-0007,2026-03-19,2026-03-29,2026-03-25,2026-03-28,Delivered,Phone / WhatsApp,15,344740.0,62053.2,0.0,406793.2,245950.0,98790.0,On Time,0,9.0,False
ORD-002395,CUS-0054,2026-05-31,2026-06-11,,,Pending,Corporate Account,15,877372.5,157927.05,0.0,1035299.55,614850.0,262522.5,Overdue Open Order,82,,True
ORD-002396,CUS-0043,2026-05-22,2026-06-02,2026-05-27,2026-05-30,Delivered,Corporate Account,45,3362590.0,605266.2,0.0,3967856.2,2638850.0,723740.0,On Time,0,8.0,False
ORD-002397,CUS-0011,2026-08-09,2026-08-18,,,Pending,Website,60,270840.0,48751.2,0.0,319591.2,196000.0,74840.0,Overdue Open Order,14,,True
ORD-002398,CUS-0007,2026-07-22,2026-07-31,2026-07-25,2026-07-27,Delivered,Website,15,601878.75,108338.18,0.0,710216.93,498600.0,103278.75,On Time,0,5.0,False
ORD-002399,CUS-0118,2025-10-15,2025-10-21,,,Cancelled,Corporate Account,30,912295.0,164213.1,0.0,1076508.1,670050.0,242245.0,Cancelled,0,,False
ORD-002400,CUS-0089,2026-01-08,2026-01-22,2026-01-15,2026-01-19,Delivered,Direct Sales,45,6404833.75,1152870.07,0.0,7557703.83,5086400.0,1318433.75,On Time,0,11.0,False
ORD-002401,CUS-0050,2025-07-22,2025-07-27,2025-07-25,2025-07-29,Partially Returned,Corporate Account,60,437835.0,78810.3,0.0,516645.3,328400.0,109435.0,Delayed,2,7.0,False
ORD-002402,CUS-0116,2026-04-11,2026-04-25,2026-04-15,2026-04-16,Delivered,Tender,30,1956440.0,352159.2,0.0,2308599.2,1463500.0,492940.0,On Time,0,5.0,False
ORD-002403,CUS-0004,2026-02-04,2026-02-19,2026-02-06,2026-02-07,Delivered,Direct Sales,30,334162.5,60149.25,0.0,394311.75,254100.0,80062.5,On Time,0,3.0,False
ORD-002404,CUS-0113,2025-12-20,2026-01-01,2025-12-26,2025-12-28,Delivered,Corporate Account,60,2468897.5,444401.55,0.0,2913299.05,1751700.0,717197.5,On Time,0,8.0,False
ORD-002405,CUS-0052,2026-03-13,2026-03-18,2026-03-20,,Shipped,Corporate Account,45,1406102.5,253098.45,0.0,1659200.95,1094300.0,311802.5,Overdue Open Order,167,,True
ORD-002406,CUS-0074,2025-04-23,2025-05-04,2025-04-27,2025-05-01,Delivered,Corporate Account,30,5472812.5,985106.25,0.0,6457918.75,4080550.0,1392262.5,On Time,0,8.0,False
ORD-002407,CUS-0011,2026-08-26,2026-09-06,,,Pending,Corporate Account,60,3742362.5,673625.25,0.0,4415987.75,2889300.0,853062.5,Open - Within Promise,0,,False
ORD-002408,CUS-0036,2025-05-05,2025-05-10,2025-05-10,2025-05-11,Delivered,Corporate Account,45,6470855.0,1164753.9,0.0,7635608.9,5278000.0,1192855.0,Delayed,1,6.0,False
ORD-002409,CUS-0107,2026-02-10,2026-02-15,2026-02-12,2026-02-14,Delivered,Direct Sales,15,718912.5,129404.25,0.0,848316.75,535650.0,183262.5,On Time,0,4.0,False
ORD-002410,CUS-0047,2025-10-04,2025-10-12,2025-10-08,2025-10-13,Delivered,Direct Sales,30,533445.0,96020.1,0.0,629465.1,408200.0,125245.0,Delayed,1,9.0,False
ORD-002411,CUS-0028,2026-01-04,2026-01-17,,,Processing,Direct Sales,30,560465.0,100883.7,0.0,661348.7,397400.0,163065.0,Overdue Open Order,227,,True
ORD-002412,CUS-0114,2025-09-26,2025-09-30,2025-09-28,2025-10-03,Delivered,Corporate Account,15,487592.5,87766.65,0.0,575359.15,340100.0,147492.5,Delayed,3,7.0,False
ORD-002413,CUS-0102,2026-05-24,2026-05-28,2026-05-25,2026-05-28,Delivered,Corporate Account,45,410683.75,73923.07,0.0,484606.83,292100.0,118583.75,On Time,0,4.0,False
ORD-002414,CUS-0083,2026-03-17,2026-03-30,,,Cancelled,Phone / WhatsApp,30,254055.0,45729.9,0.0,299784.9,205300.0,48755.0,Cancelled,0,,False
ORD-002415,CUS-0031,2025-11-21,2025-12-03,2025-11-27,2025-12-02,Delivered,Tender,30,710290.0,127852.2,0.0,838142.2,534600.0,175690.0,On Time,0,11.0,False
ORD-002416,CUS-0118,2026-06-24,2026-06-30,2026-06-28,2026-06-29,Delivered,Direct Sales,30,185725.0,33430.5,0.0,219155.5,134300.0,51425.0,On Time,0,5.0,False
ORD-002417,CUS-0067,2025-07-21,2025-07-26,2025-07-24,2025-07-27,Delivered,Tender,60,1776756.25,319816.12,0.0,2096572.38,1383800.0,392956.25,Delayed,1,6.0,False
ORD-002418,CUS-0047,2026-07-18,2026-07-25,2026-07-24,2026-07-27,Delivered,Direct Sales,30,921510.0,165871.8,0.0,1087381.8,737100.0,184410.0,Delayed,2,9.0,False
ORD-002419,CUS-0054,2025-10-29,2025-11-03,2025-11-02,2025-11-06,Delivered,Phone / WhatsApp,15,998302.5,179694.45,0.0,1177996.95,737100.0,261202.5,Delayed,3,8.0,False
ORD-002420,CUS-0115,2025-03-12,2025-03-21,,,Processing,Corporate Account,30,246675.0,44401.5,0.0,291076.5,173800.0,72875.0,Overdue Open Order,529,,True
ORD-002421,CUS-0024,2026-01-31,2026-02-10,,,Pending,Direct Sales,60,2669927.5,480586.95,0.0,3150514.45,2086100.0,583827.5,Overdue Open Order,203,,True
ORD-002422,CUS-0113,2025-03-29,2025-04-08,2025-04-01,2025-04-02,Delivered,Website,60,2163670.0,389460.6,0.0,2553130.6,1583350.0,580320.0,On Time,0,4.0,False
ORD-002423,CUS-0046,2025-11-16,2025-11-20,,,Pending,Tender,60,3578833.75,644190.07,0.0,4223023.83,2938500.0,640333.75,Overdue Open Order,285,,True
ORD-002424,CUS-0071,2026-01-16,2026-01-22,2026-01-21,2026-01-22,Delivered,Corporate Account,30,977156.25,175888.12,0.0,1153044.38,685600.0,291556.25,On Time,0,6.0,False
ORD-002425,CUS-0012,2026-04-11,2026-04-21,2026-04-17,2026-04-22,Delivered,Direct Sales,30,602242.5,108403.65,0.0,710646.15,440500.0,161742.5,Delayed,1,11.0,False
ORD-002426,CUS-0063,2026-01-21,2026-01-27,,,Cancelled,Corporate Account,30,70623.75,12712.27,2500.0,85836.02,52050.0,18573.75,Cancelled,0,,False
ORD-002427,CUS-0072,2025-11-11,2025-11-17,,,Processing,Tender,45,659240.0,118663.2,0.0,777903.2,440800.0,218440.0,Overdue Open Order,288,,True
ORD-002428,CUS-0075,2026-06-14,2026-06-29,,,Processing,Direct Sales,30,1113716.25,200468.92,0.0,1314185.18,809050.0,304666.25,Overdue Open Order,64,,True
ORD-002429,CUS-0110,2025-07-21,2025-07-26,2025-07-23,2025-07-26,Delivered,Website,30,851785.0,153321.3,0.0,1005106.3,645000.0,206785.0,On Time,0,5.0,False
ORD-002430,CUS-0115,2025-09-11,2025-09-15,,,Pending,Direct Sales,30,1120580.0,201704.4,0.0,1322284.4,745400.0,375180.0,Overdue Open Order,351,,True
ORD-002431,CUS-0080,2026-03-26,2026-03-31,2026-03-31,2026-04-04,Returned,Corporate Account,30,80560.0,14500.8,1500.0,96560.8,52000.0,28560.0,Delayed,4,9.0,False
ORD-002432,CUS-0069,2025-07-26,2025-08-03,,,Confirmed,Corporate Account,30,2377551.25,427959.22,0.0,2805510.48,1781000.0,596551.25,Overdue Open Order,394,,True
ORD-002433,CUS-0113,2026-04-08,2026-04-17,2026-04-13,2026-04-15,Delivered,Direct Sales,60,3119535.0,561516.3,0.0,3681051.3,2373850.0,745685.0,On Time,0,7.0,False
ORD-002434,CUS-0029,2026-07-27,2026-08-06,,,Processing,Tender,15,169200.0,30456.0,0.0,199656.0,119500.0,49700.0,Overdue Open Order,26,,True
ORD-002435,CUS-0001,2026-01-20,2026-02-04,2026-01-22,2026-01-25,Delivered,Corporate Account,45,2823650.0,508257.0,0.0,3331907.0,2065050.0,758600.0,On Time,0,5.0,False
ORD-002436,CUS-0008,2025-10-14,2025-10-20,,,Confirmed,Direct Sales,45,1983303.75,356994.67,0.0,2340298.42,1494850.0,488453.75,Overdue Open Order,316,,True
ORD-002437,CUS-0096,2026-02-01,2026-02-11,2026-02-03,2026-02-06,Delivered,Direct Sales,30,946518.75,170373.38,0.0,1116892.12,682250.0,264268.75,On Time,0,5.0,False
ORD-002438,CUS-0120,2025-06-21,2025-07-03,2025-06-27,2025-07-02,Delivered,Phone / WhatsApp,30,4670590.0,840706.2,0.0,5511296.2,3652150.0,1018440.0,On Time,0,11.0,False
ORD-002439,CUS-0060,2026-07-08,2026-07-16,2026-07-14,2026-07-17,Partially Returned,Website,15,26242.5,4723.65,3000.0,33966.15,17050.0,9192.5,Delayed,1,9.0,False
ORD-002440,CUS-0067,2026-07-27,2026-07-31,2026-08-02,2026-08-07,Delivered,Website,60,2153303.75,387594.67,0.0,2540898.42,1573300.0,580003.75,Delayed,7,11.0,False
ORD-002441,CUS-0047,2025-05-08,2025-05-23,,,Confirmed,Direct Sales,30,945177.5,170131.95,0.0,1115309.45,704850.0,240327.5,Overdue Open Order,466,,True
ORD-002442,CUS-0049,2026-02-13,2026-02-26,2026-02-19,2026-02-23,Delivered,Direct Sales,45,8091630.0,1456493.4,0.0,9548123.4,6324900.0,1766730.0,On Time,0,10.0,False
ORD-002443,CUS-0005,2026-08-21,2026-08-25,2026-08-25,2026-08-26,Partially Returned,Corporate Account,30,7824172.5,1408351.05,0.0,9232523.55,6236600.0,1587572.5,Delayed,1,5.0,False
ORD-002444,CUS-0049,2026-01-06,2026-01-17,2026-01-13,2026-01-14,Delivered,Direct Sales,45,1459741.25,262753.42,0.0,1722494.68,1170400.0,289341.25,On Time,0,8.0,False
ORD-002445,CUS-0028,2026-03-09,2026-03-22,,,Pending,Direct Sales,30,781995.0,140759.1,0.0,922754.1,588000.0,193995.0,Overdue Open Order,163,,True
ORD-002446,CUS-0084,2025-12-27,2026-01-01,,,Pending,Corporate Account,30,561785.0,101121.3,0.0,662906.3,433500.0,128285.0,Overdue Open Order,243,,True
ORD-002447,CUS-0120,2026-07-28,2026-08-11,,,Processing,Direct Sales,30,10574350.0,1903383.0,0.0,12477733.0,8799150.0,1775200.0,Overdue Open Order,21,,True
ORD-002448,CUS-0034,2026-07-18,2026-07-29,2026-07-21,2026-07-25,Delivered,Phone / WhatsApp,30,370548.75,66698.77,0.0,437247.53,298950.0,71598.75,On Time,0,7.0,False
ORD-002449,CUS-0088,2025-09-12,2025-09-18,2025-09-13,2025-09-15,Delivered,Direct Sales,30,711942.5,128149.65,0.0,840092.15,557050.0,154892.5,On Time,0,3.0,False
ORD-002450,CUS-0001,2025-09-17,2025-10-02,2025-09-18,2025-09-23,Delivered,Direct Sales,45,491075.0,88393.5,0.0,579468.5,361350.0,129725.0,On Time,0,6.0,False
ORD-002451,CUS-0037,2025-11-16,2025-11-27,2025-11-19,2025-11-21,Delivered,Tender,30,390407.5,70273.35,0.0,460680.85,305900.0,84507.5,On Time,0,5.0,False
ORD-002452,CUS-0045,2026-07-08,2026-07-17,,,Processing,Corporate Account,60,993967.5,178914.15,0.0,1172881.65,765100.0,228867.5,Overdue Open Order,46,,True
ORD-002453,CUS-0110,2025-06-12,2025-06-17,2025-06-14,2025-06-18,Delivered,Phone / WhatsApp,30,459670.0,82740.6,0.0,542410.6,315350.0,144320.0,Delayed,1,6.0,False
ORD-002454,CUS-0071,2025-04-19,2025-04-28,,,Pending,Website,30,276165.0,49709.7,0.0,325874.7,209000.0,67165.0,Overdue Open Order,491,,True
ORD-002455,CUS-0115,2026-06-13,2026-06-25,,,Confirmed,Phone / WhatsApp,30,204387.5,36789.75,0.0,241177.25,147300.0,57087.5,Overdue Open Order,68,,True
ORD-002456,CUS-0104,2026-01-04,2026-01-13,,,Confirmed,Corporate Account,30,7980.0,1436.4,3000.0,12416.4,4950.0,3030.0,Overdue Open Order,231,,True
ORD-002457,CUS-0048,2026-01-27,2026-02-05,,,Confirmed,Tender,30,1451917.5,261345.15,0.0,1713262.65,1130400.0,321517.5,Overdue Open Order,208,,True
ORD-002458,CUS-0037,2025-12-08,2025-12-12,2025-12-09,2025-12-11,Delivered,Corporate Account,30,1385667.5,249420.15,0.0,1635087.65,1060550.0,325117.5,On Time,0,3.0,False
ORD-002459,CUS-0004,2025-09-11,2025-09-16,2025-09-14,2025-09-17,Delivered,Corporate Account,30,502057.5,90370.35,0.0,592427.85,354550.0,147507.5,Delayed,1,6.0,False
ORD-002460,CUS-0013,2025-07-31,2025-08-09,2025-08-06,,Shipped,Direct Sales,45,1772212.5,318998.25,0.0,2091210.75,1406850.0,365362.5,Overdue Open Order,388,,True
ORD-002461,CUS-0014,2025-11-29,2025-12-09,2025-12-02,2025-12-07,Delivered,Corporate Account,45,795653.75,143217.67,0.0,938871.43,518400.0,277253.75,On Time,0,8.0,False
ORD-002462,CUS-0069,2025-12-21,2025-12-29,2025-12-24,2025-12-29,Delivered,Tender,30,707975.0,127435.5,0.0,835410.5,548700.0,159275.0,On Time,0,8.0,False
ORD-002463,CUS-0075,2025-08-23,2025-09-07,2025-08-27,2025-08-29,Delivered,Direct Sales,30,3621641.25,651895.42,0.0,4273536.67,2744000.0,877641.25,On Time,0,6.0,False
ORD-002464,CUS-0093,2026-07-19,2026-08-02,2026-07-26,2026-07-31,Delivered,Website,30,2015897.5,362861.55,0.0,2378759.05,1556800.0,459097.5,On Time,0,12.0,False
ORD-002465,CUS-0028,2026-07-14,2026-07-27,2026-07-15,2026-07-20,Delivered,Website,30,427180.0,76892.4,0.0,504072.4,300850.0,126330.0,On Time,0,6.0,False
ORD-002466,CUS-0044,2025-08-08,2025-08-23,2025-08-13,,Shipped,Website,60,4981355.0,896643.9,0.0,5877998.9,3749050.0,1232305.0,Overdue Open Order,374,,True
ORD-002467,CUS-0074,2026-06-10,2026-06-21,,,Cancelled,Direct Sales,30,362390.0,65230.2,0.0,427620.2,274800.0,87590.0,Cancelled,0,,False
ORD-002468,CUS-0100,2025-10-24,2025-10-31,2025-10-27,2025-10-28,Delivered,Website,45,1343480.0,241826.4,0.0,1585306.4,989250.0,354230.0,On Time,0,4.0,False
ORD-002469,CUS-0004,2026-02-21,2026-03-02,2026-02-22,2026-02-27,Delivered,Phone / WhatsApp,30,538575.0,96943.5,0.0,635518.5,402100.0,136475.0,On Time,0,6.0,False
ORD-002470,CUS-0098,2025-07-29,2025-08-10,2025-08-01,2025-08-02,Delivered,Direct Sales,45,1842641.25,331675.42,0.0,2174316.67,1470300.0,372341.25,On Time,0,4.0,False
ORD-002471,CUS-0103,2025-06-12,2025-06-16,2025-06-18,2025-06-23,Delivered,Corporate Account,30,64155.0,11547.9,3000.0,78702.9,44600.0,19555.0,Delayed,7,11.0,False
ORD-002472,CUS-0037,2026-08-05,2026-08-13,,,Processing,Tender,30,431347.5,77642.55,0.0,508990.05,338850.0,92497.5,Overdue Open Order,19,,True
ORD-002473,CUS-0070,2025-05-30,2025-06-07,2025-06-04,2025-06-08,Delivered,Corporate Account,15,68850.0,12393.0,1500.0,82743.0,55000.0,13850.0,Delayed,1,9.0,False
ORD-002474,CUS-0116,2025-10-11,2025-10-26,2025-10-18,2025-10-23,Delivered,Website,30,236145.0,42506.1,0.0,278651.1,172600.0,63545.0,On Time,0,12.0,False
ORD-002475,CUS-0012,2025-05-16,2025-05-28,,,Cancelled,Direct Sales,30,1032525.0,185854.5,0.0,1218379.5,799050.0,233475.0,Cancelled,0,,False
ORD-002476,CUS-0010,2025-11-27,2025-12-08,2025-11-28,2025-11-30,Delivered,Corporate Account,30,76545.0,13778.1,2500.0,92823.1,58200.0,18345.0,On Time,0,3.0,False
ORD-002477,CUS-0044,2026-02-03,2026-02-10,2026-02-07,2026-02-11,Delivered,Direct Sales,60,4156380.0,748148.4,0.0,4904528.4,3244600.0,911780.0,Delayed,1,8.0,False
ORD-002478,CUS-0072,2025-12-08,2025-12-17,2025-12-12,2025-12-17,Delivered,Website,45,815292.5,146752.65,0.0,962045.15,546200.0,269092.5,On Time,0,9.0,False
ORD-002479,CUS-0004,2026-01-22,2026-01-30,2026-01-26,2026-01-27,Delivered,Corporate Account,30,1991800.0,358524.0,0.0,2350324.0,1584500.0,407300.0,On Time,0,5.0,False
ORD-002480,CUS-0016,2025-10-03,2025-10-14,2025-10-07,2025-10-08,Delivered,Corporate Account,45,1332590.0,239866.2,0.0,1572456.2,1010600.0,321990.0,On Time,0,5.0,False
ORD-002481,CUS-0014,2025-05-26,2025-06-05,2025-05-31,2025-06-03,Delivered,Phone / WhatsApp,45,403965.0,72713.7,0.0,476678.7,313750.0,90215.0,On Time,0,8.0,False
ORD-002482,CUS-0017,2026-01-23,2026-01-27,2026-01-28,2026-01-29,Delivered,Corporate Account,30,127672.5,22981.05,0.0,150653.55,88700.0,38972.5,Delayed,2,6.0,False
ORD-002483,CUS-0061,2025-10-10,2025-10-22,2025-10-17,2025-10-18,Delivered,Corporate Account,30,382802.5,68904.45,0.0,451706.95,317250.0,65552.5,On Time,0,8.0,False
ORD-002484,CUS-0104,2025-05-09,2025-05-20,2025-05-15,2025-05-20,Delivered,Direct Sales,30,182515.0,32852.7,0.0,215367.7,120900.0,61615.0,On Time,0,11.0,False
ORD-002485,CUS-0008,2026-07-30,2026-08-11,,,Confirmed,Corporate Account,45,15356.25,2764.12,3000.0,21120.38,9800.0,5556.25,Overdue Open Order,21,,True
ORD-002486,CUS-0109,2026-04-20,2026-05-04,2026-04-22,2026-04-23,Delivered,Corporate Account,15,803130.0,144563.4,0.0,947693.4,617100.0,186030.0,On Time,0,3.0,False
ORD-002487,CUS-0062,2025-03-08,2025-03-19,2025-03-13,2025-03-18,Delivered,Direct Sales,45,69562.5,12521.25,2500.0,84583.75,48750.0,20812.5,On Time,0,10.0,False
ORD-002488,CUS-0041,2025-06-30,2025-07-05,2025-07-05,2025-07-08,Delivered,Direct Sales,45,523512.5,94232.25,0.0,617744.75,420800.0,102712.5,Delayed,3,8.0,False
ORD-002489,CUS-0021,2025-07-26,2025-08-02,,,Processing,Direct Sales,30,446000.0,80280.0,0.0,526280.0,304000.0,142000.0,Overdue Open Order,395,,True
ORD-002490,CUS-0120,2025-05-12,2025-05-17,2025-05-17,2025-05-22,Delivered,Tender,30,4056276.25,730129.72,0.0,4786405.97,3143250.0,913026.25,Delayed,5,10.0,False
ORD-002491,CUS-0050,2026-05-22,2026-06-01,2026-05-26,,Shipped,Phone / WhatsApp,60,1569730.0,282551.4,0.0,1852281.4,1223300.0,346430.0,Overdue Open Order,92,,True
ORD-002492,CUS-0108,2025-08-10,2025-08-16,2025-08-14,2025-08-16,Delivered,Direct Sales,45,1704592.5,306826.65,0.0,2011419.15,1292800.0,411792.5,On Time,0,6.0,False
ORD-002493,CUS-0048,2025-07-14,2025-07-25,2025-07-20,2025-07-21,Delivered,Website,30,1588926.25,286006.72,0.0,1874932.98,1159750.0,429176.25,On Time,0,7.0,False
ORD-002494,CUS-0118,2026-06-27,2026-07-06,2026-06-30,2026-07-05,Delivered,Website,30,80800.0,14544.0,2500.0,97844.0,58500.0,22300.0,On Time,0,8.0,False
ORD-002495,CUS-0096,2025-06-13,2025-06-19,,,Processing,Direct Sales,30,2216920.0,399045.6,0.0,2615965.6,1652100.0,564820.0,Overdue Open Order,439,,True
ORD-002496,CUS-0090,2026-08-04,2026-08-16,2026-08-10,2026-08-14,Delivered,Phone / WhatsApp,30,686628.75,123593.17,0.0,810221.93,518850.0,167778.75,On Time,0,10.0,False
ORD-002497,CUS-0009,2025-06-13,2025-06-26,2025-06-15,2025-06-16,Delivered,Corporate Account,30,95475.0,17185.5,2500.0,115160.5,72600.0,22875.0,On Time,0,3.0,False
ORD-002498,CUS-0074,2026-05-09,2026-05-16,,,Processing,Direct Sales,30,537780.0,96800.4,0.0,634580.4,373050.0,164730.0,Overdue Open Order,108,,True
ORD-002499,CUS-0101,2025-11-09,2025-11-19,2025-11-16,2025-11-21,Delivered,Corporate Account,30,70035.0,12606.3,1500.0,84141.3,54300.0,15735.0,Delayed,2,12.0,False
ORD-002500,CUS-0045,2026-03-30,2026-04-07,,,Processing,Direct Sales,60,3472053.75,624969.67,0.0,4097023.42,2657650.0,814403.75,Overdue Open Order,147,,True
ORD-002501,CUS-0001,2026-08-20,2026-08-24,2026-08-27,2026-08-28,Delivered,Tender,45,1248955.0,224811.9,0.0,1473766.9,981750.0,267205.0,Delayed,4,8.0,False
ORD-002502,CUS-0071,2026-03-24,2026-04-05,2026-03-31,2026-04-02,Delivered,Corporate Account,30,794560.0,143020.8,0.0,937580.8,576700.0,217860.0,On Time,0,9.0,False
ORD-002503,CUS-0060,2026-03-06,2026-03-17,2026-03-09,2026-03-13,Delivered,Corporate Account,15,409577.5,73723.95,0.0,483301.45,294450.0,115127.5,On Time,0,7.0,False
ORD-002504,CUS-0036,2025-12-11,2025-12-25,,,Cancelled,Website,45,3463825.0,623488.5,0.0,4087313.5,2649100.0,814725.0,Cancelled,0,,False
ORD-002505,CUS-0036,2025-11-25,2025-12-07,,,Processing,Phone / WhatsApp,45,2355863.75,424055.47,0.0,2779919.23,1739950.0,615913.75,Overdue Open Order,268,,True
ORD-002506,CUS-0035,2026-02-11,2026-02-17,2026-02-14,2026-02-19,Delivered,Corporate Account,30,2196430.0,395357.4,0.0,2591787.4,1586250.0,610180.0,Delayed,2,8.0,False
ORD-002507,CUS-0043,2026-01-19,2026-01-24,2026-01-26,2026-01-28,Partially Returned,Direct Sales,45,1786627.5,321592.95,0.0,2108220.45,1338350.0,448277.5,Delayed,4,9.0,False
ORD-002508,CUS-0052,2025-03-26,2025-04-02,2025-03-28,2025-03-30,Delivered,Website,45,207175.0,37291.5,0.0,244466.5,151800.0,55375.0,On Time,0,4.0,False
ORD-002509,CUS-0090,2026-08-08,2026-08-22,2026-08-13,2026-08-14,Delivered,Direct Sales,30,1026960.0,184852.8,0.0,1211812.8,736500.0,290460.0,On Time,0,6.0,False
ORD-002510,CUS-0019,2025-12-12,2025-12-20,2025-12-13,2025-12-14,Partially Returned,Website,30,2341087.5,421395.75,0.0,2762483.25,2049900.0,291187.5,On Time,0,2.0,False
ORD-002511,CUS-0046,2025-12-01,2025-12-08,2025-12-07,2025-12-08,Delivered,Corporate Account,60,4188165.0,753869.7,0.0,4942034.7,3202800.0,985365.0,On Time,0,7.0,False
ORD-002512,CUS-0053,2025-12-08,2025-12-20,2025-12-12,2025-12-15,Delivered,Direct Sales,45,66507.5,11971.35,3000.0,81478.85,51000.0,15507.5,On Time,0,7.0,False
ORD-002513,CUS-0041,2025-07-23,2025-07-29,,,Processing,Tender,45,1908957.5,343612.35,0.0,2252569.85,1545950.0,363007.5,Overdue Open Order,399,,True
ORD-002514,CUS-0034,2025-03-25,2025-04-04,,,Processing,Corporate Account,30,1694826.25,305068.72,0.0,1999894.98,1194450.0,500376.25,Overdue Open Order,515,,True
ORD-002515,CUS-0113,2026-03-20,2026-03-30,,,Processing,Website,60,3206218.75,577119.38,0.0,3783338.12,2371900.0,834318.75,Overdue Open Order,155,,True
ORD-002516,CUS-0064,2026-08-21,2026-09-02,2026-08-27,2026-09-01,Delivered,Direct Sales,30,1800303.75,324054.67,0.0,2124358.42,1414350.0,385953.75,On Time,0,11.0,False
ORD-002517,CUS-0002,2025-12-10,2025-12-19,2025-12-12,2025-12-17,Delivered,Direct Sales,60,1017352.5,183123.45,0.0,1200475.95,740450.0,276902.5,On Time,0,7.0,False
ORD-002518,CUS-0011,2026-07-10,2026-07-16,2026-07-12,,Shipped,Tender,60,1327155.0,238887.9,0.0,1566042.9,977800.0,349355.0,Overdue Open Order,47,,True
ORD-002519,CUS-0043,2026-01-02,2026-01-16,2026-01-05,2026-01-08,Returned,Direct Sales,45,1688177.5,303871.95,0.0,1992049.45,1266000.0,422177.5,On Time,0,6.0,False
ORD-002520,CUS-0053,2025-06-15,2025-06-29,2025-06-21,,Shipped,Corporate Account,45,399798.75,71963.77,0.0,471762.53,289850.0,109948.75,Overdue Open Order,429,,True
ORD-002521,CUS-0010,2025-09-10,2025-09-14,2025-09-14,,Shipped,Direct Sales,30,438971.25,79014.82,0.0,517986.08,326200.0,112771.25,Overdue Open Order,352,,True
ORD-002522,CUS-0026,2025-03-10,2025-03-19,2025-03-13,2025-03-15,Delivered,Website,30,254662.5,45839.25,0.0,300501.75,194750.0,59912.5,On Time,0,5.0,False
ORD-002523,CUS-0060,2026-02-17,2026-03-03,2026-02-20,2026-02-21,Delivered,Corporate Account,15,66410.0,11953.8,2000.0,80363.8,43000.0,23410.0,On Time,0,4.0,False
ORD-002524,CUS-0067,2025-04-11,2025-04-15,2025-04-17,2025-04-22,Delivered,Tender,60,737625.0,132772.5,0.0,870397.5,576800.0,160825.0,Delayed,7,11.0,False
ORD-002525,CUS-0034,2025-04-14,2025-04-28,2025-04-19,2025-04-23,Delivered,Website,30,1833835.0,330090.3,0.0,2163925.3,1366550.0,467285.0,On Time,0,9.0,False
ORD-002526,CUS-0115,2026-03-27,2026-04-08,2026-03-28,2026-03-31,Delivered,Website,30,946608.75,170389.57,0.0,1116998.32,732050.0,214558.75,On Time,0,4.0,False
ORD-002527,CUS-0013,2025-08-21,2025-08-31,2025-08-23,2025-08-26,Delivered,Tender,45,70700.0,12726.0,1500.0,84926.0,58500.0,12200.0,On Time,0,5.0,False
ORD-002528,CUS-0092,2025-05-25,2025-05-30,2025-05-26,2025-05-27,Delivered,Tender,30,218535.0,39336.3,0.0,257871.3,170000.0,48535.0,On Time,0,2.0,False
ORD-002529,CUS-0036,2026-03-20,2026-03-30,2026-03-25,2026-03-30,Delivered,Corporate Account,45,3065367.5,551766.15,0.0,3617133.65,2282150.0,783217.5,On Time,0,10.0,False
ORD-002530,CUS-0102,2025-08-11,2025-08-16,2025-08-14,2025-08-19,Delivered,Corporate Account,45,789091.25,142036.42,0.0,931127.68,581400.0,207691.25,Delayed,3,8.0,False
ORD-002531,CUS-0012,2026-07-11,2026-07-23,,,Confirmed,Tender,30,371805.0,66924.9,0.0,438729.9,273600.0,98205.0,Overdue Open Order,40,,True
ORD-002532,CUS-0024,2025-09-05,2025-09-19,,,Pending,Corporate Account,60,6057630.0,1090373.4,0.0,7148003.4,5232600.0,825030.0,Overdue Open Order,347,,True
ORD-002533,CUS-0100,2026-02-01,2026-02-09,2026-02-08,2026-02-09,Delivered,Corporate Account,45,90535.0,16296.3,3000.0,109831.3,59050.0,31485.0,On Time,0,8.0,False
ORD-002534,CUS-0100,2026-03-26,2026-03-30,2026-03-28,2026-04-02,Delivered,Tender,45,856600.0,154188.0,0.0,1010788.0,657150.0,199450.0,Delayed,3,7.0,False
ORD-002535,CUS-0115,2025-10-17,2025-10-23,2025-10-19,2025-10-20,Delivered,Phone / WhatsApp,30,85500.0,15390.0,2000.0,102890.0,60000.0,25500.0,On Time,0,3.0,False
ORD-002536,CUS-0002,2026-07-24,2026-07-28,2026-07-28,2026-07-31,Delivered,Phone / WhatsApp,60,2457488.75,442347.97,0.0,2899836.73,1819850.0,637638.75,Delayed,3,7.0,False
ORD-002537,CUS-0050,2026-02-21,2026-02-25,2026-02-24,2026-02-25,Delivered,Tender,60,86860.0,15634.8,3000.0,105494.8,56300.0,30560.0,On Time,0,4.0,False
ORD-002538,CUS-0008,2025-10-15,2025-10-23,2025-10-19,2025-10-21,Delivered,Phone / WhatsApp,45,2352037.5,423366.75,0.0,2775404.25,1664400.0,687637.5,On Time,0,6.0,False
ORD-002539,CUS-0066,2025-12-12,2025-12-19,2025-12-19,2025-12-23,Delivered,Corporate Account,30,77838.75,14010.98,1500.0,93349.73,58350.0,19488.75,Delayed,4,11.0,False
ORD-002540,CUS-0081,2026-01-31,2026-02-07,2026-02-04,2026-02-07,Delivered,Tender,60,494400.0,88992.0,0.0,583392.0,335400.0,159000.0,On Time,0,7.0,False
ORD-002541,CUS-0049,2026-06-28,2026-07-07,2026-07-05,2026-07-10,Delivered,Corporate Account,45,1933992.5,348118.65,0.0,2282111.15,1504600.0,429392.5,Delayed,3,12.0,False
ORD-002542,CUS-0049,2026-04-05,2026-04-15,2026-04-12,2026-04-16,Delivered,Direct Sales,45,6273222.5,1129180.05,0.0,7402402.55,4665550.0,1607672.5,Delayed,1,11.0,False
ORD-002543,CUS-0036,2026-01-17,2026-01-28,2026-01-23,2026-01-24,Delivered,Corporate Account,45,2175452.5,391581.45,0.0,2567033.95,1646150.0,529302.5,On Time,0,7.0,False
ORD-002544,CUS-0081,2026-03-17,2026-03-24,2026-03-22,2026-03-27,Delivered,Website,60,51080.0,9194.4,2000.0,62274.4,31350.0,19730.0,Delayed,3,10.0,False
ORD-002545,CUS-0014,2026-08-27,2026-09-04,2026-08-31,2026-09-01,Delivered,Direct Sales,45,325636.25,58614.53,0.0,384250.78,242700.0,82936.25,On Time,0,5.0,False
ORD-002546,CUS-0116,2025-03-05,2025-03-18,2025-03-08,2025-03-10,Delivered,Corporate Account,30,199500.0,35910.0,0.0,235410.0,128400.0,71100.0,On Time,0,5.0,False
ORD-002547,CUS-0028,2026-05-21,2026-05-30,2026-05-22,2026-05-23,Delivered,Corporate Account,30,233502.5,42030.45,0.0,275532.95,148600.0,84902.5,On Time,0,2.0,False
ORD-002548,CUS-0002,2025-08-31,2025-09-07,2025-09-05,2025-09-06,Delivered,Direct Sales,60,1888582.5,339944.85,0.0,2228527.35,1427700.0,460882.5,On Time,0,6.0,False
ORD-002549,CUS-0097,2026-04-30,2026-05-05,2026-05-03,,Shipped,Corporate Account,45,520860.0,93754.8,0.0,614614.8,372750.0,148110.0,Overdue Open Order,119,,True
ORD-002550,CUS-0103,2026-02-01,2026-02-09,2026-02-05,2026-02-06,Delivered,Tender,30,1251787.5,225321.75,0.0,1477109.25,896300.0,355487.5,On Time,0,5.0,False
ORD-002551,CUS-0064,2025-04-29,2025-05-10,2025-05-05,2025-05-07,Delivered,Corporate Account,30,6301437.5,1134258.75,0.0,7435696.25,4951800.0,1349637.5,On Time,0,8.0,False
ORD-002552,CUS-0063,2025-11-27,2025-12-09,2025-11-30,2025-12-05,Delivered,Corporate Account,30,241783.75,43521.07,0.0,285304.83,169550.0,72233.75,On Time,0,8.0,False
ORD-002553,CUS-0046,2025-09-13,2025-09-19,2025-09-16,2025-09-20,Delivered,Tender,60,306382.5,55148.85,0.0,361531.35,199550.0,106832.5,Delayed,1,7.0,False
ORD-002554,CUS-0037,2026-04-13,2026-04-25,2026-04-19,2026-04-21,Delivered,Direct Sales,30,371475.0,66865.5,0.0,438340.5,244700.0,126775.0,On Time,0,8.0,False
ORD-002555,CUS-0120,2025-07-12,2025-07-20,2025-07-18,2025-07-22,Delivered,Direct Sales,30,865102.5,155718.45,0.0,1020820.95,627900.0,237202.5,Delayed,2,10.0,False
ORD-002556,CUS-0090,2026-04-30,2026-05-14,2026-05-05,2026-05-09,Delivered,Tender,30,109012.5,19622.25,0.0,128634.75,82500.0,26512.5,On Time,0,9.0,False
ORD-002557,CUS-0072,2026-02-27,2026-03-10,2026-02-28,2026-03-01,Delivered,Direct Sales,45,4309732.5,775751.85,0.0,5085484.35,3660200.0,649532.5,On Time,0,2.0,False
ORD-002558,CUS-0042,2025-04-08,2025-04-23,,,Cancelled,Direct Sales,30,529856.25,95374.12,0.0,625230.38,404350.0,125506.25,Cancelled,0,,False
ORD-002559,CUS-0097,2025-03-24,2025-03-29,,,Pending,Direct Sales,45,484376.25,87187.72,0.0,571563.97,376650.0,107726.25,Overdue Open Order,521,,True
ORD-002560,CUS-0115,2026-04-16,2026-05-01,2026-04-20,2026-04-21,Delivered,Direct Sales,30,167390.0,30130.2,0.0,197520.2,132700.0,34690.0,On Time,0,5.0,False
ORD-002561,CUS-0003,2025-05-11,2025-05-15,,,Cancelled,Phone / WhatsApp,15,70550.0,12699.0,2000.0,85249.0,49600.0,20950.0,Cancelled,0,,False
ORD-002562,CUS-0045,2026-08-13,2026-08-28,2026-08-17,,Shipped,Corporate Account,60,2058848.75,370592.77,0.0,2429441.52,1545450.0,513398.75,Overdue Open Order,4,,True
ORD-002563,CUS-0101,2025-07-26,2025-08-08,2025-07-29,2025-07-31,Delivered,Direct Sales,30,115693.75,20824.88,0.0,136518.62,82500.0,33193.75,On Time,0,5.0,False
ORD-002564,CUS-0012,2026-04-11,2026-04-25,2026-04-14,2026-04-17,Partially Returned,Tender,30,520175.0,93631.5,0.0,613806.5,401150.0,119025.0,On Time,0,6.0,False
ORD-002565,CUS-0089,2025-04-23,2025-05-04,2025-04-27,2025-05-01,Delivered,Website,45,2329502.5,419310.45,0.0,2748812.95,1670800.0,658702.5,On Time,0,8.0,False
ORD-002566,CUS-0118,2025-12-05,2025-12-15,2025-12-07,2025-12-09,Delivered,Tender,30,1747512.5,314552.25,0.0,2062064.75,1318250.0,429262.5,On Time,0,4.0,False
ORD-002567,CUS-0030,2025-10-17,2025-10-23,2025-10-23,2025-10-27,Delivered,Tender,30,431881.25,77738.62,0.0,509619.88,285200.0,146681.25,Delayed,4,10.0,False
ORD-002568,CUS-0113,2025-05-07,2025-05-22,,,Processing,Corporate Account,60,436400.0,78552.0,0.0,514952.0,305250.0,131150.0,Overdue Open Order,467,,True
ORD-002569,CUS-0071,2025-08-11,2025-08-20,,,Confirmed,Direct Sales,30,345917.5,62265.15,0.0,408182.65,238250.0,107667.5,Overdue Open Order,377,,True
ORD-002570,CUS-0118,2025-05-04,2025-05-18,,,Pending,Corporate Account,30,954887.5,171879.75,0.0,1126767.25,707900.0,246987.5,Overdue Open Order,471,,True
ORD-002571,CUS-0011,2026-05-12,2026-05-19,2026-05-15,2026-05-16,Delivered,Direct Sales,60,560857.5,100954.35,0.0,661811.85,374550.0,186307.5,On Time,0,4.0,False
ORD-002572,CUS-0110,2025-03-08,2025-03-13,2025-03-15,2025-03-20,Delivered,Direct Sales,30,319720.0,57549.6,0.0,377269.6,200400.0,119320.0,Delayed,7,12.0,False
ORD-002573,CUS-0071,2026-02-02,2026-02-12,2026-02-03,2026-02-06,Delivered,Direct Sales,30,613863.75,110495.47,0.0,724359.22,484650.0,129213.75,On Time,0,4.0,False
ORD-002574,CUS-0115,2026-04-23,2026-05-04,,,Confirmed,Direct Sales,30,1033682.5,186062.85,0.0,1219745.35,789150.0,244532.5,Overdue Open Order,120,,True
ORD-002575,CUS-0088,2026-02-17,2026-03-02,2026-02-24,2026-02-26,Delivered,Direct Sales,30,302185.0,54393.3,0.0,356578.3,205100.0,97085.0,On Time,0,9.0,False
ORD-002576,CUS-0079,2025-04-19,2025-04-25,2025-04-22,2025-04-24,Partially Returned,Corporate Account,45,2196217.5,395319.15,0.0,2591536.65,1683600.0,512617.5,On Time,0,5.0,False
ORD-002577,CUS-0005,2025-12-01,2025-12-10,2025-12-06,2025-12-08,Delivered,Direct Sales,30,953010.0,171541.8,0.0,1124551.8,685500.0,267510.0,On Time,0,7.0,False
ORD-002578,CUS-0045,2026-08-28,2026-09-03,2026-09-01,2026-09-01,Delivered,Corporate Account,60,803623.75,144652.27,0.0,948276.03,591150.0,212473.75,On Time,0,4.0,False
ORD-002579,CUS-0064,2026-07-15,2026-07-22,2026-07-17,2026-07-20,Delivered,Direct Sales,30,3898460.0,701722.8,0.0,4600182.8,2912050.0,986410.0,On Time,0,5.0,False
ORD-002580,CUS-0049,2025-03-06,2025-03-20,2025-03-13,2025-03-18,Delivered,Phone / WhatsApp,45,4129227.5,743260.95,0.0,4872488.45,3332950.0,796277.5,On Time,0,12.0,False
ORD-002581,CUS-0102,2025-06-16,2025-06-23,2025-06-17,2025-06-21,Delivered,Tender,45,1240098.75,223217.77,0.0,1463316.52,937400.0,302698.75,On Time,0,5.0,False
ORD-002582,CUS-0069,2026-07-15,2026-07-28,2026-07-18,2026-07-20,Returned,Phone / WhatsApp,30,232750.0,41895.0,0.0,274645.0,189600.0,43150.0,On Time,0,5.0,False
ORD-002583,CUS-0084,2026-05-28,2026-06-08,2026-06-04,2026-06-06,Delivered,Direct Sales,30,1376053.75,247689.67,0.0,1623743.43,1073450.0,302603.75,On Time,0,9.0,False
ORD-002584,CUS-0005,2025-12-05,2025-12-20,2025-12-08,2025-12-10,Delivered,Tender,30,254806.25,45865.12,0.0,300671.38,177400.0,77406.25,On Time,0,5.0,False
ORD-002585,CUS-0046,2026-05-16,2026-05-27,2026-05-18,2026-05-19,Partially Returned,Direct Sales,60,1740006.25,313201.12,0.0,2053207.38,1193300.0,546706.25,On Time,0,3.0,False
ORD-002586,CUS-0120,2025-08-08,2025-08-23,2025-08-11,2025-08-14,Delivered,Corporate Account,30,2071187.5,372813.75,0.0,2444001.25,1610750.0,460437.5,On Time,0,6.0,False
ORD-002587,CUS-0099,2025-06-11,2025-06-22,2025-06-15,2025-06-16,Delivered,Tender,15,689035.0,124026.3,0.0,813061.3,524300.0,164735.0,On Time,0,5.0,False
ORD-002588,CUS-0094,2025-07-30,2025-08-10,2025-08-03,2025-08-08,Delivered,Direct Sales,45,484632.5,87233.85,0.0,571866.35,322450.0,162182.5,On Time,0,9.0,False
ORD-002589,CUS-0075,2026-02-21,2026-02-28,2026-02-26,2026-02-27,Delivered,Corporate Account,30,1733893.75,312100.88,0.0,2045994.62,1276150.0,457743.75,On Time,0,6.0,False
ORD-002590,CUS-0010,2026-01-19,2026-02-02,2026-01-22,2026-01-27,Delivered,Direct Sales,30,1046820.0,188427.6,0.0,1235247.6,806100.0,240720.0,On Time,0,8.0,False
ORD-002591,CUS-0058,2025-11-01,2025-11-12,2025-11-07,2025-11-08,Delivered,Tender,45,469712.5,84548.25,0.0,554260.75,354350.0,115362.5,On Time,0,7.0,False
ORD-002592,CUS-0110,2025-09-28,2025-10-04,,,Cancelled,Direct Sales,30,426075.0,76693.5,0.0,502768.5,273600.0,152475.0,Cancelled,0,,False
ORD-002593,CUS-0046,2026-08-28,2026-09-02,2026-08-31,2026-09-01,Delivered,Corporate Account,60,7171017.5,1290783.15,0.0,8461800.65,6207500.0,963517.5,On Time,0,4.0,False
ORD-002594,CUS-0074,2026-04-10,2026-04-19,,,Cancelled,Corporate Account,30,2020230.0,363641.4,0.0,2383871.4,1509100.0,511130.0,Cancelled,0,,False
ORD-002595,CUS-0074,2025-12-26,2026-01-10,2026-01-02,2026-01-03,Delivered,Corporate Account,30,2093050.0,376749.0,0.0,2469799.0,1587000.0,506050.0,On Time,0,8.0,False
ORD-002596,CUS-0055,2026-08-11,2026-08-19,2026-08-13,2026-08-15,Delivered,Phone / WhatsApp,60,2013953.75,362511.67,0.0,2376465.42,1577000.0,436953.75,On Time,0,4.0,False
ORD-002597,CUS-0071,2026-08-27,2026-09-05,,,Processing,Corporate Account,30,343515.0,61832.7,0.0,405347.7,256050.0,87465.0,Open - Within Promise,0,,False
ORD-002598,CUS-0040,2026-08-11,2026-08-24,2026-08-15,,Shipped,Direct Sales,30,16800.0,3024.0,1500.0,21324.0,9900.0,6900.0,Overdue Open Order,8,,True
ORD-002599,CUS-0118,2026-07-18,2026-07-23,2026-07-25,2026-07-27,Delivered,Phone / WhatsApp,30,1914366.25,344585.92,0.0,2258952.17,1439900.0,474466.25,Delayed,4,9.0,False
ORD-002600,CUS-0035,2025-09-22,2025-10-01,,,Processing,Phone / WhatsApp,30,1561032.5,280985.85,0.0,1842018.35,1153150.0,407882.5,Overdue Open Order,335,,True
ORD-002601,CUS-0064,2025-03-13,2025-03-21,2025-03-14,2025-03-17,Delivered,Direct Sales,30,261782.5,47120.85,0.0,308903.35,179200.0,82582.5,On Time,0,4.0,False
ORD-002602,CUS-0047,2026-07-07,2026-07-15,2026-07-12,2026-07-17,Delivered,Direct Sales,30,258750.0,46575.0,0.0,305325.0,197500.0,61250.0,Delayed,2,10.0,False
ORD-002603,CUS-0045,2025-03-04,2025-03-08,,,Processing,Direct Sales,60,1157100.0,208278.0,0.0,1365378.0,777100.0,380000.0,Overdue Open Order,542,,True
ORD-002604,CUS-0046,2025-05-14,2025-05-18,2025-05-15,2025-05-18,Delivered,Direct Sales,60,1405515.0,252992.7,0.0,1658507.7,1104800.0,300715.0,On Time,0,4.0,False
ORD-002605,CUS-0096,2026-03-29,2026-04-11,,,Processing,Website,30,739500.0,133110.0,0.0,872610.0,538350.0,201150.0,Overdue Open Order,143,,True
ORD-002606,CUS-0094,2025-03-28,2025-04-06,2025-03-30,2025-04-02,Delivered,Direct Sales,45,347812.5,62606.25,0.0,410418.75,249200.0,98612.5,On Time,0,5.0,False
ORD-002607,CUS-0061,2026-08-19,2026-08-28,2026-08-20,2026-08-25,Delivered,Direct Sales,30,70875.0,12757.5,2000.0,85632.5,52200.0,18675.0,On Time,0,6.0,False
ORD-002608,CUS-0120,2025-07-26,2025-08-01,2025-07-30,2025-08-04,Delivered,Direct Sales,30,2517805.0,453204.9,0.0,2971009.9,1875400.0,642405.0,Delayed,3,9.0,False
ORD-002609,CUS-0075,2025-09-28,2025-10-12,2025-10-04,2025-10-08,Delivered,Direct Sales,30,3788720.0,681969.6,0.0,4470689.6,2746600.0,1042120.0,On Time,0,10.0,False
ORD-002610,CUS-0116,2025-12-14,2025-12-27,2025-12-19,2025-12-22,Delivered,Direct Sales,30,323720.0,58269.6,0.0,381989.6,254200.0,69520.0,On Time,0,8.0,False
ORD-002611,CUS-0059,2026-01-06,2026-01-11,2026-01-07,2026-01-10,Delivered,Corporate Account,30,250325.0,45058.5,0.0,295383.5,160350.0,89975.0,On Time,0,4.0,False
ORD-002612,CUS-0095,2025-10-17,2025-10-23,,,Pending,Corporate Account,45,3756582.5,676184.85,0.0,4432767.35,2745900.0,1010682.5,Overdue Open Order,313,,True
ORD-002613,CUS-0005,2025-08-04,2025-08-17,2025-08-07,2025-08-09,Delivered,Phone / WhatsApp,30,1972762.5,355097.25,0.0,2327859.75,1527150.0,445612.5,On Time,0,5.0,False
ORD-002614,CUS-0113,2025-10-15,2025-10-22,,,Confirmed,Corporate Account,60,2937810.0,528805.8,0.0,3466615.8,2129550.0,808260.0,Overdue Open Order,314,,True
ORD-002615,CUS-0077,2025-06-19,2025-06-29,2025-06-23,2025-06-26,Delivered,Phone / WhatsApp,15,272085.0,48975.3,0.0,321060.3,198800.0,73285.0,On Time,0,7.0,False
ORD-002616,CUS-0041,2025-07-18,2025-08-01,2025-07-23,2025-07-25,Delivered,Corporate Account,45,2549277.5,458869.95,0.0,3008147.45,2139900.0,409377.5,On Time,0,7.0,False
ORD-002617,CUS-0023,2025-10-31,2025-11-15,2025-11-04,2025-11-05,Delivered,Direct Sales,15,216725.0,39010.5,0.0,255735.5,171500.0,45225.0,On Time,0,5.0,False
ORD-002618,CUS-0035,2026-07-22,2026-08-04,,,Confirmed,Direct Sales,30,2818637.5,507354.75,0.0,3325992.25,2156250.0,662387.5,Overdue Open Order,28,,True
ORD-002619,CUS-0096,2026-03-04,2026-03-16,,,Pending,Direct Sales,30,837952.5,150831.45,0.0,988783.95,642150.0,195802.5,Overdue Open Order,169,,True
ORD-002620,CUS-0039,2026-08-08,2026-08-13,2026-08-13,2026-08-16,Delivered,Website,30,2462702.5,443286.45,0.0,2905988.95,1814250.0,648452.5,Delayed,3,8.0,False
ORD-002621,CUS-0086,2026-08-23,2026-08-30,2026-08-25,2026-08-28,Delivered,Corporate Account,15,65550.0,11799.0,2000.0,79349.0,47400.0,18150.0,On Time,0,5.0,False
ORD-002622,CUS-0089,2026-03-25,2026-04-08,2026-03-27,2026-03-29,Returned,Tender,45,1713420.0,308415.6,0.0,2021835.6,1241800.0,471620.0,On Time,0,4.0,False
ORD-002623,CUS-0075,2025-05-24,2025-06-02,2025-05-29,2025-05-30,Delivered,Tender,30,6119148.75,1101446.77,0.0,7220595.53,4623000.0,1496148.75,On Time,0,6.0,False
ORD-002624,CUS-0098,2025-10-13,2025-10-18,2025-10-17,2025-10-20,Delivered,Direct Sales,45,204380.0,36788.4,0.0,241168.4,150700.0,53680.0,Delayed,2,7.0,False
ORD-002625,CUS-0016,2026-06-20,2026-06-29,,,Cancelled,Phone / WhatsApp,45,191900.0,34542.0,0.0,226442.0,146250.0,45650.0,Cancelled,0,,False
ORD-002626,CUS-0001,2025-03-27,2025-04-09,,,Cancelled,Direct Sales,45,1003725.0,180670.5,0.0,1184395.5,725100.0,278625.0,Cancelled,0,,False
ORD-002627,CUS-0010,2026-08-18,2026-08-25,2026-08-22,2026-08-26,Delivered,Tender,30,345765.0,62237.7,0.0,408002.7,254800.0,90965.0,Delayed,1,8.0,False
ORD-002628,CUS-0064,2026-08-10,2026-08-16,,,Pending,Phone / WhatsApp,30,2931835.0,527730.3,0.0,3459565.3,2174150.0,757685.0,Overdue Open Order,16,,True
ORD-002629,CUS-0058,2025-10-09,2025-10-19,2025-10-16,2025-10-19,Delivered,Direct Sales,45,536547.5,96578.55,0.0,633126.05,400300.0,136247.5,On Time,0,10.0,False
ORD-002630,CUS-0010,2026-04-18,2026-04-26,2026-04-21,,Shipped,Tender,30,2020100.0,363618.0,0.0,2383718.0,1610000.0,410100.0,Overdue Open Order,128,,True
ORD-002631,CUS-0075,2026-02-23,2026-03-02,2026-02-26,2026-03-01,Delivered,Website,30,3142540.0,565657.2,0.0,3708197.2,2412750.0,729790.0,On Time,0,6.0,False
ORD-002632,CUS-0063,2025-04-15,2025-04-28,2025-04-17,2025-04-21,Delivered,Corporate Account,30,419445.0,75500.1,0.0,494945.1,306600.0,112845.0,On Time,0,6.0,False
ORD-002633,CUS-0096,2026-08-13,2026-08-27,2026-08-18,2026-08-22,Delivered,Direct Sales,30,1657138.75,298284.97,0.0,1955423.73,1280850.0,376288.75,On Time,0,9.0,False
ORD-002634,CUS-0043,2025-12-06,2025-12-11,2025-12-09,2025-12-14,Delivered,Direct Sales,45,5961730.0,1073111.4,0.0,7034841.4,4469650.0,1492080.0,Delayed,3,8.0,False
ORD-002635,CUS-0034,2025-08-31,2025-09-13,,,Cancelled,Corporate Account,30,1497041.25,269467.42,0.0,1766508.68,1123400.0,373641.25,Cancelled,0,,False
ORD-002636,CUS-0035,2025-08-30,2025-09-05,2025-09-01,2025-09-03,Delivered,Direct Sales,30,1347190.0,242494.2,0.0,1589684.2,1026800.0,320390.0,On Time,0,4.0,False
ORD-002637,CUS-0049,2026-03-12,2026-03-25,2026-03-19,2026-03-20,Delivered,Phone / WhatsApp,45,3119040.0,561427.2,0.0,3680467.2,2474550.0,644490.0,On Time,0,8.0,False
ORD-002638,CUS-0089,2025-09-21,2025-10-01,,,Processing,Tender,45,948355.0,170703.9,0.0,1119058.9,740650.0,207705.0,Overdue Open Order,335,,True
ORD-002639,CUS-0052,2026-04-09,2026-04-16,2026-04-16,2026-04-17,Delivered,Direct Sales,45,2836790.0,510622.2,0.0,3347412.2,2445600.0,391190.0,Delayed,1,8.0,False
ORD-002640,CUS-0090,2025-09-03,2025-09-10,2025-09-09,2025-09-13,Delivered,Website,30,182178.75,32792.17,0.0,214970.92,118950.0,63228.75,Delayed,3,10.0,False
ORD-002641,CUS-0100,2026-05-29,2026-06-12,2026-05-31,2026-06-04,Delivered,Website,45,1028945.0,185210.1,0.0,1214155.1,745850.0,283095.0,On Time,0,6.0,False
ORD-002642,CUS-0118,2026-08-25,2026-08-29,2026-08-29,2026-08-31,Partially Returned,Corporate Account,30,1036836.25,186630.52,0.0,1223466.77,746850.0,289986.25,Delayed,2,6.0,False
ORD-002643,CUS-0021,2026-04-12,2026-04-26,2026-04-17,2026-04-18,Delivered,Corporate Account,30,714975.0,128695.5,0.0,843670.5,515200.0,199775.0,On Time,0,6.0,False
ORD-002644,CUS-0054,2025-07-14,2025-07-28,2025-07-16,2025-07-20,Delivered,Phone / WhatsApp,15,163875.0,29497.5,0.0,193372.5,118500.0,45375.0,On Time,0,6.0,False
ORD-002645,CUS-0120,2026-01-20,2026-02-01,2026-01-26,2026-01-30,Delivered,Corporate Account,30,3320725.0,597730.5,0.0,3918455.5,2560750.0,759975.0,On Time,0,10.0,False
ORD-002646,CUS-0098,2026-07-31,2026-08-07,2026-08-01,2026-08-06,Delivered,Corporate Account,45,359682.5,64742.85,0.0,424425.35,256700.0,102982.5,On Time,0,6.0,False
ORD-002647,CUS-0120,2025-11-03,2025-11-18,2025-11-05,2025-11-07,Delivered,Tender,30,4038172.5,726871.05,0.0,4765043.55,2889300.0,1148872.5,On Time,0,4.0,False
ORD-002648,CUS-0084,2026-02-15,2026-02-22,2026-02-22,2026-02-25,Delivered,Corporate Account,30,661777.5,119119.95,0.0,780897.45,457800.0,203977.5,Delayed,3,10.0,False
ORD-002649,CUS-0081,2025-07-15,2025-07-27,2025-07-16,2025-07-20,Delivered,Corporate Account,60,1718245.0,309284.1,0.0,2027529.1,1255650.0,462595.0,On Time,0,5.0,False
ORD-002650,CUS-0074,2025-11-04,2025-11-18,2025-11-06,2025-11-10,Delivered,Phone / WhatsApp,30,1040040.0,187207.2,0.0,1227247.2,822550.0,217490.0,On Time,0,6.0,False
ORD-002651,CUS-0048,2026-04-01,2026-04-09,2026-04-04,2026-04-07,Delivered,Direct Sales,30,418950.0,75411.0,0.0,494361.0,331800.0,87150.0,On Time,0,6.0,False
ORD-002652,CUS-0059,2025-10-19,2025-10-28,,,Pending,Direct Sales,30,347715.0,62588.7,0.0,410303.7,239450.0,108265.0,Overdue Open Order,308,,True
ORD-002653,CUS-0103,2026-05-03,2026-05-09,2026-05-08,2026-05-10,Returned,Direct Sales,30,211645.0,38096.1,0.0,249741.1,174700.0,36945.0,Delayed,1,7.0,False
ORD-002654,CUS-0052,2026-08-28,2026-09-06,,,Processing,Tender,45,1040927.5,187366.95,0.0,1228294.45,751500.0,289427.5,Open - Within Promise,0,,False
ORD-002655,CUS-0098,2026-08-14,2026-08-22,2026-08-19,2026-08-22,Delivered,Phone / WhatsApp,45,89110.0,16039.8,2000.0,107149.8,56000.0,33110.0,On Time,0,8.0,False
ORD-002656,CUS-0029,2025-12-31,2026-01-12,2026-01-03,2026-01-06,Delivered,Corporate Account,15,852187.5,153393.75,0.0,1005581.25,622500.0,229687.5,On Time,0,6.0,False
ORD-002657,CUS-0052,2026-04-05,2026-04-15,2026-04-08,2026-04-11,Delivered,Direct Sales,45,218500.0,39330.0,0.0,257830.0,158000.0,60500.0,On Time,0,6.0,False
ORD-002658,CUS-0050,2025-08-30,2025-09-07,2025-09-02,2025-09-05,Delivered,Corporate Account,60,2696720.0,485409.6,0.0,3182129.6,1960600.0,736120.0,On Time,0,6.0,False
ORD-002659,CUS-0044,2026-01-12,2026-01-25,,,Processing,Phone / WhatsApp,60,4567656.25,822178.12,0.0,5389834.38,3443350.0,1124306.25,Overdue Open Order,219,,True
ORD-002660,CUS-0035,2026-08-25,2026-09-08,2026-08-29,2026-09-01,Delivered,Direct Sales,30,2300663.75,414119.47,0.0,2714783.23,1689550.0,611113.75,On Time,0,7.0,False
ORD-002661,CUS-0066,2026-01-17,2026-01-28,2026-01-19,2026-01-21,Delivered,Tender,30,305868.75,55056.38,0.0,360925.12,236150.0,69718.75,On Time,0,4.0,False
ORD-002662,CUS-0062,2025-03-12,2025-03-17,2025-03-17,,Shipped,Direct Sales,45,147656.25,26578.12,0.0,174234.38,116100.0,31556.25,Overdue Open Order,533,,True
ORD-002663,CUS-0050,2025-09-28,2025-10-05,,,Processing,Direct Sales,60,1578530.0,284135.4,0.0,1862665.4,1126200.0,452330.0,Overdue Open Order,331,,True
ORD-002664,CUS-0067,2025-12-06,2025-12-15,2025-12-13,,Shipped,Corporate Account,60,941936.25,169548.52,0.0,1111484.77,682450.0,259486.25,Overdue Open Order,260,,True
ORD-002665,CUS-0096,2025-11-10,2025-11-25,2025-11-15,2025-11-16,Delivered,Direct Sales,30,1613913.75,290504.47,0.0,1904418.23,1230450.0,383463.75,On Time,0,6.0,False
ORD-002666,CUS-0104,2025-07-27,2025-08-03,2025-07-29,2025-07-31,Delivered,Phone / WhatsApp,30,388130.0,69863.4,0.0,457993.4,287700.0,100430.0,On Time,0,4.0,False
ORD-002667,CUS-0014,2025-10-11,2025-10-26,,,Pending,Corporate Account,45,758215.0,136478.7,0.0,894693.7,567950.0,190265.0,Overdue Open Order,310,,True
ORD-002668,CUS-0055,2025-06-12,2025-06-18,,,Confirmed,Corporate Account,60,2510367.5,451866.15,0.0,2962233.65,1819750.0,690617.5,Overdue Open Order,440,,True
ORD-002669,CUS-0089,2025-11-07,2025-11-13,2025-11-11,2025-11-16,Delivered,Website,45,844375.0,151987.5,0.0,996362.5,541450.0,302925.0,Delayed,3,9.0,False
ORD-002670,CUS-0011,2025-07-11,2025-07-18,2025-07-14,2025-07-16,Delivered,Direct Sales,60,1326517.5,238773.15,0.0,1565290.65,1022750.0,303767.5,On Time,0,5.0,False
ORD-002671,CUS-0095,2025-03-24,2025-04-07,,,Confirmed,Direct Sales,45,1039660.0,187138.8,0.0,1226798.8,779150.0,260510.0,Overdue Open Order,512,,True
ORD-002672,CUS-0113,2026-08-04,2026-08-17,2026-08-08,2026-08-11,Delivered,Website,60,5613626.25,1010452.72,0.0,6624078.97,4520700.0,1092926.25,On Time,0,7.0,False
ORD-002673,CUS-0113,2025-09-20,2025-09-26,2025-09-21,,Shipped,Direct Sales,60,1620630.0,291713.4,0.0,1912343.4,1237200.0,383430.0,Overdue Open Order,340,,True
ORD-002674,CUS-0094,2026-08-25,2026-09-09,2026-08-30,2026-09-01,Delivered,Direct Sales,45,151052.5,27189.45,0.0,178241.95,117200.0,33852.5,On Time,0,7.0,False
ORD-002675,CUS-0002,2025-08-18,2025-08-30,2025-08-24,2025-08-29,Delivered,Direct Sales,60,2494623.75,449032.27,0.0,2943656.02,1894600.0,600023.75,On Time,0,11.0,False
ORD-002676,CUS-0088,2026-01-16,2026-01-30,,,Processing,Website,30,4900.0,882.0,3000.0,8782.0,3300.0,1600.0,Overdue Open Order,214,,True
ORD-002677,CUS-0044,2026-02-08,2026-02-12,,,Processing,Tender,60,627910.0,113023.8,0.0,740933.8,462000.0,165910.0,Overdue Open Order,201,,True
ORD-002678,CUS-0083,2026-05-13,2026-05-21,2026-05-15,2026-05-18,Delivered,Direct Sales,30,762630.0,137273.4,0.0,899903.4,560750.0,201880.0,On Time,0,5.0,False
ORD-002679,CUS-0063,2026-05-01,2026-05-07,,,Processing,Website,30,53400.0,9612.0,2000.0,65012.0,36400.0,17000.0,Overdue Open Order,117,,True
ORD-002680,CUS-0004,2025-12-17,2025-12-23,2025-12-22,2025-12-26,Delivered,Corporate Account,30,1195457.5,215182.35,0.0,1410639.85,912250.0,283207.5,Delayed,3,9.0,False
ORD-002681,CUS-0019,2026-08-11,2026-08-17,2026-08-18,2026-08-21,Delivered,Direct Sales,30,139443.75,25099.88,0.0,164543.62,108900.0,30543.75,Delayed,4,10.0,False
ORD-002682,CUS-0044,2025-10-10,2025-10-14,2025-10-12,2025-10-16,Partially Returned,Corporate Account,60,125820.0,22647.6,0.0,148467.6,86300.0,39520.0,Delayed,2,6.0,False
ORD-002683,CUS-0013,2026-08-03,2026-08-14,2026-08-08,,Shipped,Tender,45,430192.5,77434.65,0.0,507627.15,311150.0,119042.5,Overdue Open Order,18,,True
ORD-002684,CUS-0096,2026-08-01,2026-08-16,2026-08-04,2026-08-05,Delivered,Phone / WhatsApp,30,3870086.25,696615.53,0.0,4566701.78,2860550.0,1009536.25,On Time,0,4.0,False
ORD-002685,CUS-0117,2025-09-26,2025-10-11,2025-09-28,2025-09-30,Delivered,Phone / WhatsApp,30,406100.0,73098.0,0.0,479198.0,272800.0,133300.0,On Time,0,4.0,False
ORD-002686,CUS-0029,2026-06-28,2026-07-04,,,Confirmed,Direct Sales,15,142232.5,25601.85,0.0,167834.35,102250.0,39982.5,Overdue Open Order,59,,True
ORD-002687,CUS-0026,2025-06-08,2025-06-23,2025-06-15,2025-06-17,Delivered,Direct Sales,30,369822.5,66568.05,0.0,436390.55,282900.0,86922.5,On Time,0,9.0,False
ORD-002688,CUS-0088,2026-02-24,2026-03-03,2026-03-02,2026-03-04,Delivered,Tender,30,809181.25,145652.62,0.0,954833.88,608350.0,200831.25,Delayed,1,8.0,False
ORD-002689,CUS-0005,2026-07-25,2026-08-07,2026-07-29,,Shipped,Direct Sales,30,844220.0,151959.6,0.0,996179.6,598200.0,246020.0,Overdue Open Order,25,,True
ORD-002690,CUS-0067,2025-06-20,2025-06-30,2025-06-22,2025-06-23,Delivered,Phone / WhatsApp,60,2309640.0,415735.2,0.0,2725375.2,1717200.0,592440.0,On Time,0,3.0,False
ORD-002691,CUS-0063,2026-03-04,2026-03-12,2026-03-05,2026-03-10,Delivered,Phone / WhatsApp,30,183370.0,33006.6,0.0,216376.6,136700.0,46670.0,On Time,0,6.0,False
ORD-002692,CUS-0043,2025-09-15,2025-09-23,2025-09-16,,Shipped,Corporate Account,45,626096.25,112697.32,0.0,738793.57,466800.0,159296.25,Overdue Open Order,343,,True
ORD-002693,CUS-0037,2026-01-10,2026-01-24,,,Processing,Corporate Account,30,123200.0,22176.0,0.0,145376.0,89600.0,33600.0,Overdue Open Order,220,,True
ORD-002694,CUS-0096,2025-05-08,2025-05-12,2025-05-13,2025-05-17,Delivered,Corporate Account,30,1033158.75,185968.57,0.0,1219127.32,812950.0,220208.75,Delayed,5,9.0,False
ORD-002695,CUS-0115,2026-05-18,2026-06-02,2026-05-22,2026-05-26,Delivered,Website,30,676700.0,121806.0,0.0,798506.0,522500.0,154200.0,On Time,0,8.0,False
ORD-002696,CUS-0083,2026-01-10,2026-01-17,2026-01-12,2026-01-15,Delivered,Corporate Account,30,508125.0,91462.5,0.0,599587.5,384850.0,123275.0,On Time,0,5.0,False
ORD-002697,CUS-0024,2026-02-11,2026-02-21,2026-02-16,2026-02-21,Returned,Corporate Account,60,2384605.0,429228.9,0.0,2813833.9,1853550.0,531055.0,On Time,0,10.0,False
ORD-002698,CUS-0103,2026-06-23,2026-07-08,,,Pending,Corporate Account,30,1203187.5,216573.75,0.0,1419761.25,915650.0,287537.5,Overdue Open Order,55,,True
ORD-002699,CUS-0101,2025-11-03,2025-11-18,2025-11-10,2025-11-11,Delivered,Direct Sales,30,131385.0,23649.3,0.0,155034.3,92100.0,39285.0,On Time,0,8.0,False
ORD-002700,CUS-0076,2025-06-12,2025-06-17,2025-06-19,2025-06-23,Returned,Direct Sales,45,164301.25,29574.22,0.0,193875.48,124000.0,40301.25,Delayed,6,11.0,False
ORD-002701,CUS-0028,2026-03-17,2026-03-29,2026-03-22,2026-03-23,Delivered,Tender,30,855530.0,153995.4,0.0,1009525.4,664700.0,190830.0,On Time,0,6.0,False
ORD-002702,CUS-0069,2026-01-08,2026-01-16,2026-01-09,,Shipped,Website,30,1821878.75,327938.17,0.0,2149816.92,1433700.0,388178.75,Overdue Open Order,228,,True
ORD-002703,CUS-0001,2025-07-27,2025-08-05,,,Processing,Direct Sales,45,1675863.75,301655.47,0.0,1977519.23,1228300.0,447563.75,Overdue Open Order,392,,True
ORD-002704,CUS-0063,2026-06-15,2026-06-26,2026-06-22,2026-06-27,Returned,Website,30,791495.0,142469.1,0.0,933964.1,611450.0,180045.0,Delayed,1,12.0,False
ORD-002705,CUS-0034,2025-09-06,2025-09-21,2025-09-12,2025-09-14,Delivered,Direct Sales,30,1956280.0,352130.4,0.0,2308410.4,1462600.0,493680.0,On Time,0,8.0,False
ORD-002706,CUS-0089,2026-07-11,2026-07-20,2026-07-15,2026-07-16,Delivered,Phone / WhatsApp,45,506457.5,91162.35,0.0,597619.85,381250.0,125207.5,On Time,0,5.0,False
ORD-002707,CUS-0059,2026-04-22,2026-05-01,2026-04-24,2026-04-26,Delivered,Direct Sales,30,9720.0,1749.6,2500.0,13969.6,5850.0,3870.0,On Time,0,4.0,False
ORD-002708,CUS-0013,2026-07-23,2026-08-02,2026-07-26,2026-07-30,Delivered,Phone / WhatsApp,45,964610.0,173629.8,0.0,1138239.8,807800.0,156810.0,On Time,0,7.0,False
ORD-002709,CUS-0045,2025-06-25,2025-07-07,2025-06-29,2025-07-04,Delivered,Direct Sales,60,1599748.75,287954.77,0.0,1887703.52,1133300.0,466448.75,On Time,0,9.0,False
ORD-002710,CUS-0074,2026-04-07,2026-04-17,2026-04-11,2026-04-14,Delivered,Website,30,1719613.75,309530.47,0.0,2029144.23,1217150.0,502463.75,On Time,0,7.0,False
ORD-002711,CUS-0039,2026-04-21,2026-05-01,2026-04-25,2026-04-27,Partially Returned,Corporate Account,30,1696732.5,305411.85,0.0,2002144.35,1283300.0,413432.5,On Time,0,6.0,False
ORD-002712,CUS-0075,2025-07-01,2025-07-08,2025-07-07,,Shipped,Corporate Account,30,1933250.0,347985.0,0.0,2281235.0,1445350.0,487900.0,Overdue Open Order,420,,True
ORD-002713,CUS-0115,2026-05-31,2026-06-14,2026-06-04,2026-06-05,Delivered,Direct Sales,30,1205398.75,216971.77,0.0,1422370.52,897500.0,307898.75,On Time,0,5.0,False
ORD-002714,CUS-0035,2025-10-26,2025-11-05,2025-11-02,2025-11-06,Delivered,Corporate Account,30,3477735.0,625992.3,0.0,4103727.3,2480500.0,997235.0,Delayed,1,11.0,False
ORD-002715,CUS-0024,2025-03-14,2025-03-25,2025-03-20,2025-03-22,Delivered,Corporate Account,60,1171292.5,210832.65,0.0,1382125.15,864700.0,306592.5,On Time,0,8.0,False
ORD-002716,CUS-0046,2026-03-11,2026-03-15,2026-03-17,2026-03-22,Delivered,Corporate Account,60,5366287.5,965931.75,0.0,6332219.25,4373100.0,993187.5,Delayed,7,11.0,False
ORD-002717,CUS-0064,2025-07-24,2025-08-01,2025-07-25,2025-07-29,Delivered,Corporate Account,30,3097765.0,557597.7,0.0,3655362.7,2349650.0,748115.0,On Time,0,5.0,False
ORD-002718,CUS-0037,2026-05-06,2026-05-15,2026-05-11,2026-05-14,Returned,Tender,30,2389100.0,430038.0,0.0,2819138.0,1719900.0,669200.0,On Time,0,8.0,False
ORD-002719,CUS-0068,2025-09-09,2025-09-15,2025-09-15,2025-09-16,Delivered,Direct Sales,30,137480.0,24746.4,0.0,162226.4,105900.0,31580.0,Delayed,1,7.0,False
ORD-002720,CUS-0052,2026-01-17,2026-01-30,2026-01-22,2026-01-27,Delivered,Corporate Account,45,254022.5,45724.05,0.0,299746.55,162950.0,91072.5,On Time,0,10.0,False
ORD-002721,CUS-0052,2025-08-20,2025-09-04,2025-08-22,2025-08-23,Delivered,Tender,45,1247527.5,224554.95,0.0,1472082.45,922650.0,324877.5,On Time,0,3.0,False
ORD-002722,CUS-0108,2026-02-01,2026-02-13,2026-02-02,2026-02-05,Delivered,Corporate Account,45,890055.0,160209.9,0.0,1050264.9,685800.0,204255.0,On Time,0,4.0,False
ORD-002723,CUS-0017,2025-11-29,2025-12-12,2025-12-01,2025-12-03,Delivered,Direct Sales,30,471345.0,84842.1,0.0,556187.1,366800.0,104545.0,On Time,0,4.0,False
ORD-002724,CUS-0021,2026-05-09,2026-05-17,2026-05-11,2026-05-14,Delivered,Direct Sales,30,553605.0,99648.9,0.0,653253.9,415350.0,138255.0,On Time,0,5.0,False
ORD-002725,CUS-0067,2025-03-23,2025-03-28,2025-03-25,2025-03-27,Delivered,Phone / WhatsApp,60,2359727.5,424750.95,0.0,2784478.45,1745750.0,613977.5,On Time,0,4.0,False
ORD-002726,CUS-0003,2025-06-03,2025-06-15,2025-06-06,2025-06-10,Delivered,Phone / WhatsApp,15,161000.0,28980.0,0.0,189980.0,110600.0,50400.0,On Time,0,7.0,False
ORD-002727,CUS-0116,2025-12-23,2026-01-02,2025-12-27,,Shipped,Direct Sales,30,1863035.0,335346.3,0.0,2198381.3,1456400.0,406635.0,Overdue Open Order,242,,True
ORD-002728,CUS-0026,2025-07-05,2025-07-09,2025-07-08,2025-07-12,Delivered,Corporate Account,30,224022.5,40324.05,0.0,264346.55,150250.0,73772.5,Delayed,3,7.0,False
ORD-002729,CUS-0041,2025-07-02,2025-07-17,,,Processing,Direct Sales,45,609662.5,109739.25,0.0,719401.75,445900.0,163762.5,Overdue Open Order,411,,True
ORD-002730,CUS-0031,2026-01-10,2026-01-24,2026-01-13,2026-01-18,Delivered,Direct Sales,30,291100.0,52398.0,0.0,343498.0,200450.0,90650.0,On Time,0,8.0,False
ORD-002731,CUS-0018,2026-02-17,2026-02-28,,,Cancelled,Direct Sales,30,204907.5,36883.35,0.0,241790.85,156050.0,48857.5,Cancelled,0,,False
ORD-002732,CUS-0039,2026-06-07,2026-06-15,,,Processing,Tender,30,2070537.5,372696.75,0.0,2443234.25,1684250.0,386287.5,Overdue Open Order,78,,True
ORD-002733,CUS-0089,2026-05-25,2026-06-05,2026-06-01,2026-06-04,Partially Returned,Corporate Account,45,399700.0,71946.0,0.0,471646.0,293450.0,106250.0,On Time,0,10.0,False
ORD-002734,CUS-0116,2026-02-14,2026-02-25,,,Cancelled,Direct Sales,30,51840.0,9331.2,2000.0,63171.2,32800.0,19040.0,Cancelled,0,,False
ORD-002735,CUS-0055,2025-05-16,2025-05-22,2025-05-18,2025-05-22,Delivered,Corporate Account,60,10044991.25,1808098.43,0.0,11853089.68,8275250.0,1769741.25,On Time,0,6.0,False
ORD-002736,CUS-0023,2026-01-10,2026-01-21,2026-01-12,2026-01-17,Delivered,Corporate Account,15,44400.0,7992.0,3000.0,55392.0,32000.0,12400.0,On Time,0,7.0,False
ORD-002737,CUS-0001,2026-06-01,2026-06-10,2026-06-06,,Shipped,Website,45,1073052.5,193149.45,0.0,1266201.95,762850.0,310202.5,Overdue Open Order,83,,True
ORD-002738,CUS-0026,2025-05-15,2025-05-22,2025-05-18,2025-05-20,Delivered,Direct Sales,30,1063952.5,191511.45,0.0,1255463.95,756050.0,307902.5,On Time,0,5.0,False
ORD-002739,CUS-0053,2026-01-18,2026-01-28,2026-01-23,2026-01-27,Delivered,Corporate Account,45,87937.5,15828.75,2000.0,105766.25,71900.0,16037.5,On Time,0,9.0,False
ORD-002740,CUS-0004,2026-08-16,2026-08-21,2026-08-23,2026-08-24,Delivered,Corporate Account,30,1875891.25,337660.42,0.0,2213551.67,1382650.0,493241.25,Delayed,3,8.0,False
ORD-002741,CUS-0113,2026-03-13,2026-03-19,2026-03-15,2026-03-17,Delivered,Direct Sales,60,2675382.5,481568.85,0.0,3156951.35,2096700.0,578682.5,On Time,0,4.0,False
ORD-002742,CUS-0110,2026-07-08,2026-07-22,2026-07-15,2026-07-16,Delivered,Tender,30,82080.0,14774.4,2500.0,99354.4,62400.0,19680.0,On Time,0,8.0,False
ORD-002743,CUS-0037,2025-03-18,2025-04-02,2025-03-21,2025-03-24,Partially Returned,Direct Sales,30,534615.0,96230.7,0.0,630845.7,414600.0,120015.0,On Time,0,6.0,False
ORD-002744,CUS-0055,2025-06-04,2025-06-13,2025-06-11,2025-06-14,Delivered,Corporate Account,60,1326390.0,238750.2,0.0,1565140.2,884100.0,442290.0,Delayed,1,10.0,False
ORD-002745,CUS-0074,2025-12-05,2025-12-12,2025-12-09,2025-12-11,Delivered,Direct Sales,30,1826475.0,328765.5,0.0,2155240.5,1365650.0,460825.0,On Time,0,6.0,False
ORD-002746,CUS-0004,2025-04-25,2025-05-10,,,Processing,Website,30,431921.25,77745.82,0.0,509667.08,294750.0,137171.25,Overdue Open Order,479,,True
ORD-002747,CUS-0062,2025-08-19,2025-09-02,2025-08-22,2025-08-24,Delivered,Direct Sales,45,312810.0,56305.8,0.0,369115.8,238000.0,74810.0,On Time,0,5.0,False
ORD-002748,CUS-0010,2026-02-22,2026-02-26,2026-02-27,2026-03-01,Delivered,Direct Sales,30,884842.5,159271.65,0.0,1044114.15,695100.0,189742.5,Delayed,3,7.0,False
ORD-002749,CUS-0035,2026-01-12,2026-01-27,2026-01-14,2026-01-17,Delivered,Direct Sales,30,663337.5,119400.75,0.0,782738.25,481700.0,181637.5,On Time,0,5.0,False
ORD-002750,CUS-0049,2026-07-27,2026-07-31,2026-08-01,2026-08-02,Delivered,Phone / WhatsApp,45,881913.75,158744.48,0.0,1040658.22,566950.0,314963.75,Delayed,2,6.0,False
ORD-002751,CUS-0088,2025-10-02,2025-10-12,2025-10-06,2025-10-07,Delivered,Corporate Account,30,495350.0,89163.0,0.0,584513.0,362250.0,133100.0,On Time,0,5.0,False
ORD-002752,CUS-0032,2025-10-25,2025-11-01,2025-10-26,2025-10-31,Delivered,Phone / WhatsApp,30,330058.75,59410.57,0.0,389469.33,245000.0,85058.75,On Time,0,6.0,False
ORD-002753,CUS-0092,2026-05-27,2026-06-07,2026-05-30,2026-06-01,Delivered,Corporate Account,30,415590.0,74806.2,0.0,490396.2,302650.0,112940.0,On Time,0,5.0,False
ORD-002754,CUS-0089,2025-06-24,2025-07-03,2025-06-26,,Shipped,Direct Sales,45,4137337.5,744720.75,0.0,4882058.25,3130500.0,1006837.5,Overdue Open Order,425,,True
ORD-002755,CUS-0074,2026-01-17,2026-02-01,2026-01-18,2026-01-21,Returned,Phone / WhatsApp,30,780150.0,140427.0,0.0,920577.0,552050.0,228100.0,On Time,0,4.0,False
ORD-002756,CUS-0046,2025-04-12,2025-04-26,2025-04-13,2025-04-15,Delivered,Corporate Account,60,2270207.5,408637.35,0.0,2678844.85,1610500.0,659707.5,On Time,0,3.0,False
ORD-002757,CUS-0011,2026-06-06,2026-06-12,2026-06-13,,Shipped,Tender,60,2535750.0,456435.0,0.0,2992185.0,1997250.0,538500.0,Overdue Open Order,81,,True
ORD-002758,CUS-0105,2025-05-10,2025-05-14,2025-05-15,2025-05-20,Delivered,Direct Sales,15,684682.5,123242.85,0.0,807925.35,525050.0,159632.5,Delayed,6,10.0,False
ORD-002759,CUS-0113,2026-06-01,2026-06-07,2026-06-07,2026-06-08,Delivered,Website,60,4207955.0,757431.9,0.0,4965386.9,3074350.0,1133605.0,Delayed,1,7.0,False
ORD-002760,CUS-0049,2026-03-13,2026-03-19,2026-03-17,2026-03-22,Delivered,Direct Sales,45,1667507.5,300151.35,0.0,1967658.85,1141700.0,525807.5,Delayed,3,9.0,False
ORD-002761,CUS-0028,2025-03-13,2025-03-20,,,Processing,Direct Sales,30,1066038.75,191886.98,0.0,1257925.73,858350.0,207688.75,Overdue Open Order,530,,True
ORD-002762,CUS-0098,2025-04-15,2025-04-29,,,Processing,Direct Sales,45,7980.0,1436.4,3000.0,12416.4,4950.0,3030.0,Overdue Open Order,490,,True
ORD-002763,CUS-0024,2025-12-11,2025-12-19,,,Cancelled,Direct Sales,60,3597435.0,647538.3,0.0,4244973.3,2913150.0,684285.0,Cancelled,0,,False
ORD-002764,CUS-0089,2026-06-15,2026-06-27,2026-06-20,2026-06-21,Delivered,Direct Sales,45,6779936.25,1220388.52,0.0,8000324.78,5834700.0,945236.25,On Time,0,6.0,False
ORD-002765,CUS-0014,2025-12-13,2025-12-24,2025-12-20,2025-12-23,Delivered,Website,45,72675.0,13081.5,2500.0,88256.5,49500.0,23175.0,On Time,0,10.0,False
ORD-002766,CUS-0100,2025-08-23,2025-08-28,2025-08-26,,Shipped,Website,45,2636086.25,474495.52,0.0,3110581.77,1932750.0,703336.25,Overdue Open Order,369,,True
ORD-002767,CUS-0036,2026-07-07,2026-07-17,2026-07-08,2026-07-12,Delivered,Phone / WhatsApp,45,3106715.0,559208.7,0.0,3665923.7,2174650.0,932065.0,On Time,0,5.0,False
ORD-002768,CUS-0033,2026-06-04,2026-06-18,2026-06-08,2026-06-13,Delivered,Corporate Account,15,369013.75,66422.47,0.0,435436.22,274050.0,94963.75,On Time,0,9.0,False
ORD-002769,CUS-0005,2026-01-07,2026-01-13,2026-01-08,2026-01-11,Partially Returned,Website,30,1695995.0,305279.1,0.0,2001274.1,1237100.0,458895.0,On Time,0,4.0,False
ORD-002770,CUS-0035,2026-07-02,2026-07-17,2026-07-06,2026-07-08,Delivered,Corporate Account,30,1539800.0,277164.0,0.0,1816964.0,1227550.0,312250.0,On Time,0,6.0,False
ORD-002771,CUS-0082,2026-05-29,2026-06-06,,,Cancelled,Direct Sales,30,379452.5,68301.45,0.0,447753.95,288250.0,91202.5,Cancelled,0,,False
ORD-002772,CUS-0076,2025-05-24,2025-06-08,2025-05-29,2025-06-02,Delivered,Tender,45,1257265.0,226307.7,0.0,1483572.7,949850.0,307415.0,On Time,0,9.0,False
ORD-002773,CUS-0093,2025-05-17,2025-05-21,2025-05-23,,Shipped,Corporate Account,30,30030.0,5405.4,2500.0,37935.4,19600.0,10430.0,Overdue Open Order,468,,True
ORD-002774,CUS-0063,2025-05-20,2025-05-31,2025-05-22,2025-05-24,Delivered,Corporate Account,30,672332.5,121019.85,0.0,793352.35,485700.0,186632.5,On Time,0,4.0,False
ORD-002775,CUS-0117,2026-04-02,2026-04-10,2026-04-06,2026-04-09,Delivered,Corporate Account,30,422456.25,76042.12,0.0,498498.38,315650.0,106806.25,On Time,0,7.0,False
ORD-002776,CUS-0068,2025-03-21,2025-03-28,,,Processing,Tender,30,648000.0,116640.0,0.0,764640.0,525900.0,122100.0,Overdue Open Order,522,,True
ORD-002777,CUS-0028,2026-07-16,2026-07-29,2026-07-23,2026-07-28,Delivered,Corporate Account,30,699643.75,125935.88,0.0,825579.62,504300.0,195343.75,On Time,0,12.0,False
ORD-002778,CUS-0008,2026-01-07,2026-01-13,2026-01-10,2026-01-13,Delivered,Phone / WhatsApp,45,2420225.0,435640.5,0.0,2855865.5,1896850.0,523375.0,On Time,0,6.0,False
ORD-002779,CUS-0017,2026-06-16,2026-06-28,2026-06-23,2026-06-24,Delivered,Website,30,827835.0,149010.3,0.0,976845.3,646600.0,181235.0,On Time,0,8.0,False
ORD-002780,CUS-0109,2025-09-05,2025-09-09,2025-09-07,2025-09-11,Delivered,Phone / WhatsApp,15,13300.0,2394.0,3000.0,18694.0,8250.0,5050.0,Delayed,2,6.0,False
ORD-002781,CUS-0058,2025-04-20,2025-04-28,2025-04-23,2025-04-24,Delivered,Direct Sales,45,1446446.25,260360.32,0.0,1706806.57,1121200.0,325246.25,On Time,0,4.0,False
ORD-002782,CUS-0096,2025-06-16,2025-06-23,,,Processing,Corporate Account,30,3797392.5,683530.65,0.0,4480923.15,2961500.0,835892.5,Overdue Open Order,435,,True
ORD-002783,CUS-0008,2026-04-28,2026-05-12,2026-05-04,2026-05-07,Partially Returned,Direct Sales,45,1764336.25,317580.52,0.0,2081916.77,1305950.0,458386.25,On Time,0,9.0,False
ORD-002784,CUS-0044,2026-06-09,2026-06-24,,,Processing,Corporate Account,60,346990.0,62458.2,0.0,409448.2,250600.0,96390.0,Overdue Open Order,69,,True
ORD-002785,CUS-0079,2026-01-04,2026-01-12,2026-01-05,2026-01-07,Delivered,Corporate Account,45,1856321.25,334137.83,0.0,2190459.08,1396950.0,459371.25,On Time,0,3.0,False
ORD-002786,CUS-0050,2026-08-23,2026-08-29,2026-08-29,,Shipped,Website,60,3468823.75,624388.28,0.0,4093212.02,2528850.0,939973.75,Overdue Open Order,3,,True
ORD-002787,CUS-0011,2025-08-19,2025-08-30,2025-08-23,,Shipped,Phone / WhatsApp,60,194748.75,35054.78,0.0,229803.52,130150.0,64598.75,Overdue Open Order,367,,True
ORD-002788,CUS-0097,2025-04-19,2025-04-29,2025-04-20,2025-04-22,Delivered,Corporate Account,45,213870.0,38496.6,0.0,252366.6,140000.0,73870.0,On Time,0,3.0,False
ORD-002789,CUS-0004,2026-07-28,2026-08-04,2026-08-04,2026-08-06,Delivered,Corporate Account,30,485060.0,87310.8,0.0,572370.8,356700.0,128360.0,Delayed,2,9.0,False
ORD-002790,CUS-0050,2026-02-14,2026-02-21,2026-02-20,2026-02-22,Delivered,Direct Sales,60,1514855.0,272673.9,0.0,1787528.9,1108100.0,406755.0,Delayed,1,8.0,False
ORD-002791,CUS-0086,2025-08-25,2025-08-31,,,Cancelled,Direct Sales,15,164400.0,29592.0,0.0,193992.0,108000.0,56400.0,Cancelled,0,,False
ORD-002792,CUS-0050,2025-11-02,2025-11-15,2025-11-04,2025-11-07,Delivered,Direct Sales,60,1058928.75,190607.17,0.0,1249535.93,686950.0,371978.75,On Time,0,5.0,False
ORD-002793,CUS-0104,2026-02-02,2026-02-12,2026-02-08,2026-02-13,Delivered,Corporate Account,30,554663.75,99839.47,0.0,654503.22,412850.0,141813.75,Delayed,1,11.0,False
ORD-002794,CUS-0054,2026-04-11,2026-04-22,2026-04-18,2026-04-19,Delivered,Tender,15,170161.25,30629.02,0.0,200790.27,122950.0,47211.25,On Time,0,8.0,False
ORD-002795,CUS-0001,2026-07-07,2026-07-16,2026-07-11,2026-07-13,Delivered,Tender,45,2436623.75,438592.27,0.0,2875216.02,1868000.0,568623.75,On Time,0,6.0,False
ORD-002796,CUS-0095,2026-03-02,2026-03-09,2026-03-07,2026-03-09,Delivered,Website,45,10365040.0,1865707.2,0.0,12230747.2,8711800.0,1653240.0,On Time,0,7.0,False
ORD-002797,CUS-0074,2026-02-28,2026-03-14,2026-03-07,2026-03-08,Delivered,Website,30,238460.0,42922.8,0.0,281382.8,169900.0,68560.0,On Time,0,8.0,False
ORD-002798,CUS-0001,2026-08-14,2026-08-23,2026-08-20,2026-08-24,Delivered,Phone / WhatsApp,45,1495451.25,269181.22,0.0,1764632.48,1106900.0,388551.25,Delayed,1,10.0,False
ORD-002799,CUS-0058,2025-08-01,2025-08-09,,,Confirmed,Corporate Account,45,278887.5,50199.75,0.0,329087.25,217800.0,61087.5,Overdue Open Order,388,,True
ORD-002800,CUS-0069,2025-10-20,2025-10-30,2025-10-26,2025-10-27,Delivered,Direct Sales,30,854971.25,153894.82,0.0,1008866.07,621150.0,233821.25,On Time,0,7.0,False
ORD-002801,CUS-0053,2026-04-24,2026-05-01,2026-04-30,2026-05-02,Delivered,Corporate Account,45,831918.75,149745.38,0.0,981664.12,614250.0,217668.75,Delayed,1,8.0,False
ORD-002802,CUS-0058,2026-04-04,2026-04-16,,,Processing,Direct Sales,45,2449393.75,440890.88,0.0,2890284.62,1744150.0,705243.75,Overdue Open Order,138,,True
ORD-002803,CUS-0066,2025-06-15,2025-06-29,,,Pending,Tender,30,218967.5,39414.15,0.0,258381.65,155700.0,63267.5,Overdue Open Order,429,,True
ORD-002804,CUS-0014,2025-10-10,2025-10-20,,,Processing,Direct Sales,45,397436.25,71538.52,0.0,468974.78,296050.0,101386.25,Overdue Open Order,316,,True
ORD-002805,CUS-0090,2025-08-06,2025-08-19,2025-08-09,2025-08-14,Delivered,Direct Sales,30,974672.5,175441.05,0.0,1150113.55,800250.0,174422.5,On Time,0,8.0,False
ORD-002806,CUS-0031,2026-03-02,2026-03-16,2026-03-03,2026-03-05,Delivered,Website,30,131300.0,23634.0,0.0,154934.0,79300.0,52000.0,On Time,0,3.0,False
ORD-002807,CUS-0096,2025-11-13,2025-11-19,,,Pending,Direct Sales,30,266950.0,48051.0,0.0,315001.0,169650.0,97300.0,Overdue Open Order,286,,True
ORD-002808,CUS-0113,2025-12-26,2026-01-07,2025-12-31,2026-01-04,Delivered,Website,60,1030710.0,185527.8,0.0,1216237.8,829800.0,200910.0,On Time,0,9.0,False
ORD-002809,CUS-0116,2026-04-15,2026-04-20,2026-04-18,2026-04-20,Delivered,Website,30,680306.25,122455.12,0.0,802761.38,541500.0,138806.25,On Time,0,5.0,False
ORD-002810,CUS-0034,2026-06-14,2026-06-18,2026-06-16,2026-06-18,Delivered,Corporate Account,30,202125.0,36382.5,0.0,238507.5,130250.0,71875.0,On Time,0,4.0,False
ORD-002811,CUS-0018,2026-05-02,2026-05-11,2026-05-09,2026-05-10,Delivered,Direct Sales,30,26500.0,4770.0,1500.0,32770.0,16250.0,10250.0,On Time,0,8.0,False
ORD-002812,CUS-0004,2026-01-30,2026-02-05,,,Confirmed,Direct Sales,30,1020532.5,183695.85,0.0,1204228.35,762000.0,258532.5,Overdue Open Order,208,,True
ORD-002813,CUS-0064,2026-07-03,2026-07-13,2026-07-05,2026-07-07,Delivered,Corporate Account,30,1475537.5,265596.75,0.0,1741134.25,1087050.0,388487.5,On Time,0,4.0,False
ORD-002814,CUS-0047,2026-05-17,2026-05-24,2026-05-22,2026-05-24,Delivered,Phone / WhatsApp,30,367500.0,66150.0,0.0,433650.0,248400.0,119100.0,On Time,0,7.0,False
ORD-002815,CUS-0112,2026-05-27,2026-06-05,2026-06-02,2026-06-05,Delivered,Phone / WhatsApp,15,267662.5,48179.25,0.0,315841.75,201950.0,65712.5,On Time,0,9.0,False
ORD-002816,CUS-0038,2026-04-20,2026-04-24,2026-04-27,2026-04-28,Partially Returned,Direct Sales,45,1170653.75,210717.67,0.0,1381371.43,874900.0,295753.75,Delayed,4,8.0,False
ORD-002817,CUS-0104,2025-12-16,2025-12-26,2025-12-20,2025-12-24,Delivered,Direct Sales,30,1370098.75,246617.77,0.0,1616716.52,1044250.0,325848.75,On Time,0,8.0,False
ORD-002818,CUS-0005,2025-12-30,2026-01-14,2026-01-01,2026-01-02,Delivered,Website,30,1995800.0,359244.0,0.0,2355044.0,1497700.0,498100.0,On Time,0,3.0,False
ORD-002819,CUS-0102,2025-10-07,2025-10-21,2025-10-11,2025-10-15,Delivered,Corporate Account,45,2476438.75,445758.97,0.0,2922197.73,1846850.0,629588.75,On Time,0,8.0,False
ORD-002820,CUS-0010,2025-08-04,2025-08-14,2025-08-07,2025-08-09,Delivered,Tender,30,1330360.0,239464.8,0.0,1569824.8,1017100.0,313260.0,On Time,0,5.0,False
ORD-002821,CUS-0100,2026-02-18,2026-02-22,2026-02-24,,Shipped,Direct Sales,45,282406.25,50833.12,0.0,333239.38,212750.0,69656.25,Overdue Open Order,191,,True
ORD-002822,CUS-0060,2026-07-06,2026-07-21,2026-07-11,2026-07-14,Delivered,Corporate Account,15,1141130.0,205403.4,0.0,1346533.4,832250.0,308880.0,On Time,0,8.0,False
ORD-002823,CUS-0044,2026-07-13,2026-07-19,2026-07-20,2026-07-22,Delivered,Direct Sales,60,2329602.5,419328.45,0.0,2748930.95,1784050.0,545552.5,Delayed,3,9.0,False
ORD-002824,CUS-0101,2025-06-24,2025-07-03,,,Cancelled,Tender,30,691610.0,124489.8,0.0,816099.8,503900.0,187710.0,Cancelled,0,,False
ORD-002825,CUS-0075,2025-06-23,2025-07-04,2025-06-28,2025-06-29,Partially Returned,Corporate Account,30,5980970.0,1076574.6,0.0,7057544.6,4983700.0,997270.0,On Time,0,6.0,False
ORD-002826,CUS-0048,2026-02-25,2026-03-06,2026-02-26,2026-02-27,Delivered,Corporate Account,30,136015.0,24482.7,0.0,160497.7,98100.0,37915.0,On Time,0,2.0,False
ORD-002827,CUS-0012,2026-01-25,2026-01-31,2026-01-27,,Shipped,Website,30,465783.75,83841.07,0.0,549624.82,360900.0,104883.75,Overdue Open Order,213,,True
ORD-002828,CUS-0024,2026-06-09,2026-06-16,2026-06-13,2026-06-14,Delivered,Direct Sales,60,1355870.0,244056.6,0.0,1599926.6,1070850.0,285020.0,On Time,0,5.0,False
ORD-002829,CUS-0047,2026-04-18,2026-05-01,2026-04-24,2026-04-25,Delivered,Corporate Account,30,657370.0,118326.6,0.0,775696.6,491300.0,166070.0,On Time,0,7.0,False
ORD-002830,CUS-0012,2026-03-23,2026-04-06,2026-03-29,2026-04-03,Delivered,Direct Sales,30,911253.75,164025.67,0.0,1075279.43,717200.0,194053.75,On Time,0,11.0,False
ORD-002831,CUS-0094,2026-08-03,2026-08-15,2026-08-07,2026-08-10,Delivered,Website,45,721800.0,129924.0,0.0,851724.0,588250.0,133550.0,On Time,0,7.0,False
ORD-002832,CUS-0024,2026-06-03,2026-06-08,2026-06-07,2026-06-10,Delivered,Corporate Account,60,2497595.0,449567.1,0.0,2947162.1,1901050.0,596545.0,Delayed,2,7.0,False
ORD-002833,CUS-0088,2025-09-24,2025-09-29,2025-09-26,2025-09-27,Delivered,Website,30,2243127.5,403762.95,0.0,2646890.45,1663500.0,579627.5,On Time,0,3.0,False
ORD-002834,CUS-0029,2025-08-17,2025-08-27,2025-08-18,2025-08-23,Partially Returned,Corporate Account,15,73915.0,13304.7,1500.0,88719.7,52900.0,21015.0,On Time,0,6.0,False
ORD-002835,CUS-0037,2025-07-14,2025-07-18,2025-07-15,2025-07-18,Delivered,Corporate Account,30,2186280.0,393530.4,0.0,2579810.4,1713350.0,472930.0,On Time,0,4.0,False
ORD-002836,CUS-0003,2025-09-08,2025-09-21,2025-09-15,2025-09-16,Delivered,Corporate Account,15,245805.0,44244.9,0.0,290049.9,172800.0,73005.0,On Time,0,8.0,False
ORD-002837,CUS-0011,2025-07-29,2025-08-12,2025-07-31,2025-08-05,Partially Returned,Direct Sales,60,2850480.0,513086.4,0.0,3363566.4,2109600.0,740880.0,On Time,0,7.0,False
ORD-002838,CUS-0073,2026-06-17,2026-06-21,2026-06-23,2026-06-24,Delivered,Direct Sales,30,1134822.5,204268.05,0.0,1339090.55,859950.0,274872.5,Delayed,3,7.0,False
ORD-002839,CUS-0089,2026-04-13,2026-04-19,,,Cancelled,Corporate Account,45,1453773.75,261679.27,0.0,1715453.02,990700.0,463073.75,Cancelled,0,,False
ORD-002840,CUS-0053,2026-08-08,2026-08-15,2026-08-15,2026-08-20,Delivered,Direct Sales,45,617856.25,111214.12,0.0,729070.38,446450.0,171406.25,Delayed,5,12.0,False
ORD-002841,CUS-0110,2025-06-23,2025-06-28,,,Processing,Website,30,35245.0,6344.1,1500.0,43089.1,22750.0,12495.0,Overdue Open Order,430,,True
ORD-002842,CUS-0024,2026-07-22,2026-07-31,2026-07-26,2026-07-30,Delivered,Corporate Account,60,4928525.0,887134.5,0.0,5815659.5,3602000.0,1326525.0,On Time,0,8.0,False
ORD-002843,CUS-0001,2025-06-07,2025-06-22,,,Cancelled,Tender,45,7909932.5,1423787.85,0.0,9333720.35,6231850.0,1678082.5,Cancelled,0,,False
ORD-002844,CUS-0081,2025-07-31,2025-08-08,,,Confirmed,Corporate Account,60,5584741.25,1005253.42,0.0,6589994.67,4387600.0,1197141.25,Overdue Open Order,389,,True
ORD-002845,CUS-0118,2025-06-23,2025-06-27,2025-06-29,2025-07-02,Delivered,Corporate Account,30,547050.0,98469.0,0.0,645519.0,388650.0,158400.0,Delayed,5,9.0,False
ORD-002846,CUS-0083,2026-02-14,2026-02-26,,,Confirmed,Direct Sales,30,552900.0,99522.0,0.0,652422.0,401450.0,151450.0,Overdue Open Order,187,,True
ORD-002847,CUS-0115,2025-12-31,2026-01-09,2026-01-06,2026-01-07,Delivered,Corporate Account,30,2913460.0,524422.8,0.0,3437882.8,2445600.0,467860.0,On Time,0,7.0,False
ORD-002848,CUS-0013,2026-05-24,2026-06-06,2026-05-25,2026-05-30,Delivered,Corporate Account,45,389625.0,70132.5,0.0,459757.5,263600.0,126025.0,On Time,0,6.0,False
ORD-002849,CUS-0043,2025-04-15,2025-04-23,2025-04-17,2025-04-22,Delivered,Tender,45,1135777.5,204439.95,0.0,1340217.45,855150.0,280627.5,On Time,0,7.0,False
ORD-002850,CUS-0005,2026-05-20,2026-05-30,2026-05-27,2026-05-28,Delivered,Direct Sales,30,3369600.0,606528.0,0.0,3976128.0,2660700.0,708900.0,On Time,0,8.0,False
ORD-002851,CUS-0112,2026-06-22,2026-07-07,2026-06-23,2026-06-24,Delivered,Website,15,326760.0,58816.8,0.0,385576.8,244300.0,82460.0,On Time,0,2.0,False
ORD-002852,CUS-0120,2025-07-14,2025-07-22,2025-07-15,2025-07-17,Delivered,Website,30,886426.25,159556.73,0.0,1045982.97,655450.0,230976.25,On Time,0,3.0,False
ORD-002853,CUS-0086,2025-03-23,2025-04-07,,,Processing,Direct Sales,15,241375.0,43447.5,0.0,284822.5,175450.0,65925.0,Overdue Open Order,512,,True
ORD-002854,CUS-0024,2025-11-05,2025-11-11,2025-11-06,2025-11-09,Delivered,Website,60,1742105.0,313578.9,0.0,2055683.9,1285650.0,456455.0,On Time,0,4.0,False
ORD-002855,CUS-0105,2025-08-11,2025-08-26,2025-08-16,2025-08-17,Delivered,Direct Sales,15,1313412.5,236414.25,0.0,1549826.75,957850.0,355562.5,On Time,0,6.0,False
ORD-002856,CUS-0058,2026-02-21,2026-02-25,,,Processing,Phone / WhatsApp,45,1037250.0,186705.0,0.0,1223955.0,750300.0,286950.0,Overdue Open Order,188,,True
ORD-002857,CUS-0062,2026-06-09,2026-06-24,2026-06-11,2026-06-13,Delivered,Website,45,177120.0,31881.6,0.0,209001.6,127600.0,49520.0,On Time,0,4.0,False
ORD-002858,CUS-0001,2025-03-20,2025-03-29,,,Processing,Direct Sales,45,830690.0,149524.2,0.0,980214.2,539250.0,291440.0,Overdue Open Order,521,,True
ORD-002859,CUS-0075,2025-11-21,2025-12-06,,,Confirmed,Website,30,686280.0,123530.4,0.0,809810.4,512850.0,173430.0,Overdue Open Order,269,,True
ORD-002860,CUS-0024,2025-09-14,2025-09-20,,,Cancelled,Corporate Account,60,586000.0,105480.0,0.0,691480.0,425000.0,161000.0,Cancelled,0,,False
ORD-002861,CUS-0112,2025-08-29,2025-09-08,2025-09-03,2025-09-07,Delivered,Corporate Account,15,379762.5,68357.25,0.0,448119.75,291950.0,87812.5,On Time,0,9.0,False
ORD-002862,CUS-0094,2026-06-23,2026-07-08,2026-06-25,2026-06-27,Delivered,Phone / WhatsApp,45,369640.0,66535.2,0.0,436175.2,249200.0,120440.0,On Time,0,4.0,False
ORD-002863,CUS-0071,2026-02-02,2026-02-06,2026-02-06,2026-02-10,Delivered,Phone / WhatsApp,30,335913.75,60464.47,0.0,396378.22,257950.0,77963.75,Delayed,4,8.0,False
ORD-002864,CUS-0083,2026-05-28,2026-06-02,,,Processing,Corporate Account,30,2504290.0,450772.2,0.0,2955062.2,1815750.0,688540.0,Overdue Open Order,91,,True
ORD-002865,CUS-0028,2025-09-09,2025-09-20,2025-09-12,2025-09-17,Delivered,Corporate Account,30,3063355.0,551403.9,0.0,3614758.9,2398700.0,664655.0,On Time,0,8.0,False
ORD-002866,CUS-0005,2026-01-26,2026-01-31,2026-01-30,,Shipped,Direct Sales,30,3208668.75,577560.38,0.0,3786229.12,2459450.0,749218.75,Overdue Open Order,213,,True
ORD-002867,CUS-0082,2026-03-26,2026-04-06,2026-03-28,2026-03-31,Delivered,Direct Sales,30,58520.0,10533.6,2500.0,71553.6,39200.0,19320.0,On Time,0,5.0,False
ORD-002868,CUS-0016,2026-03-05,2026-03-20,2026-03-07,,Shipped,Corporate Account,45,1084430.0,195197.4,0.0,1279627.4,797650.0,286780.0,Overdue Open Order,165,,True
ORD-002869,CUS-0052,2025-12-14,2025-12-22,2025-12-18,2025-12-19,Partially Returned,Website,45,708267.5,127488.15,0.0,835755.65,497100.0,211167.5,On Time,0,5.0,False
ORD-002870,CUS-0087,2025-05-04,2025-05-08,,,Confirmed,Phone / WhatsApp,30,413567.5,74442.15,0.0,488009.65,292500.0,121067.5,Overdue Open Order,481,,True
ORD-002871,CUS-0092,2026-08-12,2026-08-21,2026-08-15,2026-08-17,Delivered,Corporate Account,30,55020.0,9903.6,1500.0,66423.6,35500.0,19520.0,On Time,0,5.0,False
ORD-002872,CUS-0046,2025-09-15,2025-09-27,2025-09-20,2025-09-23,Delivered,Tender,60,2727501.25,490950.22,0.0,3218451.48,2030750.0,696751.25,On Time,0,8.0,False
ORD-002873,CUS-0065,2025-11-16,2025-11-28,,,Pending,Corporate Account,30,604500.0,108810.0,0.0,713310.0,448400.0,156100.0,Overdue Open Order,277,,True
ORD-002874,CUS-0047,2026-01-16,2026-01-21,2026-01-18,,Shipped,Corporate Account,30,607500.0,109350.0,0.0,716850.0,427200.0,180300.0,Overdue Open Order,223,,True
ORD-002875,CUS-0083,2026-08-19,2026-09-02,2026-08-22,2026-08-27,Delivered,Phone / WhatsApp,30,549861.25,98975.02,0.0,648836.28,388750.0,161111.25,On Time,0,8.0,False
ORD-002876,CUS-0080,2025-04-03,2025-04-07,2025-04-09,2025-04-13,Delivered,Corporate Account,30,138287.5,24891.75,0.0,163179.25,102700.0,35587.5,Delayed,6,10.0,False
ORD-002877,CUS-0101,2025-12-08,2025-12-17,2025-12-09,2025-12-14,Delivered,Tender,30,130515.0,23492.7,0.0,154007.7,101250.0,29265.0,On Time,0,6.0,False
ORD-002878,CUS-0037,2026-04-14,2026-04-24,2026-04-21,2026-04-24,Delivered,Direct Sales,30,255115.0,45920.7,0.0,301035.7,206850.0,48265.0,On Time,0,10.0,False
ORD-002879,CUS-0088,2026-08-22,2026-08-28,2026-08-28,2026-09-01,Delivered,Direct Sales,30,76081.25,13694.62,2000.0,91775.88,55750.0,20331.25,Delayed,4,10.0,False
ORD-002880,CUS-0089,2025-08-13,2025-08-27,2025-08-15,2025-08-16,Delivered,Direct Sales,45,3202045.0,576368.1,0.0,3778413.1,2414600.0,787445.0,On Time,0,3.0,False
ORD-002881,CUS-0117,2026-07-15,2026-07-27,2026-07-20,2026-07-21,Delivered,Corporate Account,30,368207.5,66277.35,0.0,434484.85,281000.0,87207.5,On Time,0,6.0,False
ORD-002882,CUS-0069,2026-05-10,2026-05-17,,,Confirmed,Website,30,137235.0,24702.3,0.0,161937.3,109800.0,27435.0,Overdue Open Order,107,,True
ORD-002883,CUS-0029,2025-08-03,2025-08-12,2025-08-08,2025-08-13,Delivered,Direct Sales,15,201000.0,36180.0,0.0,237180.0,145200.0,55800.0,Delayed,1,10.0,False
ORD-002884,CUS-0014,2026-03-04,2026-03-10,2026-03-08,2026-03-13,Delivered,Direct Sales,45,794937.5,143088.75,0.0,938026.25,591900.0,203037.5,Delayed,3,9.0,False
ORD-002885,CUS-0075,2026-08-12,2026-08-18,2026-08-18,2026-08-23,Delivered,Direct Sales,30,1756436.25,316158.52,0.0,2072594.77,1321000.0,435436.25,Delayed,5,11.0,False
ORD-002886,CUS-0049,2026-03-19,2026-03-23,2026-03-26,2026-03-28,Delivered,Direct Sales,45,1768235.0,318282.3,0.0,2086517.3,1346800.0,421435.0,Delayed,5,9.0,False
ORD-002887,CUS-0076,2025-04-01,2025-04-15,,,Cancelled,Corporate Account,45,1242267.5,223608.15,0.0,1465875.65,905650.0,336617.5,Cancelled,0,,False
ORD-002888,CUS-0044,2026-05-09,2026-05-18,2026-05-14,,Shipped,Direct Sales,60,404775.0,72859.5,0.0,477634.5,314600.0,90175.0,Overdue Open Order,106,,True
ORD-002889,CUS-0011,2026-08-26,2026-08-31,2026-09-01,2026-09-01,Delivered,Corporate Account,60,1161442.5,209059.65,0.0,1370502.15,867350.0,294092.5,Delayed,1,6.0,False
ORD-002890,CUS-0058,2025-04-29,2025-05-05,2025-05-01,2025-05-02,Delivered,Corporate Account,45,352251.25,63405.22,0.0,415656.47,225700.0,126551.25,On Time,0,3.0,False
ORD-002891,CUS-0047,2026-06-22,2026-06-26,2026-06-28,2026-07-03,Delivered,Direct Sales,30,392437.5,70638.75,0.0,463076.25,246100.0,146337.5,Delayed,7,11.0,False
ORD-002892,CUS-0113,2026-05-15,2026-05-25,2026-05-17,2026-05-19,Delivered,Corporate Account,60,535157.5,96328.35,0.0,631485.85,389200.0,145957.5,On Time,0,4.0,False
ORD-002893,CUS-0003,2025-12-11,2025-12-17,2025-12-15,2025-12-18,Delivered,Corporate Account,15,1257718.75,226389.38,0.0,1484108.12,945600.0,312118.75,Delayed,1,7.0,False
ORD-002894,CUS-0065,2025-12-26,2026-01-10,2026-01-01,2026-01-03,Delivered,Website,30,47967.5,8634.15,2500.0,59101.65,31200.0,16767.5,On Time,0,8.0,False
ORD-002895,CUS-0052,2026-06-01,2026-06-15,2026-06-05,2026-06-06,Delivered,Tender,45,25900.0,4662.0,1500.0,32062.0,16500.0,9400.0,On Time,0,5.0,False
ORD-002896,CUS-0008,2026-03-22,2026-04-04,2026-03-25,2026-03-29,Returned,Direct Sales,45,1061820.0,191127.6,0.0,1252947.6,869850.0,191970.0,On Time,0,7.0,False
ORD-002897,CUS-0074,2026-01-25,2026-02-07,2026-01-29,2026-01-31,Delivered,Direct Sales,30,1163497.5,209429.55,0.0,1372927.05,941050.0,222447.5,On Time,0,6.0,False
ORD-002898,CUS-0050,2026-03-09,2026-03-24,2026-03-12,2026-03-15,Delivered,Corporate Account,60,2542025.0,457564.5,0.0,2999589.5,2050350.0,491675.0,On Time,0,6.0,False
ORD-002899,CUS-0004,2025-06-09,2025-06-21,2025-06-13,2025-06-14,Delivered,Direct Sales,30,407312.5,73316.25,0.0,480628.75,280550.0,126762.5,On Time,0,5.0,False
ORD-002900,CUS-0075,2025-08-02,2025-08-08,2025-08-03,2025-08-06,Delivered,Corporate Account,30,1718417.5,309315.15,0.0,2027732.65,1212700.0,505717.5,On Time,0,4.0,False
ORD-002901,CUS-0113,2025-06-10,2025-06-23,2025-06-14,2025-06-15,Delivered,Corporate Account,60,1188627.5,213952.95,0.0,1402580.45,819400.0,369227.5,On Time,0,5.0,False
ORD-002902,CUS-0059,2026-02-11,2026-02-18,2026-02-14,2026-02-15,Delivered,Direct Sales,30,872582.5,157064.85,0.0,1029647.35,639650.0,232932.5,On Time,0,4.0,False
ORD-002903,CUS-0045,2026-03-08,2026-03-23,2026-03-13,,Shipped,Direct Sales,60,3429333.75,617280.07,0.0,4046613.83,2535650.0,893683.75,Overdue Open Order,162,,True
ORD-002904,CUS-0049,2026-07-18,2026-07-24,,,Processing,Corporate Account,45,226765.0,40817.7,0.0,267582.7,161700.0,65065.0,Overdue Open Order,39,,True
ORD-002905,CUS-0075,2025-04-05,2025-04-20,2025-04-12,2025-04-17,Delivered,Corporate Account,30,1796327.5,323338.95,0.0,2119666.45,1326200.0,470127.5,On Time,0,12.0,False
ORD-002906,CUS-0001,2026-05-08,2026-05-17,2026-05-11,2026-05-12,Delivered,Corporate Account,45,3644576.25,656023.72,0.0,4300599.97,2783500.0,861076.25,On Time,0,4.0,False
ORD-002907,CUS-0113,2025-05-04,2025-05-14,,,Cancelled,Direct Sales,60,1944216.25,349958.92,0.0,2294175.17,1339700.0,604516.25,Cancelled,0,,False
ORD-002908,CUS-0084,2025-11-01,2025-11-06,,,Processing,Tender,30,1002045.0,180368.1,0.0,1182413.1,729600.0,272445.0,Overdue Open Order,299,,True
ORD-002909,CUS-0025,2025-03-24,2025-04-01,2025-03-27,2025-03-28,Delivered,Direct Sales,15,18240.0,3283.2,2500.0,24023.2,10400.0,7840.0,On Time,0,4.0,False
ORD-002910,CUS-0050,2025-08-22,2025-08-31,2025-08-26,2025-08-28,Delivered,Phone / WhatsApp,60,3707640.0,667375.2,0.0,4375015.2,2748750.0,958890.0,On Time,0,6.0,False
ORD-002911,CUS-0025,2025-03-05,2025-03-17,2025-03-08,2025-03-11,Delivered,Corporate Account,15,157325.0,28318.5,0.0,185643.5,120600.0,36725.0,On Time,0,6.0,False
ORD-002912,CUS-0033,2026-03-21,2026-03-28,2026-03-28,2026-03-31,Delivered,Phone / WhatsApp,15,79120.0,14241.6,3000.0,96361.6,51750.0,27370.0,Delayed,3,10.0,False
ORD-002913,CUS-0044,2025-05-28,2025-06-03,2025-06-04,2025-06-08,Delivered,Website,60,5013635.0,902454.3,0.0,5916089.3,3718550.0,1295085.0,Delayed,5,11.0,False
ORD-002914,CUS-0066,2025-07-04,2025-07-08,2025-07-05,2025-07-06,Delivered,Corporate Account,30,138842.5,24991.65,0.0,163834.15,112000.0,26842.5,On Time,0,2.0,False
ORD-002915,CUS-0054,2026-01-06,2026-01-15,2026-01-13,2026-01-15,Delivered,Direct Sales,15,47905.0,8622.9,2000.0,58527.9,30900.0,17005.0,On Time,0,9.0,False
ORD-002916,CUS-0025,2025-04-12,2025-04-18,,,Pending,Tender,15,614445.0,110600.1,0.0,725045.1,457100.0,157345.0,Overdue Open Order,501,,True
ORD-002917,CUS-0004,2025-07-29,2025-08-04,2025-07-31,,Shipped,Tender,30,493921.25,88905.82,0.0,582827.07,365900.0,128021.25,Overdue Open Order,393,,True
ORD-002918,CUS-0053,2025-06-03,2025-06-15,2025-06-10,2025-06-11,Delivered,Phone / WhatsApp,45,4612756.25,830296.12,0.0,5443052.38,3654450.0,958306.25,On Time,0,8.0,False
ORD-002919,CUS-0106,2025-07-16,2025-07-20,2025-07-17,2025-07-18,Delivered,Direct Sales,15,158460.0,28522.8,0.0,186982.8,121200.0,37260.0,On Time,0,2.0,False
ORD-002920,CUS-0066,2025-12-01,2025-12-16,2025-12-02,2025-12-05,Delivered,Phone / WhatsApp,30,65455.0,11781.9,2500.0,79736.9,42250.0,23205.0,On Time,0,4.0,False
ORD-002921,CUS-0056,2025-08-19,2025-09-02,2025-08-25,2025-08-28,Delivered,Phone / WhatsApp,45,224545.0,40418.1,0.0,264963.1,152200.0,72345.0,On Time,0,9.0,False
ORD-002922,CUS-0098,2025-06-15,2025-06-23,2025-06-20,2025-06-23,Delivered,Corporate Account,45,261085.0,46995.3,0.0,308080.3,183100.0,77985.0,On Time,0,8.0,False
ORD-002923,CUS-0075,2025-12-22,2026-01-05,2025-12-27,2025-12-31,Delivered,Corporate Account,30,114740.0,20653.2,0.0,135393.2,73100.0,41640.0,On Time,0,9.0,False
ORD-002924,CUS-0081,2026-08-26,2026-08-31,2026-08-30,2026-09-01,Delivered,Direct Sales,60,6087287.5,1095711.75,0.0,7182999.25,5000400.0,1086887.5,Delayed,1,6.0,False
ORD-002925,CUS-0024,2025-12-24,2026-01-07,2025-12-26,2025-12-28,Delivered,Corporate Account,60,928567.5,167142.15,0.0,1095709.65,712200.0,216367.5,On Time,0,4.0,False
ORD-002926,CUS-0052,2026-05-20,2026-06-04,2026-05-23,2026-05-25,Delivered,Corporate Account,45,1309565.0,235721.7,0.0,1545286.7,986350.0,323215.0,On Time,0,5.0,False
ORD-002927,CUS-0032,2026-03-08,2026-03-15,2026-03-11,2026-03-15,Delivered,Tender,30,143212.5,25778.25,0.0,168990.75,108900.0,34312.5,On Time,0,7.0,False
ORD-002928,CUS-0002,2025-11-01,2025-11-06,2025-11-04,2025-11-08,Delivered,Tender,60,5036382.5,906548.85,0.0,5942931.35,4179100.0,857282.5,Delayed,2,7.0,False
ORD-002929,CUS-0097,2025-11-15,2025-11-27,2025-11-18,2025-11-21,Delivered,Corporate Account,45,480075.0,86413.5,0.0,566488.5,353400.0,126675.0,On Time,0,6.0,False
ORD-002930,CUS-0081,2025-07-29,2025-08-12,2025-08-03,2025-08-08,Delivered,Phone / WhatsApp,60,1991355.0,358443.9,0.0,2349798.9,1456300.0,535055.0,On Time,0,10.0,False
ORD-002931,CUS-0099,2025-05-08,2025-05-14,,,Cancelled,Phone / WhatsApp,15,1892875.0,340717.5,0.0,2233592.5,1574250.0,318625.0,Cancelled,0,,False
ORD-002932,CUS-0054,2025-06-21,2025-06-27,2025-06-28,2025-07-02,Delivered,Direct Sales,15,184387.5,33189.75,0.0,217577.25,132600.0,51787.5,Delayed,5,11.0,False
ORD-002933,CUS-0035,2025-09-13,2025-09-27,2025-09-18,2025-09-21,Delivered,Direct Sales,30,627080.0,112874.4,0.0,739954.4,456350.0,170730.0,On Time,0,8.0,False
ORD-002934,CUS-0104,2026-06-14,2026-06-24,,,Cancelled,Corporate Account,30,554610.0,99829.8,0.0,654439.8,424200.0,130410.0,Cancelled,0,,False
ORD-002935,CUS-0098,2026-07-05,2026-07-12,2026-07-10,2026-07-14,Delivered,Corporate Account,45,459870.0,82776.6,0.0,542646.6,345950.0,113920.0,Delayed,2,9.0,False
ORD-002936,CUS-0002,2026-04-03,2026-04-10,,,Confirmed,Tender,60,3503127.5,630562.95,0.0,4133690.45,2597250.0,905877.5,Overdue Open Order,144,,True
ORD-002937,CUS-0065,2025-10-27,2025-11-10,2025-11-01,2025-11-05,Delivered,Direct Sales,30,77145.0,13886.1,2000.0,93031.1,60600.0,16545.0,On Time,0,9.0,False
ORD-002938,CUS-0039,2026-06-05,2026-06-10,2026-06-07,2026-06-12,Delivered,Phone / WhatsApp,30,724857.5,130474.35,0.0,855331.85,486300.0,238557.5,Delayed,2,7.0,False
ORD-002939,CUS-0033,2026-08-16,2026-08-31,2026-08-23,2026-08-28,Delivered,Corporate Account,15,2686630.0,483593.4,0.0,3170223.4,2103300.0,583330.0,On Time,0,12.0,False
ORD-002940,CUS-0058,2025-11-14,2025-11-27,2025-11-19,,Shipped,Corporate Account,45,61512.5,11072.25,1500.0,74084.75,47400.0,14112.5,Overdue Open Order,278,,True
ORD-002941,CUS-0107,2026-05-24,2026-05-29,2026-05-27,2026-05-31,Delivered,Corporate Account,15,15216.25,2738.92,1500.0,19455.17,11150.0,4066.25,Delayed,2,7.0,False
ORD-002942,CUS-0096,2026-07-18,2026-07-28,2026-07-24,2026-07-29,Delivered,Website,30,1460883.75,262959.08,0.0,1723842.82,1136650.0,324233.75,Delayed,1,11.0,False
ORD-002943,CUS-0089,2025-11-04,2025-11-18,2025-11-09,2025-11-14,Delivered,Corporate Account,45,8863685.0,1595463.3,0.0,10459148.3,6551800.0,2311885.0,On Time,0,10.0,False
ORD-002944,CUS-0007,2026-04-30,2026-05-09,2026-05-07,2026-05-09,Delivered,Direct Sales,15,589050.0,106029.0,0.0,695079.0,422250.0,166800.0,On Time,0,9.0,False
ORD-002945,CUS-0108,2026-02-24,2026-02-28,2026-02-26,2026-03-03,Delivered,Tender,45,383572.5,69043.05,0.0,452615.55,293250.0,90322.5,Delayed,3,7.0,False
ORD-002946,CUS-0055,2026-05-21,2026-06-03,2026-05-23,2026-05-26,Partially Returned,Tender,60,5867962.5,1056233.25,0.0,6924195.75,4551250.0,1316712.5,On Time,0,5.0,False
ORD-002947,CUS-0076,2025-07-31,2025-08-13,2025-08-03,2025-08-07,Delivered,Direct Sales,45,7930935.0,1427568.3,0.0,9358503.3,6442400.0,1488535.0,On Time,0,7.0,False
ORD-002948,CUS-0067,2025-05-31,2025-06-12,2025-06-04,2025-06-06,Delivered,Direct Sales,60,4323770.0,778278.6,0.0,5102048.6,3273800.0,1049970.0,On Time,0,6.0,False
ORD-002949,CUS-0094,2025-03-01,2025-03-14,2025-03-07,2025-03-09,Delivered,Direct Sales,45,447660.0,80578.8,0.0,528238.8,353500.0,94160.0,On Time,0,8.0,False
ORD-002950,CUS-0050,2026-03-13,2026-03-18,2026-03-20,2026-03-25,Delivered,Corporate Account,60,1334952.5,240291.45,0.0,1575243.95,1045600.0,289352.5,Delayed,7,12.0,False
ORD-002951,CUS-0058,2025-03-12,2025-03-25,2025-03-16,2025-03-21,Delivered,Direct Sales,45,2215663.75,398819.47,0.0,2614483.23,1653000.0,562663.75,On Time,0,9.0,False
ORD-002952,CUS-0037,2025-08-31,2025-09-12,2025-09-03,2025-09-07,Delivered,Tender,30,2019860.0,363574.8,0.0,2383434.8,1538200.0,481660.0,On Time,0,7.0,False
ORD-002953,CUS-0087,2025-05-26,2025-06-08,2025-05-31,2025-06-01,Delivered,Direct Sales,30,732545.0,131858.1,0.0,864403.1,565400.0,167145.0,On Time,0,6.0,False
ORD-002954,CUS-0057,2025-10-04,2025-10-14,2025-10-09,2025-10-13,Delivered,Corporate Account,30,352820.0,63507.6,0.0,416327.6,263000.0,89820.0,On Time,0,9.0,False
ORD-002955,CUS-0014,2025-09-12,2025-09-23,,,Cancelled,Website,45,65625.0,11812.5,3000.0,80437.5,51600.0,14025.0,Cancelled,0,,False
ORD-002956,CUS-0071,2025-11-21,2025-12-02,2025-11-28,2025-12-02,Delivered,Website,30,661775.0,119119.5,0.0,780894.5,464150.0,197625.0,On Time,0,11.0,False
ORD-002957,CUS-0040,2026-05-25,2026-06-09,2026-05-29,2026-05-30,Delivered,Direct Sales,30,561735.0,101112.3,0.0,662847.3,413750.0,147985.0,On Time,0,5.0,False
ORD-002958,CUS-0046,2026-05-13,2026-05-19,,,Confirmed,Direct Sales,60,4468456.25,804322.12,0.0,5272778.38,3250150.0,1218306.25,Overdue Open Order,105,,True
ORD-002959,CUS-0115,2025-03-13,2025-03-23,2025-03-18,2025-03-21,Delivered,Phone / WhatsApp,30,1119730.0,201551.4,0.0,1321281.4,839800.0,279930.0,On Time,0,8.0,False
ORD-002960,CUS-0075,2026-05-23,2026-05-30,2026-05-30,2026-06-01,Delivered,Direct Sales,30,1592572.5,286663.05,0.0,1879235.55,1177950.0,414622.5,Delayed,2,9.0,False
ORD-002961,CUS-0049,2025-05-25,2025-06-08,2025-05-31,2025-06-04,Delivered,Corporate Account,45,2986735.0,537612.3,0.0,3524347.3,2289400.0,697335.0,On Time,0,10.0,False
ORD-002962,CUS-0084,2025-10-09,2025-10-14,2025-10-10,2025-10-14,Delivered,Corporate Account,30,201045.0,36188.1,0.0,237233.1,130300.0,70745.0,On Time,0,5.0,False
ORD-002963,CUS-0063,2026-06-13,2026-06-18,2026-06-16,,Shipped,Direct Sales,30,439935.0,79188.3,0.0,519123.3,329300.0,110635.0,Overdue Open Order,75,,True
ORD-002964,CUS-0035,2026-07-20,2026-07-24,2026-07-21,2026-07-23,Delivered,Website,30,4763560.0,857440.8,0.0,5621000.8,3691750.0,1071810.0,On Time,0,3.0,False
ORD-002965,CUS-0010,2025-09-13,2025-09-24,2025-09-17,2025-09-20,Delivered,Phone / WhatsApp,30,13300.0,2394.0,1500.0,17194.0,8250.0,5050.0,On Time,0,7.0,False
ORD-002966,CUS-0004,2025-12-30,2026-01-04,,,Cancelled,Phone / WhatsApp,30,7200.0,1296.0,3000.0,11496.0,3900.0,3300.0,Cancelled,0,,False
ORD-002967,CUS-0037,2025-11-24,2025-12-09,2025-11-28,2025-11-29,Delivered,Website,30,444080.0,79934.4,0.0,524014.4,311500.0,132580.0,On Time,0,5.0,False
ORD-002968,CUS-0039,2025-10-12,2025-10-22,2025-10-17,2025-10-19,Delivered,Direct Sales,30,793020.0,142743.6,0.0,935763.6,605800.0,187220.0,On Time,0,7.0,False
ORD-002969,CUS-0097,2026-02-27,2026-03-09,2026-03-02,2026-03-03,Delivered,Corporate Account,45,329122.5,59242.05,0.0,388364.55,239300.0,89822.5,On Time,0,4.0,False
ORD-002970,CUS-0074,2025-07-22,2025-07-27,2025-07-28,2025-07-30,Delivered,Corporate Account,30,2660742.5,478933.65,0.0,3139676.15,1953600.0,707142.5,Delayed,3,8.0,False
ORD-002971,CUS-0001,2026-03-27,2026-03-31,2026-04-03,2026-04-05,Delivered,Corporate Account,45,2086275.0,375529.5,0.0,2461804.5,1559000.0,527275.0,Delayed,5,9.0,False
ORD-002972,CUS-0061,2026-01-08,2026-01-17,2026-01-11,2026-01-14,Delivered,Tender,30,217276.25,39109.72,0.0,256385.98,152900.0,64376.25,On Time,0,6.0,False
ORD-002973,CUS-0097,2025-11-05,2025-11-15,2025-11-12,2025-11-13,Delivered,Corporate Account,45,1076218.75,193719.38,0.0,1269938.12,815900.0,260318.75,On Time,0,8.0,False
ORD-002974,CUS-0071,2026-04-07,2026-04-11,2026-04-08,2026-04-11,Delivered,Direct Sales,30,1608528.75,289535.17,0.0,1898063.93,1258250.0,350278.75,On Time,0,4.0,False
ORD-002975,CUS-0064,2025-12-11,2025-12-25,2025-12-12,2025-12-17,Delivered,Corporate Account,30,1131645.0,203696.1,0.0,1335341.1,797450.0,334195.0,On Time,0,6.0,False
ORD-002976,CUS-0089,2025-12-21,2026-01-02,2025-12-27,2026-01-01,Delivered,Direct Sales,45,5686668.75,1023600.38,0.0,6710269.12,4556200.0,1130468.75,On Time,0,11.0,False
ORD-002977,CUS-0037,2026-01-07,2026-01-12,2026-01-10,2026-01-13,Delivered,Website,30,1660605.0,298908.9,0.0,1959513.9,1392550.0,268055.0,Delayed,1,6.0,False
ORD-002978,CUS-0050,2026-07-20,2026-07-24,2026-07-23,2026-07-26,Delivered,Direct Sales,60,445275.0,80149.5,0.0,525424.5,332000.0,113275.0,Delayed,2,6.0,False
ORD-002979,CUS-0047,2025-04-18,2025-05-02,2025-04-25,2025-04-26,Delivered,Corporate Account,30,839012.5,151022.25,0.0,990034.75,640850.0,198162.5,On Time,0,8.0,False
ORD-002980,CUS-0011,2025-06-25,2025-07-03,2025-07-01,2025-07-06,Delivered,Tender,60,692730.0,124691.4,0.0,817421.4,487350.0,205380.0,Delayed,3,11.0,False
ORD-002981,CUS-0055,2025-07-30,2025-08-04,2025-08-04,2025-08-09,Delivered,Direct Sales,60,2968565.0,534341.7,0.0,3502906.7,2181000.0,787565.0,Delayed,5,10.0,False
ORD-002982,CUS-0112,2026-08-14,2026-08-25,2026-08-16,2026-08-21,Delivered,Direct Sales,15,860187.5,154833.75,0.0,1015021.25,638750.0,221437.5,On Time,0,7.0,False
ORD-002983,CUS-0001,2025-08-17,2025-08-28,2025-08-19,2025-08-21,Delivered,Tender,45,627095.0,112877.1,0.0,739972.1,465700.0,161395.0,On Time,0,4.0,False
ORD-002984,CUS-0011,2026-07-11,2026-07-19,2026-07-17,2026-07-18,Delivered,Direct Sales,60,3913210.0,704377.8,0.0,4617587.8,2896900.0,1016310.0,On Time,0,7.0,False
ORD-002985,CUS-0104,2026-07-03,2026-07-11,,,Pending,Corporate Account,30,611672.5,110101.05,0.0,721773.55,462250.0,149422.5,Overdue Open Order,52,,True
ORD-002986,CUS-0056,2025-10-21,2025-10-31,,,Processing,Tender,45,603662.5,108659.25,0.0,712321.75,436350.0,167312.5,Overdue Open Order,305,,True
ORD-002987,CUS-0005,2026-07-25,2026-08-06,2026-07-27,2026-08-01,Delivered,Corporate Account,30,1911466.25,344063.92,0.0,2255530.17,1469050.0,442416.25,On Time,0,7.0,False
ORD-002988,CUS-0002,2025-07-23,2025-08-03,2025-07-29,2025-08-01,Delivered,Phone / WhatsApp,60,238307.5,42895.35,0.0,281202.85,152250.0,86057.5,On Time,0,9.0,False
ORD-002989,CUS-0046,2026-03-31,2026-04-09,,,Pending,Corporate Account,60,1350795.0,243143.1,0.0,1593938.1,969700.0,381095.0,Overdue Open Order,145,,True
ORD-002990,CUS-0055,2025-09-23,2025-09-27,2025-09-29,2025-10-01,Delivered,Corporate Account,60,1788405.0,321912.9,0.0,2110317.9,1328400.0,460005.0,Delayed,4,8.0,False
ORD-002991,CUS-0014,2025-09-26,2025-10-04,2025-09-28,2025-10-03,Delivered,Tender,45,175875.0,31657.5,0.0,207532.5,143800.0,32075.0,On Time,0,7.0,False
ORD-002992,CUS-0108,2025-08-26,2025-09-04,2025-08-29,,Shipped,Corporate Account,45,683330.0,122999.4,0.0,806329.4,528900.0,154430.0,Overdue Open Order,362,,True
ORD-002993,CUS-0018,2026-08-09,2026-08-16,2026-08-12,2026-08-13,Delivered,Direct Sales,30,171517.5,30873.15,0.0,202390.65,132200.0,39317.5,On Time,0,4.0,False
ORD-002994,CUS-0064,2026-06-12,2026-06-19,,,Cancelled,Phone / WhatsApp,30,2722953.75,490131.67,0.0,3213085.42,1999200.0,723753.75,Cancelled,0,,False
ORD-002995,CUS-0068,2026-01-24,2026-02-08,2026-01-27,2026-01-31,Delivered,Phone / WhatsApp,30,140415.0,25274.7,0.0,165689.7,96000.0,44415.0,On Time,0,7.0,False
ORD-002996,CUS-0045,2026-06-11,2026-06-22,2026-06-15,2026-06-19,Delivered,Corporate Account,60,773060.0,139150.8,0.0,912210.8,570450.0,202610.0,On Time,0,8.0,False
ORD-002997,CUS-0103,2025-10-30,2025-11-14,2025-11-03,2025-11-08,Delivered,Tender,30,2531065.0,455591.7,0.0,2986656.7,1868000.0,663065.0,On Time,0,9.0,False
ORD-002998,CUS-0007,2026-07-23,2026-08-04,2026-07-30,2026-08-03,Delivered,Direct Sales,15,90095.0,16217.1,3000.0,109312.1,62300.0,27795.0,On Time,0,11.0,False
ORD-002999,CUS-0075,2025-12-05,2025-12-09,2025-12-06,,Shipped,Direct Sales,30,689000.0,124020.0,0.0,813020.0,502100.0,186900.0,Overdue Open Order,266,,True
ORD-003000,CUS-0116,2025-12-25,2026-01-01,,,Processing,Website,30,108000.0,19440.0,0.0,127440.0,78600.0,29400.0,Overdue Open Order,243,,True
ORD-003001,CUS-0095,2026-05-08,2026-05-13,2026-05-15,2026-05-18,Returned,Corporate Account,45,2497821.25,449607.83,0.0,2947429.08,1868650.0,629171.25,Delayed,5,10.0,False
ORD-003002,CUS-0036,2025-11-11,2025-11-15,2025-11-18,2025-11-23,Delivered,Direct Sales,45,2754950.0,495891.0,0.0,3250841.0,2030250.0,724700.0,Delayed,8,12.0,False
ORD-003003,CUS-0039,2025-12-14,2025-12-18,,,Cancelled,Corporate Account,30,1461530.0,263075.4,0.0,1724605.4,1066100.0,395430.0,Cancelled,0,,False
ORD-003004,CUS-0095,2025-06-01,2025-06-13,2025-06-03,2025-06-08,Delivered,Direct Sales,45,409020.0,73623.6,0.0,482643.6,315900.0,93120.0,On Time,0,7.0,False
ORD-003005,CUS-0064,2026-08-25,2026-09-02,2026-08-27,2026-08-31,Delivered,Corporate Account,30,1174541.25,211417.42,0.0,1385958.68,806350.0,368191.25,On Time,0,6.0,False
ORD-003006,CUS-0103,2025-10-15,2025-10-26,,,Cancelled,Website,30,632468.75,113844.38,0.0,746313.12,441050.0,191418.75,Cancelled,0,,False
ORD-003007,CUS-0092,2025-08-01,2025-08-16,2025-08-06,2025-08-07,Delivered,Direct Sales,30,829651.25,149337.23,0.0,978988.47,633750.0,195901.25,On Time,0,6.0,False
ORD-003008,CUS-0013,2025-06-29,2025-07-14,2025-07-04,,Shipped,Tender,45,601076.25,108193.72,0.0,709269.97,456050.0,145026.25,Overdue Open Order,414,,True
ORD-003009,CUS-0078,2025-06-08,2025-06-16,2025-06-13,2025-06-17,Delivered,Tender,15,637216.25,114698.93,0.0,751915.18,479700.0,157516.25,Delayed,1,9.0,False
ORD-003010,CUS-0083,2026-01-11,2026-01-24,,,Processing,Phone / WhatsApp,30,1172160.0,210988.8,0.0,1383148.8,952000.0,220160.0,Overdue Open Order,220,,True
ORD-003011,CUS-0120,2026-01-31,2026-02-11,2026-02-02,2026-02-03,Delivered,Phone / WhatsApp,30,2898930.0,521807.4,0.0,3420737.4,2144100.0,754830.0,On Time,0,3.0,False
ORD-003012,CUS-0075,2025-12-31,2026-01-10,2026-01-04,,Shipped,Direct Sales,30,957087.5,172275.75,0.0,1129363.25,658050.0,299037.5,Overdue Open Order,234,,True
ORD-003013,CUS-0074,2025-04-30,2025-05-04,,,Processing,Phone / WhatsApp,30,2235227.5,402340.95,0.0,2637568.45,1575800.0,659427.5,Overdue Open Order,485,,True
ORD-003014,CUS-0074,2025-05-12,2025-05-26,2025-05-16,2025-05-18,Delivered,Direct Sales,30,3732782.5,671900.85,0.0,4404683.35,2773350.0,959432.5,On Time,0,6.0,False
ORD-003015,CUS-0044,2025-07-08,2025-07-13,2025-07-12,2025-07-15,Delivered,Tender,60,4359010.0,784621.8,0.0,5143631.8,3465900.0,893110.0,Delayed,2,7.0,False
ORD-003016,CUS-0095,2025-12-07,2025-12-18,2025-12-08,2025-12-10,Delivered,Direct Sales,45,2582072.5,464773.05,0.0,3046845.55,1965600.0,616472.5,On Time,0,3.0,False
ORD-003017,CUS-0073,2025-12-18,2025-12-29,2025-12-24,2025-12-27,Partially Returned,Corporate Account,30,367665.0,66179.7,0.0,433844.7,279400.0,88265.0,On Time,0,9.0,False
ORD-003018,CUS-0004,2026-01-17,2026-01-30,2026-01-21,2026-01-25,Delivered,Direct Sales,30,1662212.5,299198.25,0.0,1961410.75,1255850.0,406362.5,On Time,0,8.0,False
ORD-003019,CUS-0011,2026-04-25,2026-04-30,,,Processing,Corporate Account,60,1608791.25,289582.42,0.0,1898373.68,1221000.0,387791.25,Overdue Open Order,124,,True
ORD-003020,CUS-0052,2025-04-25,2025-05-09,2025-04-27,,Shipped,Corporate Account,45,525112.5,94520.25,0.0,619632.75,399300.0,125812.5,Overdue Open Order,480,,True
ORD-003021,CUS-0116,2026-07-02,2026-07-11,2026-07-06,2026-07-09,Delivered,Direct Sales,30,585047.5,105308.55,0.0,690356.05,440750.0,144297.5,On Time,0,7.0,False
ORD-003022,CUS-0041,2026-03-20,2026-03-26,2026-03-24,2026-03-27,Delivered,Corporate Account,45,491727.5,88510.95,0.0,580238.45,350250.0,141477.5,Delayed,1,7.0,False
ORD-003023,CUS-0071,2025-04-03,2025-04-15,,,Cancelled,Tender,30,176816.25,31826.92,0.0,208643.17,120250.0,56566.25,Cancelled,0,,False
ORD-003024,CUS-0103,2025-04-14,2025-04-18,2025-04-16,2025-04-20,Delivered,Phone / WhatsApp,30,642817.5,115707.15,0.0,758524.65,495300.0,147517.5,Delayed,2,6.0,False
ORD-003025,CUS-0069,2026-03-04,2026-03-08,2026-03-06,2026-03-10,Delivered,Corporate Account,30,246731.25,44411.62,0.0,291142.88,192500.0,54231.25,Delayed,2,6.0,False
ORD-003026,CUS-0041,2025-07-10,2025-07-19,2025-07-16,2025-07-19,Delivered,Phone / WhatsApp,45,798775.0,143779.5,0.0,942554.5,611400.0,187375.0,On Time,0,9.0,False
ORD-003027,CUS-0096,2026-02-27,2026-03-14,2026-03-03,2026-03-07,Delivered,Tender,30,3490450.0,628281.0,0.0,4118731.0,2513300.0,977150.0,On Time,0,8.0,False
ORD-003028,CUS-0113,2026-06-17,2026-06-22,,,Cancelled,Direct Sales,60,714147.5,128546.55,0.0,842694.05,495250.0,218897.5,Cancelled,0,,False
ORD-003029,CUS-0013,2026-02-16,2026-02-23,2026-02-18,2026-02-19,Delivered,Tender,45,317160.0,57088.8,0.0,374248.8,265400.0,51760.0,On Time,0,3.0,False
ORD-003030,CUS-0055,2026-01-29,2026-02-06,2026-02-04,2026-02-07,Delivered,Website,60,1383088.75,248955.97,0.0,1632044.73,1041950.0,341138.75,Delayed,1,9.0,False
ORD-003031,CUS-0089,2025-07-12,2025-07-27,2025-07-17,2025-07-20,Delivered,Direct Sales,45,4928627.5,887152.95,0.0,5815780.45,3917750.0,1010877.5,On Time,0,8.0,False
ORD-003032,CUS-0055,2026-08-01,2026-08-12,2026-08-04,2026-08-08,Delivered,Direct Sales,60,3462157.5,623188.35,0.0,4085345.85,2785300.0,676857.5,On Time,0,7.0,False
ORD-003033,CUS-0109,2025-12-13,2025-12-26,,,Pending,Tender,15,298220.0,53679.6,0.0,351899.6,202500.0,95720.0,Overdue Open Order,249,,True
ORD-003034,CUS-0055,2026-08-06,2026-08-17,2026-08-07,2026-08-10,Delivered,Corporate Account,60,1163526.25,209434.73,0.0,1372960.98,834000.0,329526.25,On Time,0,4.0,False
ORD-003035,CUS-0024,2025-04-26,2025-05-02,2025-04-27,2025-04-28,Delivered,Direct Sales,60,2781692.5,500704.65,0.0,3282397.15,2187450.0,594242.5,On Time,0,2.0,False
ORD-003036,CUS-0001,2026-02-22,2026-03-04,,,Processing,Direct Sales,45,1908450.0,343521.0,0.0,2251971.0,1518750.0,389700.0,Overdue Open Order,181,,True
ORD-003037,CUS-0086,2026-05-20,2026-05-25,2026-05-26,2026-05-27,Delivered,Tender,15,87897.5,15821.55,1500.0,105219.05,54250.0,33647.5,Delayed,2,7.0,False
ORD-003038,CUS-0081,2026-04-26,2026-05-05,2026-04-28,,Shipped,Direct Sales,60,2654827.5,477868.95,0.0,3132696.45,2001300.0,653527.5,Overdue Open Order,119,,True
ORD-003039,CUS-0092,2025-07-25,2025-08-09,,,Cancelled,Direct Sales,30,22400.0,4032.0,1500.0,27932.0,13200.0,9200.0,Cancelled,0,,False
ORD-003040,CUS-0055,2026-06-07,2026-06-11,,,Pending,Tender,60,1370070.0,246612.6,0.0,1616682.6,985550.0,384520.0,Overdue Open Order,82,,True
ORD-003041,CUS-0029,2026-03-05,2026-03-11,2026-03-10,2026-03-15,Delivered,Corporate Account,15,1617927.5,291226.95,0.0,1909154.45,1337050.0,280877.5,Delayed,4,10.0,False
ORD-003042,CUS-0045,2025-06-04,2025-06-19,2025-06-10,2025-06-13,Delivered,Corporate Account,60,1594561.25,287021.02,0.0,1881582.27,1149800.0,444761.25,On Time,0,9.0,False
ORD-003043,CUS-0058,2026-02-09,2026-02-24,2026-02-10,,Shipped,Tender,45,76350.0,13743.0,3000.0,93093.0,52050.0,24300.0,Overdue Open Order,189,,True
ORD-003044,CUS-0021,2025-07-24,2025-08-01,2025-07-27,2025-07-29,Delivered,Phone / WhatsApp,30,1445381.25,260168.62,0.0,1705549.88,1092850.0,352531.25,On Time,0,5.0,False
ORD-003045,CUS-0074,2025-12-15,2025-12-27,2025-12-17,2025-12-19,Delivered,Phone / WhatsApp,30,9783888.75,1761099.97,0.0,11544988.72,8021800.0,1762088.75,On Time,0,4.0,False
ORD-003046,CUS-0002,2026-04-09,2026-04-24,2026-04-12,2026-04-14,Delivered,Corporate Account,60,510986.25,91977.52,0.0,602963.78,373350.0,137636.25,On Time,0,5.0,False
ORD-003047,CUS-0035,2026-01-21,2026-01-28,2026-01-26,2026-01-28,Returned,Corporate Account,30,2760292.5,496852.65,0.0,3257145.15,2206200.0,554092.5,On Time,0,7.0,False
ORD-003048,CUS-0096,2025-06-02,2025-06-15,2025-06-05,2025-06-10,Delivered,Direct Sales,30,852295.0,153413.1,0.0,1005708.1,605100.0,247195.0,On Time,0,8.0,False
ORD-003049,CUS-0076,2026-05-06,2026-05-16,2026-05-11,2026-05-14,Delivered,Corporate Account,45,272405.0,49032.9,0.0,321437.9,182800.0,89605.0,On Time,0,8.0,False
ORD-003050,CUS-0002,2025-09-08,2025-09-15,,,Confirmed,Tender,60,966892.5,174040.65,0.0,1140933.15,706550.0,260342.5,Overdue Open Order,351,,True
ORD-003051,CUS-0071,2026-02-05,2026-02-20,2026-02-08,2026-02-11,Delivered,Direct Sales,30,1641560.0,295480.8,0.0,1937040.8,1218500.0,423060.0,On Time,0,6.0,False
ORD-003052,CUS-0002,2026-06-19,2026-07-01,2026-06-22,2026-06-26,Delivered,Corporate Account,60,382422.5,68836.05,0.0,451258.55,281400.0,101022.5,On Time,0,7.0,False
ORD-003053,CUS-0093,2026-04-08,2026-04-18,2026-04-09,2026-04-14,Delivered,Corporate Account,30,826357.5,148744.35,0.0,975101.85,620900.0,205457.5,On Time,0,6.0,False
ORD-003054,CUS-0074,2026-07-29,2026-08-09,2026-08-03,2026-08-05,Delivered,Corporate Account,30,1772292.5,319012.65,0.0,2091305.15,1241600.0,530692.5,On Time,0,7.0,False
ORD-003055,CUS-0069,2026-05-26,2026-05-31,,,Processing,Website,30,416170.0,74910.6,0.0,491080.6,333600.0,82570.0,Overdue Open Order,93,,True
ORD-003056,CUS-0021,2026-05-22,2026-05-27,2026-05-23,2026-05-28,Delivered,Corporate Account,30,528962.5,95213.25,0.0,624175.75,411350.0,117612.5,Delayed,1,6.0,False
ORD-003057,CUS-0057,2025-06-12,2025-06-23,2025-06-18,2025-06-19,Partially Returned,Direct Sales,30,218747.5,39374.55,0.0,258122.05,163450.0,55297.5,On Time,0,7.0,False
ORD-003058,CUS-0104,2026-06-02,2026-06-09,,,Processing,Direct Sales,30,755620.0,136011.6,0.0,891631.6,540250.0,215370.0,Overdue Open Order,84,,True
ORD-003059,CUS-0036,2026-08-02,2026-08-11,2026-08-09,2026-08-14,Delivered,Phone / WhatsApp,45,6223102.5,1120158.45,0.0,7343260.95,4716050.0,1507052.5,Delayed,3,12.0,False
ORD-003060,CUS-0041,2025-12-24,2026-01-07,2025-12-27,2025-12-28,Delivered,Direct Sales,45,780568.75,140502.38,0.0,921071.12,633900.0,146668.75,On Time,0,4.0,False
ORD-003061,CUS-0001,2025-06-24,2025-07-05,2025-06-30,2025-07-05,Delivered,Direct Sales,45,730917.5,131565.15,0.0,862482.65,526950.0,203967.5,On Time,0,11.0,False
ORD-003062,CUS-0118,2026-05-01,2026-05-15,2026-05-02,2026-05-07,Delivered,Corporate Account,30,619265.0,111467.7,0.0,730732.7,473600.0,145665.0,On Time,0,6.0,False
ORD-003063,CUS-0011,2025-07-28,2025-08-11,2025-07-30,2025-08-02,Delivered,Corporate Account,60,434700.0,78246.0,0.0,512946.0,304900.0,129800.0,On Time,0,5.0,False
ORD-003064,CUS-0045,2026-04-20,2026-04-28,2026-04-26,2026-04-27,Delivered,Direct Sales,60,1234730.0,222251.4,0.0,1456981.4,885100.0,349630.0,On Time,0,7.0,False
ORD-003065,CUS-0042,2025-12-06,2025-12-12,,,Confirmed,Direct Sales,30,360740.0,64933.2,0.0,425673.2,274850.0,85890.0,Overdue Open Order,263,,True
ORD-003066,CUS-0064,2026-06-03,2026-06-08,2026-06-05,2026-06-10,Delivered,Phone / WhatsApp,30,722452.5,130041.45,0.0,852493.95,563400.0,159052.5,Delayed,2,7.0,False
ORD-003067,CUS-0088,2026-06-21,2026-06-26,2026-06-24,2026-06-25,Delivered,Direct Sales,30,1744792.5,314062.65,0.0,2058855.15,1436250.0,308542.5,On Time,0,4.0,False
ORD-003068,CUS-0110,2025-04-12,2025-04-22,,,Cancelled,Corporate Account,30,641012.5,115382.25,0.0,756394.75,449600.0,191412.5,Cancelled,0,,False
ORD-003069,CUS-0081,2025-04-30,2025-05-12,,,Confirmed,Direct Sales,60,2997105.0,539478.9,0.0,3536583.9,2119050.0,878055.0,Overdue Open Order,477,,True
ORD-003070,CUS-0039,2026-02-02,2026-02-17,2026-02-06,2026-02-09,Delivered,Direct Sales,30,2306628.75,415193.17,0.0,2721821.92,1671650.0,634978.75,On Time,0,7.0,False
ORD-003071,CUS-0081,2026-04-03,2026-04-17,2026-04-06,2026-04-09,Delivered,Corporate Account,60,1613892.5,290500.65,0.0,1904393.15,1211050.0,402842.5,On Time,0,6.0,False
ORD-003072,CUS-0043,2026-05-05,2026-05-11,2026-05-08,2026-05-11,Delivered,Corporate Account,45,2304836.25,414870.52,0.0,2719706.77,1738200.0,566636.25,On Time,0,6.0,False
ORD-003073,CUS-0031,2026-06-12,2026-06-17,,,Pending,Corporate Account,30,244830.0,44069.4,0.0,288899.4,167150.0,77680.0,Overdue Open Order,76,,True
ORD-003074,CUS-0031,2025-06-06,2025-06-21,,,Processing,Corporate Account,30,490592.5,88306.65,0.0,578899.15,386950.0,103642.5,Overdue Open Order,437,,True
ORD-003075,CUS-0024,2026-02-20,2026-02-24,2026-02-21,,Shipped,Direct Sales,60,703917.5,126705.15,0.0,830622.65,496800.0,207117.5,Overdue Open Order,189,,True
ORD-003076,CUS-0046,2025-10-26,2025-11-04,2025-11-02,2025-11-04,Delivered,Corporate Account,60,1820662.5,327719.25,0.0,2148381.75,1389750.0,430912.5,On Time,0,9.0,False
ORD-003077,CUS-0100,2026-05-31,2026-06-10,2026-06-07,2026-06-12,Delivered,Direct Sales,45,175267.5,31548.15,0.0,206815.65,129800.0,45467.5,Delayed,2,12.0,False
ORD-003078,CUS-0035,2025-12-31,2026-01-06,2026-01-01,2026-01-02,Delivered,Direct Sales,30,852305.0,153414.9,0.0,1005719.9,671550.0,180755.0,On Time,0,2.0,False
ORD-003079,CUS-0055,2025-06-11,2025-06-26,2025-06-13,2025-06-14,Delivered,Corporate Account,60,426431.25,76757.62,0.0,503188.88,294300.0,132131.25,On Time,0,3.0,False
ORD-003080,CUS-0019,2026-02-21,2026-03-04,,,Cancelled,Corporate Account,30,152137.5,27384.75,0.0,179522.25,110900.0,41237.5,Cancelled,0,,False
ORD-003081,CUS-0084,2025-10-08,2025-10-16,,,Confirmed,Corporate Account,30,14000.0,2520.0,2000.0,18520.0,8250.0,5750.0,Overdue Open Order,320,,True
ORD-003082,CUS-0117,2026-04-21,2026-05-03,2026-04-25,2026-04-26,Delivered,Direct Sales,30,1136465.0,204563.7,0.0,1341028.7,905250.0,231215.0,On Time,0,5.0,False
ORD-003083,CUS-0116,2025-03-14,2025-03-29,2025-03-21,2025-03-24,Delivered,Website,30,341300.0,61434.0,0.0,402734.0,245700.0,95600.0,On Time,0,10.0,False
ORD-003084,CUS-0035,2026-02-23,2026-02-27,,,Processing,Corporate Account,30,1413210.0,254377.8,0.0,1667587.8,1062700.0,350510.0,Overdue Open Order,186,,True
ORD-003085,CUS-0055,2025-05-12,2025-05-18,,,Processing,Website,60,4292612.5,772670.25,0.0,5065282.75,3657150.0,635462.5,Overdue Open Order,471,,True
ORD-003086,CUS-0016,2026-02-16,2026-02-23,2026-02-20,2026-02-22,Delivered,Corporate Account,45,233365.0,42005.7,0.0,275370.7,178200.0,55165.0,On Time,0,6.0,False
ORD-003087,CUS-0045,2026-02-02,2026-02-17,2026-02-07,2026-02-09,Delivered,Website,60,2112436.25,380238.52,0.0,2492674.77,1649950.0,462486.25,On Time,0,7.0,False
ORD-003088,CUS-0113,2025-07-21,2025-07-30,2025-07-25,2025-07-27,Delivered,Phone / WhatsApp,60,3112715.0,560288.7,0.0,3673003.7,2387550.0,725165.0,On Time,0,6.0,False
ORD-003089,CUS-0002,2026-01-23,2026-02-02,2026-01-29,2026-02-03,Delivered,Tender,60,937506.25,168751.12,0.0,1106257.38,726100.0,211406.25,Delayed,1,11.0,False
ORD-003090,CUS-0010,2026-03-21,2026-03-30,2026-03-26,2026-03-31,Delivered,Tender,30,442440.0,79639.2,0.0,522079.2,328000.0,114440.0,Delayed,1,10.0,False
ORD-003091,CUS-0036,2026-07-11,2026-07-20,2026-07-14,2026-07-18,Delivered,Direct Sales,45,2120627.5,381712.95,0.0,2502340.45,1491650.0,628977.5,On Time,0,7.0,False
ORD-003092,CUS-0067,2026-08-16,2026-08-30,,,Cancelled,Direct Sales,60,770347.5,138662.55,0.0,909010.05,576900.0,193447.5,Cancelled,0,,False
ORD-003093,CUS-0010,2026-02-01,2026-02-13,2026-02-08,2026-02-10,Delivered,Tender,30,593043.75,106747.88,0.0,699791.62,434700.0,158343.75,On Time,0,9.0,False
ORD-003094,CUS-0095,2026-04-07,2026-04-15,2026-04-09,2026-04-13,Delivered,Tender,45,5737027.5,1032664.95,0.0,6769692.45,4339700.0,1397327.5,On Time,0,6.0,False
ORD-003095,CUS-0103,2026-03-04,2026-03-15,2026-03-05,2026-03-07,Delivered,Tender,30,659347.5,118682.55,0.0,778030.05,473800.0,185547.5,On Time,0,3.0,False
ORD-003096,CUS-0001,2025-12-06,2025-12-10,2025-12-13,2025-12-15,Delivered,Corporate Account,45,2002706.25,360487.12,0.0,2363193.38,1545150.0,457556.25,Delayed,5,9.0,False
ORD-003097,CUS-0002,2025-06-06,2025-06-21,2025-06-07,2025-06-08,Delivered,Direct Sales,60,3429721.25,617349.82,0.0,4047071.08,2693200.0,736521.25,On Time,0,2.0,False
ORD-003098,CUS-0120,2025-12-22,2025-12-30,2025-12-24,2025-12-28,Delivered,Corporate Account,30,4129380.0,743288.4,0.0,4872668.4,3260400.0,868980.0,On Time,0,6.0,False
ORD-003099,CUS-0072,2025-04-01,2025-04-09,2025-04-02,2025-04-06,Delivered,Direct Sales,45,734112.5,132140.25,0.0,866252.75,581550.0,152562.5,On Time,0,5.0,False
ORD-003100,CUS-0092,2026-04-19,2026-04-27,2026-04-24,2026-04-27,Delivered,Corporate Account,30,15960.0,2872.8,2500.0,21332.8,9900.0,6060.0,On Time,0,8.0,False
ORD-003101,CUS-0108,2025-04-22,2025-04-27,2025-04-24,2025-04-28,Delivered,Corporate Account,45,378790.0,68182.2,0.0,446972.2,281000.0,97790.0,Delayed,1,6.0,False
ORD-003102,CUS-0021,2026-06-07,2026-06-20,2026-06-11,2026-06-16,Delivered,Corporate Account,30,417975.0,75235.5,0.0,493210.5,322400.0,95575.0,On Time,0,9.0,False
ORD-003103,CUS-0053,2026-01-04,2026-01-19,2026-01-05,2026-01-07,Delivered,Tender,45,1229625.0,221332.5,0.0,1450957.5,914700.0,314925.0,On Time,0,3.0,False
ORD-003104,CUS-0033,2025-05-28,2025-06-01,2025-06-03,2025-06-06,Partially Returned,Direct Sales,15,220970.0,39774.6,0.0,260744.6,160050.0,60920.0,Delayed,5,9.0,False
ORD-003105,CUS-0014,2026-08-08,2026-08-19,2026-08-10,2026-08-14,Delivered,Corporate Account,45,41340.0,7441.2,3000.0,51781.2,26000.0,15340.0,On Time,0,6.0,False
ORD-003106,CUS-0037,2026-05-21,2026-05-27,2026-05-24,2026-05-29,Delivered,Tender,30,987760.0,177796.8,0.0,1165556.8,732200.0,255560.0,Delayed,2,8.0,False
ORD-003107,CUS-0102,2026-03-26,2026-03-30,2026-03-27,2026-04-01,Delivered,Corporate Account,45,190660.0,34318.8,0.0,224978.8,128000.0,62660.0,Delayed,2,6.0,False
ORD-003108,CUS-0120,2025-03-15,2025-03-20,2025-03-20,2025-03-23,Delivered,Phone / WhatsApp,30,2939182.5,529052.85,0.0,3468235.35,2119400.0,819782.5,Delayed,3,8.0,False
ORD-003109,CUS-0075,2026-03-15,2026-03-21,2026-03-16,2026-03-17,Delivered,Website,30,1517925.0,273226.5,0.0,1791151.5,1073600.0,444325.0,On Time,0,2.0,False
ORD-003110,CUS-0005,2026-02-03,2026-02-08,2026-02-06,2026-02-09,Delivered,Direct Sales,30,846830.0,152429.4,0.0,999259.4,658800.0,188030.0,Delayed,1,6.0,False
ORD-003111,CUS-0036,2025-11-19,2025-11-29,2025-11-23,2025-11-26,Delivered,Phone / WhatsApp,45,1014840.0,182671.2,0.0,1197511.2,681500.0,333340.0,On Time,0,7.0,False
ORD-003112,CUS-0010,2025-07-07,2025-07-22,2025-07-09,2025-07-13,Delivered,Website,30,671080.0,120794.4,0.0,791874.4,520000.0,151080.0,On Time,0,6.0,False
ORD-003113,CUS-0083,2025-06-03,2025-06-07,2025-06-10,2025-06-15,Delivered,Corporate Account,30,33300.0,5994.0,2500.0,41794.0,22400.0,10900.0,Delayed,8,12.0,False
ORD-003114,CUS-0053,2026-03-05,2026-03-12,2026-03-08,2026-03-12,Delivered,Website,45,398295.0,71693.1,0.0,469988.1,285300.0,112995.0,On Time,0,7.0,False
ORD-003115,CUS-0046,2026-03-20,2026-03-28,2026-03-21,,Shipped,Corporate Account,60,1607837.5,289410.75,0.0,1897248.25,1114050.0,493787.5,Overdue Open Order,157,,True
ORD-003116,CUS-0005,2025-10-29,2025-11-09,,,Pending,Phone / WhatsApp,30,469350.0,84483.0,0.0,553833.0,341900.0,127450.0,Overdue Open Order,296,,True
ORD-003117,CUS-0024,2026-02-13,2026-02-19,2026-02-18,2026-02-23,Delivered,Phone / WhatsApp,60,563130.0,101363.4,0.0,664493.4,380600.0,182530.0,Delayed,4,10.0,False
ORD-003118,CUS-0094,2026-06-23,2026-07-03,2026-06-29,2026-07-03,Delivered,Direct Sales,45,704650.0,126837.0,0.0,831487.0,525100.0,179550.0,On Time,0,10.0,False
ORD-003119,CUS-0117,2025-12-18,2025-12-22,,,Confirmed,Direct Sales,30,1008995.0,181619.1,0.0,1190614.1,788800.0,220195.0,Overdue Open Order,253,,True
ORD-003120,CUS-0039,2025-05-19,2025-05-27,,,Processing,Website,30,1661915.0,299144.7,0.0,1961059.7,1298450.0,363465.0,Overdue Open Order,462,,True
ORD-003121,CUS-0115,2025-10-18,2025-10-29,2025-10-24,2025-10-28,Delivered,Direct Sales,30,2488127.5,447862.95,0.0,2935990.45,1786550.0,701577.5,On Time,0,10.0,False
ORD-003122,CUS-0089,2025-07-17,2025-08-01,2025-07-19,2025-07-22,Delivered,Website,45,1815907.5,326863.35,0.0,2142770.85,1390100.0,425807.5,On Time,0,5.0,False
ORD-003123,CUS-0070,2025-05-21,2025-05-25,2025-05-27,2025-05-29,Delivered,Corporate Account,15,918158.75,165268.57,0.0,1083427.32,659900.0,258258.75,Delayed,4,8.0,False
ORD-003124,CUS-0049,2026-07-21,2026-07-31,2026-07-28,2026-08-01,Delivered,Direct Sales,45,1133045.0,203948.1,0.0,1336993.1,836700.0,296345.0,Delayed,1,11.0,False
ORD-003125,CUS-0115,2026-06-10,2026-06-23,2026-06-16,2026-06-20,Delivered,Tender,30,33440.0,6019.2,2500.0,41959.2,22400.0,11040.0,On Time,0,10.0,False
ORD-003126,CUS-0095,2026-03-16,2026-03-22,,,Processing,Direct Sales,45,1241902.5,223542.45,0.0,1465444.95,876100.0,365802.5,Overdue Open Order,163,,True
ORD-003127,CUS-0099,2026-04-22,2026-04-28,2026-04-23,2026-04-26,Returned,Direct Sales,15,364865.0,65675.7,0.0,430540.7,259900.0,104965.0,On Time,0,4.0,False
ORD-003128,CUS-0090,2025-10-17,2025-10-23,2025-10-22,,Shipped,Corporate Account,30,1800553.75,324099.67,0.0,2124653.42,1325150.0,475403.75,Overdue Open Order,313,,True
ORD-003129,CUS-0047,2026-06-11,2026-06-21,,,Processing,Tender,30,1210662.5,217919.25,0.0,1428581.75,922850.0,287812.5,Overdue Open Order,72,,True
ORD-003130,CUS-0096,2026-05-03,2026-05-14,2026-05-05,2026-05-10,Delivered,Direct Sales,30,1059995.0,190799.1,0.0,1250794.1,768600.0,291395.0,On Time,0,7.0,False
ORD-003131,CUS-0067,2026-01-27,2026-02-09,2026-02-02,2026-02-07,Delivered,Corporate Account,60,978075.0,176053.5,0.0,1154128.5,666850.0,311225.0,On Time,0,11.0,False
ORD-003132,CUS-0088,2026-05-05,2026-05-09,2026-05-07,2026-05-11,Delivered,Tender,30,633558.75,114040.57,0.0,747599.32,495800.0,137758.75,Delayed,2,6.0,False
ORD-003133,CUS-0117,2025-05-25,2025-06-03,,,Pending,Corporate Account,30,723487.5,130227.75,0.0,853715.25,531750.0,191737.5,Overdue Open Order,455,,True
ORD-003134,CUS-0081,2026-06-15,2026-06-26,2026-06-21,2026-06-23,Delivered,Corporate Account,60,2402865.0,432515.7,0.0,2835380.7,1849150.0,553715.0,On Time,0,8.0,False
ORD-003135,CUS-0063,2026-02-05,2026-02-20,2026-02-11,2026-02-16,Returned,Direct Sales,30,764178.75,137552.17,0.0,901730.93,558150.0,206028.75,On Time,0,11.0,False
ORD-003136,CUS-0062,2026-06-16,2026-06-26,2026-06-23,2026-06-27,Delivered,Direct Sales,45,315603.75,56808.67,0.0,372412.42,220900.0,94703.75,Delayed,1,11.0,False
ORD-003137,CUS-0113,2025-07-19,2025-08-01,2025-07-25,2025-07-29,Delivered,Direct Sales,60,3289646.25,592136.32,0.0,3881782.58,2432700.0,856946.25,On Time,0,10.0,False
ORD-003138,CUS-0094,2026-08-29,2026-09-10,2026-09-01,,Shipped,Website,45,512585.0,92265.3,0.0,604850.3,388000.0,124585.0,Open - Within Promise,0,,False
ORD-003139,CUS-0039,2026-07-14,2026-07-27,2026-07-16,2026-07-21,Delivered,Phone / WhatsApp,30,2405442.5,432979.65,0.0,2838422.15,1714450.0,690992.5,On Time,0,7.0,False
ORD-003140,CUS-0044,2026-01-10,2026-01-17,,,Processing,Phone / WhatsApp,60,2011740.0,362113.2,0.0,2373853.2,1522700.0,489040.0,Overdue Open Order,227,,True
ORD-003141,CUS-0074,2026-06-15,2026-06-30,2026-06-18,2026-06-20,Delivered,Corporate Account,30,2326115.0,418700.7,0.0,2744815.7,1846450.0,479665.0,On Time,0,5.0,False
ORD-003142,CUS-0100,2025-06-18,2025-06-25,2025-06-19,,Shipped,Corporate Account,45,671885.0,120939.3,0.0,792824.3,499650.0,172235.0,Overdue Open Order,433,,True
ORD-003143,CUS-0049,2025-08-17,2025-08-27,2025-08-22,2025-08-25,Delivered,Corporate Account,45,2266615.0,407990.7,0.0,2674605.7,1680200.0,586415.0,On Time,0,8.0,False
ORD-003144,CUS-0035,2025-05-14,2025-05-23,,,Processing,Direct Sales,30,1106248.75,199124.77,0.0,1305373.52,798400.0,307848.75,Overdue Open Order,466,,True
ORD-003145,CUS-0028,2026-07-18,2026-08-01,2026-07-19,2026-07-24,Delivered,Corporate Account,30,805390.0,144970.2,0.0,950360.2,623900.0,181490.0,On Time,0,6.0,False
ORD-003146,CUS-0094,2026-07-24,2026-08-07,2026-07-31,2026-08-03,Delivered,Phone / WhatsApp,45,740102.5,133218.45,0.0,873320.95,584500.0,155602.5,On Time,0,10.0,False
ORD-003147,CUS-0075,2026-03-26,2026-04-05,2026-03-31,2026-04-05,Delivered,Phone / WhatsApp,30,2313073.75,416353.27,0.0,2729427.02,1599750.0,713323.75,On Time,0,10.0,False
ORD-003148,CUS-0080,2025-03-05,2025-03-09,2025-03-12,2025-03-17,Delivered,Tender,30,25245.0,4544.1,3000.0,32789.1,19450.0,5795.0,Delayed,8,12.0,False
ORD-003149,CUS-0035,2026-05-22,2026-06-02,2026-05-27,2026-05-31,Delivered,Direct Sales,30,2303131.25,414563.62,0.0,2717694.88,1738500.0,564631.25,On Time,0,9.0,False
ORD-003150,CUS-0075,2026-03-01,2026-03-11,2026-03-08,,Shipped,Website,30,2721275.0,489829.5,0.0,3211104.5,2043400.0,677875.0,Overdue Open Order,174,,True
ORD-003151,CUS-0116,2025-05-25,2025-06-07,,,Processing,Phone / WhatsApp,30,287607.5,51769.35,0.0,339376.85,213850.0,73757.5,Overdue Open Order,451,,True
ORD-003152,CUS-0026,2025-07-30,2025-08-06,2025-08-02,2025-08-07,Delivered,Phone / WhatsApp,30,894305.0,160974.9,0.0,1055279.9,657300.0,237005.0,Delayed,1,8.0,False
ORD-003153,CUS-0074,2025-07-19,2025-07-27,,,Processing,Direct Sales,30,1005125.0,180922.5,0.0,1186047.5,728100.0,277025.0,Overdue Open Order,401,,True
ORD-003154,CUS-0049,2025-12-02,2025-12-10,2025-12-04,2025-12-06,Delivered,Phone / WhatsApp,45,615382.5,110768.85,0.0,726151.35,456500.0,158882.5,On Time,0,4.0,False
ORD-003155,CUS-0099,2026-08-10,2026-08-22,2026-08-11,2026-08-12,Delivered,Direct Sales,15,223595.0,40247.1,0.0,263842.1,149900.0,73695.0,On Time,0,2.0,False
ORD-003156,CUS-0008,2026-04-28,2026-05-07,2026-05-01,2026-05-03,Delivered,Website,45,202343.75,36421.88,0.0,238765.62,133750.0,68593.75,On Time,0,5.0,False
ORD-003157,CUS-0038,2026-07-08,2026-07-13,2026-07-14,2026-07-17,Delivered,Direct Sales,45,1357880.0,244418.4,0.0,1602298.4,1026600.0,331280.0,Delayed,4,9.0,False
ORD-003158,CUS-0001,2026-03-04,2026-03-10,,,Processing,Corporate Account,45,909870.0,163776.6,0.0,1073646.6,701400.0,208470.0,Overdue Open Order,175,,True
ORD-003159,CUS-0021,2025-07-16,2025-07-23,,,Processing,Corporate Account,30,2599015.0,467822.7,0.0,3066837.7,1849750.0,749265.0,Overdue Open Order,405,,True
ORD-003160,CUS-0055,2025-11-24,2025-12-08,2025-11-25,2025-11-30,Delivered,Direct Sales,60,1736786.25,312621.52,0.0,2049407.77,1317400.0,419386.25,On Time,0,6.0,False
ORD-003161,CUS-0050,2025-11-02,2025-11-14,2025-11-05,2025-11-07,Delivered,Corporate Account,60,3757643.75,676375.88,0.0,4434019.62,2816450.0,941193.75,On Time,0,5.0,False
ORD-003162,CUS-0002,2026-02-17,2026-03-01,2026-02-20,2026-02-21,Delivered,Direct Sales,60,1114682.5,200642.85,0.0,1315325.35,804600.0,310082.5,On Time,0,4.0,False
ORD-003163,CUS-0055,2026-06-27,2026-07-09,,,Processing,Tender,60,4914797.5,884663.55,0.0,5799461.05,3605600.0,1309197.5,Overdue Open Order,54,,True
ORD-003164,CUS-0035,2026-06-08,2026-06-18,2026-06-15,2026-06-16,Delivered,Corporate Account,30,2286708.75,411607.58,0.0,2698316.33,1695600.0,591108.75,On Time,0,8.0,False
ORD-003165,CUS-0098,2026-04-21,2026-04-29,2026-04-28,2026-04-29,Delivered,Tender,45,285530.0,51395.4,0.0,336925.4,206850.0,78680.0,On Time,0,8.0,False
ORD-003166,CUS-0046,2025-03-13,2025-03-17,,,Confirmed,Corporate Account,60,768935.0,138408.3,0.0,907343.3,543600.0,225335.0,Overdue Open Order,533,,True
ORD-003167,CUS-0113,2026-03-26,2026-04-03,2026-03-29,2026-04-03,Delivered,Direct Sales,60,9233815.0,1662086.7,0.0,10895901.7,7243300.0,1990515.0,On Time,0,8.0,False
ORD-003168,CUS-0100,2025-05-05,2025-05-12,2025-05-11,2025-05-14,Delivered,Phone / WhatsApp,45,314860.0,56674.8,0.0,371534.8,221400.0,93460.0,Delayed,2,9.0,False
ORD-003169,CUS-0058,2025-08-01,2025-08-08,2025-08-08,2025-08-11,Delivered,Corporate Account,45,56860.0,10234.8,2000.0,69094.8,38050.0,18810.0,Delayed,3,10.0,False
ORD-003170,CUS-0070,2025-11-03,2025-11-11,2025-11-04,2025-11-07,Delivered,Direct Sales,15,467220.0,84099.6,0.0,551319.6,333900.0,133320.0,On Time,0,4.0,False
ORD-003171,CUS-0014,2025-11-17,2025-11-21,,,Confirmed,Direct Sales,45,1027432.5,184937.85,0.0,1212370.35,776700.0,250732.5,Overdue Open Order,284,,True
ORD-003172,CUS-0076,2026-05-27,2026-06-06,2026-05-28,2026-06-01,Delivered,Direct Sales,45,633400.0,114012.0,0.0,747412.0,450150.0,183250.0,On Time,0,5.0,False
ORD-003173,CUS-0034,2025-12-18,2025-12-22,2025-12-19,2025-12-20,Delivered,Website,30,305250.0,54945.0,0.0,360195.0,222900.0,82350.0,On Time,0,2.0,False
ORD-003174,CUS-0065,2026-07-29,2026-08-04,2026-07-31,2026-08-05,Delivered,Corporate Account,30,131280.0,23630.4,0.0,154910.4,94800.0,36480.0,Delayed,1,7.0,False
ORD-003175,CUS-0019,2026-03-21,2026-03-29,2026-03-22,2026-03-24,Delivered,Website,30,145590.0,26206.2,0.0,171796.2,112650.0,32940.0,On Time,0,3.0,False
ORD-003176,CUS-0024,2025-09-01,2025-09-11,2025-09-03,2025-09-07,Delivered,Corporate Account,60,9458786.25,1702581.52,0.0,11161367.78,7649100.0,1809686.25,On Time,0,6.0,False
ORD-003177,CUS-0034,2026-08-05,2026-08-11,2026-08-09,2026-08-13,Delivered,Phone / WhatsApp,30,1400393.75,252070.88,0.0,1652464.62,1018450.0,381943.75,Delayed,2,8.0,False
ORD-003178,CUS-0001,2026-04-25,2026-05-03,2026-04-30,2026-05-05,Delivered,Corporate Account,45,1668963.75,300413.47,0.0,1969377.23,1233600.0,435363.75,Delayed,2,10.0,False
ORD-003179,CUS-0014,2025-03-05,2025-03-09,2025-03-09,2025-03-11,Delivered,Direct Sales,45,251545.0,45278.1,0.0,296823.1,192350.0,59195.0,Delayed,2,6.0,False
ORD-003180,CUS-0013,2025-08-28,2025-09-04,2025-09-01,2025-09-03,Delivered,Tender,45,320238.75,57642.97,0.0,377881.72,230000.0,90238.75,On Time,0,6.0,False
ORD-003181,CUS-0024,2026-06-01,2026-06-12,2026-06-02,,Shipped,Corporate Account,60,5737747.5,1032794.55,0.0,6770542.05,4329000.0,1408747.5,Overdue Open Order,81,,True
ORD-003182,CUS-0048,2025-06-06,2025-06-14,2025-06-13,2025-06-18,Delivered,Phone / WhatsApp,30,154500.0,27810.0,0.0,182310.0,108250.0,46250.0,Delayed,4,12.0,False
ORD-003183,CUS-0011,2026-02-23,2026-03-05,2026-02-28,2026-03-03,Delivered,Direct Sales,60,2349583.75,422925.08,0.0,2772508.83,1707500.0,642083.75,On Time,0,8.0,False
ORD-003184,CUS-0066,2025-04-16,2025-04-25,2025-04-20,2025-04-25,Delivered,Tender,30,145255.0,26145.9,0.0,171400.9,113650.0,31605.0,On Time,0,9.0,False
ORD-003185,CUS-0082,2026-06-15,2026-06-26,2026-06-18,2026-06-20,Delivered,Corporate Account,30,85860.0,15454.8,3000.0,104314.8,58500.0,27360.0,On Time,0,5.0,False
ORD-003186,CUS-0119,2025-09-24,2025-10-07,,,Processing,Website,30,200062.5,36011.25,0.0,236073.75,146250.0,53812.5,Overdue Open Order,329,,True
ORD-003187,CUS-0043,2025-10-08,2025-10-18,2025-10-13,2025-10-17,Delivered,Direct Sales,45,3136433.75,564558.07,0.0,3700991.83,2417950.0,718483.75,On Time,0,9.0,False
ORD-003188,CUS-0101,2025-11-09,2025-11-19,2025-11-13,2025-11-15,Delivered,Corporate Account,30,292590.0,52666.2,0.0,345256.2,225900.0,66690.0,On Time,0,6.0,False
ORD-003189,CUS-0008,2026-05-09,2026-05-20,,,Cancelled,Website,45,70875.0,12757.5,2000.0,85632.5,52200.0,18675.0,Cancelled,0,,False
ORD-003190,CUS-0045,2025-12-17,2025-12-22,2025-12-19,2025-12-21,Delivered,Direct Sales,60,1462617.5,263271.15,0.0,1725888.65,1106500.0,356117.5,On Time,0,4.0,False
ORD-003191,CUS-0113,2025-08-28,2025-09-04,2025-08-29,2025-09-02,Delivered,Phone / WhatsApp,60,2230851.25,401553.22,0.0,2632404.48,1694150.0,536701.25,On Time,0,5.0,False
ORD-003192,CUS-0028,2026-05-28,2026-06-05,2026-05-30,2026-05-31,Delivered,Corporate Account,30,752068.75,135372.38,0.0,887441.12,597750.0,154318.75,On Time,0,3.0,False
ORD-003193,CUS-0006,2026-08-23,2026-09-01,,,Pending,Direct Sales,15,16000.0,2880.0,2500.0,21380.0,9000.0,7000.0,Open - Within Promise,0,,False
ORD-003194,CUS-0045,2026-05-13,2026-05-20,2026-05-20,2026-05-22,Delivered,Website,60,2315602.5,416808.45,0.0,2732410.95,1679650.0,635952.5,Delayed,2,9.0,False
ORD-003195,CUS-0075,2026-03-10,2026-03-15,2026-03-16,,Shipped,Corporate Account,30,1299117.5,233841.15,0.0,1532958.65,1053600.0,245517.5,Overdue Open Order,170,,True
ORD-003196,CUS-0002,2025-10-29,2025-11-04,2025-11-05,2025-11-07,Delivered,Corporate Account,60,2085872.5,375457.05,0.0,2461329.55,1609500.0,476372.5,Delayed,3,9.0,False
ORD-003197,CUS-0102,2026-01-27,2026-02-11,2026-02-01,2026-02-03,Delivered,Phone / WhatsApp,45,314137.5,56544.75,0.0,370682.25,216100.0,98037.5,On Time,0,7.0,False
ORD-003198,CUS-0063,2025-11-05,2025-11-16,2025-11-06,2025-11-07,Delivered,Phone / WhatsApp,30,238687.5,42963.75,0.0,281651.25,181500.0,57187.5,On Time,0,2.0,False
ORD-003199,CUS-0045,2025-08-01,2025-08-16,2025-08-08,2025-08-11,Partially Returned,Direct Sales,60,1853600.0,333648.0,0.0,2187248.0,1382850.0,470750.0,On Time,0,10.0,False
ORD-003200,CUS-0107,2026-01-09,2026-01-20,2026-01-14,,Shipped,Corporate Account,15,187906.25,33823.12,0.0,221729.38,136300.0,51606.25,Overdue Open Order,224,,True
