movement_id,product_id,movement_date,movement_type,quantity_change,reference_type,reference_id
MOV-0000001,PRD-0001,2025-02-28,OPENING_BALANCE,109,Opening Balance,
MOV-0000002,PRD-0002,2025-02-28,OPENING_BALANCE,307,Opening Balance,
MOV-0000003,PRD-0003,2025-02-28,OPENING_BALANCE,22,Opening Balance,
MOV-0000004,PRD-0004,2025-02-28,OPENING_BALANCE,128,Opening Balance,
MOV-0000005,PRD-0005,2025-02-28,OPENING_BALANCE,204,Opening Balance,
MOV-0000006,PRD-0006,2025-02-28,OPENING_BALANCE,73,Opening Balance,
MOV-0000007,PRD-0007,2025-02-28,OPENING_BALANCE,83,Opening Balance,
MOV-0000008,PRD-0008,2025-02-28,OPENING_BALANCE,120,Opening Balance,
MOV-0000009,PRD-0009,2025-02-28,OPENING_BALANCE,90,Opening Balance,
MOV-0000010,PRD-0010,2025-02-28,OPENING_BALANCE,62,Opening Balance,
MOV-0000011,PRD-0011,2025-02-28,OPENING_BALANCE,113,Opening Balance,
MOV-0000012,PRD-0012,2025-02-28,OPENING_BALANCE,50,Opening Balance,
MOV-0000013,PRD-0013,2025-02-28,OPENING_BALANCE,293,Opening Balance,
MOV-0000014,PRD-0014,2025-02-28,OPENING_BALANCE,68,Opening Balance,
MOV-0000015,PRD-0015,2025-02-28,OPENING_BALANCE,40,Opening Balance,
MOV-0000016,PRD-0016,2025-02-28,OPENING_BALANCE,105,Opening Balance,
MOV-0000017,PRD-0017,2025-02-28,OPENING_BALANCE,38,Opening Balance,
MOV-0000018,PRD-0018,2025-02-28,OPENING_BALANCE,87,Opening Balance,
MOV-0000019,PRD-0019,2025-02-28,OPENING_BALANCE,101,Opening Balance,
MOV-0000020,PRD-0020,2025-02-28,OPENING_BALANCE,33,Opening Balance,
MOV-0000021,PRD-0021,2025-02-28,OPENING_BALANCE,70,Opening Balance,
MOV-0000022,PRD-0022,2025-02-28,OPENING_BALANCE,117,Opening Balance,
MOV-0000023,PRD-0023,2025-02-28,OPENING_BALANCE,87,Opening Balance,
MOV-0000024,PRD-0024,2025-02-28,OPENING_BALANCE,207,Opening Balance,
MOV-0000025,PRD-0025,2025-02-28,OPENING_BALANCE,133,Opening Balance,
MOV-0000026,PRD-0026,2025-02-28,OPENING_BALANCE,304,Opening Balance,
MOV-0000027,PRD-0027,2025-02-28,OPENING_BALANCE,352,Opening Balance,
MOV-0000028,PRD-0028,2025-02-28,OPENING_BALANCE,178,Opening Balance,
MOV-0000029,PRD-0029,2025-02-28,OPENING_BALANCE,51,Opening Balance,
MOV-0000030,PRD-0030,2025-02-28,OPENING_BALANCE,122,Opening Balance,
MOV-0000031,PRD-0031,2025-02-28,OPENING_BALANCE,266,Opening Balance,
MOV-0000032,PRD-0032,2025-02-28,OPENING_BALANCE,95,Opening Balance,
MOV-0000033,PRD-0033,2025-02-28,OPENING_BALANCE,39,Opening Balance,
MOV-0000034,PRD-0034,2025-02-28,OPENING_BALANCE,46,Opening Balance,
MOV-0000035,PRD-0035,2025-02-28,OPENING_BALANCE,70,Opening Balance,
MOV-0000036,PRD-0036,2025-02-28,OPENING_BALANCE,59,Opening Balance,
MOV-0000037,PRD-0037,2025-02-28,OPENING_BALANCE,219,Opening Balance,
MOV-0000038,PRD-0038,2025-02-28,OPENING_BALANCE,122,Opening Balance,
MOV-0000039,PRD-0039,2025-02-28,OPENING_BALANCE,125,Opening Balance,
MOV-0000040,PRD-0040,2025-02-28,OPENING_BALANCE,58,Opening Balance,
MOV-0000041,PRD-0041,2025-02-28,OPENING_BALANCE,66,Opening Balance,
MOV-0000042,PRD-0042,2025-02-28,OPENING_BALANCE,156,Opening Balance,
MOV-0000043,PRD-0043,2025-02-28,OPENING_BALANCE,61,Opening Balance,
MOV-0000044,PRD-0044,2025-02-28,OPENING_BALANCE,431,Opening Balance,
MOV-0000045,PRD-0045,2025-02-28,OPENING_BALANCE,120,Opening Balance,
MOV-0000046,PRD-0046,2025-02-28,OPENING_BALANCE,78,Opening Balance,
MOV-0000047,PRD-0047,2025-02-28,OPENING_BALANCE,71,Opening Balance,
MOV-0000048,PRD-0048,2025-02-28,OPENING_BALANCE,81,Opening Balance,
MOV-0000049,PRD-0049,2025-02-28,OPENING_BALANCE,134,Opening Balance,
MOV-0000050,PRD-0050,2025-02-28,OPENING_BALANCE,209,Opening Balance,
MOV-0000051,PRD-0051,2025-02-28,OPENING_BALANCE,160,Opening Balance,
MOV-0000052,PRD-0052,2025-02-28,OPENING_BALANCE,36,Opening Balance,
MOV-0000053,PRD-0053,2025-02-28,OPENING_BALANCE,83,Opening Balance,
MOV-0000054,PRD-0054,2025-02-28,OPENING_BALANCE,150,Opening Balance,
MOV-0000055,PRD-0055,2025-02-28,OPENING_BALANCE,44,Opening Balance,
MOV-0000056,PRD-0056,2025-02-28,OPENING_BALANCE,105,Opening Balance,
MOV-0000057,PRD-0057,2025-02-28,OPENING_BALANCE,77,Opening Balance,
MOV-0000058,PRD-0058,2025-02-28,OPENING_BALANCE,110,Opening Balance,
MOV-0000059,PRD-0059,2025-02-28,OPENING_BALANCE,134,Opening Balance,
MOV-0000060,PRD-0060,2025-02-28,OPENING_BALANCE,66,Opening Balance,
MOV-0000061,PRD-0061,2025-02-28,OPENING_BALANCE,283,Opening Balance,
MOV-0000062,PRD-0062,2025-02-28,OPENING_BALANCE,195,Opening Balance,
MOV-0000063,PRD-0063,2025-02-28,OPENING_BALANCE,342,Opening Balance,
MOV-0000064,PRD-0064,2025-02-28,OPENING_BALANCE,54,Opening Balance,
MOV-0000065,PRD-0065,2025-02-28,OPENING_BALANCE,230,Opening Balance,
MOV-0000066,PRD-0066,2025-02-28,OPENING_BALANCE,175,Opening Balance,
MOV-0000067,PRD-0067,2025-02-28,OPENING_BALANCE,114,Opening Balance,
MOV-0000068,PRD-0068,2025-02-28,OPENING_BALANCE,98,Opening Balance,
MOV-0000069,PRD-0069,2025-02-28,OPENING_BALANCE,129,Opening Balance,
MOV-0000070,PRD-0070,2025-02-28,OPENING_BALANCE,186,Opening Balance,
MOV-0000071,PRD-0071,2025-02-28,OPENING_BALANCE,181,Opening Balance,
MOV-0000072,PRD-0072,2025-02-28,OPENING_BALANCE,137,Opening Balance,
MOV-0000073,PRD-0007,2026-03-19,SALE,-12,Order,ORD-000001
MOV-0000074,PRD-0034,2026-03-19,SALE,-4,Order,ORD-000001
MOV-0000075,PRD-0048,2026-03-19,SALE,-8,Order,ORD-000001
MOV-0000076,PRD-0031,2026-03-19,SALE,-36,Order,ORD-000001
MOV-0000077,PRD-0069,2025-10-29,SALE,-7,Order,ORD-000003
MOV-0000078,PRD-0048,2025-10-29,SALE,-5,Order,ORD-000003
MOV-0000079,PRD-0037,2025-10-29,SALE,-27,Order,ORD-000003
MOV-0000080,PRD-0043,2025-10-29,SALE,-9,Order,ORD-000003
MOV-0000081,PRD-0050,2025-10-29,SALE,-34,Order,ORD-000003
MOV-0000082,PRD-0014,2025-11-28,SALE,-16,Order,ORD-000004
MOV-0000083,PRD-0013,2025-11-28,SALE,-51,Order,ORD-000004
MOV-0000084,PRD-0051,2025-10-03,SALE,-31,Order,ORD-000005
MOV-0000085,PRD-0005,2025-10-30,SALE,-16,Order,ORD-000006
MOV-0000086,PRD-0045,2025-10-30,SALE,-31,Order,ORD-000006
MOV-0000087,PRD-0030,2025-10-30,SALE,-16,Order,ORD-000006
MOV-0000088,PRD-0069,2025-10-30,SALE,-3,Order,ORD-000006
MOV-0000089,PRD-0014,2025-10-30,SALE,-10,Order,ORD-000006
MOV-0000090,PRD-0062,2025-10-30,SALE,-8,Order,ORD-000006
MOV-0000091,PRD-0036,2025-10-30,SALE,-5,Order,ORD-000006
MOV-0000092,PRD-0006,2026-07-22,SALE,-20,Order,ORD-000007
MOV-0000093,PRD-0007,2026-07-22,SALE,-24,Order,ORD-000007
MOV-0000094,PRD-0052,2026-07-22,SALE,-12,Order,ORD-000007
MOV-0000095,PRD-0004,2026-07-22,SALE,-24,Order,ORD-000007
MOV-0000096,PRD-0045,2026-02-25,SALE,-10,Order,ORD-000008
MOV-0000097,PRD-0034,2025-05-01,SALE,-11,Order,ORD-000009
MOV-0000098,PRD-0019,2025-05-01,SALE,-11,Order,ORD-000009
MOV-0000099,PRD-0068,2025-05-01,SALE,-4,Order,ORD-000009
MOV-0000100,PRD-0027,2025-05-01,SALE,-52,Order,ORD-000009
MOV-0000101,PRD-0065,2025-05-01,SALE,-13,Order,ORD-000009
MOV-0000102,PRD-0049,2025-05-01,SALE,-17,Order,ORD-000009
MOV-0000103,PRD-0066,2026-01-12,SALE,-8,Order,ORD-000012
MOV-0000104,PRD-0022,2026-01-12,SALE,-3,Order,ORD-000012
MOV-0000105,PRD-0062,2026-01-12,SALE,-9,Order,ORD-000012
MOV-0000106,PRD-0069,2025-09-01,SALE,-7,Order,ORD-000013
MOV-0000107,PRD-0058,2025-09-01,SALE,-21,Order,ORD-000013
MOV-0000108,PRD-0008,2025-09-01,SALE,-3,Order,ORD-000013
MOV-0000109,PRD-0031,2025-09-01,SALE,-28,Order,ORD-000013
MOV-0000110,PRD-0005,2025-09-01,SALE,-48,Order,ORD-000013
MOV-0000111,PRD-0045,2025-09-01,SALE,-35,Order,ORD-000013
MOV-0000112,PRD-0009,2025-09-01,SALE,-14,Order,ORD-000013
MOV-0000113,PRD-0034,2025-10-28,SALE,-10,Order,ORD-000014
MOV-0000114,PRD-0009,2025-10-28,SALE,-10,Order,ORD-000014
MOV-0000115,PRD-0023,2025-10-28,SALE,-2,Order,ORD-000014
MOV-0000116,PRD-0066,2025-11-03,SALE,-3,Order,ORD-000015
MOV-0000117,PRD-0052,2025-11-03,SALE,-3,Order,ORD-000015
MOV-0000118,PRD-0047,2025-11-03,SALE,-2,Order,ORD-000015
MOV-0000119,PRD-0034,2025-11-03,SALE,-3,Order,ORD-000015
MOV-0000120,PRD-0009,2026-03-31,SALE,-2,Order,ORD-000016
MOV-0000121,PRD-0069,2026-03-31,SALE,-11,Order,ORD-000016
MOV-0000122,PRD-0003,2025-10-07,SALE,-11,Order,ORD-000019
MOV-0000123,PRD-0011,2025-10-07,SALE,-2,Order,ORD-000019
MOV-0000124,PRD-0052,2025-10-07,SALE,-4,Order,ORD-000019
MOV-0000125,PRD-0016,2025-10-07,SALE,-5,Order,ORD-000019
MOV-0000126,PRD-0007,2025-10-07,SALE,-2,Order,ORD-000019
MOV-0000127,PRD-0005,2025-10-07,SALE,-5,Order,ORD-000019
MOV-0000128,PRD-0040,2025-06-09,SALE,-17,Order,ORD-000020
MOV-0000129,PRD-0030,2025-06-09,SALE,-31,Order,ORD-000020
MOV-0000130,PRD-0068,2025-06-09,SALE,-3,Order,ORD-000020
MOV-0000131,PRD-0059,2025-06-09,SALE,-17,Order,ORD-000020
MOV-0000132,PRD-0034,2025-06-09,SALE,-10,Order,ORD-000020
MOV-0000133,PRD-0023,2025-06-09,SALE,-17,Order,ORD-000020
MOV-0000134,PRD-0005,2025-06-09,SALE,-52,Order,ORD-000020
MOV-0000135,PRD-0069,2025-03-15,SALE,-7,Order,ORD-000021
MOV-0000136,PRD-0034,2025-03-15,SALE,-9,Order,ORD-000021
MOV-0000137,PRD-0045,2025-03-15,SALE,-25,Order,ORD-000021
MOV-0000138,PRD-0040,2025-03-15,SALE,-9,Order,ORD-000021
MOV-0000139,PRD-0007,2025-03-15,SALE,-9,Order,ORD-000021
MOV-0000140,PRD-0034,2025-10-06,SALE,-11,Order,ORD-000022
MOV-0000141,PRD-0033,2025-10-06,SALE,-14,Order,ORD-000022
MOV-0000142,PRD-0003,2026-01-01,SALE,-1,Order,ORD-000024
MOV-0000143,PRD-0001,2026-01-01,SALE,-1,Order,ORD-000024
MOV-0000144,PRD-0031,2026-01-01,SALE,-13,Order,ORD-000024
MOV-0000145,PRD-0031,2026-06-13,SALE,-31,Order,ORD-000025
MOV-0000146,PRD-0026,2026-06-13,SALE,-66,Order,ORD-000025
MOV-0000147,PRD-0007,2026-06-13,SALE,-23,Order,ORD-000025
MOV-0000148,PRD-0045,2026-06-13,SALE,-27,Order,ORD-000025
MOV-0000149,PRD-0059,2026-06-13,SALE,-12,Order,ORD-000025
MOV-0000150,PRD-0007,2025-10-05,SALE,-3,Order,ORD-000026
MOV-0000151,PRD-0001,2025-10-05,SALE,-14,Order,ORD-000026
MOV-0000152,PRD-0063,2025-10-05,SALE,-52,Order,ORD-000026
MOV-0000153,PRD-0038,2025-10-05,SALE,-16,Order,ORD-000026
MOV-0000154,PRD-0066,2025-10-05,SALE,-11,Order,ORD-000026
MOV-0000155,PRD-0006,2025-10-05,SALE,-5,Order,ORD-000026
MOV-0000156,PRD-0040,2025-10-05,SALE,-5,Order,ORD-000026
MOV-0000157,PRD-0032,2026-05-11,SALE,-5,Order,ORD-000028
MOV-0000158,PRD-0020,2026-05-11,SALE,-7,Order,ORD-000028
MOV-0000159,PRD-0017,2026-05-11,SALE,-2,Order,ORD-000028
MOV-0000160,PRD-0049,2026-05-11,SALE,-32,Order,ORD-000028
MOV-0000161,PRD-0007,2025-07-02,SALE,-3,Order,ORD-000029
MOV-0000162,PRD-0069,2025-07-02,SALE,-16,Order,ORD-000029
MOV-0000163,PRD-0035,2025-04-03,SALE,-13,Order,ORD-000030
MOV-0000164,PRD-0040,2025-04-03,SALE,-16,Order,ORD-000030
MOV-0000165,PRD-0031,2025-04-03,SALE,-37,Order,ORD-000030
MOV-0000166,PRD-0063,2025-04-03,SALE,-53,Order,ORD-000030
MOV-0000167,PRD-0027,2025-04-03,SALE,-58,Order,ORD-000030
MOV-0000168,PRD-0015,2026-06-13,SALE,-2,Order,ORD-000031
MOV-0000169,PRD-0010,2026-06-13,SALE,-3,Order,ORD-000031
MOV-0000170,PRD-0058,2026-06-13,SALE,-1,Order,ORD-000031
MOV-0000171,PRD-0007,2026-06-13,SALE,-1,Order,ORD-000031
MOV-0000172,PRD-0009,2025-08-02,SALE,-10,Order,ORD-000032
MOV-0000173,PRD-0060,2025-08-02,SALE,-7,Order,ORD-000032
MOV-0000174,PRD-0005,2026-01-30,SALE,-10,Order,ORD-000033
MOV-0000175,PRD-0030,2026-01-30,SALE,-13,Order,ORD-000033
MOV-0000176,PRD-0066,2025-12-09,SALE,-18,Order,ORD-000034
MOV-0000177,PRD-0016,2025-12-09,SALE,-11,Order,ORD-000034
MOV-0000178,PRD-0006,2025-12-09,SALE,-21,Order,ORD-000034
MOV-0000179,PRD-0034,2025-12-09,SALE,-11,Order,ORD-000034
MOV-0000180,PRD-0033,2025-11-25,SALE,-3,Order,ORD-000035
MOV-0000181,PRD-0006,2025-11-25,SALE,-4,Order,ORD-000035
MOV-0000182,PRD-0065,2025-11-25,SALE,-12,Order,ORD-000035
MOV-0000183,PRD-0069,2025-06-23,SALE,-11,Order,ORD-000038
MOV-0000184,PRD-0045,2025-06-23,SALE,-37,Order,ORD-000038
MOV-0000185,PRD-0014,2025-06-23,SALE,-11,Order,ORD-000038
MOV-0000186,PRD-0005,2025-06-23,SALE,-33,Order,ORD-000038
MOV-0000187,PRD-0066,2025-11-28,SALE,-22,Order,ORD-000039
MOV-0000188,PRD-0034,2026-03-06,SALE,-20,Order,ORD-000040
MOV-0000189,PRD-0011,2026-03-06,SALE,-14,Order,ORD-000040
MOV-0000190,PRD-0053,2025-09-11,SALE,-20,Order,ORD-000041
MOV-0000191,PRD-0061,2025-09-11,SALE,-16,Order,ORD-000041
MOV-0000192,PRD-0040,2025-09-11,SALE,-16,Order,ORD-000041
MOV-0000193,PRD-0022,2025-09-11,SALE,-24,Order,ORD-000041
MOV-0000194,PRD-0039,2025-09-11,SALE,-53,Order,ORD-000041
MOV-0000195,PRD-0021,2026-05-05,SALE,-7,Order,ORD-000042
MOV-0000196,PRD-0069,2026-05-05,SALE,-1,Order,ORD-000042
MOV-0000197,PRD-0022,2026-04-22,SALE,-1,Order,ORD-000044
MOV-0000198,PRD-0066,2026-04-22,SALE,-16,Order,ORD-000044
MOV-0000199,PRD-0063,2026-04-22,SALE,-19,Order,ORD-000044
MOV-0000200,PRD-0036,2026-03-07,SALE,-15,Order,ORD-000045
MOV-0000201,PRD-0007,2026-03-07,SALE,-4,Order,ORD-000045
MOV-0000202,PRD-0065,2026-03-07,SALE,-11,Order,ORD-000045
MOV-0000203,PRD-0030,2026-03-07,SALE,-26,Order,ORD-000045
MOV-0000204,PRD-0061,2026-03-07,SALE,-26,Order,ORD-000045
MOV-0000205,PRD-0066,2026-03-07,SALE,-53,Order,ORD-000045
MOV-0000206,PRD-0037,2025-09-15,SALE,-9,Order,ORD-000046
MOV-0000207,PRD-0058,2025-05-19,SALE,-4,Order,ORD-000047
MOV-0000208,PRD-0026,2025-05-19,SALE,-42,Order,ORD-000047
MOV-0000209,PRD-0045,2025-05-19,SALE,-7,Order,ORD-000047
MOV-0000210,PRD-0048,2026-08-02,SALE,-8,Order,ORD-000048
MOV-0000211,PRD-0069,2026-08-02,SALE,-12,Order,ORD-000048
MOV-0000212,PRD-0066,2026-08-02,SALE,-14,Order,ORD-000048
MOV-0000213,PRD-0050,2026-08-02,SALE,-16,Order,ORD-000048
MOV-0000214,PRD-0053,2026-08-02,SALE,-10,Order,ORD-000048
MOV-0000215,PRD-0005,2025-03-11,SALE,-10,Order,ORD-000049
MOV-0000216,PRD-0036,2025-03-11,SALE,-1,Order,ORD-000049
MOV-0000217,PRD-0033,2025-03-11,SALE,-1,Order,ORD-000049
MOV-0000218,PRD-0069,2025-04-05,SALE,-13,Order,ORD-000050
MOV-0000219,PRD-0032,2025-04-05,SALE,-3,Order,ORD-000050
MOV-0000220,PRD-0053,2025-04-05,SALE,-10,Order,ORD-000050
MOV-0000221,PRD-0042,2025-04-05,SALE,-40,Order,ORD-000050
MOV-0000222,PRD-0021,2025-04-05,SALE,-10,Order,ORD-000050
MOV-0000223,PRD-0048,2025-03-29,SALE,-7,Order,ORD-000051
MOV-0000224,PRD-0026,2025-03-29,SALE,-32,Order,ORD-000051
MOV-0000225,PRD-0021,2025-03-29,SALE,-7,Order,ORD-000051
MOV-0000226,PRD-0040,2025-03-29,SALE,-22,Order,ORD-000051
MOV-0000227,PRD-0032,2025-03-29,SALE,-11,Order,ORD-000051
MOV-0000228,PRD-0049,2025-09-09,SALE,-16,Order,ORD-000052
MOV-0000229,PRD-0050,2025-09-09,SALE,-7,Order,ORD-000052
MOV-0000230,PRD-0053,2025-09-09,SALE,-3,Order,ORD-000052
MOV-0000231,PRD-0066,2025-11-20,SALE,-46,Order,ORD-000053
MOV-0000232,PRD-0053,2025-11-20,SALE,-7,Order,ORD-000053
MOV-0000233,PRD-0014,2025-11-20,SALE,-20,Order,ORD-000053
MOV-0000234,PRD-0007,2025-11-20,SALE,-20,Order,ORD-000053
MOV-0000235,PRD-0034,2025-11-20,SALE,-17,Order,ORD-000053
MOV-0000236,PRD-0032,2026-06-12,SALE,-10,Order,ORD-000054
MOV-0000237,PRD-0066,2026-06-12,SALE,-29,Order,ORD-000054
MOV-0000238,PRD-0007,2026-06-12,SALE,-16,Order,ORD-000054
MOV-0000239,PRD-0034,2026-06-12,SALE,-7,Order,ORD-000054
MOV-0000240,PRD-0005,2026-06-12,SALE,-29,Order,ORD-000054
MOV-0000241,PRD-0028,2026-06-12,SALE,-23,Order,ORD-000054
MOV-0000242,PRD-0060,2026-06-12,SALE,-16,Order,ORD-000054
MOV-0000243,PRD-0066,2025-06-30,SALE,-4,Order,ORD-000055
MOV-0000244,PRD-0011,2025-06-30,SALE,-1,Order,ORD-000055
MOV-0000245,PRD-0024,2025-06-30,SALE,-22,Order,ORD-000055
MOV-0000246,PRD-0052,2026-03-13,SALE,-2,Order,ORD-000056
MOV-0000247,PRD-0036,2026-03-13,SALE,-10,Order,ORD-000056
MOV-0000248,PRD-0066,2025-04-29,SALE,-33,Order,ORD-000057
MOV-0000249,PRD-0030,2025-04-29,SALE,-13,Order,ORD-000057
MOV-0000250,PRD-0034,2025-04-29,SALE,-10,Order,ORD-000057
MOV-0000251,PRD-0008,2025-04-29,SALE,-5,Order,ORD-000057
MOV-0000252,PRD-0029,2025-11-15,SALE,-6,Order,ORD-000058
MOV-0000253,PRD-0007,2025-11-15,SALE,-7,Order,ORD-000058
MOV-0000254,PRD-0032,2025-11-15,SALE,-6,Order,ORD-000058
MOV-0000255,PRD-0001,2025-11-15,SALE,-2,Order,ORD-000058
MOV-0000256,PRD-0027,2025-05-28,SALE,-32,Order,ORD-000059
MOV-0000257,PRD-0069,2025-05-28,SALE,-7,Order,ORD-000059
MOV-0000258,PRD-0032,2025-05-28,SALE,-21,Order,ORD-000059
MOV-0000259,PRD-0039,2026-06-11,SALE,-18,Order,ORD-000060
MOV-0000260,PRD-0005,2026-06-11,SALE,-32,Order,ORD-000060
MOV-0000261,PRD-0026,2026-06-11,SALE,-35,Order,ORD-000060
MOV-0000262,PRD-0032,2025-09-10,SALE,-2,Order,ORD-000061
MOV-0000263,PRD-0011,2025-09-10,SALE,-4,Order,ORD-000061
MOV-0000264,PRD-0048,2025-09-10,SALE,-8,Order,ORD-000061
MOV-0000265,PRD-0052,2025-09-10,SALE,-6,Order,ORD-000061
MOV-0000266,PRD-0014,2025-09-10,SALE,-10,Order,ORD-000061
MOV-0000267,PRD-0070,2025-09-10,SALE,-25,Order,ORD-000061
MOV-0000268,PRD-0043,2025-09-10,SALE,-11,Order,ORD-000061
MOV-0000269,PRD-0013,2026-05-07,SALE,-36,Order,ORD-000062
MOV-0000270,PRD-0056,2026-05-07,SALE,-2,Order,ORD-000062
MOV-0000271,PRD-0036,2026-05-07,SALE,-2,Order,ORD-000062
MOV-0000272,PRD-0060,2025-06-11,SALE,-2,Order,ORD-000063
MOV-0000273,PRD-0052,2025-06-11,SALE,-2,Order,ORD-000063
MOV-0000274,PRD-0007,2025-09-15,SALE,-11,Order,ORD-000064
MOV-0000275,PRD-0049,2025-09-15,SALE,-21,Order,ORD-000064
MOV-0000276,PRD-0005,2025-09-15,SALE,-15,Order,ORD-000064
MOV-0000277,PRD-0034,2025-09-15,SALE,-11,Order,ORD-000064
MOV-0000278,PRD-0066,2026-04-08,SALE,-13,Order,ORD-000067
MOV-0000279,PRD-0016,2026-04-08,SALE,-7,Order,ORD-000067
MOV-0000280,PRD-0052,2026-04-08,SALE,-9,Order,ORD-000067
MOV-0000281,PRD-0027,2026-04-08,SALE,-9,Order,ORD-000067
MOV-0000282,PRD-0069,2026-08-10,SALE,-9,Order,ORD-000069
MOV-0000283,PRD-0032,2026-08-10,SALE,-3,Order,ORD-000069
MOV-0000284,PRD-0028,2026-08-10,SALE,-28,Order,ORD-000069
MOV-0000285,PRD-0058,2026-08-10,SALE,-12,Order,ORD-000069
MOV-0000286,PRD-0009,2026-08-10,SALE,-3,Order,ORD-000069
MOV-0000287,PRD-0030,2026-08-10,SALE,-40,Order,ORD-000069
MOV-0000288,PRD-0004,2026-08-10,SALE,-25,Order,ORD-000069
MOV-0000289,PRD-0064,2026-07-28,SALE,-5,Order,ORD-000070
MOV-0000290,PRD-0028,2026-07-28,SALE,-7,Order,ORD-000070
MOV-0000291,PRD-0054,2026-07-28,SALE,-3,Order,ORD-000070
MOV-0000292,PRD-0034,2026-07-28,SALE,-5,Order,ORD-000070
MOV-0000293,PRD-0005,2026-07-28,SALE,-15,Order,ORD-000070
MOV-0000294,PRD-0050,2025-04-28,SALE,-22,Order,ORD-000071
MOV-0000295,PRD-0069,2025-06-17,SALE,-23,Order,ORD-000072
MOV-0000296,PRD-0010,2025-06-17,SALE,-12,Order,ORD-000072
MOV-0000297,PRD-0033,2025-06-17,SALE,-8,Order,ORD-000072
MOV-0000298,PRD-0037,2025-06-17,SALE,-66,Order,ORD-000072
MOV-0000299,PRD-0034,2025-06-17,SALE,-23,Order,ORD-000072
MOV-0000300,PRD-0023,2025-06-17,SALE,-8,Order,ORD-000072
MOV-0000301,PRD-0005,2025-06-17,SALE,-23,Order,ORD-000072
MOV-0000302,PRD-0069,2025-12-10,SALE,-5,Order,ORD-000073
MOV-0000303,PRD-0023,2025-12-10,SALE,-8,Order,ORD-000073
MOV-0000304,PRD-0070,2025-12-10,SALE,-14,Order,ORD-000073
MOV-0000305,PRD-0066,2025-09-06,SALE,-22,Order,ORD-000074
MOV-0000306,PRD-0058,2025-09-06,SALE,-22,Order,ORD-000074
MOV-0000307,PRD-0026,2025-09-06,SALE,-59,Order,ORD-000074
MOV-0000308,PRD-0036,2025-09-06,SALE,-4,Order,ORD-000074
MOV-0000309,PRD-0065,2025-09-06,SALE,-15,Order,ORD-000074
MOV-0000310,PRD-0032,2026-05-05,SALE,-12,Order,ORD-000075
MOV-0000311,PRD-0037,2026-05-05,SALE,-40,Order,ORD-000075
MOV-0000312,PRD-0021,2026-05-05,SALE,-9,Order,ORD-000075
MOV-0000313,PRD-0043,2026-05-05,SALE,-3,Order,ORD-000075
MOV-0000314,PRD-0057,2026-05-05,SALE,-3,Order,ORD-000075
MOV-0000315,PRD-0023,2026-05-05,SALE,-15,Order,ORD-000075
MOV-0000316,PRD-0065,2026-05-05,SALE,-25,Order,ORD-000075
MOV-0000317,PRD-0006,2025-07-11,SALE,-11,Order,ORD-000077
MOV-0000318,PRD-0055,2025-07-11,SALE,-11,Order,ORD-000077
MOV-0000319,PRD-0064,2026-02-01,SALE,-4,Order,ORD-000078
MOV-0000320,PRD-0034,2025-04-07,SALE,-9,Order,ORD-000079
MOV-0000321,PRD-0060,2025-04-07,SALE,-6,Order,ORD-000079
MOV-0000322,PRD-0029,2025-04-07,SALE,-13,Order,ORD-000079
MOV-0000323,PRD-0027,2025-10-18,SALE,-12,Order,ORD-000080
MOV-0000324,PRD-0005,2025-10-18,SALE,-7,Order,ORD-000080
MOV-0000325,PRD-0053,2025-10-18,SALE,-9,Order,ORD-000080
MOV-0000326,PRD-0009,2025-10-18,SALE,-9,Order,ORD-000080
MOV-0000327,PRD-0055,2026-01-20,SALE,-2,Order,ORD-000081
MOV-0000328,PRD-0063,2026-01-20,SALE,-9,Order,ORD-000081
MOV-0000329,PRD-0034,2026-01-20,SALE,-5,Order,ORD-000081
MOV-0000330,PRD-0005,2026-01-20,SALE,-7,Order,ORD-000081
MOV-0000331,PRD-0009,2025-10-02,SALE,-5,Order,ORD-000082
MOV-0000332,PRD-0060,2025-10-02,SALE,-12,Order,ORD-000082
MOV-0000333,PRD-0037,2025-10-02,SALE,-17,Order,ORD-000082
MOV-0000334,PRD-0030,2025-10-02,SALE,-37,Order,ORD-000082
MOV-0000335,PRD-0007,2025-10-02,SALE,-5,Order,ORD-000082
MOV-0000336,PRD-0022,2026-06-18,SALE,-9,Order,ORD-000083
MOV-0000337,PRD-0066,2026-06-18,SALE,-19,Order,ORD-000083
MOV-0000338,PRD-0032,2026-06-18,SALE,-3,Order,ORD-000083
MOV-0000339,PRD-0058,2026-06-18,SALE,-10,Order,ORD-000083
MOV-0000340,PRD-0055,2026-06-18,SALE,-10,Order,ORD-000083
MOV-0000341,PRD-0022,2026-07-16,SALE,-11,Order,ORD-000084
MOV-0000342,PRD-0010,2026-07-16,SALE,-4,Order,ORD-000084
MOV-0000343,PRD-0045,2026-07-16,SALE,-24,Order,ORD-000084
MOV-0000344,PRD-0060,2026-07-16,SALE,-4,Order,ORD-000084
MOV-0000345,PRD-0005,2025-09-08,SALE,-26,Order,ORD-000085
MOV-0000346,PRD-0023,2025-09-08,SALE,-6,Order,ORD-000085
MOV-0000347,PRD-0051,2025-09-08,SALE,-39,Order,ORD-000085
MOV-0000348,PRD-0067,2026-07-13,SALE,-7,Order,ORD-000086
MOV-0000349,PRD-0035,2026-07-13,SALE,-1,Order,ORD-000086
MOV-0000350,PRD-0069,2025-12-26,SALE,-5,Order,ORD-000087
MOV-0000351,PRD-0040,2025-12-26,SALE,-5,Order,ORD-000087
MOV-0000352,PRD-0040,2025-09-02,SALE,-14,Order,ORD-000089
MOV-0000353,PRD-0034,2025-09-02,SALE,-2,Order,ORD-000089
MOV-0000354,PRD-0064,2025-09-02,SALE,-2,Order,ORD-000089
MOV-0000355,PRD-0029,2025-09-02,SALE,-7,Order,ORD-000089
MOV-0000356,PRD-0021,2025-09-02,SALE,-9,Order,ORD-000089
MOV-0000357,PRD-0007,2025-09-02,SALE,-2,Order,ORD-000089
MOV-0000358,PRD-0053,2026-04-12,SALE,-3,Order,ORD-000090
MOV-0000359,PRD-0005,2026-04-12,SALE,-7,Order,ORD-000090
MOV-0000360,PRD-0032,2026-04-12,SALE,-2,Order,ORD-000090
MOV-0000361,PRD-0013,2026-06-05,SALE,-13,Order,ORD-000091
MOV-0000362,PRD-0009,2026-06-05,SALE,-2,Order,ORD-000091
MOV-0000363,PRD-0007,2025-04-10,SALE,-22,Order,ORD-000093
MOV-0000364,PRD-0047,2025-04-10,SALE,-18,Order,ORD-000093
MOV-0000365,PRD-0029,2025-04-10,SALE,-15,Order,ORD-000093
MOV-0000366,PRD-0034,2025-04-10,SALE,-7,Order,ORD-000093
MOV-0000367,PRD-0038,2025-08-10,SALE,-14,Order,ORD-000094
MOV-0000368,PRD-0070,2025-08-10,SALE,-22,Order,ORD-000094
MOV-0000369,PRD-0061,2025-10-19,SALE,-14,Order,ORD-000095
MOV-0000370,PRD-0005,2025-10-19,SALE,-12,Order,ORD-000095
MOV-0000371,PRD-0064,2025-10-19,SALE,-4,Order,ORD-000095
MOV-0000372,PRD-0029,2025-10-19,SALE,-3,Order,ORD-000095
MOV-0000373,PRD-0028,2025-11-23,SALE,-7,Order,ORD-000096
MOV-0000374,PRD-0027,2025-11-23,SALE,-6,Order,ORD-000096
MOV-0000375,PRD-0053,2026-03-28,SALE,-7,Order,ORD-000097
MOV-0000376,PRD-0045,2026-08-09,SALE,-12,Order,ORD-000098
MOV-0000377,PRD-0067,2026-08-09,SALE,-46,Order,ORD-000098
MOV-0000378,PRD-0008,2026-08-09,SALE,-12,Order,ORD-000098
MOV-0000379,PRD-0013,2026-08-09,SALE,-34,Order,ORD-000098
MOV-0000380,PRD-0066,2026-08-09,SALE,-9,Order,ORD-000098
MOV-0000381,PRD-0005,2026-01-05,SALE,-5,Order,ORD-000099
MOV-0000382,PRD-0050,2026-01-05,SALE,-22,Order,ORD-000099
MOV-0000383,PRD-0069,2026-01-05,SALE,-8,Order,ORD-000099
MOV-0000384,PRD-0031,2026-01-05,SALE,-5,Order,ORD-000099
MOV-0000385,PRD-0063,2026-06-11,SALE,-7,Order,ORD-000100
MOV-0000386,PRD-0066,2026-06-11,SALE,-7,Order,ORD-000100
MOV-0000387,PRD-0027,2026-06-11,SALE,-6,Order,ORD-000100
MOV-0000388,PRD-0022,2026-06-11,SALE,-2,Order,ORD-000100
MOV-0000389,PRD-0035,2025-06-30,SALE,-12,Order,ORD-000101
MOV-0000390,PRD-0047,2025-06-30,SALE,-2,Order,ORD-000101
MOV-0000391,PRD-0009,2025-06-30,SALE,-7,Order,ORD-000101
MOV-0000392,PRD-0069,2025-06-30,SALE,-10,Order,ORD-000101
MOV-0000393,PRD-0048,2025-11-06,SALE,-3,Order,ORD-000102
MOV-0000394,PRD-0026,2025-11-06,SALE,-16,Order,ORD-000102
MOV-0000395,PRD-0045,2025-11-06,SALE,-9,Order,ORD-000102
MOV-0000396,PRD-0046,2025-11-06,SALE,-1,Order,ORD-000102
MOV-0000397,PRD-0066,2025-05-22,SALE,-29,Order,ORD-000104
MOV-0000398,PRD-0034,2025-09-15,SALE,-12,Order,ORD-000105
MOV-0000399,PRD-0007,2025-09-15,SALE,-12,Order,ORD-000105
MOV-0000400,PRD-0048,2025-09-15,SALE,-17,Order,ORD-000105
MOV-0000401,PRD-0040,2025-09-15,SALE,-21,Order,ORD-000105
MOV-0000402,PRD-0051,2025-09-15,SALE,-91,Order,ORD-000105
MOV-0000403,PRD-0060,2025-09-15,SALE,-4,Order,ORD-000105
MOV-0000404,PRD-0037,2025-09-15,SALE,-104,Order,ORD-000105
MOV-0000405,PRD-0036,2026-02-10,SALE,-12,Order,ORD-000106
MOV-0000406,PRD-0063,2026-02-10,SALE,-82,Order,ORD-000106
MOV-0000407,PRD-0013,2026-02-10,SALE,-45,Order,ORD-000106
MOV-0000408,PRD-0007,2025-10-08,SALE,-6,Order,ORD-000107
MOV-0000409,PRD-0034,2025-10-08,SALE,-5,Order,ORD-000107
MOV-0000410,PRD-0027,2025-10-08,SALE,-32,Order,ORD-000107
MOV-0000411,PRD-0030,2025-10-08,SALE,-22,Order,ORD-000107
MOV-0000412,PRD-0059,2025-10-08,SALE,-6,Order,ORD-000107
MOV-0000413,PRD-0008,2025-03-13,SALE,-5,Order,ORD-000109
MOV-0000414,PRD-0007,2025-03-13,SALE,-10,Order,ORD-000109
MOV-0000415,PRD-0005,2025-03-13,SALE,-10,Order,ORD-000109
MOV-0000416,PRD-0026,2025-03-13,SALE,-58,Order,ORD-000109
MOV-0000417,PRD-0064,2025-03-13,SALE,-3,Order,ORD-000109
MOV-0000418,PRD-0034,2025-03-13,SALE,-5,Order,ORD-000109
MOV-0000419,PRD-0027,2025-06-04,SALE,-17,Order,ORD-000111
MOV-0000420,PRD-0009,2025-06-04,SALE,-3,Order,ORD-000111
MOV-0000421,PRD-0005,2025-03-31,SALE,-35,Order,ORD-000112
MOV-0000422,PRD-0066,2025-03-31,SALE,-35,Order,ORD-000112
MOV-0000423,PRD-0037,2025-12-10,SALE,-17,Order,ORD-000113
MOV-0000424,PRD-0034,2025-12-10,SALE,-6,Order,ORD-000113
MOV-0000425,PRD-0065,2025-12-10,SALE,-29,Order,ORD-000113
MOV-0000426,PRD-0021,2025-12-10,SALE,-17,Order,ORD-000113
MOV-0000427,PRD-0008,2025-06-12,SALE,-7,Order,ORD-000114
MOV-0000428,PRD-0037,2025-06-12,SALE,-34,Order,ORD-000114
MOV-0000429,PRD-0005,2025-06-12,SALE,-24,Order,ORD-000114
MOV-0000430,PRD-0063,2025-06-12,SALE,-41,Order,ORD-000114
MOV-0000431,PRD-0050,2025-07-29,SALE,-35,Order,ORD-000115
MOV-0000432,PRD-0031,2025-07-29,SALE,-31,Order,ORD-000115
MOV-0000433,PRD-0005,2025-07-29,SALE,-31,Order,ORD-000115
MOV-0000434,PRD-0037,2025-07-29,SALE,-88,Order,ORD-000115
MOV-0000435,PRD-0066,2025-07-29,SALE,-58,Order,ORD-000115
MOV-0000436,PRD-0034,2025-07-29,SALE,-8,Order,ORD-000115
MOV-0000437,PRD-0063,2025-07-29,SALE,-54,Order,ORD-000115
MOV-0000438,PRD-0048,2025-09-09,SALE,-11,Order,ORD-000116
MOV-0000439,PRD-0032,2025-09-09,SALE,-11,Order,ORD-000116
MOV-0000440,PRD-0023,2025-09-09,SALE,-4,Order,ORD-000116
MOV-0000441,PRD-0015,2025-09-09,SALE,-9,Order,ORD-000116
MOV-0000442,PRD-0006,2026-05-17,SALE,-7,Order,ORD-000117
MOV-0000443,PRD-0007,2026-05-17,SALE,-14,Order,ORD-000117
MOV-0000444,PRD-0030,2026-05-17,SALE,-19,Order,ORD-000117
MOV-0000445,PRD-0013,2026-05-17,SALE,-12,Order,ORD-000117
MOV-0000446,PRD-0053,2026-03-28,SALE,-5,Order,ORD-000118
MOV-0000447,PRD-0016,2026-03-28,SALE,-2,Order,ORD-000118
MOV-0000448,PRD-0066,2026-03-28,SALE,-16,Order,ORD-000118
MOV-0000449,PRD-0047,2026-03-28,SALE,-1,Order,ORD-000118
MOV-0000450,PRD-0050,2025-11-03,SALE,-8,Order,ORD-000119
MOV-0000451,PRD-0003,2025-07-28,SALE,-1,Order,ORD-000120
MOV-0000452,PRD-0021,2025-07-28,SALE,-7,Order,ORD-000120
MOV-0000453,PRD-0066,2025-07-28,SALE,-6,Order,ORD-000120
MOV-0000454,PRD-0029,2025-11-25,SALE,-2,Order,ORD-000122
MOV-0000455,PRD-0068,2025-11-25,SALE,-9,Order,ORD-000122
MOV-0000456,PRD-0045,2025-11-25,SALE,-32,Order,ORD-000122
MOV-0000457,PRD-0031,2025-11-25,SALE,-32,Order,ORD-000122
MOV-0000458,PRD-0025,2025-11-25,SALE,-7,Order,ORD-000122
MOV-0000459,PRD-0061,2026-05-07,SALE,-24,Order,ORD-000123
MOV-0000460,PRD-0034,2026-05-07,SALE,-11,Order,ORD-000123
MOV-0000461,PRD-0051,2026-08-26,SALE,-12,Order,ORD-000124
MOV-0000462,PRD-0005,2026-08-26,SALE,-19,Order,ORD-000124
MOV-0000463,PRD-0050,2025-08-25,SALE,-43,Order,ORD-000125
MOV-0000464,PRD-0032,2025-08-25,SALE,-12,Order,ORD-000125
MOV-0000465,PRD-0015,2025-08-25,SALE,-17,Order,ORD-000125
MOV-0000466,PRD-0045,2025-08-25,SALE,-17,Order,ORD-000125
MOV-0000467,PRD-0040,2025-08-25,SALE,-9,Order,ORD-000125
MOV-0000468,PRD-0008,2026-08-10,SALE,-4,Order,ORD-000126
MOV-0000469,PRD-0040,2026-08-10,SALE,-7,Order,ORD-000126
MOV-0000470,PRD-0032,2026-08-10,SALE,-5,Order,ORD-000126
MOV-0000471,PRD-0069,2026-08-10,SALE,-1,Order,ORD-000126
MOV-0000472,PRD-0063,2026-06-04,SALE,-31,Order,ORD-000127
MOV-0000473,PRD-0005,2026-06-04,SALE,-14,Order,ORD-000127
MOV-0000474,PRD-0066,2026-06-04,SALE,-13,Order,ORD-000127
MOV-0000475,PRD-0011,2026-06-04,SALE,-7,Order,ORD-000127
MOV-0000476,PRD-0022,2026-06-04,SALE,-7,Order,ORD-000127
MOV-0000477,PRD-0069,2026-05-12,SALE,-1,Order,ORD-000128
MOV-0000478,PRD-0056,2026-05-12,SALE,-1,Order,ORD-000128
MOV-0000479,PRD-0064,2026-05-12,SALE,-8,Order,ORD-000128
MOV-0000480,PRD-0036,2026-05-12,SALE,-1,Order,ORD-000128
MOV-0000481,PRD-0021,2025-04-18,SALE,-13,Order,ORD-000129
MOV-0000482,PRD-0065,2025-04-18,SALE,-30,Order,ORD-000129
MOV-0000483,PRD-0060,2026-03-03,SALE,-4,Order,ORD-000132
MOV-0000484,PRD-0058,2026-03-03,SALE,-22,Order,ORD-000132
MOV-0000485,PRD-0023,2026-03-03,SALE,-22,Order,ORD-000132
MOV-0000486,PRD-0034,2026-03-03,SALE,-14,Order,ORD-000132
MOV-0000487,PRD-0045,2026-03-03,SALE,-25,Order,ORD-000132
MOV-0000488,PRD-0038,2026-03-03,SALE,-4,Order,ORD-000132
MOV-0000489,PRD-0005,2025-11-18,SALE,-10,Order,ORD-000133
MOV-0000490,PRD-0066,2025-11-18,SALE,-27,Order,ORD-000133
MOV-0000491,PRD-0010,2025-11-18,SALE,-5,Order,ORD-000133
MOV-0000492,PRD-0007,2025-11-18,SALE,-12,Order,ORD-000133
MOV-0000493,PRD-0007,2026-06-25,SALE,-22,Order,ORD-000134
MOV-0000494,PRD-0021,2026-06-25,SALE,-18,Order,ORD-000134
MOV-0000495,PRD-0026,2026-06-25,SALE,-78,Order,ORD-000134
MOV-0000496,PRD-0030,2026-06-25,SALE,-37,Order,ORD-000134
MOV-0000497,PRD-0061,2025-06-02,SALE,-22,Order,ORD-000135
MOV-0000498,PRD-0021,2025-06-02,SALE,-13,Order,ORD-000135
MOV-0000499,PRD-0037,2025-06-02,SALE,-44,Order,ORD-000135
MOV-0000500,PRD-0005,2026-06-16,SALE,-7,Order,ORD-000136
MOV-0000501,PRD-0022,2026-06-16,SALE,-5,Order,ORD-000136
MOV-0000502,PRD-0037,2026-06-16,SALE,-22,Order,ORD-000136
MOV-0000503,PRD-0001,2025-04-30,SALE,-7,Order,ORD-000137
MOV-0000504,PRD-0037,2025-04-30,SALE,-27,Order,ORD-000137
MOV-0000505,PRD-0053,2025-04-30,SALE,-9,Order,ORD-000137
MOV-0000506,PRD-0066,2025-04-30,SALE,-21,Order,ORD-000137
MOV-0000507,PRD-0034,2025-04-30,SALE,-4,Order,ORD-000137
MOV-0000508,PRD-0066,2025-11-16,SALE,-29,Order,ORD-000139
MOV-0000509,PRD-0069,2025-11-16,SALE,-22,Order,ORD-000139
MOV-0000510,PRD-0010,2025-11-16,SALE,-11,Order,ORD-000139
MOV-0000511,PRD-0007,2025-11-16,SALE,-4,Order,ORD-000139
MOV-0000512,PRD-0048,2025-11-16,SALE,-4,Order,ORD-000139
MOV-0000513,PRD-0034,2025-11-16,SALE,-7,Order,ORD-000139
MOV-0000514,PRD-0021,2025-10-26,SALE,-4,Order,ORD-000140
MOV-0000515,PRD-0011,2025-10-26,SALE,-2,Order,ORD-000140
MOV-0000516,PRD-0066,2025-10-26,SALE,-4,Order,ORD-000140
MOV-0000517,PRD-0030,2025-05-15,SALE,-13,Order,ORD-000141
MOV-0000518,PRD-0025,2025-09-23,SALE,-11,Order,ORD-000142
MOV-0000519,PRD-0005,2025-09-23,SALE,-16,Order,ORD-000142
MOV-0000520,PRD-0058,2025-09-23,SALE,-11,Order,ORD-000142
MOV-0000521,PRD-0027,2025-09-23,SALE,-37,Order,ORD-000142
MOV-0000522,PRD-0036,2025-09-23,SALE,-9,Order,ORD-000142
MOV-0000523,PRD-0052,2025-09-23,SALE,-2,Order,ORD-000142
MOV-0000524,PRD-0027,2025-10-13,SALE,-31,Order,ORD-000143
MOV-0000525,PRD-0033,2025-10-13,SALE,-3,Order,ORD-000143
MOV-0000526,PRD-0013,2025-10-13,SALE,-52,Order,ORD-000143
MOV-0000527,PRD-0024,2025-10-13,SALE,-82,Order,ORD-000143
MOV-0000528,PRD-0003,2026-08-08,SALE,-2,Order,ORD-000144
MOV-0000529,PRD-0005,2026-08-08,SALE,-6,Order,ORD-000144
MOV-0000530,PRD-0049,2026-08-08,SALE,-3,Order,ORD-000144
MOV-0000531,PRD-0070,2026-08-08,SALE,-3,Order,ORD-000144
MOV-0000532,PRD-0023,2026-03-27,SALE,-17,Order,ORD-000145
MOV-0000533,PRD-0066,2026-03-27,SALE,-14,Order,ORD-000145
MOV-0000534,PRD-0046,2026-03-27,SALE,-9,Order,ORD-000145
MOV-0000535,PRD-0057,2026-03-27,SALE,-17,Order,ORD-000145
MOV-0000536,PRD-0008,2026-03-27,SALE,-6,Order,ORD-000145
MOV-0000537,PRD-0065,2026-03-27,SALE,-40,Order,ORD-000145
MOV-0000538,PRD-0026,2026-03-27,SALE,-35,Order,ORD-000145
MOV-0000539,PRD-0007,2026-05-03,SALE,-2,Order,ORD-000147
MOV-0000540,PRD-0037,2026-06-28,SALE,-19,Order,ORD-000148
MOV-0000541,PRD-0053,2026-06-28,SALE,-9,Order,ORD-000148
MOV-0000542,PRD-0007,2026-06-28,SALE,-6,Order,ORD-000148
MOV-0000543,PRD-0045,2025-05-15,SALE,-36,Order,ORD-000150
MOV-0000544,PRD-0038,2025-05-15,SALE,-5,Order,ORD-000150
MOV-0000545,PRD-0049,2025-05-15,SALE,-10,Order,ORD-000150
MOV-0000546,PRD-0066,2026-05-30,SALE,-26,Order,ORD-000151
MOV-0000547,PRD-0034,2026-05-30,SALE,-7,Order,ORD-000151
MOV-0000548,PRD-0045,2026-05-30,SALE,-30,Order,ORD-000151
MOV-0000549,PRD-0007,2026-05-30,SALE,-2,Order,ORD-000151
MOV-0000550,PRD-0053,2026-05-30,SALE,-14,Order,ORD-000151
MOV-0000551,PRD-0045,2026-05-28,SALE,-43,Order,ORD-000152
MOV-0000552,PRD-0022,2026-05-28,SALE,-7,Order,ORD-000152
MOV-0000553,PRD-0030,2026-05-28,SALE,-43,Order,ORD-000152
MOV-0000554,PRD-0069,2026-07-19,SALE,-11,Order,ORD-000153
MOV-0000555,PRD-0063,2026-08-03,SALE,-34,Order,ORD-000154
MOV-0000556,PRD-0007,2026-08-03,SALE,-7,Order,ORD-000154
MOV-0000557,PRD-0029,2026-08-03,SALE,-1,Order,ORD-000154
MOV-0000558,PRD-0045,2025-09-20,SALE,-6,Order,ORD-000155
MOV-0000559,PRD-0061,2025-09-20,SALE,-8,Order,ORD-000155
MOV-0000560,PRD-0009,2025-09-20,SALE,-4,Order,ORD-000155
MOV-0000561,PRD-0027,2025-09-20,SALE,-13,Order,ORD-000155
MOV-0000562,PRD-0069,2026-05-12,SALE,-22,Order,ORD-000157
MOV-0000563,PRD-0030,2026-05-12,SALE,-47,Order,ORD-000157
MOV-0000564,PRD-0017,2026-05-12,SALE,-4,Order,ORD-000157
MOV-0000565,PRD-0035,2026-05-12,SALE,-22,Order,ORD-000157
MOV-0000566,PRD-0030,2025-12-27,SALE,-5,Order,ORD-000158
MOV-0000567,PRD-0023,2025-12-27,SALE,-9,Order,ORD-000158
MOV-0000568,PRD-0005,2025-12-27,SALE,-22,Order,ORD-000158
MOV-0000569,PRD-0019,2025-12-27,SALE,-23,Order,ORD-000158
MOV-0000570,PRD-0055,2026-01-22,SALE,-14,Order,ORD-000159
MOV-0000571,PRD-0027,2026-01-22,SALE,-14,Order,ORD-000159
MOV-0000572,PRD-0069,2025-03-23,SALE,-7,Order,ORD-000160
MOV-0000573,PRD-0034,2025-03-23,SALE,-7,Order,ORD-000160
MOV-0000574,PRD-0050,2025-03-23,SALE,-8,Order,ORD-000160
MOV-0000575,PRD-0022,2025-11-17,SALE,-7,Order,ORD-000161
MOV-0000576,PRD-0045,2025-04-21,SALE,-9,Order,ORD-000162
MOV-0000577,PRD-0003,2025-04-21,SALE,-9,Order,ORD-000162
MOV-0000578,PRD-0007,2026-08-03,SALE,-11,Order,ORD-000163
MOV-0000579,PRD-0063,2026-08-03,SALE,-13,Order,ORD-000163
MOV-0000580,PRD-0064,2026-08-03,SALE,-13,Order,ORD-000163
MOV-0000581,PRD-0069,2026-08-03,SALE,-11,Order,ORD-000163
MOV-0000582,PRD-0053,2026-08-03,SALE,-7,Order,ORD-000163
MOV-0000583,PRD-0043,2026-08-03,SALE,-2,Order,ORD-000163
MOV-0000584,PRD-0034,2026-08-03,SALE,-7,Order,ORD-000163
MOV-0000585,PRD-0023,2025-12-24,SALE,-4,Order,ORD-000164
MOV-0000586,PRD-0064,2025-12-24,SALE,-6,Order,ORD-000164
MOV-0000587,PRD-0001,2026-01-24,SALE,-5,Order,ORD-000166
MOV-0000588,PRD-0005,2026-01-24,SALE,-29,Order,ORD-000166
MOV-0000589,PRD-0052,2026-01-24,SALE,-7,Order,ORD-000166
MOV-0000590,PRD-0050,2026-01-24,SALE,-15,Order,ORD-000166
MOV-0000591,PRD-0013,2026-01-24,SALE,-20,Order,ORD-000166
MOV-0000592,PRD-0032,2026-01-24,SALE,-10,Order,ORD-000166
MOV-0000593,PRD-0037,2026-04-27,SALE,-34,Order,ORD-000167
MOV-0000594,PRD-0033,2026-04-27,SALE,-3,Order,ORD-000167
MOV-0000595,PRD-0022,2026-04-27,SALE,-10,Order,ORD-000167
MOV-0000596,PRD-0045,2026-04-27,SALE,-20,Order,ORD-000167
MOV-0000597,PRD-0034,2026-04-27,SALE,-3,Order,ORD-000167
MOV-0000598,PRD-0030,2025-09-02,SALE,-37,Order,ORD-000169
MOV-0000599,PRD-0024,2025-09-02,SALE,-32,Order,ORD-000169
MOV-0000600,PRD-0025,2025-09-02,SALE,-15,Order,ORD-000169
MOV-0000601,PRD-0056,2025-09-02,SALE,-10,Order,ORD-000169
MOV-0000602,PRD-0034,2026-07-09,SALE,-3,Order,ORD-000171
MOV-0000603,PRD-0004,2026-07-09,SALE,-3,Order,ORD-000171
MOV-0000604,PRD-0066,2026-07-09,SALE,-3,Order,ORD-000171
MOV-0000605,PRD-0011,2026-02-23,SALE,-3,Order,ORD-000172
MOV-0000606,PRD-0005,2026-02-23,SALE,-16,Order,ORD-000172
MOV-0000607,PRD-0053,2026-02-23,SALE,-14,Order,ORD-000172
MOV-0000608,PRD-0003,2026-01-24,SALE,-8,Order,ORD-000173
MOV-0000609,PRD-0049,2026-07-08,SALE,-4,Order,ORD-000175
MOV-0000610,PRD-0009,2026-07-08,SALE,-2,Order,ORD-000175
MOV-0000611,PRD-0058,2026-03-04,SALE,-3,Order,ORD-000176
MOV-0000612,PRD-0030,2026-03-04,SALE,-34,Order,ORD-000176
MOV-0000613,PRD-0007,2026-03-04,SALE,-19,Order,ORD-000176
MOV-0000614,PRD-0069,2026-03-04,SALE,-19,Order,ORD-000176
MOV-0000615,PRD-0050,2026-03-04,SALE,-28,Order,ORD-000176
MOV-0000616,PRD-0045,2025-03-12,SALE,-9,Order,ORD-000177
MOV-0000617,PRD-0012,2025-03-12,SALE,-3,Order,ORD-000177
MOV-0000618,PRD-0058,2025-12-13,SALE,-4,Order,ORD-000178
MOV-0000619,PRD-0023,2026-03-09,SALE,-7,Order,ORD-000179
MOV-0000620,PRD-0066,2026-03-09,SALE,-50,Order,ORD-000179
MOV-0000621,PRD-0036,2026-03-09,SALE,-10,Order,ORD-000179
MOV-0000622,PRD-0050,2025-10-14,SALE,-37,Order,ORD-000180
MOV-0000623,PRD-0062,2025-10-14,SALE,-49,Order,ORD-000180
MOV-0000624,PRD-0034,2025-10-14,SALE,-19,Order,ORD-000180
MOV-0000625,PRD-0036,2025-10-14,SALE,-11,Order,ORD-000180
MOV-0000626,PRD-0030,2025-10-14,SALE,-37,Order,ORD-000180
MOV-0000627,PRD-0026,2025-11-01,SALE,-49,Order,ORD-000181
MOV-0000628,PRD-0066,2025-11-01,SALE,-41,Order,ORD-000181
MOV-0000629,PRD-0032,2025-11-01,SALE,-16,Order,ORD-000181
MOV-0000630,PRD-0054,2025-11-01,SALE,-57,Order,ORD-000181
MOV-0000631,PRD-0037,2025-11-01,SALE,-61,Order,ORD-000181
MOV-0000632,PRD-0011,2026-06-18,SALE,-16,Order,ORD-000183
MOV-0000633,PRD-0023,2026-06-18,SALE,-14,Order,ORD-000183
MOV-0000634,PRD-0040,2026-06-18,SALE,-14,Order,ORD-000183
MOV-0000635,PRD-0034,2026-06-18,SALE,-5,Order,ORD-000183
MOV-0000636,PRD-0030,2026-02-21,SALE,-14,Order,ORD-000185
MOV-0000637,PRD-0066,2026-02-21,SALE,-30,Order,ORD-000185
MOV-0000638,PRD-0032,2026-02-21,SALE,-10,Order,ORD-000185
MOV-0000639,PRD-0006,2026-02-21,SALE,-17,Order,ORD-000185
MOV-0000640,PRD-0026,2026-02-21,SALE,-68,Order,ORD-000185
MOV-0000641,PRD-0069,2026-02-21,SALE,-7,Order,ORD-000185
MOV-0000642,PRD-0050,2026-02-21,SALE,-14,Order,ORD-000185
MOV-0000643,PRD-0049,2026-05-05,SALE,-31,Order,ORD-000186
MOV-0000644,PRD-0069,2026-05-05,SALE,-14,Order,ORD-000186
MOV-0000645,PRD-0007,2026-08-27,SALE,-8,Order,ORD-000187
MOV-0000646,PRD-0034,2026-08-27,SALE,-8,Order,ORD-000187
MOV-0000647,PRD-0055,2026-08-27,SALE,-2,Order,ORD-000187
MOV-0000648,PRD-0019,2026-08-27,SALE,-18,Order,ORD-000187
MOV-0000649,PRD-0066,2026-08-01,SALE,-37,Order,ORD-000188
MOV-0000650,PRD-0053,2025-12-22,SALE,-7,Order,ORD-000191
MOV-0000651,PRD-0015,2025-12-22,SALE,-11,Order,ORD-000191
MOV-0000652,PRD-0027,2025-05-07,SALE,-16,Order,ORD-000192
MOV-0000653,PRD-0022,2025-05-07,SALE,-3,Order,ORD-000192
MOV-0000654,PRD-0008,2025-05-07,SALE,-6,Order,ORD-000192
MOV-0000655,PRD-0030,2026-05-10,SALE,-7,Order,ORD-000193
MOV-0000656,PRD-0007,2026-05-10,SALE,-1,Order,ORD-000193
MOV-0000657,PRD-0036,2026-05-10,SALE,-6,Order,ORD-000193
MOV-0000658,PRD-0047,2026-05-10,SALE,-1,Order,ORD-000193
MOV-0000659,PRD-0034,2026-05-10,SALE,-5,Order,ORD-000193
MOV-0000660,PRD-0034,2026-03-04,SALE,-11,Order,ORD-000194
MOV-0000661,PRD-0027,2026-03-04,SALE,-38,Order,ORD-000194
MOV-0000662,PRD-0045,2026-03-04,SALE,-31,Order,ORD-000194
MOV-0000663,PRD-0051,2026-06-14,SALE,-22,Order,ORD-000195
MOV-0000664,PRD-0025,2026-06-30,SALE,-7,Order,ORD-000196
MOV-0000665,PRD-0045,2026-06-30,SALE,-30,Order,ORD-000196
MOV-0000666,PRD-0050,2026-06-30,SALE,-36,Order,ORD-000196
MOV-0000667,PRD-0056,2026-06-30,SALE,-13,Order,ORD-000196
MOV-0000668,PRD-0005,2026-06-30,SALE,-33,Order,ORD-000196
MOV-0000669,PRD-0047,2026-06-30,SALE,-3,Order,ORD-000196
MOV-0000670,PRD-0053,2026-07-08,SALE,-12,Order,ORD-000197
MOV-0000671,PRD-0031,2026-07-08,SALE,-54,Order,ORD-000197
MOV-0000672,PRD-0062,2026-07-08,SALE,-37,Order,ORD-000197
MOV-0000673,PRD-0045,2026-07-08,SALE,-12,Order,ORD-000197
MOV-0000674,PRD-0009,2025-11-03,SALE,-4,Order,ORD-000198
MOV-0000675,PRD-0006,2025-11-03,SALE,-9,Order,ORD-000198
MOV-0000676,PRD-0066,2025-11-03,SALE,-20,Order,ORD-000198
MOV-0000677,PRD-0067,2025-11-03,SALE,-16,Order,ORD-000198
MOV-0000678,PRD-0011,2025-08-30,SALE,-8,Order,ORD-000199
MOV-0000679,PRD-0063,2025-08-30,SALE,-12,Order,ORD-000199
MOV-0000680,PRD-0021,2026-01-23,SALE,-8,Order,ORD-000200
MOV-0000681,PRD-0016,2026-01-23,SALE,-17,Order,ORD-000200
MOV-0000682,PRD-0034,2026-01-23,SALE,-4,Order,ORD-000200
MOV-0000683,PRD-0036,2025-12-05,SALE,-5,Order,ORD-000202
MOV-0000684,PRD-0045,2025-12-05,SALE,-4,Order,ORD-000202
MOV-0000685,PRD-0050,2025-12-05,SALE,-15,Order,ORD-000202
MOV-0000686,PRD-0009,2025-12-05,SALE,-5,Order,ORD-000202
MOV-0000687,PRD-0027,2026-01-05,SALE,-63,Order,ORD-000203
MOV-0000688,PRD-0049,2026-01-05,SALE,-39,Order,ORD-000203
MOV-0000689,PRD-0036,2026-01-05,SALE,-8,Order,ORD-000203
MOV-0000690,PRD-0021,2026-01-05,SALE,-16,Order,ORD-000203
MOV-0000691,PRD-0050,2026-01-05,SALE,-51,Order,ORD-000203
MOV-0000692,PRD-0040,2025-12-09,SALE,-5,Order,ORD-000204
MOV-0000693,PRD-0026,2026-06-12,SALE,-53,Order,ORD-000206
MOV-0000694,PRD-0009,2026-06-12,SALE,-8,Order,ORD-000206
MOV-0000695,PRD-0048,2026-06-12,SALE,-4,Order,ORD-000206
MOV-0000696,PRD-0006,2026-06-12,SALE,-20,Order,ORD-000206
MOV-0000697,PRD-0054,2026-06-12,SALE,-61,Order,ORD-000206
MOV-0000698,PRD-0028,2026-06-12,SALE,-94,Order,ORD-000206
MOV-0000699,PRD-0031,2025-03-09,SALE,-17,Order,ORD-000208
MOV-0000700,PRD-0060,2025-03-09,SALE,-5,Order,ORD-000208
MOV-0000701,PRD-0005,2025-03-09,SALE,-14,Order,ORD-000208
MOV-0000702,PRD-0065,2025-03-09,SALE,-19,Order,ORD-000208
MOV-0000703,PRD-0017,2025-03-09,SALE,-5,Order,ORD-000208
MOV-0000704,PRD-0037,2026-09-06,SALE,-44,Order,ORD-000209
MOV-0000705,PRD-0063,2026-09-06,SALE,-25,Order,ORD-000209
MOV-0000706,PRD-0053,2026-09-06,SALE,-8,Order,ORD-000209
MOV-0000707,PRD-0066,2026-09-06,SALE,-6,Order,ORD-000209
MOV-0000708,PRD-0030,2025-04-13,SALE,-6,Order,ORD-000210
MOV-0000709,PRD-0066,2025-04-13,SALE,-17,Order,ORD-000210
MOV-0000710,PRD-0030,2025-12-08,SALE,-8,Order,ORD-000211
MOV-0000711,PRD-0067,2025-12-08,SALE,-3,Order,ORD-000211
MOV-0000712,PRD-0049,2025-12-08,SALE,-12,Order,ORD-000211
MOV-0000713,PRD-0004,2025-12-08,SALE,-10,Order,ORD-000211
MOV-0000714,PRD-0037,2025-10-14,SALE,-35,Order,ORD-000212
MOV-0000715,PRD-0050,2025-06-25,SALE,-5,Order,ORD-000213
MOV-0000716,PRD-0053,2025-06-25,SALE,-2,Order,ORD-000213
MOV-0000717,PRD-0023,2025-06-25,SALE,-2,Order,ORD-000213
MOV-0000718,PRD-0034,2025-06-25,SALE,-1,Order,ORD-000213
MOV-0000719,PRD-0008,2026-01-07,SALE,-4,Order,ORD-000214
MOV-0000720,PRD-0040,2026-01-07,SALE,-16,Order,ORD-000214
MOV-0000721,PRD-0023,2026-01-07,SALE,-16,Order,ORD-000214
MOV-0000722,PRD-0054,2026-01-07,SALE,-16,Order,ORD-000214
MOV-0000723,PRD-0013,2026-01-07,SALE,-99,Order,ORD-000214
MOV-0000724,PRD-0005,2026-08-19,SALE,-12,Order,ORD-000218
MOV-0000725,PRD-0053,2026-08-19,SALE,-12,Order,ORD-000218
MOV-0000726,PRD-0030,2026-08-19,SALE,-24,Order,ORD-000218
MOV-0000727,PRD-0053,2026-06-03,SALE,-8,Order,ORD-000219
MOV-0000728,PRD-0066,2026-06-03,SALE,-9,Order,ORD-000219
MOV-0000729,PRD-0024,2026-06-03,SALE,-17,Order,ORD-000219
MOV-0000730,PRD-0021,2026-06-03,SALE,-8,Order,ORD-000219
MOV-0000731,PRD-0040,2025-06-01,SALE,-7,Order,ORD-000220
MOV-0000732,PRD-0037,2025-06-01,SALE,-19,Order,ORD-000220
MOV-0000733,PRD-0030,2025-06-01,SALE,-12,Order,ORD-000220
MOV-0000734,PRD-0005,2026-08-21,SALE,-2,Order,ORD-000221
MOV-0000735,PRD-0053,2026-08-21,SALE,-4,Order,ORD-000221
MOV-0000736,PRD-0052,2026-05-30,SALE,-12,Order,ORD-000222
MOV-0000737,PRD-0005,2026-05-30,SALE,-30,Order,ORD-000222
MOV-0000738,PRD-0066,2026-05-30,SALE,-20,Order,ORD-000222
MOV-0000739,PRD-0031,2026-08-13,SALE,-12,Order,ORD-000223
MOV-0000740,PRD-0005,2026-08-13,SALE,-12,Order,ORD-000223
MOV-0000741,PRD-0060,2025-07-14,SALE,-10,Order,ORD-000225
MOV-0000742,PRD-0011,2025-07-14,SALE,-5,Order,ORD-000225
MOV-0000743,PRD-0008,2025-07-14,SALE,-7,Order,ORD-000225
MOV-0000744,PRD-0037,2026-01-29,SALE,-45,Order,ORD-000226
MOV-0000745,PRD-0009,2026-01-29,SALE,-2,Order,ORD-000226
MOV-0000746,PRD-0007,2026-01-29,SALE,-4,Order,ORD-000226
MOV-0000747,PRD-0007,2025-11-16,SALE,-14,Order,ORD-000227
MOV-0000748,PRD-0023,2025-11-16,SALE,-7,Order,ORD-000227
MOV-0000749,PRD-0069,2025-11-16,SALE,-14,Order,ORD-000227
MOV-0000750,PRD-0032,2025-11-16,SALE,-11,Order,ORD-000227
MOV-0000751,PRD-0009,2025-11-16,SALE,-7,Order,ORD-000227
MOV-0000752,PRD-0014,2025-11-16,SALE,-4,Order,ORD-000227
MOV-0000753,PRD-0045,2025-10-13,SALE,-26,Order,ORD-000228
MOV-0000754,PRD-0050,2025-10-13,SALE,-39,Order,ORD-000228
MOV-0000755,PRD-0046,2025-10-13,SALE,-8,Order,ORD-000228
MOV-0000756,PRD-0037,2025-06-02,SALE,-33,Order,ORD-000230
MOV-0000757,PRD-0004,2025-06-02,SALE,-4,Order,ORD-000230
MOV-0000758,PRD-0038,2026-02-05,SALE,-16,Order,ORD-000231
MOV-0000759,PRD-0053,2026-02-05,SALE,-8,Order,ORD-000231
MOV-0000760,PRD-0024,2026-02-05,SALE,-41,Order,ORD-000231
MOV-0000761,PRD-0030,2026-02-05,SALE,-61,Order,ORD-000231
MOV-0000762,PRD-0035,2026-02-05,SALE,-16,Order,ORD-000231
MOV-0000763,PRD-0054,2026-02-05,SALE,-37,Order,ORD-000231
MOV-0000764,PRD-0049,2026-08-11,SALE,-11,Order,ORD-000232
MOV-0000765,PRD-0006,2026-08-11,SALE,-5,Order,ORD-000232
MOV-0000766,PRD-0033,2025-03-20,SALE,-8,Order,ORD-000233
MOV-0000767,PRD-0038,2025-03-20,SALE,-3,Order,ORD-000233
MOV-0000768,PRD-0013,2025-03-20,SALE,-41,Order,ORD-000233
MOV-0000769,PRD-0005,2025-03-20,SALE,-18,Order,ORD-000233
MOV-0000770,PRD-0066,2025-03-20,SALE,-8,Order,ORD-000233
MOV-0000771,PRD-0038,2026-06-29,SALE,-10,Order,ORD-000235
MOV-0000772,PRD-0005,2026-06-29,SALE,-8,Order,ORD-000235
MOV-0000773,PRD-0011,2026-06-29,SALE,-6,Order,ORD-000235
MOV-0000774,PRD-0036,2026-06-29,SALE,-6,Order,ORD-000235
MOV-0000775,PRD-0045,2025-12-23,SALE,-37,Order,ORD-000236
MOV-0000776,PRD-0023,2025-12-23,SALE,-6,Order,ORD-000236
MOV-0000777,PRD-0036,2025-12-23,SALE,-9,Order,ORD-000236
MOV-0000778,PRD-0027,2025-12-07,SALE,-6,Order,ORD-000237
MOV-0000779,PRD-0005,2025-12-07,SALE,-6,Order,ORD-000237
MOV-0000780,PRD-0053,2025-12-07,SALE,-2,Order,ORD-000237
MOV-0000781,PRD-0058,2026-08-19,SALE,-2,Order,ORD-000238
MOV-0000782,PRD-0037,2025-04-26,SALE,-18,Order,ORD-000240
MOV-0000783,PRD-0034,2026-03-30,SALE,-11,Order,ORD-000241
MOV-0000784,PRD-0045,2026-03-30,SALE,-50,Order,ORD-000241
MOV-0000785,PRD-0027,2026-03-30,SALE,-18,Order,ORD-000241
MOV-0000786,PRD-0007,2026-03-30,SALE,-7,Order,ORD-000241
MOV-0000787,PRD-0053,2026-03-30,SALE,-18,Order,ORD-000241
MOV-0000788,PRD-0031,2026-03-30,SALE,-25,Order,ORD-000241
MOV-0000789,PRD-0063,2026-07-17,SALE,-21,Order,ORD-000242
MOV-0000790,PRD-0066,2026-07-17,SALE,-10,Order,ORD-000242
MOV-0000791,PRD-0007,2026-07-17,SALE,-5,Order,ORD-000242
MOV-0000792,PRD-0021,2025-07-10,SALE,-15,Order,ORD-000246
MOV-0000793,PRD-0032,2025-07-10,SALE,-2,Order,ORD-000246
MOV-0000794,PRD-0034,2025-07-10,SALE,-15,Order,ORD-000246
MOV-0000795,PRD-0005,2025-07-10,SALE,-34,Order,ORD-000246
MOV-0000796,PRD-0007,2026-03-01,SALE,-10,Order,ORD-000247
MOV-0000797,PRD-0030,2026-03-01,SALE,-35,Order,ORD-000247
MOV-0000798,PRD-0034,2026-03-01,SALE,-3,Order,ORD-000247
MOV-0000799,PRD-0045,2026-03-01,SALE,-35,Order,ORD-000247
MOV-0000800,PRD-0013,2026-03-01,SALE,-42,Order,ORD-000247
MOV-0000801,PRD-0033,2026-03-01,SALE,-7,Order,ORD-000247
MOV-0000802,PRD-0064,2026-03-01,SALE,-17,Order,ORD-000247
MOV-0000803,PRD-0062,2025-11-29,SALE,-11,Order,ORD-000248
MOV-0000804,PRD-0058,2025-11-29,SALE,-21,Order,ORD-000248
MOV-0000805,PRD-0053,2025-11-29,SALE,-18,Order,ORD-000248
MOV-0000806,PRD-0013,2026-07-13,SALE,-28,Order,ORD-000249
MOV-0000807,PRD-0061,2026-07-13,SALE,-8,Order,ORD-000249
MOV-0000808,PRD-0069,2026-07-13,SALE,-8,Order,ORD-000249
MOV-0000809,PRD-0045,2026-07-13,SALE,-13,Order,ORD-000249
MOV-0000810,PRD-0007,2025-12-13,SALE,-7,Order,ORD-000250
MOV-0000811,PRD-0006,2025-12-13,SALE,-4,Order,ORD-000250
MOV-0000812,PRD-0066,2025-12-13,SALE,-9,Order,ORD-000250
MOV-0000813,PRD-0025,2025-09-05,SALE,-4,Order,ORD-000251
MOV-0000814,PRD-0049,2025-09-05,SALE,-27,Order,ORD-000251
MOV-0000815,PRD-0013,2025-09-05,SALE,-97,Order,ORD-000251
MOV-0000816,PRD-0009,2025-06-05,SALE,-3,Order,ORD-000253
MOV-0000817,PRD-0013,2025-06-05,SALE,-24,Order,ORD-000253
MOV-0000818,PRD-0034,2025-06-05,SALE,-3,Order,ORD-000253
MOV-0000819,PRD-0036,2026-08-12,SALE,-13,Order,ORD-000254
MOV-0000820,PRD-0033,2026-08-12,SALE,-21,Order,ORD-000254
MOV-0000821,PRD-0058,2026-02-10,SALE,-4,Order,ORD-000255
MOV-0000822,PRD-0069,2026-02-10,SALE,-4,Order,ORD-000255
MOV-0000823,PRD-0030,2026-02-10,SALE,-9,Order,ORD-000255
MOV-0000824,PRD-0032,2026-02-10,SALE,-7,Order,ORD-000255
MOV-0000825,PRD-0034,2026-03-06,SALE,-11,Order,ORD-000257
MOV-0000826,PRD-0067,2026-03-06,SALE,-17,Order,ORD-000257
MOV-0000827,PRD-0056,2026-02-15,SALE,-8,Order,ORD-000258
MOV-0000828,PRD-0057,2025-09-27,SALE,-16,Order,ORD-000259
MOV-0000829,PRD-0038,2025-09-27,SALE,-3,Order,ORD-000259
MOV-0000830,PRD-0034,2025-09-27,SALE,-10,Order,ORD-000259
MOV-0000831,PRD-0066,2025-09-27,SALE,-26,Order,ORD-000259
MOV-0000832,PRD-0030,2025-09-27,SALE,-48,Order,ORD-000259
MOV-0000833,PRD-0040,2025-09-27,SALE,-3,Order,ORD-000259
MOV-0000834,PRD-0034,2026-08-15,SALE,-24,Order,ORD-000260
MOV-0000835,PRD-0063,2026-08-15,SALE,-82,Order,ORD-000260
MOV-0000836,PRD-0032,2026-08-15,SALE,-16,Order,ORD-000260
MOV-0000837,PRD-0066,2026-08-15,SALE,-20,Order,ORD-000260
MOV-0000838,PRD-0062,2026-08-15,SALE,-31,Order,ORD-000260
MOV-0000839,PRD-0036,2026-08-22,SALE,-2,Order,ORD-000261
MOV-0000840,PRD-0027,2026-08-22,SALE,-38,Order,ORD-000261
MOV-0000841,PRD-0008,2026-08-22,SALE,-11,Order,ORD-000261
MOV-0000842,PRD-0011,2026-08-22,SALE,-7,Order,ORD-000261
MOV-0000843,PRD-0017,2026-08-22,SALE,-4,Order,ORD-000261
MOV-0000844,PRD-0018,2026-08-22,SALE,-7,Order,ORD-000261
MOV-0000845,PRD-0067,2026-08-22,SALE,-13,Order,ORD-000261
MOV-0000846,PRD-0050,2025-08-16,SALE,-25,Order,ORD-000262
MOV-0000847,PRD-0007,2025-08-16,SALE,-11,Order,ORD-000262
MOV-0000848,PRD-0005,2025-08-16,SALE,-18,Order,ORD-000262
MOV-0000849,PRD-0058,2025-08-16,SALE,-4,Order,ORD-000262
MOV-0000850,PRD-0036,2025-08-16,SALE,-7,Order,ORD-000262
MOV-0000851,PRD-0034,2025-04-07,SALE,-3,Order,ORD-000263
MOV-0000852,PRD-0033,2025-04-07,SALE,-10,Order,ORD-000263
MOV-0000853,PRD-0061,2025-04-07,SALE,-46,Order,ORD-000263
MOV-0000854,PRD-0008,2025-05-18,SALE,-4,Order,ORD-000264
MOV-0000855,PRD-0014,2026-05-12,SALE,-8,Order,ORD-000265
MOV-0000856,PRD-0005,2026-05-12,SALE,-34,Order,ORD-000265
MOV-0000857,PRD-0001,2026-05-12,SALE,-11,Order,ORD-000265
MOV-0000858,PRD-0060,2026-05-12,SALE,-11,Order,ORD-000265
MOV-0000859,PRD-0014,2025-03-16,SALE,-8,Order,ORD-000266
MOV-0000860,PRD-0005,2026-06-11,SALE,-15,Order,ORD-000267
MOV-0000861,PRD-0052,2026-06-11,SALE,-9,Order,ORD-000267
MOV-0000862,PRD-0045,2026-01-16,SALE,-27,Order,ORD-000268
MOV-0000863,PRD-0046,2026-01-16,SALE,-2,Order,ORD-000268
MOV-0000864,PRD-0040,2025-08-01,SALE,-1,Order,ORD-000269
MOV-0000865,PRD-0048,2025-08-01,SALE,-2,Order,ORD-000269
MOV-0000866,PRD-0039,2025-08-01,SALE,-11,Order,ORD-000269
MOV-0000867,PRD-0031,2025-08-01,SALE,-3,Order,ORD-000269
MOV-0000868,PRD-0065,2026-01-08,SALE,-22,Order,ORD-000270
MOV-0000869,PRD-0054,2025-08-29,SALE,-6,Order,ORD-000271
MOV-0000870,PRD-0034,2025-08-29,SALE,-1,Order,ORD-000271
MOV-0000871,PRD-0046,2025-08-29,SALE,-3,Order,ORD-000271
MOV-0000872,PRD-0037,2025-11-04,SALE,-8,Order,ORD-000272
MOV-0000873,PRD-0013,2025-11-04,SALE,-10,Order,ORD-000272
MOV-0000874,PRD-0029,2025-07-26,SALE,-5,Order,ORD-000273
MOV-0000875,PRD-0043,2025-07-26,SALE,-8,Order,ORD-000273
MOV-0000876,PRD-0021,2025-07-26,SALE,-8,Order,ORD-000273
MOV-0000877,PRD-0053,2025-11-26,SALE,-5,Order,ORD-000274
MOV-0000878,PRD-0005,2025-11-26,SALE,-32,Order,ORD-000274
MOV-0000879,PRD-0030,2025-11-26,SALE,-28,Order,ORD-000274
MOV-0000880,PRD-0023,2025-11-26,SALE,-9,Order,ORD-000274
MOV-0000881,PRD-0009,2026-04-02,SALE,-8,Order,ORD-000275
MOV-0000882,PRD-0064,2026-04-02,SALE,-13,Order,ORD-000275
MOV-0000883,PRD-0053,2026-04-02,SALE,-3,Order,ORD-000275
MOV-0000884,PRD-0022,2026-04-02,SALE,-8,Order,ORD-000275
MOV-0000885,PRD-0007,2025-10-27,SALE,-4,Order,ORD-000276
MOV-0000886,PRD-0043,2025-10-27,SALE,-8,Order,ORD-000276
MOV-0000887,PRD-0032,2025-10-27,SALE,-4,Order,ORD-000276
MOV-0000888,PRD-0046,2025-10-27,SALE,-8,Order,ORD-000276
MOV-0000889,PRD-0034,2025-10-27,SALE,-2,Order,ORD-000276
MOV-0000890,PRD-0050,2025-11-24,SALE,-9,Order,ORD-000277
MOV-0000891,PRD-0034,2026-03-15,SALE,-11,Order,ORD-000278
MOV-0000892,PRD-0027,2026-03-15,SALE,-39,Order,ORD-000278
MOV-0000893,PRD-0007,2026-03-15,SALE,-11,Order,ORD-000278
MOV-0000894,PRD-0015,2026-03-15,SALE,-4,Order,ORD-000278
MOV-0000895,PRD-0063,2026-03-15,SALE,-74,Order,ORD-000278
MOV-0000896,PRD-0066,2026-03-15,SALE,-14,Order,ORD-000278
MOV-0000897,PRD-0030,2026-07-14,SALE,-14,Order,ORD-000280
MOV-0000898,PRD-0009,2026-07-14,SALE,-21,Order,ORD-000280
MOV-0000899,PRD-0045,2026-07-14,SALE,-50,Order,ORD-000280
MOV-0000900,PRD-0017,2026-07-14,SALE,-7,Order,ORD-000280
MOV-0000901,PRD-0031,2026-07-14,SALE,-35,Order,ORD-000280
MOV-0000902,PRD-0034,2025-11-29,SALE,-21,Order,ORD-000282
MOV-0000903,PRD-0045,2025-11-29,SALE,-38,Order,ORD-000282
MOV-0000904,PRD-0046,2025-11-29,SALE,-3,Order,ORD-000282
MOV-0000905,PRD-0040,2025-11-29,SALE,-17,Order,ORD-000282
MOV-0000906,PRD-0065,2025-11-29,SALE,-42,Order,ORD-000282
MOV-0000907,PRD-0047,2025-11-29,SALE,-17,Order,ORD-000282
MOV-0000908,PRD-0036,2025-11-29,SALE,-21,Order,ORD-000282
MOV-0000909,PRD-0051,2026-05-08,SALE,-31,Order,ORD-000283
MOV-0000910,PRD-0032,2026-05-08,SALE,-9,Order,ORD-000283
MOV-0000911,PRD-0050,2025-11-14,SALE,-17,Order,ORD-000284
MOV-0000912,PRD-0049,2025-11-14,SALE,-27,Order,ORD-000284
MOV-0000913,PRD-0028,2025-11-14,SALE,-52,Order,ORD-000284
MOV-0000914,PRD-0065,2026-04-05,SALE,-5,Order,ORD-000285
MOV-0000915,PRD-0035,2026-04-05,SALE,-6,Order,ORD-000285
MOV-0000916,PRD-0063,2026-05-16,SALE,-24,Order,ORD-000286
MOV-0000917,PRD-0052,2026-05-16,SALE,-4,Order,ORD-000286
MOV-0000918,PRD-0046,2026-05-16,SALE,-9,Order,ORD-000286
MOV-0000919,PRD-0066,2026-05-16,SALE,-20,Order,ORD-000286
MOV-0000920,PRD-0031,2025-10-11,SALE,-18,Order,ORD-000287
MOV-0000921,PRD-0057,2025-10-11,SALE,-3,Order,ORD-000287
MOV-0000922,PRD-0013,2026-01-18,SALE,-88,Order,ORD-000288
MOV-0000923,PRD-0045,2026-01-18,SALE,-55,Order,ORD-000288
MOV-0000924,PRD-0031,2026-01-18,SALE,-40,Order,ORD-000288
MOV-0000925,PRD-0045,2025-10-19,SALE,-29,Order,ORD-000289
MOV-0000926,PRD-0032,2025-10-19,SALE,-11,Order,ORD-000289
MOV-0000927,PRD-0030,2025-10-19,SALE,-11,Order,ORD-000289
MOV-0000928,PRD-0057,2025-10-02,SALE,-8,Order,ORD-000290
MOV-0000929,PRD-0035,2025-10-02,SALE,-2,Order,ORD-000290
MOV-0000930,PRD-0013,2025-05-14,SALE,-18,Order,ORD-000292
MOV-0000931,PRD-0069,2025-05-14,SALE,-5,Order,ORD-000292
MOV-0000932,PRD-0028,2025-08-14,SALE,-23,Order,ORD-000293
MOV-0000933,PRD-0034,2025-08-14,SALE,-4,Order,ORD-000293
MOV-0000934,PRD-0005,2025-08-14,SALE,-6,Order,ORD-000293
MOV-0000935,PRD-0007,2025-08-14,SALE,-2,Order,ORD-000293
MOV-0000936,PRD-0045,2025-12-30,SALE,-22,Order,ORD-000294
MOV-0000937,PRD-0027,2025-12-30,SALE,-38,Order,ORD-000294
MOV-0000938,PRD-0024,2026-06-20,SALE,-23,Order,ORD-000295
MOV-0000939,PRD-0037,2026-06-20,SALE,-14,Order,ORD-000295
MOV-0000940,PRD-0005,2026-06-20,SALE,-13,Order,ORD-000295
MOV-0000941,PRD-0069,2026-06-20,SALE,-6,Order,ORD-000295
MOV-0000942,PRD-0063,2025-09-17,SALE,-26,Order,ORD-000296
MOV-0000943,PRD-0033,2025-12-15,SALE,-9,Order,ORD-000297
MOV-0000944,PRD-0053,2026-06-12,SALE,-4,Order,ORD-000298
MOV-0000945,PRD-0003,2026-06-12,SALE,-19,Order,ORD-000298
MOV-0000946,PRD-0034,2026-06-12,SALE,-15,Order,ORD-000298
MOV-0000947,PRD-0005,2026-06-12,SALE,-50,Order,ORD-000298
MOV-0000948,PRD-0032,2026-06-12,SALE,-11,Order,ORD-000298
MOV-0000949,PRD-0066,2026-07-11,SALE,-9,Order,ORD-000299
MOV-0000950,PRD-0007,2026-07-11,SALE,-13,Order,ORD-000299
MOV-0000951,PRD-0057,2026-07-11,SALE,-13,Order,ORD-000299
MOV-0000952,PRD-0063,2026-07-11,SALE,-54,Order,ORD-000299
MOV-0000953,PRD-0013,2026-03-31,SALE,-16,Order,ORD-000300
MOV-0000954,PRD-0068,2026-03-31,SALE,-4,Order,ORD-000300
MOV-0000955,PRD-0036,2026-03-31,SALE,-8,Order,ORD-000300
MOV-0000956,PRD-0028,2026-03-31,SALE,-7,Order,ORD-000300
MOV-0000957,PRD-0053,2026-03-31,SALE,-7,Order,ORD-000300
MOV-0000958,PRD-0002,2026-08-16,SALE,-15,Order,ORD-000301
MOV-0000959,PRD-0026,2025-04-17,SALE,-28,Order,ORD-000302
MOV-0000960,PRD-0066,2025-04-17,SALE,-12,Order,ORD-000302
MOV-0000961,PRD-0007,2025-04-17,SALE,-1,Order,ORD-000302
MOV-0000962,PRD-0058,2025-04-17,SALE,-6,Order,ORD-000302
MOV-0000963,PRD-0060,2025-09-22,SALE,-12,Order,ORD-000303
MOV-0000964,PRD-0021,2025-09-22,SALE,-12,Order,ORD-000303
MOV-0000965,PRD-0007,2025-09-22,SALE,-8,Order,ORD-000303
MOV-0000966,PRD-0055,2025-09-22,SALE,-6,Order,ORD-000303
MOV-0000967,PRD-0022,2026-07-23,SALE,-3,Order,ORD-000304
MOV-0000968,PRD-0030,2026-07-23,SALE,-7,Order,ORD-000304
MOV-0000969,PRD-0007,2026-07-23,SALE,-4,Order,ORD-000304
MOV-0000970,PRD-0027,2026-07-23,SALE,-5,Order,ORD-000304
MOV-0000971,PRD-0053,2026-08-04,SALE,-5,Order,ORD-000305
MOV-0000972,PRD-0021,2026-08-04,SALE,-7,Order,ORD-000305
MOV-0000973,PRD-0038,2026-08-04,SALE,-11,Order,ORD-000305
MOV-0000974,PRD-0030,2025-04-20,SALE,-13,Order,ORD-000306
MOV-0000975,PRD-0069,2025-04-20,SALE,-4,Order,ORD-000306
MOV-0000976,PRD-0007,2025-04-20,SALE,-6,Order,ORD-000306
MOV-0000977,PRD-0066,2025-04-20,SALE,-22,Order,ORD-000306
MOV-0000978,PRD-0057,2025-04-20,SALE,-6,Order,ORD-000306
MOV-0000979,PRD-0034,2025-06-18,SALE,-5,Order,ORD-000307
MOV-0000980,PRD-0033,2025-06-18,SALE,-11,Order,ORD-000307
MOV-0000981,PRD-0045,2025-06-18,SALE,-34,Order,ORD-000307
MOV-0000982,PRD-0031,2025-06-18,SALE,-23,Order,ORD-000307
MOV-0000983,PRD-0030,2026-04-14,SALE,-15,Order,ORD-000308
MOV-0000984,PRD-0022,2026-04-14,SALE,-2,Order,ORD-000308
MOV-0000985,PRD-0058,2026-04-14,SALE,-9,Order,ORD-000308
MOV-0000986,PRD-0050,2026-04-14,SALE,-24,Order,ORD-000308
MOV-0000987,PRD-0063,2026-04-14,SALE,-32,Order,ORD-000308
MOV-0000988,PRD-0026,2026-03-03,SALE,-14,Order,ORD-000309
MOV-0000989,PRD-0004,2026-03-03,SALE,-6,Order,ORD-000309
MOV-0000990,PRD-0023,2025-06-24,SALE,-4,Order,ORD-000310
MOV-0000991,PRD-0060,2025-06-24,SALE,-5,Order,ORD-000310
MOV-0000992,PRD-0059,2026-03-04,SALE,-8,Order,ORD-000312
MOV-0000993,PRD-0027,2026-03-04,SALE,-10,Order,ORD-000312
MOV-0000994,PRD-0013,2026-03-04,SALE,-43,Order,ORD-000312
MOV-0000995,PRD-0010,2026-03-04,SALE,-2,Order,ORD-000312
MOV-0000996,PRD-0037,2026-03-04,SALE,-32,Order,ORD-000312
MOV-0000997,PRD-0007,2026-06-13,SALE,-3,Order,ORD-000313
MOV-0000998,PRD-0069,2026-06-13,SALE,-19,Order,ORD-000313
MOV-0000999,PRD-0053,2026-06-13,SALE,-6,Order,ORD-000313
MOV-0001000,PRD-0069,2025-10-21,SALE,-15,Order,ORD-000314
MOV-0001001,PRD-0050,2026-02-02,SALE,-15,Order,ORD-000316
MOV-0001002,PRD-0067,2026-02-02,SALE,-4,Order,ORD-000316
MOV-0001003,PRD-0031,2026-02-02,SALE,-8,Order,ORD-000316
MOV-0001004,PRD-0060,2026-04-19,SALE,-4,Order,ORD-000317
MOV-0001005,PRD-0056,2026-04-19,SALE,-1,Order,ORD-000317
MOV-0001006,PRD-0031,2026-04-18,SALE,-6,Order,ORD-000318
MOV-0001007,PRD-0060,2026-04-18,SALE,-3,Order,ORD-000318
MOV-0001008,PRD-0006,2026-05-31,SALE,-1,Order,ORD-000319
MOV-0001009,PRD-0026,2026-05-31,SALE,-20,Order,ORD-000319
MOV-0001010,PRD-0069,2026-05-31,SALE,-2,Order,ORD-000319
MOV-0001011,PRD-0005,2026-05-31,SALE,-15,Order,ORD-000319
MOV-0001012,PRD-0034,2026-04-05,SALE,-2,Order,ORD-000320
MOV-0001013,PRD-0058,2026-04-05,SALE,-7,Order,ORD-000320
MOV-0001014,PRD-0040,2026-04-05,SALE,-2,Order,ORD-000320
MOV-0001015,PRD-0047,2025-07-07,SALE,-3,Order,ORD-000321
MOV-0001016,PRD-0004,2025-07-07,SALE,-10,Order,ORD-000321
MOV-0001017,PRD-0058,2026-07-07,SALE,-3,Order,ORD-000322
MOV-0001018,PRD-0004,2026-07-07,SALE,-48,Order,ORD-000322
MOV-0001019,PRD-0020,2026-07-07,SALE,-17,Order,ORD-000322
MOV-0001020,PRD-0048,2026-07-07,SALE,-3,Order,ORD-000322
MOV-0001021,PRD-0032,2025-05-17,SALE,-2,Order,ORD-000323
MOV-0001022,PRD-0053,2025-05-17,SALE,-7,Order,ORD-000323
MOV-0001023,PRD-0027,2025-05-17,SALE,-30,Order,ORD-000323
MOV-0001024,PRD-0016,2025-05-17,SALE,-5,Order,ORD-000323
MOV-0001025,PRD-0048,2025-05-17,SALE,-10,Order,ORD-000323
MOV-0001026,PRD-0005,2025-05-17,SALE,-20,Order,ORD-000323
MOV-0001027,PRD-0050,2025-05-17,SALE,-34,Order,ORD-000323
MOV-0001028,PRD-0037,2026-02-22,SALE,-12,Order,ORD-000324
MOV-0001029,PRD-0034,2025-05-13,SALE,-10,Order,ORD-000325
MOV-0001030,PRD-0069,2025-05-13,SALE,-7,Order,ORD-000325
MOV-0001031,PRD-0053,2025-05-13,SALE,-16,Order,ORD-000325
MOV-0001032,PRD-0066,2025-05-13,SALE,-46,Order,ORD-000325
MOV-0001033,PRD-0009,2026-07-07,SALE,-1,Order,ORD-000326
MOV-0001034,PRD-0065,2026-07-07,SALE,-3,Order,ORD-000326
MOV-0001035,PRD-0030,2026-07-07,SALE,-3,Order,ORD-000326
MOV-0001036,PRD-0021,2025-12-28,SALE,-25,Order,ORD-000327
MOV-0001037,PRD-0043,2025-12-28,SALE,-21,Order,ORD-000327
MOV-0001038,PRD-0019,2025-12-28,SALE,-25,Order,ORD-000327
MOV-0001039,PRD-0037,2025-12-28,SALE,-37,Order,ORD-000327
MOV-0001040,PRD-0022,2026-07-31,SALE,-7,Order,ORD-000328
MOV-0001041,PRD-0006,2026-07-31,SALE,-3,Order,ORD-000328
MOV-0001042,PRD-0028,2026-07-31,SALE,-27,Order,ORD-000328
MOV-0001043,PRD-0009,2026-07-31,SALE,-10,Order,ORD-000328
MOV-0001044,PRD-0034,2026-07-31,SALE,-17,Order,ORD-000328
MOV-0001045,PRD-0011,2026-07-31,SALE,-14,Order,ORD-000328
MOV-0001046,PRD-0037,2026-07-31,SALE,-31,Order,ORD-000328
MOV-0001047,PRD-0007,2026-05-04,SALE,-24,Order,ORD-000329
MOV-0001048,PRD-0032,2026-05-04,SALE,-8,Order,ORD-000329
MOV-0001049,PRD-0037,2026-05-04,SALE,-91,Order,ORD-000329
MOV-0001050,PRD-0059,2026-05-04,SALE,-52,Order,ORD-000329
MOV-0001051,PRD-0005,2026-05-04,SALE,-12,Order,ORD-000329
MOV-0001052,PRD-0013,2026-05-04,SALE,-28,Order,ORD-000329
MOV-0001053,PRD-0017,2026-05-04,SALE,-8,Order,ORD-000329
MOV-0001054,PRD-0009,2026-01-05,SALE,-2,Order,ORD-000330
MOV-0001055,PRD-0011,2026-01-05,SALE,-12,Order,ORD-000330
MOV-0001056,PRD-0034,2026-01-05,SALE,-12,Order,ORD-000330
MOV-0001057,PRD-0014,2026-01-05,SALE,-6,Order,ORD-000330
MOV-0001058,PRD-0033,2026-01-05,SALE,-6,Order,ORD-000330
MOV-0001059,PRD-0025,2026-01-05,SALE,-8,Order,ORD-000330
MOV-0001060,PRD-0058,2026-05-29,SALE,-8,Order,ORD-000331
MOV-0001061,PRD-0028,2026-05-29,SALE,-13,Order,ORD-000331
MOV-0001062,PRD-0039,2026-05-29,SALE,-21,Order,ORD-000331
MOV-0001063,PRD-0037,2026-05-29,SALE,-18,Order,ORD-000331
MOV-0001064,PRD-0034,2026-05-29,SALE,-8,Order,ORD-000331
MOV-0001065,PRD-0069,2025-12-14,SALE,-12,Order,ORD-000332
MOV-0001066,PRD-0001,2025-12-14,SALE,-25,Order,ORD-000332
MOV-0001067,PRD-0022,2025-12-14,SALE,-12,Order,ORD-000332
MOV-0001068,PRD-0031,2026-02-17,SALE,-4,Order,ORD-000333
MOV-0001069,PRD-0062,2026-02-17,SALE,-5,Order,ORD-000333
MOV-0001070,PRD-0066,2025-08-27,SALE,-51,Order,ORD-000334
MOV-0001071,PRD-0049,2025-08-27,SALE,-33,Order,ORD-000334
MOV-0001072,PRD-0011,2025-08-27,SALE,-7,Order,ORD-000334
MOV-0001073,PRD-0060,2025-08-27,SALE,-7,Order,ORD-000334
MOV-0001074,PRD-0005,2025-08-27,SALE,-37,Order,ORD-000334
MOV-0001075,PRD-0044,2025-12-10,SALE,-28,Order,ORD-000335
MOV-0001076,PRD-0007,2025-12-17,SALE,-13,Order,ORD-000336
MOV-0001077,PRD-0005,2025-12-17,SALE,-10,Order,ORD-000336
MOV-0001078,PRD-0017,2025-12-17,SALE,-10,Order,ORD-000336
MOV-0001079,PRD-0045,2025-12-17,SALE,-28,Order,ORD-000336
MOV-0001080,PRD-0014,2025-12-17,SALE,-13,Order,ORD-000336
MOV-0001081,PRD-0049,2026-06-03,SALE,-11,Order,ORD-000337
MOV-0001082,PRD-0005,2026-06-03,SALE,-46,Order,ORD-000337
MOV-0001083,PRD-0064,2025-11-02,SALE,-2,Order,ORD-000338
MOV-0001084,PRD-0045,2025-11-02,SALE,-16,Order,ORD-000338
MOV-0001085,PRD-0050,2025-11-02,SALE,-17,Order,ORD-000338
MOV-0001086,PRD-0011,2026-08-09,SALE,-18,Order,ORD-000339
MOV-0001087,PRD-0031,2026-08-09,SALE,-32,Order,ORD-000339
MOV-0001088,PRD-0005,2025-06-17,SALE,-32,Order,ORD-000341
MOV-0001089,PRD-0008,2025-06-17,SALE,-13,Order,ORD-000341
MOV-0001090,PRD-0069,2025-06-17,SALE,-5,Order,ORD-000341
MOV-0001091,PRD-0039,2025-06-17,SALE,-16,Order,ORD-000341
MOV-0001092,PRD-0066,2025-06-17,SALE,-24,Order,ORD-000341
MOV-0001093,PRD-0007,2026-03-24,SALE,-5,Order,ORD-000342
MOV-0001094,PRD-0063,2025-04-28,SALE,-12,Order,ORD-000343
MOV-0001095,PRD-0004,2025-04-28,SALE,-29,Order,ORD-000343
MOV-0001096,PRD-0016,2025-04-28,SALE,-2,Order,ORD-000343
MOV-0001097,PRD-0040,2025-04-28,SALE,-12,Order,ORD-000343
MOV-0001098,PRD-0034,2025-04-28,SALE,-10,Order,ORD-000343
MOV-0001099,PRD-0037,2025-04-28,SALE,-44,Order,ORD-000343
MOV-0001100,PRD-0062,2025-04-21,SALE,-7,Order,ORD-000344
MOV-0001101,PRD-0045,2025-04-21,SALE,-26,Order,ORD-000344
MOV-0001102,PRD-0032,2025-04-21,SALE,-9,Order,ORD-000344
MOV-0001103,PRD-0057,2025-04-21,SALE,-11,Order,ORD-000344
MOV-0001104,PRD-0066,2025-04-21,SALE,-24,Order,ORD-000344
MOV-0001105,PRD-0063,2025-04-21,SALE,-43,Order,ORD-000344
MOV-0001106,PRD-0055,2025-04-21,SALE,-4,Order,ORD-000344
MOV-0001107,PRD-0053,2025-06-27,SALE,-9,Order,ORD-000345
MOV-0001108,PRD-0045,2025-06-27,SALE,-37,Order,ORD-000345
MOV-0001109,PRD-0013,2025-06-27,SALE,-65,Order,ORD-000345
MOV-0001110,PRD-0009,2025-06-27,SALE,-14,Order,ORD-000345
MOV-0001111,PRD-0011,2025-06-27,SALE,-9,Order,ORD-000345
MOV-0001112,PRD-0048,2025-06-27,SALE,-3,Order,ORD-000345
MOV-0001113,PRD-0034,2025-11-20,SALE,-14,Order,ORD-000346
MOV-0001114,PRD-0053,2025-11-20,SALE,-10,Order,ORD-000346
MOV-0001115,PRD-0005,2025-11-20,SALE,-44,Order,ORD-000346
MOV-0001116,PRD-0045,2025-11-20,SALE,-51,Order,ORD-000346
MOV-0001117,PRD-0014,2025-11-20,SALE,-17,Order,ORD-000346
MOV-0001118,PRD-0038,2025-11-20,SALE,-10,Order,ORD-000346
MOV-0001119,PRD-0046,2026-01-12,SALE,-4,Order,ORD-000347
MOV-0001120,PRD-0018,2026-01-12,SALE,-6,Order,ORD-000347
MOV-0001121,PRD-0005,2026-01-12,SALE,-11,Order,ORD-000347
MOV-0001122,PRD-0034,2025-12-16,SALE,-7,Order,ORD-000349
MOV-0001123,PRD-0023,2025-12-16,SALE,-7,Order,ORD-000349
MOV-0001124,PRD-0045,2025-12-16,SALE,-11,Order,ORD-000349
MOV-0001125,PRD-0005,2025-12-16,SALE,-22,Order,ORD-000349
MOV-0001126,PRD-0053,2026-04-01,SALE,-9,Order,ORD-000350
MOV-0001127,PRD-0004,2026-04-01,SALE,-31,Order,ORD-000350
MOV-0001128,PRD-0036,2026-04-01,SALE,-2,Order,ORD-000350
MOV-0001129,PRD-0026,2025-03-04,SALE,-39,Order,ORD-000351
MOV-0001130,PRD-0068,2025-03-04,SALE,-3,Order,ORD-000351
MOV-0001131,PRD-0005,2025-03-04,SALE,-20,Order,ORD-000351
MOV-0001132,PRD-0025,2025-03-04,SALE,-5,Order,ORD-000351
MOV-0001133,PRD-0020,2025-03-04,SALE,-10,Order,ORD-000351
MOV-0001134,PRD-0047,2026-01-16,SALE,-1,Order,ORD-000352
MOV-0001135,PRD-0052,2026-01-16,SALE,-1,Order,ORD-000352
MOV-0001136,PRD-0058,2026-01-16,SALE,-5,Order,ORD-000352
MOV-0001137,PRD-0030,2026-07-18,SALE,-14,Order,ORD-000354
MOV-0001138,PRD-0005,2026-07-18,SALE,-26,Order,ORD-000354
MOV-0001139,PRD-0008,2026-07-18,SALE,-6,Order,ORD-000354
MOV-0001140,PRD-0007,2026-07-18,SALE,-17,Order,ORD-000354
MOV-0001141,PRD-0032,2026-07-18,SALE,-17,Order,ORD-000354
MOV-0001142,PRD-0056,2026-05-21,SALE,-11,Order,ORD-000355
MOV-0001143,PRD-0053,2026-05-21,SALE,-17,Order,ORD-000355
MOV-0001144,PRD-0003,2026-05-21,SALE,-14,Order,ORD-000355
MOV-0001145,PRD-0008,2026-05-21,SALE,-8,Order,ORD-000355
MOV-0001146,PRD-0027,2026-05-21,SALE,-22,Order,ORD-000355
MOV-0001147,PRD-0015,2026-05-01,SALE,-4,Order,ORD-000356
MOV-0001148,PRD-0063,2026-05-01,SALE,-17,Order,ORD-000356
MOV-0001149,PRD-0053,2026-08-21,SALE,-12,Order,ORD-000357
MOV-0001150,PRD-0036,2026-08-21,SALE,-10,Order,ORD-000357
MOV-0001151,PRD-0007,2026-08-21,SALE,-15,Order,ORD-000357
MOV-0001152,PRD-0029,2026-08-21,SALE,-10,Order,ORD-000357
MOV-0001153,PRD-0034,2026-08-21,SALE,-2,Order,ORD-000357
MOV-0001154,PRD-0057,2026-08-21,SALE,-2,Order,ORD-000357
MOV-0001155,PRD-0061,2025-11-24,SALE,-13,Order,ORD-000358
MOV-0001156,PRD-0034,2025-11-24,SALE,-8,Order,ORD-000358
MOV-0001157,PRD-0013,2025-11-24,SALE,-11,Order,ORD-000358
MOV-0001158,PRD-0069,2026-01-14,SALE,-5,Order,ORD-000359
MOV-0001159,PRD-0009,2026-01-14,SALE,-7,Order,ORD-000359
MOV-0001160,PRD-0043,2026-01-14,SALE,-10,Order,ORD-000359
MOV-0001161,PRD-0027,2026-06-02,SALE,-35,Order,ORD-000361
MOV-0001162,PRD-0066,2026-06-02,SALE,-21,Order,ORD-000361
MOV-0001163,PRD-0021,2026-06-02,SALE,-14,Order,ORD-000361
MOV-0001164,PRD-0036,2026-06-02,SALE,-10,Order,ORD-000361
MOV-0001165,PRD-0030,2026-06-02,SALE,-24,Order,ORD-000361
MOV-0001166,PRD-0058,2026-07-19,SALE,-3,Order,ORD-000362
MOV-0001167,PRD-0043,2026-07-19,SALE,-1,Order,ORD-000362
MOV-0001168,PRD-0032,2026-02-14,SALE,-6,Order,ORD-000363
MOV-0001169,PRD-0011,2026-02-14,SALE,-17,Order,ORD-000363
MOV-0001170,PRD-0038,2026-02-14,SALE,-6,Order,ORD-000363
MOV-0001171,PRD-0028,2026-02-14,SALE,-46,Order,ORD-000363
MOV-0001172,PRD-0038,2026-05-29,SALE,-1,Order,ORD-000364
MOV-0001173,PRD-0005,2026-01-03,SALE,-15,Order,ORD-000365
MOV-0001174,PRD-0048,2026-01-03,SALE,-12,Order,ORD-000365
MOV-0001175,PRD-0026,2026-01-03,SALE,-40,Order,ORD-000365
MOV-0001176,PRD-0033,2026-01-03,SALE,-15,Order,ORD-000365
MOV-0001177,PRD-0042,2026-01-03,SALE,-19,Order,ORD-000365
MOV-0001178,PRD-0036,2026-01-03,SALE,-9,Order,ORD-000365
MOV-0001179,PRD-0013,2026-05-27,SALE,-49,Order,ORD-000366
MOV-0001180,PRD-0021,2026-05-27,SALE,-2,Order,ORD-000366
MOV-0001181,PRD-0031,2026-05-27,SALE,-27,Order,ORD-000366
MOV-0001182,PRD-0007,2026-08-07,SALE,-3,Order,ORD-000367
MOV-0001183,PRD-0052,2026-08-07,SALE,-9,Order,ORD-000367
MOV-0001184,PRD-0026,2026-08-07,SALE,-15,Order,ORD-000367
MOV-0001185,PRD-0056,2026-08-07,SALE,-18,Order,ORD-000367
MOV-0001186,PRD-0016,2025-07-08,SALE,-15,Order,ORD-000368
MOV-0001187,PRD-0058,2025-07-08,SALE,-12,Order,ORD-000368
MOV-0001188,PRD-0013,2025-07-08,SALE,-25,Order,ORD-000368
MOV-0001189,PRD-0026,2025-07-08,SALE,-42,Order,ORD-000368
MOV-0001190,PRD-0045,2025-07-08,SALE,-32,Order,ORD-000368
MOV-0001191,PRD-0037,2026-05-02,SALE,-47,Order,ORD-000369
MOV-0001192,PRD-0034,2026-05-02,SALE,-13,Order,ORD-000369
MOV-0001193,PRD-0066,2025-07-22,SALE,-35,Order,ORD-000370
MOV-0001194,PRD-0004,2025-07-22,SALE,-23,Order,ORD-000370
MOV-0001195,PRD-0007,2025-07-22,SALE,-6,Order,ORD-000370
MOV-0001196,PRD-0029,2026-03-18,SALE,-4,Order,ORD-000371
MOV-0001197,PRD-0026,2026-03-18,SALE,-36,Order,ORD-000371
MOV-0001198,PRD-0023,2026-03-18,SALE,-11,Order,ORD-000371
MOV-0001199,PRD-0052,2026-03-18,SALE,-7,Order,ORD-000371
MOV-0001200,PRD-0034,2025-05-15,SALE,-11,Order,ORD-000374
MOV-0001201,PRD-0037,2025-05-15,SALE,-42,Order,ORD-000374
MOV-0001202,PRD-0005,2025-05-15,SALE,-6,Order,ORD-000374
MOV-0001203,PRD-0026,2025-05-15,SALE,-39,Order,ORD-000374
MOV-0001204,PRD-0004,2025-05-15,SALE,-9,Order,ORD-000374
MOV-0001205,PRD-0049,2025-05-15,SALE,-13,Order,ORD-000374
MOV-0001206,PRD-0023,2026-06-02,SALE,-3,Order,ORD-000375
MOV-0001207,PRD-0037,2026-06-02,SALE,-4,Order,ORD-000375
MOV-0001208,PRD-0005,2025-12-31,SALE,-37,Order,ORD-000376
MOV-0001209,PRD-0009,2026-05-04,SALE,-4,Order,ORD-000377
MOV-0001210,PRD-0066,2025-07-10,SALE,-8,Order,ORD-000378
MOV-0001211,PRD-0053,2025-07-10,SALE,-2,Order,ORD-000378
MOV-0001212,PRD-0064,2025-07-10,SALE,-4,Order,ORD-000378
MOV-0001213,PRD-0031,2025-03-25,SALE,-9,Order,ORD-000379
MOV-0001214,PRD-0007,2025-03-25,SALE,-3,Order,ORD-000379
MOV-0001215,PRD-0026,2025-03-25,SALE,-12,Order,ORD-000379
MOV-0001216,PRD-0068,2025-10-09,SALE,-4,Order,ORD-000380
MOV-0001217,PRD-0032,2025-10-09,SALE,-1,Order,ORD-000380
MOV-0001218,PRD-0028,2025-08-14,SALE,-50,Order,ORD-000381
MOV-0001219,PRD-0045,2026-04-10,SALE,-10,Order,ORD-000382
MOV-0001220,PRD-0058,2026-04-10,SALE,-19,Order,ORD-000382
MOV-0001221,PRD-0052,2026-04-10,SALE,-13,Order,ORD-000382
MOV-0001222,PRD-0032,2026-04-10,SALE,-10,Order,ORD-000382
MOV-0001223,PRD-0031,2026-04-10,SALE,-32,Order,ORD-000382
MOV-0001224,PRD-0025,2026-04-10,SALE,-6,Order,ORD-000382
MOV-0001225,PRD-0069,2026-04-10,SALE,-10,Order,ORD-000382
MOV-0001226,PRD-0053,2026-04-27,SALE,-5,Order,ORD-000383
MOV-0001227,PRD-0045,2026-04-27,SALE,-20,Order,ORD-000383
MOV-0001228,PRD-0021,2026-04-27,SALE,-2,Order,ORD-000383
MOV-0001229,PRD-0031,2026-04-27,SALE,-11,Order,ORD-000383
MOV-0001230,PRD-0059,2026-04-27,SALE,-22,Order,ORD-000383
MOV-0001231,PRD-0043,2025-12-02,SALE,-15,Order,ORD-000384
MOV-0001232,PRD-0015,2025-12-02,SALE,-11,Order,ORD-000384
MOV-0001233,PRD-0051,2025-12-02,SALE,-30,Order,ORD-000384
MOV-0001234,PRD-0067,2025-12-02,SALE,-22,Order,ORD-000384
MOV-0001235,PRD-0038,2025-12-02,SALE,-4,Order,ORD-000384
MOV-0001236,PRD-0049,2025-12-02,SALE,-15,Order,ORD-000384
MOV-0001237,PRD-0048,2026-07-03,SALE,-11,Order,ORD-000385
MOV-0001238,PRD-0022,2026-07-03,SALE,-9,Order,ORD-000385
MOV-0001239,PRD-0007,2026-07-03,SALE,-4,Order,ORD-000385
MOV-0001240,PRD-0049,2026-07-03,SALE,-9,Order,ORD-000385
MOV-0001241,PRD-0021,2026-05-07,SALE,-13,Order,ORD-000386
MOV-0001242,PRD-0008,2026-05-07,SALE,-10,Order,ORD-000386
MOV-0001243,PRD-0051,2026-05-07,SALE,-34,Order,ORD-000386
MOV-0001244,PRD-0060,2026-05-07,SALE,-13,Order,ORD-000386
MOV-0001245,PRD-0069,2026-05-07,SALE,-8,Order,ORD-000386
MOV-0001246,PRD-0036,2026-05-07,SALE,-16,Order,ORD-000386
MOV-0001247,PRD-0038,2026-05-07,SALE,-13,Order,ORD-000386
MOV-0001248,PRD-0049,2026-07-26,SALE,-6,Order,ORD-000387
MOV-0001249,PRD-0034,2026-07-26,SALE,-4,Order,ORD-000387
MOV-0001250,PRD-0050,2026-07-26,SALE,-14,Order,ORD-000387
MOV-0001251,PRD-0007,2026-07-26,SALE,-10,Order,ORD-000387
MOV-0001252,PRD-0027,2026-07-26,SALE,-28,Order,ORD-000387
MOV-0001253,PRD-0053,2026-07-26,SALE,-6,Order,ORD-000387
MOV-0001254,PRD-0007,2025-11-17,SALE,-16,Order,ORD-000388
MOV-0001255,PRD-0010,2025-11-17,SALE,-20,Order,ORD-000388
MOV-0001256,PRD-0045,2025-11-17,SALE,-55,Order,ORD-000388
MOV-0001257,PRD-0033,2026-04-02,SALE,-1,Order,ORD-000389
MOV-0001258,PRD-0034,2026-04-02,SALE,-2,Order,ORD-000389
MOV-0001259,PRD-0069,2025-04-26,SALE,-5,Order,ORD-000390
MOV-0001260,PRD-0053,2025-07-15,SALE,-3,Order,ORD-000391
MOV-0001261,PRD-0032,2025-07-15,SALE,-2,Order,ORD-000391
MOV-0001262,PRD-0064,2025-07-15,SALE,-1,Order,ORD-000391
MOV-0001263,PRD-0007,2025-07-15,SALE,-1,Order,ORD-000391
MOV-0001264,PRD-0023,2026-08-10,SALE,-2,Order,ORD-000392
MOV-0001265,PRD-0048,2026-08-10,SALE,-6,Order,ORD-000392
MOV-0001266,PRD-0016,2026-08-10,SALE,-6,Order,ORD-000392
MOV-0001267,PRD-0045,2026-08-10,SALE,-16,Order,ORD-000392
MOV-0001268,PRD-0027,2026-04-12,SALE,-33,Order,ORD-000393
MOV-0001269,PRD-0034,2026-01-02,SALE,-16,Order,ORD-000394
MOV-0001270,PRD-0053,2026-01-02,SALE,-5,Order,ORD-000394
MOV-0001271,PRD-0005,2026-01-02,SALE,-18,Order,ORD-000394
MOV-0001272,PRD-0016,2026-01-02,SALE,-3,Order,ORD-000394
MOV-0001273,PRD-0009,2026-01-02,SALE,-5,Order,ORD-000394
MOV-0001274,PRD-0033,2025-07-31,SALE,-15,Order,ORD-000396
MOV-0001275,PRD-0066,2025-07-31,SALE,-48,Order,ORD-000396
MOV-0001276,PRD-0034,2026-03-05,SALE,-6,Order,ORD-000397
MOV-0001277,PRD-0040,2026-03-05,SALE,-1,Order,ORD-000397
MOV-0001278,PRD-0027,2026-03-05,SALE,-8,Order,ORD-000397
MOV-0001279,PRD-0018,2025-04-16,SALE,-8,Order,ORD-000398
MOV-0001280,PRD-0069,2026-02-13,SALE,-21,Order,ORD-000400
MOV-0001281,PRD-0024,2026-02-13,SALE,-63,Order,ORD-000400
MOV-0001282,PRD-0019,2026-02-13,SALE,-10,Order,ORD-000400
MOV-0001283,PRD-0034,2026-02-13,SALE,-21,Order,ORD-000400
MOV-0001284,PRD-0034,2026-02-16,SALE,-19,Order,ORD-000401
MOV-0001285,PRD-0021,2026-02-16,SALE,-19,Order,ORD-000401
MOV-0001286,PRD-0007,2026-02-16,SALE,-6,Order,ORD-000401
MOV-0001287,PRD-0048,2026-02-16,SALE,-16,Order,ORD-000401
MOV-0001288,PRD-0010,2026-02-16,SALE,-9,Order,ORD-000401
MOV-0001289,PRD-0027,2026-02-16,SALE,-60,Order,ORD-000401
MOV-0001290,PRD-0025,2025-11-17,SALE,-17,Order,ORD-000402
MOV-0001291,PRD-0011,2025-11-17,SALE,-10,Order,ORD-000402
MOV-0001292,PRD-0005,2025-11-17,SALE,-14,Order,ORD-000402
MOV-0001293,PRD-0024,2025-11-17,SALE,-51,Order,ORD-000402
MOV-0001294,PRD-0063,2025-11-13,SALE,-33,Order,ORD-000403
MOV-0001295,PRD-0002,2025-11-13,SALE,-16,Order,ORD-000403
MOV-0001296,PRD-0011,2025-11-13,SALE,-8,Order,ORD-000403
MOV-0001297,PRD-0045,2025-11-13,SALE,-10,Order,ORD-000403
MOV-0001298,PRD-0036,2025-11-13,SALE,-8,Order,ORD-000403
MOV-0001299,PRD-0052,2025-11-26,SALE,-2,Order,ORD-000404
MOV-0001300,PRD-0003,2025-11-26,SALE,-8,Order,ORD-000404
MOV-0001301,PRD-0026,2025-11-26,SALE,-31,Order,ORD-000404
MOV-0001302,PRD-0040,2025-11-26,SALE,-4,Order,ORD-000404
MOV-0001303,PRD-0034,2025-11-26,SALE,-2,Order,ORD-000404
MOV-0001304,PRD-0050,2026-08-31,SALE,-6,Order,ORD-000405
MOV-0001305,PRD-0034,2026-08-31,SALE,-3,Order,ORD-000405
MOV-0001306,PRD-0005,2026-08-31,SALE,-13,Order,ORD-000405
MOV-0001307,PRD-0004,2026-08-31,SALE,-14,Order,ORD-000405
MOV-0001308,PRD-0066,2026-08-31,SALE,-6,Order,ORD-000405
MOV-0001309,PRD-0069,2025-11-21,SALE,-8,Order,ORD-000406
MOV-0001310,PRD-0015,2025-11-21,SALE,-12,Order,ORD-000406
MOV-0001311,PRD-0024,2025-11-21,SALE,-37,Order,ORD-000406
MOV-0001312,PRD-0060,2025-11-21,SALE,-12,Order,ORD-000406
MOV-0001313,PRD-0036,2025-06-04,SALE,-4,Order,ORD-000407
MOV-0001314,PRD-0052,2026-03-14,SALE,-13,Order,ORD-000408
MOV-0001315,PRD-0005,2026-03-14,SALE,-9,Order,ORD-000408
MOV-0001316,PRD-0048,2026-03-14,SALE,-9,Order,ORD-000408
MOV-0001317,PRD-0053,2026-03-14,SALE,-2,Order,ORD-000408
MOV-0001318,PRD-0004,2025-04-09,SALE,-16,Order,ORD-000409
MOV-0001319,PRD-0066,2025-04-09,SALE,-33,Order,ORD-000409
MOV-0001320,PRD-0069,2025-04-09,SALE,-16,Order,ORD-000409
MOV-0001321,PRD-0034,2025-04-09,SALE,-7,Order,ORD-000409
MOV-0001322,PRD-0037,2025-04-09,SALE,-20,Order,ORD-000409
MOV-0001323,PRD-0025,2025-04-09,SALE,-10,Order,ORD-000409
MOV-0001324,PRD-0013,2025-04-09,SALE,-59,Order,ORD-000409
MOV-0001325,PRD-0013,2025-05-13,SALE,-22,Order,ORD-000410
MOV-0001326,PRD-0007,2026-06-12,SALE,-4,Order,ORD-000411
MOV-0001327,PRD-0005,2026-06-12,SALE,-13,Order,ORD-000411
MOV-0001328,PRD-0066,2025-04-28,SALE,-25,Order,ORD-000412
MOV-0001329,PRD-0064,2025-04-28,SALE,-4,Order,ORD-000412
MOV-0001330,PRD-0005,2025-04-28,SALE,-42,Order,ORD-000412
MOV-0001331,PRD-0054,2025-04-28,SALE,-49,Order,ORD-000412
MOV-0001332,PRD-0021,2025-04-28,SALE,-11,Order,ORD-000412
MOV-0001333,PRD-0068,2025-04-28,SALE,-21,Order,ORD-000412
MOV-0001334,PRD-0053,2026-06-10,SALE,-16,Order,ORD-000414
MOV-0001335,PRD-0038,2026-06-10,SALE,-25,Order,ORD-000414
MOV-0001336,PRD-0037,2026-06-10,SALE,-66,Order,ORD-000414
MOV-0001337,PRD-0069,2026-06-10,SALE,-16,Order,ORD-000414
MOV-0001338,PRD-0031,2025-11-10,SALE,-19,Order,ORD-000416
MOV-0001339,PRD-0064,2025-11-10,SALE,-2,Order,ORD-000416
MOV-0001340,PRD-0034,2025-11-10,SALE,-8,Order,ORD-000416
MOV-0001341,PRD-0005,2025-11-10,SALE,-29,Order,ORD-000416
MOV-0001342,PRD-0007,2025-11-10,SALE,-2,Order,ORD-000416
MOV-0001343,PRD-0007,2026-04-15,SALE,-12,Order,ORD-000417
MOV-0001344,PRD-0064,2026-04-15,SALE,-12,Order,ORD-000417
MOV-0001345,PRD-0053,2026-04-15,SALE,-19,Order,ORD-000417
MOV-0001346,PRD-0034,2026-04-15,SALE,-15,Order,ORD-000417
MOV-0001347,PRD-0045,2026-04-15,SALE,-27,Order,ORD-000417
MOV-0001348,PRD-0069,2026-04-15,SALE,-15,Order,ORD-000417
MOV-0001349,PRD-0034,2025-08-01,SALE,-3,Order,ORD-000419
MOV-0001350,PRD-0007,2025-08-01,SALE,-2,Order,ORD-000419
MOV-0001351,PRD-0059,2025-08-01,SALE,-10,Order,ORD-000419
MOV-0001352,PRD-0005,2025-08-01,SALE,-13,Order,ORD-000419
MOV-0001353,PRD-0068,2025-08-01,SALE,-5,Order,ORD-000419
MOV-0001354,PRD-0036,2025-08-29,SALE,-3,Order,ORD-000420
MOV-0001355,PRD-0069,2025-08-29,SALE,-19,Order,ORD-000420
MOV-0001356,PRD-0027,2025-08-29,SALE,-57,Order,ORD-000420
MOV-0001357,PRD-0066,2025-08-29,SALE,-16,Order,ORD-000420
MOV-0001358,PRD-0005,2025-08-29,SALE,-19,Order,ORD-000420
MOV-0001359,PRD-0009,2025-08-29,SALE,-13,Order,ORD-000420
MOV-0001360,PRD-0057,2026-04-13,SALE,-4,Order,ORD-000421
MOV-0001361,PRD-0045,2026-04-13,SALE,-47,Order,ORD-000421
MOV-0001362,PRD-0027,2026-04-13,SALE,-54,Order,ORD-000421
MOV-0001363,PRD-0049,2025-05-31,SALE,-11,Order,ORD-000422
MOV-0001364,PRD-0007,2025-05-31,SALE,-5,Order,ORD-000422
MOV-0001365,PRD-0037,2025-05-31,SALE,-40,Order,ORD-000422
MOV-0001366,PRD-0050,2025-05-31,SALE,-11,Order,ORD-000422
MOV-0001367,PRD-0064,2025-05-31,SALE,-16,Order,ORD-000422
MOV-0001368,PRD-0021,2025-05-31,SALE,-11,Order,ORD-000422
MOV-0001369,PRD-0053,2025-05-31,SALE,-8,Order,ORD-000422
MOV-0001370,PRD-0050,2025-11-05,SALE,-6,Order,ORD-000423
MOV-0001371,PRD-0069,2025-11-05,SALE,-4,Order,ORD-000423
MOV-0001372,PRD-0053,2025-11-05,SALE,-8,Order,ORD-000423
MOV-0001373,PRD-0009,2025-11-05,SALE,-13,Order,ORD-000423
MOV-0001374,PRD-0031,2025-11-05,SALE,-31,Order,ORD-000423
MOV-0001375,PRD-0058,2025-12-17,SALE,-5,Order,ORD-000425
MOV-0001376,PRD-0023,2025-12-17,SALE,-5,Order,ORD-000425
MOV-0001377,PRD-0009,2026-08-02,SALE,-4,Order,ORD-000427
MOV-0001378,PRD-0065,2026-08-02,SALE,-14,Order,ORD-000427
MOV-0001379,PRD-0034,2026-08-02,SALE,-3,Order,ORD-000427
MOV-0001380,PRD-0030,2026-08-02,SALE,-12,Order,ORD-000427
MOV-0001381,PRD-0052,2025-05-06,SALE,-9,Order,ORD-000428
MOV-0001382,PRD-0007,2025-05-06,SALE,-13,Order,ORD-000428
MOV-0001383,PRD-0053,2025-05-06,SALE,-9,Order,ORD-000428
MOV-0001384,PRD-0014,2025-05-06,SALE,-16,Order,ORD-000428
MOV-0001385,PRD-0034,2025-05-06,SALE,-3,Order,ORD-000428
MOV-0001386,PRD-0049,2025-05-06,SALE,-19,Order,ORD-000428
MOV-0001387,PRD-0040,2025-05-06,SALE,-13,Order,ORD-000428
MOV-0001388,PRD-0017,2025-03-29,SALE,-5,Order,ORD-000430
MOV-0001389,PRD-0053,2025-03-29,SALE,-7,Order,ORD-000430
MOV-0001390,PRD-0040,2025-03-29,SALE,-12,Order,ORD-000430
MOV-0001391,PRD-0034,2025-03-29,SALE,-2,Order,ORD-000430
MOV-0001392,PRD-0026,2025-03-29,SALE,-17,Order,ORD-000430
MOV-0001393,PRD-0066,2026-06-16,SALE,-5,Order,ORD-000431
MOV-0001394,PRD-0013,2026-06-16,SALE,-41,Order,ORD-000431
MOV-0001395,PRD-0069,2026-06-16,SALE,-11,Order,ORD-000431
MOV-0001396,PRD-0005,2025-12-09,SALE,-36,Order,ORD-000432
MOV-0001397,PRD-0066,2025-12-09,SALE,-48,Order,ORD-000432
MOV-0001398,PRD-0011,2025-12-09,SALE,-20,Order,ORD-000432
MOV-0001399,PRD-0032,2025-07-05,SALE,-8,Order,ORD-000434
MOV-0001400,PRD-0005,2025-07-05,SALE,-31,Order,ORD-000434
MOV-0001401,PRD-0053,2025-07-05,SALE,-3,Order,ORD-000434
MOV-0001402,PRD-0045,2025-07-05,SALE,-16,Order,ORD-000434
MOV-0001403,PRD-0030,2025-07-05,SALE,-13,Order,ORD-000434
MOV-0001404,PRD-0034,2026-02-13,SALE,-7,Order,ORD-000435
MOV-0001405,PRD-0021,2026-02-13,SALE,-18,Order,ORD-000435
MOV-0001406,PRD-0032,2026-02-13,SALE,-4,Order,ORD-000435
MOV-0001407,PRD-0040,2026-02-13,SALE,-14,Order,ORD-000435
MOV-0001408,PRD-0017,2026-02-13,SALE,-7,Order,ORD-000435
MOV-0001409,PRD-0013,2026-02-13,SALE,-83,Order,ORD-000435
MOV-0001410,PRD-0022,2026-02-13,SALE,-14,Order,ORD-000435
MOV-0001411,PRD-0043,2025-09-07,SALE,-1,Order,ORD-000436
MOV-0001412,PRD-0034,2025-09-07,SALE,-6,Order,ORD-000436
MOV-0001413,PRD-0004,2025-10-23,SALE,-31,Order,ORD-000437
MOV-0001414,PRD-0023,2026-08-08,SALE,-2,Order,ORD-000438
MOV-0001415,PRD-0049,2026-08-08,SALE,-17,Order,ORD-000438
MOV-0001416,PRD-0030,2026-03-04,SALE,-11,Order,ORD-000439
MOV-0001417,PRD-0033,2026-03-04,SALE,-8,Order,ORD-000439
MOV-0001418,PRD-0036,2025-06-12,SALE,-8,Order,ORD-000440
MOV-0001419,PRD-0037,2025-06-12,SALE,-12,Order,ORD-000440
MOV-0001420,PRD-0036,2025-04-23,SALE,-2,Order,ORD-000441
MOV-0001421,PRD-0050,2025-04-23,SALE,-11,Order,ORD-000441
MOV-0001422,PRD-0019,2025-04-23,SALE,-16,Order,ORD-000441
MOV-0001423,PRD-0034,2026-01-20,SALE,-1,Order,ORD-000442
MOV-0001424,PRD-0032,2026-01-20,SALE,-4,Order,ORD-000442
MOV-0001425,PRD-0052,2025-08-22,SALE,-5,Order,ORD-000445
MOV-0001426,PRD-0024,2025-08-22,SALE,-28,Order,ORD-000445
MOV-0001427,PRD-0033,2025-08-22,SALE,-3,Order,ORD-000445
MOV-0001428,PRD-0004,2025-06-24,SALE,-36,Order,ORD-000446
MOV-0001429,PRD-0032,2025-06-24,SALE,-12,Order,ORD-000446
MOV-0001430,PRD-0049,2025-06-24,SALE,-30,Order,ORD-000446
MOV-0001431,PRD-0052,2025-06-24,SALE,-6,Order,ORD-000446
MOV-0001432,PRD-0050,2025-06-24,SALE,-42,Order,ORD-000446
MOV-0001433,PRD-0026,2025-06-24,SALE,-42,Order,ORD-000446
MOV-0001434,PRD-0069,2025-06-05,SALE,-9,Order,ORD-000447
MOV-0001435,PRD-0049,2025-06-05,SALE,-6,Order,ORD-000447
MOV-0001436,PRD-0028,2025-06-05,SALE,-30,Order,ORD-000447
MOV-0001437,PRD-0055,2026-08-14,SALE,-14,Order,ORD-000448
MOV-0001438,PRD-0066,2026-08-14,SALE,-8,Order,ORD-000448
MOV-0001439,PRD-0045,2026-08-14,SALE,-30,Order,ORD-000448
MOV-0001440,PRD-0034,2026-08-14,SALE,-3,Order,ORD-000448
MOV-0001441,PRD-0050,2026-08-14,SALE,-33,Order,ORD-000448
MOV-0001442,PRD-0005,2026-05-13,SALE,-26,Order,ORD-000452
MOV-0001443,PRD-0007,2026-05-13,SALE,-6,Order,ORD-000452
MOV-0001444,PRD-0008,2026-05-13,SALE,-6,Order,ORD-000452
MOV-0001445,PRD-0034,2026-05-03,SALE,-2,Order,ORD-000453
MOV-0001446,PRD-0064,2026-05-03,SALE,-4,Order,ORD-000453
MOV-0001447,PRD-0069,2026-05-03,SALE,-10,Order,ORD-000453
MOV-0001448,PRD-0007,2025-06-07,SALE,-12,Order,ORD-000455
MOV-0001449,PRD-0034,2025-06-07,SALE,-3,Order,ORD-000455
MOV-0001450,PRD-0027,2025-06-07,SALE,-29,Order,ORD-000455
MOV-0001451,PRD-0026,2025-06-07,SALE,-58,Order,ORD-000455
MOV-0001452,PRD-0013,2025-06-07,SALE,-35,Order,ORD-000455
MOV-0001453,PRD-0066,2025-06-07,SALE,-32,Order,ORD-000455
MOV-0001454,PRD-0053,2025-06-07,SALE,-17,Order,ORD-000455
MOV-0001455,PRD-0065,2025-07-15,SALE,-31,Order,ORD-000456
MOV-0001456,PRD-0032,2025-07-15,SALE,-11,Order,ORD-000456
MOV-0001457,PRD-0021,2025-07-15,SALE,-9,Order,ORD-000456
MOV-0001458,PRD-0016,2026-02-13,SALE,-12,Order,ORD-000457
MOV-0001459,PRD-0068,2026-02-13,SALE,-12,Order,ORD-000457
MOV-0001460,PRD-0045,2026-02-13,SALE,-32,Order,ORD-000457
MOV-0001461,PRD-0034,2026-02-13,SALE,-8,Order,ORD-000457
MOV-0001462,PRD-0053,2026-02-13,SALE,-24,Order,ORD-000457
MOV-0001463,PRD-0009,2026-02-13,SALE,-4,Order,ORD-000457
MOV-0001464,PRD-0025,2026-02-13,SALE,-16,Order,ORD-000457
MOV-0001465,PRD-0058,2026-07-04,SALE,-20,Order,ORD-000458
MOV-0001466,PRD-0005,2026-07-04,SALE,-51,Order,ORD-000458
MOV-0001467,PRD-0037,2026-07-04,SALE,-90,Order,ORD-000458
MOV-0001468,PRD-0007,2025-03-20,SALE,-9,Order,ORD-000459
MOV-0001469,PRD-0053,2025-03-20,SALE,-14,Order,ORD-000459
MOV-0001470,PRD-0027,2025-03-20,SALE,-54,Order,ORD-000459
MOV-0001471,PRD-0008,2025-03-20,SALE,-11,Order,ORD-000459
MOV-0001472,PRD-0009,2025-03-20,SALE,-14,Order,ORD-000459
MOV-0001473,PRD-0066,2025-03-20,SALE,-43,Order,ORD-000459
MOV-0001474,PRD-0005,2026-02-27,SALE,-24,Order,ORD-000460
MOV-0001475,PRD-0045,2026-02-27,SALE,-29,Order,ORD-000460
MOV-0001476,PRD-0030,2026-02-27,SALE,-40,Order,ORD-000460
MOV-0001477,PRD-0057,2026-02-27,SALE,-3,Order,ORD-000460
MOV-0001478,PRD-0034,2025-06-12,SALE,-16,Order,ORD-000461
MOV-0001479,PRD-0021,2025-06-12,SALE,-16,Order,ORD-000461
MOV-0001480,PRD-0053,2025-03-21,SALE,-9,Order,ORD-000462
MOV-0001481,PRD-0031,2025-03-21,SALE,-23,Order,ORD-000462
MOV-0001482,PRD-0033,2025-03-21,SALE,-7,Order,ORD-000462
MOV-0001483,PRD-0040,2026-02-21,SALE,-2,Order,ORD-000463
MOV-0001484,PRD-0052,2026-02-21,SALE,-3,Order,ORD-000463
MOV-0001485,PRD-0039,2026-02-21,SALE,-9,Order,ORD-000463
MOV-0001486,PRD-0004,2026-01-20,SALE,-44,Order,ORD-000465
MOV-0001487,PRD-0017,2026-01-20,SALE,-14,Order,ORD-000465
MOV-0001488,PRD-0011,2026-07-23,SALE,-3,Order,ORD-000466
MOV-0001489,PRD-0030,2026-07-23,SALE,-27,Order,ORD-000466
MOV-0001490,PRD-0045,2026-07-23,SALE,-27,Order,ORD-000466
MOV-0001491,PRD-0007,2025-07-13,SALE,-4,Order,ORD-000467
MOV-0001492,PRD-0066,2025-07-13,SALE,-16,Order,ORD-000467
MOV-0001493,PRD-0063,2025-08-08,SALE,-14,Order,ORD-000468
MOV-0001494,PRD-0040,2025-08-08,SALE,-3,Order,ORD-000468
MOV-0001495,PRD-0066,2025-08-08,SALE,-19,Order,ORD-000468
MOV-0001496,PRD-0017,2025-08-08,SALE,-6,Order,ORD-000468
MOV-0001497,PRD-0034,2025-08-08,SALE,-17,Order,ORD-000468
MOV-0001498,PRD-0014,2025-08-08,SALE,-3,Order,ORD-000468
MOV-0001499,PRD-0069,2025-08-08,SALE,-17,Order,ORD-000468
MOV-0001500,PRD-0013,2026-08-18,SALE,-57,Order,ORD-000469
MOV-0001501,PRD-0037,2026-08-18,SALE,-38,Order,ORD-000469
MOV-0001502,PRD-0007,2026-08-18,SALE,-16,Order,ORD-000469
MOV-0001503,PRD-0034,2026-08-18,SALE,-16,Order,ORD-000469
MOV-0001504,PRD-0053,2026-08-18,SALE,-5,Order,ORD-000469
MOV-0001505,PRD-0066,2026-01-08,SALE,-9,Order,ORD-000470
MOV-0001506,PRD-0017,2026-01-08,SALE,-9,Order,ORD-000470
MOV-0001507,PRD-0052,2026-06-10,SALE,-6,Order,ORD-000472
MOV-0001508,PRD-0064,2026-03-06,SALE,-2,Order,ORD-000475
MOV-0001509,PRD-0069,2026-03-06,SALE,-10,Order,ORD-000475
MOV-0001510,PRD-0045,2026-03-06,SALE,-20,Order,ORD-000475
MOV-0001511,PRD-0036,2026-03-06,SALE,-10,Order,ORD-000475
MOV-0001512,PRD-0052,2026-03-06,SALE,-2,Order,ORD-000475
MOV-0001513,PRD-0009,2026-03-06,SALE,-7,Order,ORD-000475
MOV-0001514,PRD-0062,2026-08-25,SALE,-24,Order,ORD-000476
MOV-0001515,PRD-0040,2026-08-25,SALE,-10,Order,ORD-000476
MOV-0001516,PRD-0034,2026-08-25,SALE,-3,Order,ORD-000476
MOV-0001517,PRD-0052,2026-08-25,SALE,-21,Order,ORD-000476
MOV-0001518,PRD-0004,2026-08-25,SALE,-51,Order,ORD-000476
MOV-0001519,PRD-0049,2026-08-25,SALE,-44,Order,ORD-000476
MOV-0001520,PRD-0005,2026-08-25,SALE,-24,Order,ORD-000476
MOV-0001521,PRD-0034,2025-03-17,SALE,-8,Order,ORD-000477
MOV-0001522,PRD-0052,2025-03-17,SALE,-1,Order,ORD-000477
MOV-0001523,PRD-0063,2025-12-22,SALE,-15,Order,ORD-000478
MOV-0001524,PRD-0056,2025-12-22,SALE,-3,Order,ORD-000478
MOV-0001525,PRD-0037,2025-12-22,SALE,-12,Order,ORD-000478
MOV-0001526,PRD-0020,2025-12-22,SALE,-2,Order,ORD-000478
MOV-0001527,PRD-0026,2026-01-11,SALE,-29,Order,ORD-000479
MOV-0001528,PRD-0019,2026-01-11,SALE,-5,Order,ORD-000479
MOV-0001529,PRD-0017,2026-01-11,SALE,-4,Order,ORD-000479
MOV-0001530,PRD-0037,2026-01-11,SALE,-19,Order,ORD-000479
MOV-0001531,PRD-0030,2026-01-11,SALE,-5,Order,ORD-000479
MOV-0001532,PRD-0031,2025-04-24,SALE,-24,Order,ORD-000480
MOV-0001533,PRD-0019,2025-04-24,SALE,-17,Order,ORD-000480
MOV-0001534,PRD-0049,2025-04-24,SALE,-28,Order,ORD-000480
MOV-0001535,PRD-0028,2025-11-14,SALE,-36,Order,ORD-000482
MOV-0001536,PRD-0063,2025-11-14,SALE,-24,Order,ORD-000482
MOV-0001537,PRD-0053,2025-11-14,SALE,-20,Order,ORD-000482
MOV-0001538,PRD-0036,2025-12-15,SALE,-6,Order,ORD-000483
MOV-0001539,PRD-0058,2025-12-15,SALE,-7,Order,ORD-000483
MOV-0001540,PRD-0030,2025-12-15,SALE,-8,Order,ORD-000483
MOV-0001541,PRD-0048,2025-10-15,SALE,-2,Order,ORD-000484
MOV-0001542,PRD-0003,2025-10-15,SALE,-14,Order,ORD-000484
MOV-0001543,PRD-0017,2025-10-15,SALE,-2,Order,ORD-000484
MOV-0001544,PRD-0039,2025-10-15,SALE,-29,Order,ORD-000484
MOV-0001545,PRD-0034,2025-10-15,SALE,-14,Order,ORD-000484
MOV-0001546,PRD-0032,2026-07-20,SALE,-3,Order,ORD-000485
MOV-0001547,PRD-0034,2026-07-20,SALE,-3,Order,ORD-000485
MOV-0001548,PRD-0006,2026-07-20,SALE,-3,Order,ORD-000485
MOV-0001549,PRD-0038,2025-10-25,SALE,-5,Order,ORD-000486
MOV-0001550,PRD-0034,2025-10-25,SALE,-7,Order,ORD-000486
MOV-0001551,PRD-0007,2025-10-25,SALE,-7,Order,ORD-000486
MOV-0001552,PRD-0050,2025-10-25,SALE,-25,Order,ORD-000486
MOV-0001553,PRD-0039,2025-10-25,SALE,-14,Order,ORD-000486
MOV-0001554,PRD-0048,2025-11-17,SALE,-6,Order,ORD-000487
MOV-0001555,PRD-0004,2025-11-17,SALE,-36,Order,ORD-000487
MOV-0001556,PRD-0045,2025-11-17,SALE,-30,Order,ORD-000487
MOV-0001557,PRD-0040,2026-07-29,SALE,-3,Order,ORD-000488
MOV-0001558,PRD-0030,2025-08-19,SALE,-6,Order,ORD-000490
MOV-0001559,PRD-0062,2025-08-19,SALE,-16,Order,ORD-000490
MOV-0001560,PRD-0032,2026-06-18,SALE,-4,Order,ORD-000491
MOV-0001561,PRD-0040,2026-06-18,SALE,-4,Order,ORD-000491
MOV-0001562,PRD-0034,2026-06-18,SALE,-4,Order,ORD-000491
MOV-0001563,PRD-0055,2026-06-18,SALE,-6,Order,ORD-000491
MOV-0001564,PRD-0030,2026-08-24,SALE,-7,Order,ORD-000492
MOV-0001565,PRD-0038,2026-08-24,SALE,-5,Order,ORD-000492
MOV-0001566,PRD-0052,2026-08-24,SALE,-2,Order,ORD-000492
MOV-0001567,PRD-0015,2026-08-24,SALE,-2,Order,ORD-000492
MOV-0001568,PRD-0027,2026-08-06,SALE,-40,Order,ORD-000495
MOV-0001569,PRD-0009,2025-08-17,SALE,-7,Order,ORD-000496
MOV-0001570,PRD-0039,2025-08-17,SALE,-30,Order,ORD-000496
MOV-0001571,PRD-0052,2025-08-17,SALE,-13,Order,ORD-000496
MOV-0001572,PRD-0024,2025-08-17,SALE,-73,Order,ORD-000496
MOV-0001573,PRD-0019,2025-08-17,SALE,-47,Order,ORD-000496
MOV-0001574,PRD-0045,2025-06-12,SALE,-31,Order,ORD-000499
MOV-0001575,PRD-0028,2025-06-12,SALE,-38,Order,ORD-000499
MOV-0001576,PRD-0069,2025-06-12,SALE,-5,Order,ORD-000499
MOV-0001577,PRD-0012,2025-06-19,SALE,-5,Order,ORD-000500
MOV-0001578,PRD-0016,2025-06-19,SALE,-13,Order,ORD-000500
MOV-0001579,PRD-0031,2025-06-19,SALE,-16,Order,ORD-000500
MOV-0001580,PRD-0033,2026-01-15,SALE,-4,Order,ORD-000502
MOV-0001581,PRD-0066,2026-01-15,SALE,-25,Order,ORD-000502
MOV-0001582,PRD-0013,2026-01-15,SALE,-34,Order,ORD-000502
MOV-0001583,PRD-0005,2026-01-15,SALE,-13,Order,ORD-000502
MOV-0001584,PRD-0007,2025-12-14,SALE,-13,Order,ORD-000503
MOV-0001585,PRD-0053,2025-12-14,SALE,-10,Order,ORD-000503
MOV-0001586,PRD-0016,2026-05-12,SALE,-3,Order,ORD-000504
MOV-0001587,PRD-0032,2026-05-12,SALE,-16,Order,ORD-000504
MOV-0001588,PRD-0040,2026-05-12,SALE,-16,Order,ORD-000504
MOV-0001589,PRD-0037,2026-05-12,SALE,-32,Order,ORD-000504
MOV-0001590,PRD-0015,2026-05-12,SALE,-8,Order,ORD-000504
MOV-0001591,PRD-0034,2025-03-08,SALE,-8,Order,ORD-000505
MOV-0001592,PRD-0038,2025-03-08,SALE,-11,Order,ORD-000505
MOV-0001593,PRD-0013,2025-03-08,SALE,-42,Order,ORD-000505
MOV-0001594,PRD-0062,2025-03-08,SALE,-23,Order,ORD-000505
MOV-0001595,PRD-0014,2025-10-21,SALE,-10,Order,ORD-000506
MOV-0001596,PRD-0023,2025-10-21,SALE,-10,Order,ORD-000506
MOV-0001597,PRD-0066,2026-01-16,SALE,-12,Order,ORD-000507
MOV-0001598,PRD-0034,2026-01-16,SALE,-12,Order,ORD-000507
MOV-0001599,PRD-0050,2026-01-16,SALE,-36,Order,ORD-000507
MOV-0001600,PRD-0005,2025-09-12,SALE,-33,Order,ORD-000508
MOV-0001601,PRD-0014,2025-09-12,SALE,-14,Order,ORD-000508
MOV-0001602,PRD-0034,2025-09-12,SALE,-5,Order,ORD-000508
MOV-0001603,PRD-0023,2025-09-12,SALE,-8,Order,ORD-000508
MOV-0001604,PRD-0007,2025-09-12,SALE,-14,Order,ORD-000508
MOV-0001605,PRD-0058,2025-09-12,SALE,-5,Order,ORD-000508
MOV-0001606,PRD-0007,2025-05-24,SALE,-3,Order,ORD-000509
MOV-0001607,PRD-0048,2025-05-24,SALE,-7,Order,ORD-000509
MOV-0001608,PRD-0063,2026-04-26,SALE,-63,Order,ORD-000510
MOV-0001609,PRD-0014,2026-04-26,SALE,-13,Order,ORD-000510
MOV-0001610,PRD-0027,2026-04-26,SALE,-73,Order,ORD-000510
MOV-0001611,PRD-0028,2026-05-21,SALE,-28,Order,ORD-000512
MOV-0001612,PRD-0003,2026-05-21,SALE,-3,Order,ORD-000512
MOV-0001613,PRD-0023,2026-05-21,SALE,-5,Order,ORD-000512
MOV-0001614,PRD-0034,2026-05-21,SALE,-5,Order,ORD-000512
MOV-0001615,PRD-0054,2025-12-30,SALE,-9,Order,ORD-000513
MOV-0001616,PRD-0007,2025-12-30,SALE,-5,Order,ORD-000513
MOV-0001617,PRD-0012,2025-12-01,SALE,-5,Order,ORD-000514
MOV-0001618,PRD-0011,2025-12-01,SALE,-7,Order,ORD-000514
MOV-0001619,PRD-0030,2025-12-01,SALE,-13,Order,ORD-000514
MOV-0001620,PRD-0040,2025-12-01,SALE,-6,Order,ORD-000514
MOV-0001621,PRD-0053,2025-12-01,SALE,-4,Order,ORD-000514
MOV-0001622,PRD-0066,2026-02-19,SALE,-13,Order,ORD-000515
MOV-0001623,PRD-0006,2026-02-19,SALE,-9,Order,ORD-000515
MOV-0001624,PRD-0013,2026-02-19,SALE,-9,Order,ORD-000515
MOV-0001625,PRD-0034,2026-02-19,SALE,-7,Order,ORD-000515
MOV-0001626,PRD-0021,2026-02-19,SALE,-9,Order,ORD-000515
MOV-0001627,PRD-0018,2026-02-19,SALE,-4,Order,ORD-000515
MOV-0001628,PRD-0027,2026-02-19,SALE,-24,Order,ORD-000515
MOV-0001629,PRD-0005,2025-11-16,SALE,-12,Order,ORD-000517
MOV-0001630,PRD-0034,2025-11-16,SALE,-21,Order,ORD-000517
MOV-0001631,PRD-0038,2025-11-16,SALE,-21,Order,ORD-000517
MOV-0001632,PRD-0058,2025-11-16,SALE,-25,Order,ORD-000517
MOV-0001633,PRD-0053,2025-11-16,SALE,-25,Order,ORD-000517
MOV-0001634,PRD-0049,2025-11-16,SALE,-12,Order,ORD-000517
MOV-0001635,PRD-0052,2025-11-16,SALE,-25,Order,ORD-000517
MOV-0001636,PRD-0053,2026-04-22,SALE,-15,Order,ORD-000518
MOV-0001637,PRD-0033,2026-04-22,SALE,-7,Order,ORD-000518
MOV-0001638,PRD-0007,2026-04-22,SALE,-10,Order,ORD-000518
MOV-0001639,PRD-0013,2026-04-22,SALE,-20,Order,ORD-000518
MOV-0001640,PRD-0045,2026-08-20,SALE,-6,Order,ORD-000519
MOV-0001641,PRD-0017,2025-11-28,SALE,-3,Order,ORD-000520
MOV-0001642,PRD-0005,2025-11-28,SALE,-5,Order,ORD-000520
MOV-0001643,PRD-0007,2025-11-28,SALE,-6,Order,ORD-000520
MOV-0001644,PRD-0008,2025-11-28,SALE,-3,Order,ORD-000520
MOV-0001645,PRD-0069,2026-04-18,SALE,-11,Order,ORD-000521
MOV-0001646,PRD-0007,2026-04-18,SALE,-4,Order,ORD-000521
MOV-0001647,PRD-0021,2026-04-18,SALE,-13,Order,ORD-000521
MOV-0001648,PRD-0048,2026-04-18,SALE,-6,Order,ORD-000521
MOV-0001649,PRD-0022,2025-12-09,SALE,-3,Order,ORD-000522
MOV-0001650,PRD-0034,2025-12-09,SALE,-11,Order,ORD-000522
MOV-0001651,PRD-0045,2025-12-09,SALE,-28,Order,ORD-000522
MOV-0001652,PRD-0016,2025-12-09,SALE,-14,Order,ORD-000522
MOV-0001653,PRD-0028,2026-07-12,SALE,-26,Order,ORD-000524
MOV-0001654,PRD-0014,2026-07-12,SALE,-7,Order,ORD-000524
MOV-0001655,PRD-0016,2026-07-12,SALE,-2,Order,ORD-000524
MOV-0001656,PRD-0032,2025-12-29,SALE,-5,Order,ORD-000525
MOV-0001657,PRD-0063,2025-12-29,SALE,-30,Order,ORD-000525
MOV-0001658,PRD-0027,2025-12-29,SALE,-17,Order,ORD-000525
MOV-0001659,PRD-0067,2026-07-28,SALE,-11,Order,ORD-000526
MOV-0001660,PRD-0069,2026-07-28,SALE,-5,Order,ORD-000526
MOV-0001661,PRD-0049,2026-07-28,SALE,-24,Order,ORD-000526
MOV-0001662,PRD-0066,2026-07-28,SALE,-18,Order,ORD-000526
MOV-0001663,PRD-0005,2026-05-14,SALE,-10,Order,ORD-000527
MOV-0001664,PRD-0008,2026-05-14,SALE,-12,Order,ORD-000527
MOV-0001665,PRD-0011,2025-10-16,SALE,-1,Order,ORD-000528
MOV-0001666,PRD-0069,2025-10-16,SALE,-5,Order,ORD-000528
MOV-0001667,PRD-0037,2025-10-16,SALE,-13,Order,ORD-000528
MOV-0001668,PRD-0066,2025-11-10,SALE,-10,Order,ORD-000529
MOV-0001669,PRD-0005,2025-11-10,SALE,-24,Order,ORD-000529
MOV-0001670,PRD-0036,2025-11-28,SALE,-6,Order,ORD-000530
MOV-0001671,PRD-0058,2025-11-28,SALE,-6,Order,ORD-000530
MOV-0001672,PRD-0066,2025-11-28,SALE,-6,Order,ORD-000530
MOV-0001673,PRD-0034,2025-11-28,SALE,-10,Order,ORD-000530
MOV-0001674,PRD-0033,2025-11-28,SALE,-8,Order,ORD-000530
MOV-0001675,PRD-0011,2025-11-28,SALE,-2,Order,ORD-000530
MOV-0001676,PRD-0034,2025-12-14,SALE,-4,Order,ORD-000531
MOV-0001677,PRD-0011,2025-12-14,SALE,-11,Order,ORD-000531
MOV-0001678,PRD-0045,2025-12-14,SALE,-49,Order,ORD-000531
MOV-0001679,PRD-0024,2025-12-14,SALE,-56,Order,ORD-000531
MOV-0001680,PRD-0066,2025-12-14,SALE,-30,Order,ORD-000531
MOV-0001681,PRD-0027,2025-12-14,SALE,-94,Order,ORD-000531
MOV-0001682,PRD-0058,2025-12-14,SALE,-23,Order,ORD-000531
MOV-0001683,PRD-0005,2025-10-02,SALE,-11,Order,ORD-000532
MOV-0001684,PRD-0013,2025-10-02,SALE,-24,Order,ORD-000532
MOV-0001685,PRD-0066,2025-07-05,SALE,-14,Order,ORD-000533
MOV-0001686,PRD-0007,2025-07-05,SALE,-4,Order,ORD-000533
MOV-0001687,PRD-0063,2025-07-05,SALE,-25,Order,ORD-000533
MOV-0001688,PRD-0027,2025-11-10,SALE,-28,Order,ORD-000534
MOV-0001689,PRD-0052,2026-07-06,SALE,-10,Order,ORD-000535
MOV-0001690,PRD-0049,2026-07-06,SALE,-44,Order,ORD-000535
MOV-0001691,PRD-0022,2026-07-06,SALE,-13,Order,ORD-000535
MOV-0001692,PRD-0036,2026-07-06,SALE,-3,Order,ORD-000535
MOV-0001693,PRD-0057,2026-08-14,SALE,-2,Order,ORD-000536
MOV-0001694,PRD-0031,2026-08-14,SALE,-10,Order,ORD-000536
MOV-0001695,PRD-0048,2026-08-14,SALE,-6,Order,ORD-000536
MOV-0001696,PRD-0035,2026-06-12,SALE,-6,Order,ORD-000537
MOV-0001697,PRD-0066,2026-06-12,SALE,-9,Order,ORD-000537
MOV-0001698,PRD-0031,2026-06-12,SALE,-5,Order,ORD-000537
MOV-0001699,PRD-0046,2026-06-16,SALE,-4,Order,ORD-000538
MOV-0001700,PRD-0045,2026-06-16,SALE,-29,Order,ORD-000538
MOV-0001701,PRD-0053,2026-06-16,SALE,-6,Order,ORD-000538
MOV-0001702,PRD-0057,2025-06-02,SALE,-3,Order,ORD-000539
MOV-0001703,PRD-0005,2025-06-02,SALE,-3,Order,ORD-000539
MOV-0001704,PRD-0030,2025-06-02,SALE,-7,Order,ORD-000539
MOV-0001705,PRD-0028,2025-06-02,SALE,-6,Order,ORD-000539
MOV-0001706,PRD-0027,2025-04-14,SALE,-19,Order,ORD-000540
MOV-0001707,PRD-0070,2025-07-17,SALE,-9,Order,ORD-000541
MOV-0001708,PRD-0034,2025-07-17,SALE,-6,Order,ORD-000541
MOV-0001709,PRD-0023,2025-04-19,SALE,-14,Order,ORD-000542
MOV-0001710,PRD-0067,2025-04-19,SALE,-28,Order,ORD-000542
MOV-0001711,PRD-0005,2025-04-19,SALE,-42,Order,ORD-000542
MOV-0001712,PRD-0013,2025-04-19,SALE,-34,Order,ORD-000542
MOV-0001713,PRD-0011,2025-04-19,SALE,-8,Order,ORD-000542
MOV-0001714,PRD-0033,2025-04-19,SALE,-3,Order,ORD-000542
MOV-0001715,PRD-0063,2025-04-19,SALE,-70,Order,ORD-000542
MOV-0001716,PRD-0059,2026-04-25,SALE,-29,Order,ORD-000543
MOV-0001717,PRD-0050,2026-04-25,SALE,-16,Order,ORD-000543
MOV-0001718,PRD-0005,2026-04-25,SALE,-22,Order,ORD-000543
MOV-0001719,PRD-0032,2026-04-25,SALE,-2,Order,ORD-000543
MOV-0001720,PRD-0037,2025-06-29,SALE,-6,Order,ORD-000544
MOV-0001721,PRD-0069,2025-06-29,SALE,-1,Order,ORD-000544
MOV-0001722,PRD-0032,2025-06-10,SALE,-14,Order,ORD-000545
MOV-0001723,PRD-0028,2025-06-10,SALE,-25,Order,ORD-000545
MOV-0001724,PRD-0007,2025-06-10,SALE,-5,Order,ORD-000545
MOV-0001725,PRD-0018,2025-06-10,SALE,-5,Order,ORD-000545
MOV-0001726,PRD-0066,2026-06-21,SALE,-14,Order,ORD-000548
MOV-0001727,PRD-0022,2026-06-21,SALE,-6,Order,ORD-000548
MOV-0001728,PRD-0005,2026-06-21,SALE,-20,Order,ORD-000548
MOV-0001729,PRD-0031,2026-06-21,SALE,-30,Order,ORD-000548
MOV-0001730,PRD-0052,2026-06-21,SALE,-4,Order,ORD-000548
MOV-0001731,PRD-0051,2025-04-20,SALE,-34,Order,ORD-000549
MOV-0001732,PRD-0038,2025-04-20,SALE,-17,Order,ORD-000549
MOV-0001733,PRD-0034,2025-04-20,SALE,-11,Order,ORD-000549
MOV-0001734,PRD-0031,2025-04-20,SALE,-26,Order,ORD-000549
MOV-0001735,PRD-0009,2025-04-20,SALE,-6,Order,ORD-000549
MOV-0001736,PRD-0063,2026-04-27,SALE,-30,Order,ORD-000550
MOV-0001737,PRD-0006,2026-04-27,SALE,-1,Order,ORD-000550
MOV-0001738,PRD-0034,2026-04-27,SALE,-1,Order,ORD-000550
MOV-0001739,PRD-0041,2026-04-27,SALE,-1,Order,ORD-000550
MOV-0001740,PRD-0004,2026-08-01,SALE,-9,Order,ORD-000551
MOV-0001741,PRD-0066,2025-05-03,SALE,-9,Order,ORD-000552
MOV-0001742,PRD-0003,2025-05-03,SALE,-3,Order,ORD-000552
MOV-0001743,PRD-0069,2025-05-03,SALE,-2,Order,ORD-000552
MOV-0001744,PRD-0064,2025-05-03,SALE,-2,Order,ORD-000552
MOV-0001745,PRD-0050,2026-03-12,SALE,-12,Order,ORD-000553
MOV-0001746,PRD-0034,2026-03-12,SALE,-5,Order,ORD-000553
MOV-0001747,PRD-0053,2026-03-12,SALE,-6,Order,ORD-000553
MOV-0001748,PRD-0005,2026-03-12,SALE,-15,Order,ORD-000553
MOV-0001749,PRD-0044,2025-09-04,SALE,-24,Order,ORD-000554
MOV-0001750,PRD-0066,2025-09-04,SALE,-34,Order,ORD-000554
MOV-0001751,PRD-0022,2025-08-06,SALE,-6,Order,ORD-000556
MOV-0001752,PRD-0003,2025-08-06,SALE,-11,Order,ORD-000556
MOV-0001753,PRD-0034,2025-08-06,SALE,-4,Order,ORD-000556
MOV-0001754,PRD-0009,2025-08-06,SALE,-4,Order,ORD-000556
MOV-0001755,PRD-0053,2025-08-06,SALE,-9,Order,ORD-000556
MOV-0001756,PRD-0066,2025-08-06,SALE,-9,Order,ORD-000556
MOV-0001757,PRD-0036,2025-08-06,SALE,-13,Order,ORD-000556
MOV-0001758,PRD-0050,2026-01-09,SALE,-5,Order,ORD-000557
MOV-0001759,PRD-0031,2026-01-09,SALE,-8,Order,ORD-000557
MOV-0001760,PRD-0027,2026-01-09,SALE,-17,Order,ORD-000557
MOV-0001761,PRD-0037,2026-07-10,SALE,-12,Order,ORD-000558
MOV-0001762,PRD-0032,2026-07-10,SALE,-5,Order,ORD-000558
MOV-0001763,PRD-0069,2026-07-10,SALE,-7,Order,ORD-000558
MOV-0001764,PRD-0005,2026-07-10,SALE,-5,Order,ORD-000558
MOV-0001765,PRD-0033,2025-03-08,SALE,-16,Order,ORD-000559
MOV-0001766,PRD-0001,2025-03-08,SALE,-20,Order,ORD-000559
MOV-0001767,PRD-0022,2025-03-08,SALE,-13,Order,ORD-000559
MOV-0001768,PRD-0039,2025-03-08,SALE,-42,Order,ORD-000559
MOV-0001769,PRD-0037,2025-03-08,SALE,-78,Order,ORD-000559
MOV-0001770,PRD-0005,2025-08-18,SALE,-23,Order,ORD-000560
MOV-0001771,PRD-0060,2025-08-18,SALE,-23,Order,ORD-000560
MOV-0001772,PRD-0045,2025-08-18,SALE,-49,Order,ORD-000560
MOV-0001773,PRD-0034,2025-08-18,SALE,-4,Order,ORD-000560
MOV-0001774,PRD-0018,2025-11-05,SALE,-5,Order,ORD-000561
MOV-0001775,PRD-0004,2025-11-05,SALE,-10,Order,ORD-000561
MOV-0001776,PRD-0045,2025-04-18,SALE,-25,Order,ORD-000562
MOV-0001777,PRD-0048,2025-04-18,SALE,-12,Order,ORD-000562
MOV-0001778,PRD-0066,2025-04-18,SALE,-27,Order,ORD-000562
MOV-0001779,PRD-0031,2025-04-18,SALE,-31,Order,ORD-000562
MOV-0001780,PRD-0023,2025-04-18,SALE,-2,Order,ORD-000562
MOV-0001781,PRD-0053,2025-08-23,SALE,-5,Order,ORD-000563
MOV-0001782,PRD-0007,2025-08-23,SALE,-2,Order,ORD-000563
MOV-0001783,PRD-0005,2025-11-19,SALE,-37,Order,ORD-000564
MOV-0001784,PRD-0058,2025-11-19,SALE,-2,Order,ORD-000564
MOV-0001785,PRD-0028,2025-11-19,SALE,-42,Order,ORD-000564
MOV-0001786,PRD-0034,2025-11-19,SALE,-15,Order,ORD-000564
MOV-0001787,PRD-0004,2025-11-19,SALE,-29,Order,ORD-000564
MOV-0001788,PRD-0016,2026-03-02,SALE,-6,Order,ORD-000565
MOV-0001789,PRD-0066,2026-03-02,SALE,-15,Order,ORD-000565
MOV-0001790,PRD-0028,2026-03-02,SALE,-9,Order,ORD-000565
MOV-0001791,PRD-0065,2026-04-12,SALE,-11,Order,ORD-000567
MOV-0001792,PRD-0030,2025-06-05,SALE,-35,Order,ORD-000569
MOV-0001793,PRD-0009,2025-06-05,SALE,-7,Order,ORD-000569
MOV-0001794,PRD-0064,2025-06-05,SALE,-14,Order,ORD-000569
MOV-0001795,PRD-0009,2025-06-02,SALE,-7,Order,ORD-000570
MOV-0001796,PRD-0049,2025-06-02,SALE,-7,Order,ORD-000570
MOV-0001797,PRD-0030,2025-11-17,SALE,-51,Order,ORD-000571
MOV-0001798,PRD-0064,2025-11-17,SALE,-23,Order,ORD-000571
MOV-0001799,PRD-0040,2025-11-17,SALE,-8,Order,ORD-000571
MOV-0001800,PRD-0058,2025-11-17,SALE,-8,Order,ORD-000571
MOV-0001801,PRD-0007,2025-11-17,SALE,-4,Order,ORD-000571
MOV-0001802,PRD-0011,2025-09-13,SALE,-1,Order,ORD-000572
MOV-0001803,PRD-0003,2025-07-01,SALE,-13,Order,ORD-000573
MOV-0001804,PRD-0005,2025-07-01,SALE,-33,Order,ORD-000573
MOV-0001805,PRD-0021,2025-07-01,SALE,-3,Order,ORD-000573
MOV-0001806,PRD-0027,2025-07-01,SALE,-75,Order,ORD-000573
MOV-0001807,PRD-0035,2026-07-10,SALE,-4,Order,ORD-000575
MOV-0001808,PRD-0034,2026-07-10,SALE,-4,Order,ORD-000575
MOV-0001809,PRD-0011,2026-06-07,SALE,-8,Order,ORD-000576
MOV-0001810,PRD-0066,2026-06-07,SALE,-39,Order,ORD-000576
MOV-0001811,PRD-0034,2025-04-02,SALE,-5,Order,ORD-000578
MOV-0001812,PRD-0013,2025-04-02,SALE,-23,Order,ORD-000578
MOV-0001813,PRD-0066,2026-06-10,SALE,-26,Order,ORD-000579
MOV-0001814,PRD-0064,2026-06-10,SALE,-2,Order,ORD-000579
MOV-0001815,PRD-0007,2026-06-10,SALE,-5,Order,ORD-000579
MOV-0001816,PRD-0045,2026-06-10,SALE,-26,Order,ORD-000579
MOV-0001817,PRD-0069,2026-06-10,SALE,-10,Order,ORD-000579
MOV-0001818,PRD-0055,2026-01-13,SALE,-10,Order,ORD-000580
MOV-0001819,PRD-0047,2026-01-13,SALE,-7,Order,ORD-000580
MOV-0001820,PRD-0023,2026-01-13,SALE,-10,Order,ORD-000580
MOV-0001821,PRD-0040,2026-01-13,SALE,-15,Order,ORD-000580
MOV-0001822,PRD-0032,2025-04-04,SALE,-15,Order,ORD-000581
MOV-0001823,PRD-0002,2025-04-04,SALE,-15,Order,ORD-000581
MOV-0001824,PRD-0034,2025-04-04,SALE,-6,Order,ORD-000581
MOV-0001825,PRD-0055,2025-04-04,SALE,-18,Order,ORD-000581
MOV-0001826,PRD-0011,2025-04-04,SALE,-6,Order,ORD-000581
MOV-0001827,PRD-0052,2026-07-02,SALE,-7,Order,ORD-000584
MOV-0001828,PRD-0032,2026-07-02,SALE,-11,Order,ORD-000584
MOV-0001829,PRD-0047,2026-07-02,SALE,-11,Order,ORD-000584
MOV-0001830,PRD-0034,2026-07-02,SALE,-11,Order,ORD-000584
MOV-0001831,PRD-0005,2026-08-26,SALE,-20,Order,ORD-000585
MOV-0001832,PRD-0021,2026-08-26,SALE,-12,Order,ORD-000585
MOV-0001833,PRD-0030,2026-08-26,SALE,-61,Order,ORD-000585
MOV-0001834,PRD-0034,2026-08-26,SALE,-8,Order,ORD-000585
MOV-0001835,PRD-0007,2026-08-26,SALE,-12,Order,ORD-000585
MOV-0001836,PRD-0056,2026-08-26,SALE,-12,Order,ORD-000585
MOV-0001837,PRD-0048,2025-04-06,SALE,-2,Order,ORD-000586
MOV-0001838,PRD-0065,2025-04-06,SALE,-9,Order,ORD-000586
MOV-0001839,PRD-0002,2025-04-06,SALE,-27,Order,ORD-000586
MOV-0001840,PRD-0066,2025-04-06,SALE,-7,Order,ORD-000586
MOV-0001841,PRD-0002,2026-02-28,SALE,-17,Order,ORD-000588
MOV-0001842,PRD-0015,2026-02-28,SALE,-1,Order,ORD-000588
MOV-0001843,PRD-0032,2026-02-28,SALE,-6,Order,ORD-000588
MOV-0001844,PRD-0034,2025-11-20,SALE,-18,Order,ORD-000589
MOV-0001845,PRD-0007,2025-11-20,SALE,-14,Order,ORD-000589
MOV-0001846,PRD-0032,2025-12-27,SALE,-16,Order,ORD-000590
MOV-0001847,PRD-0026,2025-12-27,SALE,-32,Order,ORD-000590
MOV-0001848,PRD-0045,2025-12-27,SALE,-20,Order,ORD-000590
MOV-0001849,PRD-0040,2025-12-27,SALE,-24,Order,ORD-000590
MOV-0001850,PRD-0023,2025-10-22,SALE,-3,Order,ORD-000591
MOV-0001851,PRD-0017,2025-10-22,SALE,-14,Order,ORD-000591
MOV-0001852,PRD-0057,2025-10-22,SALE,-12,Order,ORD-000591
MOV-0001853,PRD-0007,2025-10-22,SALE,-17,Order,ORD-000591
MOV-0001854,PRD-0054,2025-04-16,SALE,-10,Order,ORD-000592
MOV-0001855,PRD-0027,2025-04-16,SALE,-32,Order,ORD-000592
MOV-0001856,PRD-0036,2025-04-16,SALE,-6,Order,ORD-000592
MOV-0001857,PRD-0050,2025-04-16,SALE,-6,Order,ORD-000592
MOV-0001858,PRD-0033,2025-04-16,SALE,-6,Order,ORD-000592
MOV-0001859,PRD-0036,2026-02-15,SALE,-3,Order,ORD-000593
MOV-0001860,PRD-0005,2026-02-15,SALE,-15,Order,ORD-000593
MOV-0001861,PRD-0040,2026-02-15,SALE,-18,Order,ORD-000593
MOV-0001862,PRD-0037,2026-02-15,SALE,-21,Order,ORD-000593
MOV-0001863,PRD-0026,2026-02-15,SALE,-66,Order,ORD-000593
MOV-0001864,PRD-0052,2026-02-15,SALE,-12,Order,ORD-000593
MOV-0001865,PRD-0030,2025-08-28,SALE,-8,Order,ORD-000594
MOV-0001866,PRD-0022,2025-08-28,SALE,-2,Order,ORD-000594
MOV-0001867,PRD-0069,2025-08-28,SALE,-4,Order,ORD-000594
MOV-0001868,PRD-0058,2025-08-28,SALE,-4,Order,ORD-000594
MOV-0001869,PRD-0057,2026-01-23,SALE,-7,Order,ORD-000595
MOV-0001870,PRD-0006,2026-01-23,SALE,-12,Order,ORD-000595
MOV-0001871,PRD-0031,2026-01-23,SALE,-28,Order,ORD-000595
MOV-0001872,PRD-0055,2026-01-23,SALE,-5,Order,ORD-000595
MOV-0001873,PRD-0010,2025-04-11,SALE,-3,Order,ORD-000597
MOV-0001874,PRD-0003,2025-04-11,SALE,-5,Order,ORD-000597
MOV-0001875,PRD-0062,2025-10-06,SALE,-17,Order,ORD-000598
MOV-0001876,PRD-0045,2025-10-06,SALE,-10,Order,ORD-000598
MOV-0001877,PRD-0056,2025-10-06,SALE,-10,Order,ORD-000598
MOV-0001878,PRD-0030,2026-01-15,SALE,-7,Order,ORD-000599
MOV-0001879,PRD-0037,2026-01-15,SALE,-27,Order,ORD-000599
MOV-0001880,PRD-0058,2025-05-01,SALE,-6,Order,ORD-000600
MOV-0001881,PRD-0037,2025-05-01,SALE,-34,Order,ORD-000600
MOV-0001882,PRD-0007,2025-05-01,SALE,-13,Order,ORD-000600
MOV-0001883,PRD-0005,2025-05-01,SALE,-30,Order,ORD-000600
MOV-0001884,PRD-0065,2025-05-01,SALE,-9,Order,ORD-000600
MOV-0001885,PRD-0006,2025-05-01,SALE,-4,Order,ORD-000600
MOV-0001886,PRD-0052,2026-08-03,SALE,-12,Order,ORD-000601
MOV-0001887,PRD-0019,2026-08-03,SALE,-15,Order,ORD-000601
MOV-0001888,PRD-0043,2026-01-19,SALE,-4,Order,ORD-000602
MOV-0001889,PRD-0049,2026-01-19,SALE,-13,Order,ORD-000602
MOV-0001890,PRD-0063,2026-01-19,SALE,-27,Order,ORD-000602
MOV-0001891,PRD-0045,2025-12-12,SALE,-10,Order,ORD-000603
MOV-0001892,PRD-0021,2025-12-12,SALE,-10,Order,ORD-000603
MOV-0001893,PRD-0066,2025-12-12,SALE,-10,Order,ORD-000603
MOV-0001894,PRD-0031,2025-12-12,SALE,-27,Order,ORD-000603
MOV-0001895,PRD-0034,2025-12-12,SALE,-12,Order,ORD-000603
MOV-0001896,PRD-0031,2026-07-26,SALE,-9,Order,ORD-000604
MOV-0001897,PRD-0034,2026-07-26,SALE,-13,Order,ORD-000604
MOV-0001898,PRD-0070,2026-07-26,SALE,-19,Order,ORD-000604
MOV-0001899,PRD-0069,2025-03-16,SALE,-6,Order,ORD-000606
MOV-0001900,PRD-0005,2025-03-16,SALE,-20,Order,ORD-000606
MOV-0001901,PRD-0009,2025-03-16,SALE,-3,Order,ORD-000606
MOV-0001902,PRD-0019,2025-03-16,SALE,-9,Order,ORD-000606
MOV-0001903,PRD-0021,2025-03-16,SALE,-5,Order,ORD-000606
MOV-0001904,PRD-0045,2025-06-15,SALE,-8,Order,ORD-000607
MOV-0001905,PRD-0011,2025-06-15,SALE,-13,Order,ORD-000607
MOV-0001906,PRD-0031,2025-06-15,SALE,-25,Order,ORD-000607
MOV-0001907,PRD-0060,2025-06-15,SALE,-8,Order,ORD-000607
MOV-0001908,PRD-0043,2026-07-26,SALE,-5,Order,ORD-000608
MOV-0001909,PRD-0013,2026-07-26,SALE,-61,Order,ORD-000608
MOV-0001910,PRD-0066,2026-07-26,SALE,-15,Order,ORD-000608
MOV-0001911,PRD-0007,2026-07-26,SALE,-12,Order,ORD-000608
MOV-0001912,PRD-0034,2026-07-26,SALE,-10,Order,ORD-000608
MOV-0001913,PRD-0034,2025-12-08,SALE,-8,Order,ORD-000609
MOV-0001914,PRD-0070,2025-12-08,SALE,-21,Order,ORD-000609
MOV-0001915,PRD-0058,2025-12-08,SALE,-12,Order,ORD-000609
MOV-0001916,PRD-0033,2025-12-08,SALE,-10,Order,ORD-000609
MOV-0001917,PRD-0028,2025-12-08,SALE,-18,Order,ORD-000609
MOV-0001918,PRD-0069,2025-12-08,SALE,-8,Order,ORD-000609
MOV-0001919,PRD-0049,2026-06-09,SALE,-53,Order,ORD-000610
MOV-0001920,PRD-0066,2026-06-09,SALE,-49,Order,ORD-000610
MOV-0001921,PRD-0045,2026-06-09,SALE,-41,Order,ORD-000610
MOV-0001922,PRD-0054,2026-06-09,SALE,-24,Order,ORD-000610
MOV-0001923,PRD-0010,2026-06-09,SALE,-24,Order,ORD-000610
MOV-0001924,PRD-0004,2026-06-09,SALE,-61,Order,ORD-000610
MOV-0001925,PRD-0069,2026-06-09,SALE,-4,Order,ORD-000610
MOV-0001926,PRD-0005,2025-07-18,SALE,-25,Order,ORD-000612
MOV-0001927,PRD-0066,2025-07-18,SALE,-21,Order,ORD-000612
MOV-0001928,PRD-0030,2025-07-18,SALE,-23,Order,ORD-000612
MOV-0001929,PRD-0049,2026-05-07,SALE,-10,Order,ORD-000613
MOV-0001930,PRD-0066,2026-05-07,SALE,-27,Order,ORD-000613
MOV-0001931,PRD-0007,2026-05-07,SALE,-15,Order,ORD-000613
MOV-0001932,PRD-0045,2026-08-27,SALE,-29,Order,ORD-000615
MOV-0001933,PRD-0065,2026-08-27,SALE,-11,Order,ORD-000615
MOV-0001934,PRD-0066,2026-08-27,SALE,-11,Order,ORD-000615
MOV-0001935,PRD-0021,2026-08-27,SALE,-4,Order,ORD-000615
MOV-0001936,PRD-0066,2025-08-18,SALE,-13,Order,ORD-000616
MOV-0001937,PRD-0047,2025-08-18,SALE,-4,Order,ORD-000616
MOV-0001938,PRD-0054,2025-08-18,SALE,-22,Order,ORD-000616
MOV-0001939,PRD-0008,2025-07-13,SALE,-5,Order,ORD-000617
MOV-0001940,PRD-0009,2025-07-13,SALE,-1,Order,ORD-000617
MOV-0001941,PRD-0034,2025-07-13,SALE,-2,Order,ORD-000617
MOV-0001942,PRD-0069,2025-07-13,SALE,-2,Order,ORD-000617
MOV-0001943,PRD-0025,2026-01-03,SALE,-6,Order,ORD-000618
MOV-0001944,PRD-0009,2026-01-31,SALE,-3,Order,ORD-000619
MOV-0001945,PRD-0005,2026-08-08,SALE,-34,Order,ORD-000621
MOV-0001946,PRD-0032,2026-08-08,SALE,-4,Order,ORD-000621
MOV-0001947,PRD-0007,2026-08-08,SALE,-11,Order,ORD-000621
MOV-0001948,PRD-0069,2026-08-08,SALE,-22,Order,ORD-000621
MOV-0001949,PRD-0013,2026-08-08,SALE,-19,Order,ORD-000621
MOV-0001950,PRD-0052,2026-08-08,SALE,-15,Order,ORD-000621
MOV-0001951,PRD-0007,2026-03-24,SALE,-4,Order,ORD-000622
MOV-0001952,PRD-0034,2026-03-24,SALE,-4,Order,ORD-000622
MOV-0001953,PRD-0064,2026-06-02,SALE,-7,Order,ORD-000623
MOV-0001954,PRD-0069,2026-06-02,SALE,-7,Order,ORD-000623
MOV-0001955,PRD-0034,2026-06-02,SALE,-3,Order,ORD-000623
MOV-0001956,PRD-0045,2026-06-02,SALE,-31,Order,ORD-000623
MOV-0001957,PRD-0027,2026-06-02,SALE,-65,Order,ORD-000623
MOV-0001958,PRD-0010,2026-02-18,SALE,-9,Order,ORD-000624
MOV-0001959,PRD-0005,2026-02-18,SALE,-14,Order,ORD-000624
MOV-0001960,PRD-0009,2026-02-18,SALE,-12,Order,ORD-000624
MOV-0001961,PRD-0030,2026-02-18,SALE,-25,Order,ORD-000624
MOV-0001962,PRD-0066,2026-02-18,SALE,-21,Order,ORD-000624
MOV-0001963,PRD-0013,2026-02-18,SALE,-46,Order,ORD-000624
MOV-0001964,PRD-0029,2026-04-16,SALE,-1,Order,ORD-000625
MOV-0001965,PRD-0006,2026-04-16,SALE,-1,Order,ORD-000625
MOV-0001966,PRD-0007,2026-04-16,SALE,-3,Order,ORD-000625
MOV-0001967,PRD-0010,2026-04-16,SALE,-1,Order,ORD-000625
MOV-0001968,PRD-0034,2025-07-09,SALE,-10,Order,ORD-000626
MOV-0001969,PRD-0007,2025-07-09,SALE,-2,Order,ORD-000626
MOV-0001970,PRD-0066,2025-07-09,SALE,-8,Order,ORD-000626
MOV-0001971,PRD-0059,2025-03-19,SALE,-8,Order,ORD-000627
MOV-0001972,PRD-0004,2025-03-19,SALE,-7,Order,ORD-000627
MOV-0001973,PRD-0005,2025-03-19,SALE,-9,Order,ORD-000627
MOV-0001974,PRD-0013,2025-03-19,SALE,-34,Order,ORD-000627
MOV-0001975,PRD-0030,2025-06-07,SALE,-14,Order,ORD-000628
MOV-0001976,PRD-0005,2025-06-07,SALE,-8,Order,ORD-000628
MOV-0001977,PRD-0007,2025-06-07,SALE,-4,Order,ORD-000628
MOV-0001978,PRD-0023,2025-06-07,SALE,-2,Order,ORD-000628
MOV-0001979,PRD-0049,2025-06-07,SALE,-20,Order,ORD-000628
MOV-0001980,PRD-0045,2025-06-07,SALE,-8,Order,ORD-000628
MOV-0001981,PRD-0010,2025-11-10,SALE,-3,Order,ORD-000629
MOV-0001982,PRD-0024,2025-11-10,SALE,-31,Order,ORD-000629
MOV-0001983,PRD-0034,2025-11-10,SALE,-3,Order,ORD-000629
MOV-0001984,PRD-0033,2025-11-10,SALE,-8,Order,ORD-000629
MOV-0001985,PRD-0034,2025-04-09,SALE,-17,Order,ORD-000630
MOV-0001986,PRD-0005,2025-04-09,SALE,-35,Order,ORD-000630
MOV-0001987,PRD-0014,2025-04-09,SALE,-10,Order,ORD-000630
MOV-0001988,PRD-0022,2025-04-09,SALE,-14,Order,ORD-000630
MOV-0001989,PRD-0066,2025-04-09,SALE,-14,Order,ORD-000630
MOV-0001990,PRD-0024,2026-09-01,SALE,-36,Order,ORD-000631
MOV-0001991,PRD-0013,2026-09-01,SALE,-21,Order,ORD-000631
MOV-0001992,PRD-0005,2026-09-01,SALE,-25,Order,ORD-000631
MOV-0001993,PRD-0050,2026-09-01,SALE,-21,Order,ORD-000631
MOV-0001994,PRD-0048,2026-09-01,SALE,-11,Order,ORD-000631
MOV-0001995,PRD-0058,2026-02-11,SALE,-5,Order,ORD-000632
MOV-0001996,PRD-0007,2026-02-11,SALE,-4,Order,ORD-000632
MOV-0001997,PRD-0063,2026-02-11,SALE,-24,Order,ORD-000632
MOV-0001998,PRD-0053,2026-02-11,SALE,-4,Order,ORD-000632
MOV-0001999,PRD-0053,2025-07-29,SALE,-25,Order,ORD-000633
MOV-0002000,PRD-0029,2025-07-29,SALE,-17,Order,ORD-000633
MOV-0002001,PRD-0047,2025-07-29,SALE,-17,Order,ORD-000633
MOV-0002002,PRD-0034,2025-07-29,SALE,-8,Order,ORD-000633
MOV-0002003,PRD-0005,2025-07-11,SALE,-4,Order,ORD-000634
MOV-0002004,PRD-0026,2025-07-11,SALE,-4,Order,ORD-000634
MOV-0002005,PRD-0036,2026-04-22,SALE,-5,Order,ORD-000635
MOV-0002006,PRD-0030,2026-04-22,SALE,-15,Order,ORD-000635
MOV-0002007,PRD-0026,2026-04-22,SALE,-19,Order,ORD-000635
MOV-0002008,PRD-0032,2026-01-28,SALE,-3,Order,ORD-000636
MOV-0002009,PRD-0051,2026-01-28,SALE,-9,Order,ORD-000636
MOV-0002010,PRD-0045,2025-10-06,SALE,-9,Order,ORD-000637
MOV-0002011,PRD-0005,2025-10-06,SALE,-19,Order,ORD-000637
MOV-0002012,PRD-0034,2025-10-06,SALE,-6,Order,ORD-000637
MOV-0002013,PRD-0006,2025-03-23,SALE,-13,Order,ORD-000639
MOV-0002014,PRD-0009,2025-03-23,SALE,-20,Order,ORD-000639
MOV-0002015,PRD-0045,2025-03-23,SALE,-20,Order,ORD-000639
MOV-0002016,PRD-0069,2025-07-26,SALE,-20,Order,ORD-000640
MOV-0002017,PRD-0012,2025-07-26,SALE,-3,Order,ORD-000640
MOV-0002018,PRD-0011,2025-07-26,SALE,-20,Order,ORD-000640
MOV-0002019,PRD-0024,2025-07-26,SALE,-85,Order,ORD-000640
MOV-0002020,PRD-0045,2025-07-26,SALE,-10,Order,ORD-000640
MOV-0002021,PRD-0022,2025-07-26,SALE,-17,Order,ORD-000640
MOV-0002022,PRD-0013,2025-07-26,SALE,-48,Order,ORD-000640
MOV-0002023,PRD-0016,2026-02-28,SALE,-18,Order,ORD-000641
MOV-0002024,PRD-0020,2026-02-28,SALE,-9,Order,ORD-000641
MOV-0002025,PRD-0062,2026-02-28,SALE,-27,Order,ORD-000641
MOV-0002026,PRD-0044,2026-02-28,SALE,-60,Order,ORD-000641
MOV-0002027,PRD-0021,2026-02-28,SALE,-18,Order,ORD-000641
MOV-0002028,PRD-0010,2026-02-28,SALE,-18,Order,ORD-000641
MOV-0002029,PRD-0021,2026-01-07,SALE,-11,Order,ORD-000644
MOV-0002030,PRD-0013,2026-01-07,SALE,-84,Order,ORD-000644
MOV-0002031,PRD-0063,2026-01-07,SALE,-65,Order,ORD-000644
MOV-0002032,PRD-0012,2026-01-07,SALE,-23,Order,ORD-000644
MOV-0002033,PRD-0034,2026-01-07,SALE,-15,Order,ORD-000644
MOV-0002034,PRD-0022,2026-01-07,SALE,-23,Order,ORD-000644
MOV-0002035,PRD-0033,2026-01-07,SALE,-4,Order,ORD-000644
MOV-0002036,PRD-0043,2025-05-07,SALE,-3,Order,ORD-000645
MOV-0002037,PRD-0005,2025-05-07,SALE,-20,Order,ORD-000645
MOV-0002038,PRD-0068,2025-04-13,SALE,-5,Order,ORD-000646
MOV-0002039,PRD-0005,2025-04-13,SALE,-22,Order,ORD-000646
MOV-0002040,PRD-0069,2025-04-13,SALE,-15,Order,ORD-000646
MOV-0002041,PRD-0020,2025-04-13,SALE,-12,Order,ORD-000646
MOV-0002042,PRD-0066,2025-04-13,SALE,-12,Order,ORD-000646
MOV-0002043,PRD-0032,2025-11-03,SALE,-3,Order,ORD-000647
MOV-0002044,PRD-0009,2025-11-03,SALE,-6,Order,ORD-000647
MOV-0002045,PRD-0003,2026-06-06,SALE,-5,Order,ORD-000649
MOV-0002046,PRD-0008,2026-06-06,SALE,-5,Order,ORD-000649
MOV-0002047,PRD-0015,2025-11-05,SALE,-10,Order,ORD-000650
MOV-0002048,PRD-0003,2025-11-05,SALE,-7,Order,ORD-000650
MOV-0002049,PRD-0031,2025-08-01,SALE,-51,Order,ORD-000651
MOV-0002050,PRD-0066,2025-08-01,SALE,-34,Order,ORD-000651
MOV-0002051,PRD-0030,2025-08-01,SALE,-48,Order,ORD-000651
MOV-0002052,PRD-0040,2025-08-01,SALE,-20,Order,ORD-000651
MOV-0002053,PRD-0045,2025-08-01,SALE,-37,Order,ORD-000651
MOV-0002054,PRD-0069,2026-03-16,SALE,-5,Order,ORD-000652
MOV-0002055,PRD-0011,2026-03-16,SALE,-15,Order,ORD-000652
MOV-0002056,PRD-0040,2026-03-16,SALE,-5,Order,ORD-000652
MOV-0002057,PRD-0023,2025-09-21,SALE,-7,Order,ORD-000653
MOV-0002058,PRD-0005,2025-09-21,SALE,-10,Order,ORD-000653
MOV-0002059,PRD-0040,2025-09-21,SALE,-3,Order,ORD-000653
MOV-0002060,PRD-0050,2025-04-05,SALE,-12,Order,ORD-000654
MOV-0002061,PRD-0016,2025-04-05,SALE,-2,Order,ORD-000654
MOV-0002062,PRD-0069,2026-03-05,SALE,-8,Order,ORD-000655
MOV-0002063,PRD-0014,2026-03-05,SALE,-6,Order,ORD-000655
MOV-0002064,PRD-0034,2026-03-05,SALE,-3,Order,ORD-000655
MOV-0002065,PRD-0001,2025-12-07,SALE,-2,Order,ORD-000656
MOV-0002066,PRD-0069,2025-12-07,SALE,-11,Order,ORD-000656
MOV-0002067,PRD-0062,2025-12-07,SALE,-13,Order,ORD-000656
MOV-0002068,PRD-0066,2025-03-23,SALE,-42,Order,ORD-000657
MOV-0002069,PRD-0069,2025-03-23,SALE,-8,Order,ORD-000657
MOV-0002070,PRD-0050,2025-03-23,SALE,-15,Order,ORD-000657
MOV-0002071,PRD-0057,2025-03-23,SALE,-11,Order,ORD-000657
MOV-0002072,PRD-0058,2026-05-03,SALE,-21,Order,ORD-000658
MOV-0002073,PRD-0007,2026-05-03,SALE,-17,Order,ORD-000658
MOV-0002074,PRD-0063,2026-05-03,SALE,-29,Order,ORD-000658
MOV-0002075,PRD-0005,2025-08-05,SALE,-18,Order,ORD-000660
MOV-0002076,PRD-0027,2025-08-05,SALE,-45,Order,ORD-000660
MOV-0002077,PRD-0066,2025-08-05,SALE,-20,Order,ORD-000660
MOV-0002078,PRD-0017,2025-08-05,SALE,-2,Order,ORD-000660
MOV-0002079,PRD-0051,2025-09-07,SALE,-16,Order,ORD-000661
MOV-0002080,PRD-0024,2025-09-07,SALE,-11,Order,ORD-000661
MOV-0002081,PRD-0052,2025-09-07,SALE,-7,Order,ORD-000661
MOV-0002082,PRD-0028,2025-09-07,SALE,-25,Order,ORD-000661
MOV-0002083,PRD-0068,2025-04-16,SALE,-4,Order,ORD-000662
MOV-0002084,PRD-0066,2025-04-16,SALE,-17,Order,ORD-000662
MOV-0002085,PRD-0040,2025-04-16,SALE,-17,Order,ORD-000662
MOV-0002086,PRD-0053,2025-04-16,SALE,-17,Order,ORD-000662
MOV-0002087,PRD-0028,2025-04-16,SALE,-63,Order,ORD-000662
MOV-0002088,PRD-0045,2025-09-30,SALE,-20,Order,ORD-000663
MOV-0002089,PRD-0052,2025-09-30,SALE,-4,Order,ORD-000663
MOV-0002090,PRD-0009,2025-09-30,SALE,-6,Order,ORD-000663
MOV-0002091,PRD-0035,2025-09-30,SALE,-2,Order,ORD-000663
MOV-0002092,PRD-0051,2025-09-30,SALE,-27,Order,ORD-000663
MOV-0002093,PRD-0055,2026-08-04,SALE,-5,Order,ORD-000664
MOV-0002094,PRD-0069,2026-08-04,SALE,-10,Order,ORD-000664
MOV-0002095,PRD-0032,2026-08-04,SALE,-2,Order,ORD-000664
MOV-0002096,PRD-0038,2026-08-04,SALE,-10,Order,ORD-000664
MOV-0002097,PRD-0021,2026-07-27,SALE,-5,Order,ORD-000665
MOV-0002098,PRD-0034,2026-07-27,SALE,-8,Order,ORD-000665
MOV-0002099,PRD-0069,2026-07-27,SALE,-4,Order,ORD-000665
MOV-0002100,PRD-0043,2026-07-27,SALE,-6,Order,ORD-000665
MOV-0002101,PRD-0039,2026-08-24,SALE,-6,Order,ORD-000667
MOV-0002102,PRD-0066,2026-08-24,SALE,-6,Order,ORD-000667
MOV-0002103,PRD-0069,2026-08-24,SALE,-10,Order,ORD-000667
MOV-0002104,PRD-0069,2025-12-23,SALE,-4,Order,ORD-000668
MOV-0002105,PRD-0066,2025-12-23,SALE,-34,Order,ORD-000668
MOV-0002106,PRD-0034,2025-12-23,SALE,-8,Order,ORD-000668
MOV-0002107,PRD-0005,2025-12-23,SALE,-26,Order,ORD-000668
MOV-0002108,PRD-0059,2025-12-23,SALE,-34,Order,ORD-000668
MOV-0002109,PRD-0049,2025-12-23,SALE,-41,Order,ORD-000668
MOV-0002110,PRD-0031,2025-10-08,SALE,-32,Order,ORD-000670
MOV-0002111,PRD-0028,2025-10-08,SALE,-85,Order,ORD-000670
MOV-0002112,PRD-0066,2026-06-19,SALE,-42,Order,ORD-000671
MOV-0002113,PRD-0029,2026-06-19,SALE,-11,Order,ORD-000671
MOV-0002114,PRD-0024,2026-06-19,SALE,-61,Order,ORD-000671
MOV-0002115,PRD-0027,2026-06-19,SALE,-50,Order,ORD-000671
MOV-0002116,PRD-0004,2026-06-19,SALE,-23,Order,ORD-000671
MOV-0002117,PRD-0034,2026-06-19,SALE,-8,Order,ORD-000671
MOV-0002118,PRD-0013,2026-06-19,SALE,-34,Order,ORD-000671
MOV-0002119,PRD-0034,2025-11-28,SALE,-10,Order,ORD-000672
MOV-0002120,PRD-0019,2025-11-28,SALE,-29,Order,ORD-000672
MOV-0002121,PRD-0014,2025-11-28,SALE,-13,Order,ORD-000672
MOV-0002122,PRD-0036,2025-11-28,SALE,-6,Order,ORD-000672
MOV-0002123,PRD-0053,2025-11-28,SALE,-13,Order,ORD-000672
MOV-0002124,PRD-0049,2025-05-30,SALE,-30,Order,ORD-000673
MOV-0002125,PRD-0056,2025-05-30,SALE,-13,Order,ORD-000673
MOV-0002126,PRD-0037,2025-05-30,SALE,-35,Order,ORD-000673
MOV-0002127,PRD-0027,2025-05-30,SALE,-20,Order,ORD-000673
MOV-0002128,PRD-0033,2025-05-30,SALE,-5,Order,ORD-000673
MOV-0002129,PRD-0032,2025-05-30,SALE,-5,Order,ORD-000673
MOV-0002130,PRD-0060,2025-05-30,SALE,-10,Order,ORD-000673
MOV-0002131,PRD-0016,2025-11-05,SALE,-4,Order,ORD-000674
MOV-0002132,PRD-0068,2025-11-05,SALE,-18,Order,ORD-000674
MOV-0002133,PRD-0010,2025-11-05,SALE,-4,Order,ORD-000674
MOV-0002134,PRD-0004,2025-11-05,SALE,-18,Order,ORD-000674
MOV-0002135,PRD-0003,2025-11-05,SALE,-14,Order,ORD-000674
MOV-0002136,PRD-0028,2026-02-09,SALE,-35,Order,ORD-000675
MOV-0002137,PRD-0030,2025-12-04,SALE,-30,Order,ORD-000676
MOV-0002138,PRD-0021,2025-12-04,SALE,-5,Order,ORD-000676
MOV-0002139,PRD-0025,2025-12-04,SALE,-16,Order,ORD-000676
MOV-0002140,PRD-0067,2025-12-04,SALE,-16,Order,ORD-000676
MOV-0002141,PRD-0058,2025-12-04,SALE,-11,Order,ORD-000676
MOV-0002142,PRD-0011,2026-08-26,SALE,-7,Order,ORD-000677
MOV-0002143,PRD-0015,2026-08-26,SALE,-7,Order,ORD-000677
MOV-0002144,PRD-0037,2026-08-26,SALE,-28,Order,ORD-000677
MOV-0002145,PRD-0027,2026-08-26,SALE,-74,Order,ORD-000677
MOV-0002146,PRD-0016,2026-08-26,SALE,-7,Order,ORD-000677
MOV-0002147,PRD-0004,2026-08-26,SALE,-39,Order,ORD-000677
MOV-0002148,PRD-0038,2026-08-26,SALE,-21,Order,ORD-000677
MOV-0002149,PRD-0027,2026-04-20,SALE,-35,Order,ORD-000678
MOV-0002150,PRD-0001,2026-04-20,SALE,-3,Order,ORD-000678
MOV-0002151,PRD-0049,2026-04-20,SALE,-48,Order,ORD-000678
MOV-0002152,PRD-0034,2026-04-20,SALE,-6,Order,ORD-000678
MOV-0002153,PRD-0022,2026-04-20,SALE,-19,Order,ORD-000678
MOV-0002154,PRD-0007,2026-04-20,SALE,-6,Order,ORD-000678
MOV-0002155,PRD-0045,2026-04-20,SALE,-41,Order,ORD-000678
MOV-0002156,PRD-0030,2026-04-12,SALE,-31,Order,ORD-000679
MOV-0002157,PRD-0033,2026-04-12,SALE,-23,Order,ORD-000679
MOV-0002158,PRD-0050,2026-04-12,SALE,-15,Order,ORD-000679
MOV-0002159,PRD-0043,2026-04-12,SALE,-11,Order,ORD-000679
MOV-0002160,PRD-0031,2026-04-12,SALE,-50,Order,ORD-000679
MOV-0002161,PRD-0025,2025-08-12,SALE,-6,Order,ORD-000682
MOV-0002162,PRD-0045,2025-08-12,SALE,-8,Order,ORD-000682
MOV-0002163,PRD-0033,2025-08-12,SALE,-7,Order,ORD-000682
MOV-0002164,PRD-0005,2026-01-22,SALE,-34,Order,ORD-000683
MOV-0002165,PRD-0034,2026-01-22,SALE,-11,Order,ORD-000683
MOV-0002166,PRD-0067,2026-01-22,SALE,-38,Order,ORD-000683
MOV-0002167,PRD-0053,2026-01-22,SALE,-19,Order,ORD-000683
MOV-0002168,PRD-0027,2025-10-19,SALE,-66,Order,ORD-000684
MOV-0002169,PRD-0034,2025-10-19,SALE,-12,Order,ORD-000684
MOV-0002170,PRD-0023,2025-10-19,SALE,-12,Order,ORD-000684
MOV-0002171,PRD-0040,2025-10-19,SALE,-8,Order,ORD-000684
MOV-0002172,PRD-0057,2025-10-19,SALE,-12,Order,ORD-000684
MOV-0002173,PRD-0063,2025-06-04,SALE,-10,Order,ORD-000686
MOV-0002174,PRD-0027,2025-06-04,SALE,-35,Order,ORD-000686
MOV-0002175,PRD-0040,2025-06-04,SALE,-4,Order,ORD-000686
MOV-0002176,PRD-0023,2025-06-04,SALE,-12,Order,ORD-000686
MOV-0002177,PRD-0019,2025-06-04,SALE,-8,Order,ORD-000686
MOV-0002178,PRD-0005,2026-04-04,SALE,-22,Order,ORD-000687
MOV-0002179,PRD-0032,2026-04-04,SALE,-22,Order,ORD-000687
MOV-0002180,PRD-0053,2026-04-04,SALE,-14,Order,ORD-000687
MOV-0002181,PRD-0034,2026-06-13,SALE,-7,Order,ORD-000688
MOV-0002182,PRD-0050,2026-06-13,SALE,-7,Order,ORD-000688
MOV-0002183,PRD-0045,2026-03-15,SALE,-11,Order,ORD-000689
MOV-0002184,PRD-0066,2026-01-27,SALE,-14,Order,ORD-000690
MOV-0002185,PRD-0055,2026-01-27,SALE,-6,Order,ORD-000690
MOV-0002186,PRD-0013,2026-01-27,SALE,-9,Order,ORD-000690
MOV-0002187,PRD-0063,2025-06-08,SALE,-13,Order,ORD-000691
MOV-0002188,PRD-0023,2025-06-08,SALE,-3,Order,ORD-000691
MOV-0002189,PRD-0052,2025-06-08,SALE,-3,Order,ORD-000691
MOV-0002190,PRD-0048,2025-06-08,SALE,-8,Order,ORD-000691
MOV-0002191,PRD-0036,2025-06-08,SALE,-11,Order,ORD-000691
MOV-0002192,PRD-0066,2025-06-30,SALE,-7,Order,ORD-000692
MOV-0002193,PRD-0030,2025-06-30,SALE,-12,Order,ORD-000692
MOV-0002194,PRD-0052,2026-05-06,SALE,-12,Order,ORD-000693
MOV-0002195,PRD-0011,2026-05-06,SALE,-12,Order,ORD-000693
MOV-0002196,PRD-0047,2026-08-23,SALE,-11,Order,ORD-000695
MOV-0002197,PRD-0009,2026-08-23,SALE,-15,Order,ORD-000695
MOV-0002198,PRD-0026,2026-08-23,SALE,-48,Order,ORD-000695
MOV-0002199,PRD-0005,2026-08-23,SALE,-37,Order,ORD-000695
MOV-0002200,PRD-0010,2026-08-23,SALE,-7,Order,ORD-000695
MOV-0002201,PRD-0063,2026-08-23,SALE,-33,Order,ORD-000695
MOV-0002202,PRD-0043,2026-03-29,SALE,-6,Order,ORD-000696
MOV-0002203,PRD-0057,2026-03-29,SALE,-11,Order,ORD-000696
MOV-0002204,PRD-0049,2026-03-29,SALE,-19,Order,ORD-000696
MOV-0002205,PRD-0009,2026-03-29,SALE,-8,Order,ORD-000696
MOV-0002206,PRD-0053,2026-03-29,SALE,-11,Order,ORD-000696
MOV-0002207,PRD-0061,2026-03-29,SALE,-25,Order,ORD-000696
MOV-0002208,PRD-0069,2026-03-29,SALE,-2,Order,ORD-000696
MOV-0002209,PRD-0069,2026-03-03,SALE,-3,Order,ORD-000697
MOV-0002210,PRD-0069,2026-06-12,SALE,-20,Order,ORD-000698
MOV-0002211,PRD-0029,2026-06-12,SALE,-17,Order,ORD-000698
MOV-0002212,PRD-0011,2026-06-12,SALE,-17,Order,ORD-000698
MOV-0002213,PRD-0014,2026-06-12,SALE,-7,Order,ORD-000698
MOV-0002214,PRD-0034,2026-06-12,SALE,-10,Order,ORD-000698
MOV-0002215,PRD-0017,2026-06-12,SALE,-7,Order,ORD-000698
MOV-0002216,PRD-0066,2026-07-20,SALE,-6,Order,ORD-000699
MOV-0002217,PRD-0009,2026-07-20,SALE,-3,Order,ORD-000699
MOV-0002218,PRD-0033,2025-07-05,SALE,-1,Order,ORD-000700
MOV-0002219,PRD-0034,2025-07-05,SALE,-4,Order,ORD-000700
MOV-0002220,PRD-0063,2025-07-05,SALE,-7,Order,ORD-000700
MOV-0002221,PRD-0032,2025-07-05,SALE,-1,Order,ORD-000700
MOV-0002222,PRD-0033,2025-10-28,SALE,-1,Order,ORD-000701
MOV-0002223,PRD-0024,2025-10-28,SALE,-14,Order,ORD-000701
MOV-0002224,PRD-0060,2025-10-28,SALE,-2,Order,ORD-000701
MOV-0002225,PRD-0046,2025-12-12,SALE,-1,Order,ORD-000702
MOV-0002226,PRD-0045,2025-12-12,SALE,-6,Order,ORD-000702
MOV-0002227,PRD-0032,2025-03-22,SALE,-6,Order,ORD-000703
MOV-0002228,PRD-0053,2025-03-22,SALE,-9,Order,ORD-000703
MOV-0002229,PRD-0007,2025-03-22,SALE,-2,Order,ORD-000703
MOV-0002230,PRD-0039,2025-11-29,SALE,-13,Order,ORD-000704
MOV-0002231,PRD-0054,2025-11-29,SALE,-23,Order,ORD-000704
MOV-0002232,PRD-0005,2025-11-29,SALE,-13,Order,ORD-000704
MOV-0002233,PRD-0007,2025-11-29,SALE,-10,Order,ORD-000704
MOV-0002234,PRD-0021,2026-08-24,SALE,-11,Order,ORD-000705
MOV-0002235,PRD-0066,2026-08-24,SALE,-16,Order,ORD-000705
MOV-0002236,PRD-0036,2026-08-24,SALE,-5,Order,ORD-000705
MOV-0002237,PRD-0060,2026-08-24,SALE,-7,Order,ORD-000705
MOV-0002238,PRD-0013,2026-03-12,SALE,-57,Order,ORD-000706
MOV-0002239,PRD-0050,2026-03-12,SALE,-49,Order,ORD-000706
MOV-0002240,PRD-0034,2026-03-12,SALE,-16,Order,ORD-000706
MOV-0002241,PRD-0038,2025-08-09,SALE,-8,Order,ORD-000707
MOV-0002242,PRD-0063,2025-08-09,SALE,-32,Order,ORD-000707
MOV-0002243,PRD-0005,2025-08-09,SALE,-16,Order,ORD-000707
MOV-0002244,PRD-0069,2025-08-09,SALE,-12,Order,ORD-000707
MOV-0002245,PRD-0036,2026-06-12,SALE,-2,Order,ORD-000708
MOV-0002246,PRD-0029,2026-06-12,SALE,-10,Order,ORD-000708
MOV-0002247,PRD-0013,2026-06-12,SALE,-44,Order,ORD-000708
MOV-0002248,PRD-0014,2026-06-12,SALE,-8,Order,ORD-000708
MOV-0002249,PRD-0045,2025-06-02,SALE,-16,Order,ORD-000709
MOV-0002250,PRD-0033,2026-06-18,SALE,-12,Order,ORD-000710
MOV-0002251,PRD-0034,2026-06-18,SALE,-2,Order,ORD-000710
MOV-0002252,PRD-0064,2026-06-18,SALE,-10,Order,ORD-000710
MOV-0002253,PRD-0009,2026-06-18,SALE,-5,Order,ORD-000710
MOV-0002254,PRD-0045,2026-05-16,SALE,-22,Order,ORD-000711
MOV-0002255,PRD-0066,2026-05-16,SALE,-38,Order,ORD-000711
MOV-0002256,PRD-0034,2025-04-20,SALE,-18,Order,ORD-000712
MOV-0002257,PRD-0069,2025-04-20,SALE,-15,Order,ORD-000712
MOV-0002258,PRD-0005,2025-04-20,SALE,-48,Order,ORD-000712
MOV-0002259,PRD-0047,2025-04-20,SALE,-11,Order,ORD-000712
MOV-0002260,PRD-0045,2025-04-20,SALE,-18,Order,ORD-000712
MOV-0002261,PRD-0060,2025-04-20,SALE,-11,Order,ORD-000712
MOV-0002262,PRD-0007,2025-04-20,SALE,-11,Order,ORD-000712
MOV-0002263,PRD-0009,2026-01-15,SALE,-13,Order,ORD-000713
MOV-0002264,PRD-0023,2026-01-15,SALE,-13,Order,ORD-000713
MOV-0002265,PRD-0016,2026-01-15,SALE,-13,Order,ORD-000713
MOV-0002266,PRD-0038,2026-01-15,SALE,-13,Order,ORD-000713
MOV-0002267,PRD-0043,2026-01-15,SALE,-3,Order,ORD-000713
MOV-0002268,PRD-0040,2026-01-15,SALE,-20,Order,ORD-000713
MOV-0002269,PRD-0045,2026-01-15,SALE,-13,Order,ORD-000713
MOV-0002270,PRD-0040,2026-03-01,SALE,-2,Order,ORD-000715
MOV-0002271,PRD-0032,2026-03-01,SALE,-2,Order,ORD-000715
MOV-0002272,PRD-0031,2026-03-01,SALE,-15,Order,ORD-000715
MOV-0002273,PRD-0045,2026-03-01,SALE,-12,Order,ORD-000715
MOV-0002274,PRD-0007,2026-06-29,SALE,-16,Order,ORD-000716
MOV-0002275,PRD-0013,2026-06-29,SALE,-28,Order,ORD-000716
MOV-0002276,PRD-0066,2026-06-29,SALE,-47,Order,ORD-000716
MOV-0002277,PRD-0030,2026-06-29,SALE,-47,Order,ORD-000716
MOV-0002278,PRD-0011,2026-06-29,SALE,-16,Order,ORD-000716
MOV-0002279,PRD-0049,2026-06-29,SALE,-32,Order,ORD-000716
MOV-0002280,PRD-0032,2026-06-29,SALE,-3,Order,ORD-000716
MOV-0002281,PRD-0067,2026-01-03,SALE,-8,Order,ORD-000717
MOV-0002282,PRD-0028,2025-12-24,SALE,-22,Order,ORD-000719
MOV-0002283,PRD-0005,2025-12-24,SALE,-19,Order,ORD-000719
MOV-0002284,PRD-0034,2026-07-01,SALE,-8,Order,ORD-000720
MOV-0002285,PRD-0067,2026-07-01,SALE,-22,Order,ORD-000720
MOV-0002286,PRD-0007,2026-01-10,SALE,-5,Order,ORD-000721
MOV-0002287,PRD-0069,2026-01-10,SALE,-9,Order,ORD-000721
MOV-0002288,PRD-0064,2026-01-10,SALE,-14,Order,ORD-000721
MOV-0002289,PRD-0008,2026-01-10,SALE,-2,Order,ORD-000721
MOV-0002290,PRD-0004,2026-01-10,SALE,-16,Order,ORD-000721
MOV-0002291,PRD-0022,2026-01-10,SALE,-14,Order,ORD-000721
MOV-0002292,PRD-0029,2026-01-10,SALE,-9,Order,ORD-000721
MOV-0002293,PRD-0058,2025-07-16,SALE,-8,Order,ORD-000722
MOV-0002294,PRD-0012,2025-07-16,SALE,-5,Order,ORD-000722
MOV-0002295,PRD-0053,2025-07-16,SALE,-7,Order,ORD-000722
MOV-0002296,PRD-0065,2025-07-16,SALE,-14,Order,ORD-000722
MOV-0002297,PRD-0068,2025-07-16,SALE,-8,Order,ORD-000722
MOV-0002298,PRD-0037,2026-07-03,SALE,-26,Order,ORD-000723
MOV-0002299,PRD-0044,2026-07-03,SALE,-44,Order,ORD-000723
MOV-0002300,PRD-0066,2026-07-03,SALE,-26,Order,ORD-000723
MOV-0002301,PRD-0023,2026-07-03,SALE,-7,Order,ORD-000723
MOV-0002302,PRD-0023,2026-04-11,SALE,-7,Order,ORD-000724
MOV-0002303,PRD-0011,2025-09-15,SALE,-7,Order,ORD-000725
MOV-0002304,PRD-0047,2025-09-15,SALE,-2,Order,ORD-000725
MOV-0002305,PRD-0045,2025-09-15,SALE,-27,Order,ORD-000725
MOV-0002306,PRD-0060,2025-09-15,SALE,-5,Order,ORD-000725
MOV-0002307,PRD-0021,2025-09-15,SALE,-7,Order,ORD-000725
MOV-0002308,PRD-0030,2025-09-15,SALE,-23,Order,ORD-000725
MOV-0002309,PRD-0004,2025-05-10,SALE,-27,Order,ORD-000726
MOV-0002310,PRD-0066,2025-05-10,SALE,-27,Order,ORD-000726
MOV-0002311,PRD-0029,2025-05-10,SALE,-6,Order,ORD-000726
MOV-0002312,PRD-0063,2025-05-10,SALE,-42,Order,ORD-000726
MOV-0002313,PRD-0060,2025-05-10,SALE,-6,Order,ORD-000726
MOV-0002314,PRD-0069,2025-05-10,SALE,-3,Order,ORD-000726
MOV-0002315,PRD-0034,2025-05-10,SALE,-6,Order,ORD-000726
MOV-0002316,PRD-0045,2025-11-24,SALE,-17,Order,ORD-000727
MOV-0002317,PRD-0033,2025-11-24,SALE,-1,Order,ORD-000727
MOV-0002318,PRD-0007,2025-11-24,SALE,-3,Order,ORD-000727
MOV-0002319,PRD-0017,2025-11-24,SALE,-5,Order,ORD-000727
MOV-0002320,PRD-0027,2025-11-24,SALE,-21,Order,ORD-000727
MOV-0002321,PRD-0061,2026-03-15,SALE,-44,Order,ORD-000728
MOV-0002322,PRD-0007,2026-03-15,SALE,-3,Order,ORD-000728
MOV-0002323,PRD-0066,2026-03-15,SALE,-34,Order,ORD-000728
MOV-0002324,PRD-0053,2026-03-15,SALE,-14,Order,ORD-000728
MOV-0002325,PRD-0004,2026-03-15,SALE,-34,Order,ORD-000728
MOV-0002326,PRD-0034,2026-03-24,SALE,-15,Order,ORD-000729
MOV-0002327,PRD-0038,2026-03-24,SALE,-3,Order,ORD-000729
MOV-0002328,PRD-0058,2026-03-24,SALE,-5,Order,ORD-000729
MOV-0002329,PRD-0048,2026-03-24,SALE,-15,Order,ORD-000729
MOV-0002330,PRD-0037,2026-03-24,SALE,-33,Order,ORD-000729
MOV-0002331,PRD-0043,2026-06-01,SALE,-10,Order,ORD-000730
MOV-0002332,PRD-0031,2026-06-01,SALE,-10,Order,ORD-000730
MOV-0002333,PRD-0030,2026-06-01,SALE,-31,Order,ORD-000730
MOV-0002334,PRD-0070,2026-06-01,SALE,-33,Order,ORD-000730
MOV-0002335,PRD-0052,2026-06-01,SALE,-10,Order,ORD-000730
MOV-0002336,PRD-0039,2026-06-01,SALE,-15,Order,ORD-000730
MOV-0002337,PRD-0045,2026-04-22,SALE,-32,Order,ORD-000731
MOV-0002338,PRD-0034,2026-04-22,SALE,-2,Order,ORD-000731
MOV-0002339,PRD-0026,2026-04-22,SALE,-40,Order,ORD-000731
MOV-0002340,PRD-0007,2026-04-22,SALE,-10,Order,ORD-000731
MOV-0002341,PRD-0031,2026-04-22,SALE,-30,Order,ORD-000731
MOV-0002342,PRD-0047,2026-04-22,SALE,-15,Order,ORD-000731
MOV-0002343,PRD-0037,2026-04-22,SALE,-22,Order,ORD-000731
MOV-0002344,PRD-0060,2025-04-11,SALE,-21,Order,ORD-000732
MOV-0002345,PRD-0053,2025-04-11,SALE,-3,Order,ORD-000732
MOV-0002346,PRD-0069,2025-04-11,SALE,-7,Order,ORD-000732
MOV-0002347,PRD-0002,2025-04-11,SALE,-48,Order,ORD-000732
MOV-0002348,PRD-0066,2025-04-11,SALE,-21,Order,ORD-000732
MOV-0002349,PRD-0014,2025-04-11,SALE,-7,Order,ORD-000732
MOV-0002350,PRD-0034,2025-06-18,SALE,-11,Order,ORD-000733
MOV-0002351,PRD-0005,2025-06-18,SALE,-11,Order,ORD-000733
MOV-0002352,PRD-0039,2025-06-18,SALE,-28,Order,ORD-000733
MOV-0002353,PRD-0029,2025-09-30,SALE,-6,Order,ORD-000734
MOV-0002354,PRD-0053,2025-09-30,SALE,-12,Order,ORD-000734
MOV-0002355,PRD-0021,2025-09-30,SALE,-8,Order,ORD-000734
MOV-0002356,PRD-0052,2025-09-30,SALE,-10,Order,ORD-000734
MOV-0002357,PRD-0069,2025-09-30,SALE,-12,Order,ORD-000734
MOV-0002358,PRD-0032,2026-07-01,SALE,-3,Order,ORD-000735
MOV-0002359,PRD-0003,2026-07-01,SALE,-4,Order,ORD-000735
MOV-0002360,PRD-0011,2025-12-06,SALE,-3,Order,ORD-000736
MOV-0002361,PRD-0005,2025-12-06,SALE,-8,Order,ORD-000736
MOV-0002362,PRD-0007,2025-03-10,SALE,-9,Order,ORD-000737
MOV-0002363,PRD-0006,2025-03-10,SALE,-9,Order,ORD-000737
MOV-0002364,PRD-0013,2025-11-29,SALE,-10,Order,ORD-000738
MOV-0002365,PRD-0067,2025-11-29,SALE,-14,Order,ORD-000738
MOV-0002366,PRD-0050,2025-11-29,SALE,-12,Order,ORD-000738
MOV-0002367,PRD-0005,2025-11-29,SALE,-12,Order,ORD-000738
MOV-0002368,PRD-0007,2025-11-29,SALE,-8,Order,ORD-000738
MOV-0002369,PRD-0021,2025-11-29,SALE,-2,Order,ORD-000738
MOV-0002370,PRD-0069,2026-05-01,SALE,-6,Order,ORD-000739
MOV-0002371,PRD-0006,2025-09-21,SALE,-16,Order,ORD-000740
MOV-0002372,PRD-0045,2025-09-21,SALE,-53,Order,ORD-000740
MOV-0002373,PRD-0064,2026-02-20,SALE,-4,Order,ORD-000742
MOV-0002374,PRD-0034,2026-02-20,SALE,-24,Order,ORD-000742
MOV-0002375,PRD-0017,2026-02-20,SALE,-4,Order,ORD-000742
MOV-0002376,PRD-0069,2025-04-06,SALE,-23,Order,ORD-000743
MOV-0002377,PRD-0049,2025-04-06,SALE,-50,Order,ORD-000743
MOV-0002378,PRD-0045,2025-04-06,SALE,-11,Order,ORD-000743
MOV-0002379,PRD-0058,2025-04-06,SALE,-23,Order,ORD-000743
MOV-0002380,PRD-0066,2025-04-06,SALE,-50,Order,ORD-000743
MOV-0002381,PRD-0037,2025-04-06,SALE,-77,Order,ORD-000743
MOV-0002382,PRD-0007,2026-07-21,SALE,-6,Order,ORD-000744
MOV-0002383,PRD-0034,2026-07-21,SALE,-3,Order,ORD-000744
MOV-0002384,PRD-0066,2026-07-21,SALE,-11,Order,ORD-000744
MOV-0002385,PRD-0033,2025-10-20,SALE,-16,Order,ORD-000745
MOV-0002386,PRD-0023,2025-10-20,SALE,-9,Order,ORD-000745
MOV-0002387,PRD-0070,2025-10-20,SALE,-22,Order,ORD-000745
MOV-0002388,PRD-0052,2025-10-20,SALE,-13,Order,ORD-000745
MOV-0002389,PRD-0012,2026-07-12,SALE,-7,Order,ORD-000746
MOV-0002390,PRD-0037,2026-07-12,SALE,-39,Order,ORD-000746
MOV-0002391,PRD-0052,2026-07-12,SALE,-2,Order,ORD-000746
MOV-0002392,PRD-0059,2025-05-08,SALE,-23,Order,ORD-000747
MOV-0002393,PRD-0053,2025-05-08,SALE,-20,Order,ORD-000747
MOV-0002394,PRD-0050,2025-05-08,SALE,-40,Order,ORD-000747
MOV-0002395,PRD-0005,2025-05-08,SALE,-20,Order,ORD-000747
MOV-0002396,PRD-0013,2025-05-08,SALE,-37,Order,ORD-000747
MOV-0002397,PRD-0034,2025-05-08,SALE,-20,Order,ORD-000747
MOV-0002398,PRD-0049,2025-05-08,SALE,-17,Order,ORD-000747
MOV-0002399,PRD-0069,2025-09-12,SALE,-3,Order,ORD-000748
MOV-0002400,PRD-0005,2025-09-12,SALE,-6,Order,ORD-000748
MOV-0002401,PRD-0021,2025-09-12,SALE,-8,Order,ORD-000748
MOV-0002402,PRD-0043,2026-05-30,SALE,-7,Order,ORD-000750
MOV-0002403,PRD-0005,2026-05-30,SALE,-26,Order,ORD-000750
MOV-0002404,PRD-0039,2026-05-30,SALE,-30,Order,ORD-000750
MOV-0002405,PRD-0057,2026-05-30,SALE,-20,Order,ORD-000750
MOV-0002406,PRD-0045,2026-05-30,SALE,-46,Order,ORD-000750
MOV-0002407,PRD-0050,2026-05-30,SALE,-23,Order,ORD-000750
MOV-0002408,PRD-0066,2026-06-08,SALE,-31,Order,ORD-000751
MOV-0002409,PRD-0034,2026-06-08,SALE,-10,Order,ORD-000751
MOV-0002410,PRD-0037,2026-06-08,SALE,-13,Order,ORD-000751
MOV-0002411,PRD-0070,2026-06-08,SALE,-8,Order,ORD-000751
MOV-0002412,PRD-0007,2026-06-08,SALE,-3,Order,ORD-000751
MOV-0002413,PRD-0066,2026-07-15,SALE,-46,Order,ORD-000753
MOV-0002414,PRD-0010,2026-07-15,SALE,-14,Order,ORD-000753
MOV-0002415,PRD-0030,2026-07-15,SALE,-32,Order,ORD-000753
MOV-0002416,PRD-0013,2025-05-17,SALE,-11,Order,ORD-000754
MOV-0002417,PRD-0023,2025-05-17,SALE,-4,Order,ORD-000754
MOV-0002418,PRD-0061,2025-05-17,SALE,-21,Order,ORD-000754
MOV-0002419,PRD-0005,2025-05-17,SALE,-17,Order,ORD-000754
MOV-0002420,PRD-0007,2025-05-17,SALE,-13,Order,ORD-000754
MOV-0002421,PRD-0033,2025-05-17,SALE,-4,Order,ORD-000754
MOV-0002422,PRD-0031,2025-05-17,SALE,-15,Order,ORD-000754
MOV-0002423,PRD-0022,2026-04-20,SALE,-4,Order,ORD-000755
MOV-0002424,PRD-0011,2026-04-20,SALE,-4,Order,ORD-000755
MOV-0002425,PRD-0043,2025-11-30,SALE,-11,Order,ORD-000756
MOV-0002426,PRD-0037,2025-11-30,SALE,-82,Order,ORD-000756
MOV-0002427,PRD-0027,2025-11-30,SALE,-46,Order,ORD-000756
MOV-0002428,PRD-0025,2025-11-30,SALE,-14,Order,ORD-000756
MOV-0002429,PRD-0002,2025-03-12,SALE,-9,Order,ORD-000757
MOV-0002430,PRD-0005,2026-07-17,SALE,-9,Order,ORD-000758
MOV-0002431,PRD-0016,2026-07-17,SALE,-3,Order,ORD-000758
MOV-0002432,PRD-0069,2026-07-17,SALE,-3,Order,ORD-000758
MOV-0002433,PRD-0034,2026-01-07,SALE,-4,Order,ORD-000759
MOV-0002434,PRD-0040,2026-01-07,SALE,-4,Order,ORD-000759
MOV-0002435,PRD-0070,2026-01-07,SALE,-3,Order,ORD-000759
MOV-0002436,PRD-0064,2025-10-22,SALE,-16,Order,ORD-000760
MOV-0002437,PRD-0045,2025-10-22,SALE,-45,Order,ORD-000760
MOV-0002438,PRD-0020,2025-10-22,SALE,-10,Order,ORD-000760
MOV-0002439,PRD-0060,2025-10-22,SALE,-16,Order,ORD-000760
MOV-0002440,PRD-0007,2026-08-03,SALE,-2,Order,ORD-000761
MOV-0002441,PRD-0031,2026-08-03,SALE,-12,Order,ORD-000761
MOV-0002442,PRD-0023,2026-08-03,SALE,-5,Order,ORD-000761
MOV-0002443,PRD-0053,2026-08-03,SALE,-5,Order,ORD-000761
MOV-0002444,PRD-0037,2026-08-12,SALE,-71,Order,ORD-000762
MOV-0002445,PRD-0040,2026-08-12,SALE,-9,Order,ORD-000762
MOV-0002446,PRD-0009,2026-08-12,SALE,-12,Order,ORD-000762
MOV-0002447,PRD-0016,2026-08-12,SALE,-19,Order,ORD-000762
MOV-0002448,PRD-0007,2026-08-12,SALE,-6,Order,ORD-000762
MOV-0002449,PRD-0049,2026-03-09,SALE,-14,Order,ORD-000763
MOV-0002450,PRD-0036,2026-03-09,SALE,-6,Order,ORD-000763
MOV-0002451,PRD-0011,2025-12-19,SALE,-11,Order,ORD-000764
MOV-0002452,PRD-0016,2025-12-19,SALE,-7,Order,ORD-000764
MOV-0002453,PRD-0008,2025-12-19,SALE,-7,Order,ORD-000764
MOV-0002454,PRD-0045,2025-12-19,SALE,-14,Order,ORD-000764
MOV-0002455,PRD-0066,2025-12-19,SALE,-39,Order,ORD-000764
MOV-0002456,PRD-0040,2025-08-24,SALE,-14,Order,ORD-000766
MOV-0002457,PRD-0005,2025-08-24,SALE,-30,Order,ORD-000766
MOV-0002458,PRD-0027,2025-08-24,SALE,-11,Order,ORD-000766
MOV-0002459,PRD-0031,2025-08-24,SALE,-25,Order,ORD-000766
MOV-0002460,PRD-0037,2026-07-17,SALE,-68,Order,ORD-000767
MOV-0002461,PRD-0007,2026-07-17,SALE,-14,Order,ORD-000767
MOV-0002462,PRD-0053,2026-07-17,SALE,-14,Order,ORD-000767
MOV-0002463,PRD-0060,2026-07-17,SALE,-8,Order,ORD-000767
MOV-0002464,PRD-0069,2026-07-17,SALE,-5,Order,ORD-000767
MOV-0002465,PRD-0019,2026-07-17,SALE,-14,Order,ORD-000767
MOV-0002466,PRD-0029,2026-07-17,SALE,-16,Order,ORD-000767
MOV-0002467,PRD-0064,2026-08-11,SALE,-22,Order,ORD-000768
MOV-0002468,PRD-0037,2026-08-11,SALE,-56,Order,ORD-000768
MOV-0002469,PRD-0038,2026-08-11,SALE,-11,Order,ORD-000768
MOV-0002470,PRD-0046,2026-08-11,SALE,-4,Order,ORD-000768
MOV-0002471,PRD-0053,2026-08-11,SALE,-11,Order,ORD-000768
MOV-0002472,PRD-0014,2026-08-11,SALE,-22,Order,ORD-000768
MOV-0002473,PRD-0047,2026-08-11,SALE,-11,Order,ORD-000768
MOV-0002474,PRD-0045,2026-04-23,SALE,-25,Order,ORD-000769
MOV-0002475,PRD-0034,2026-04-23,SALE,-12,Order,ORD-000769
MOV-0002476,PRD-0066,2026-04-23,SALE,-34,Order,ORD-000769
MOV-0002477,PRD-0036,2026-04-23,SALE,-6,Order,ORD-000769
MOV-0002478,PRD-0009,2026-04-23,SALE,-15,Order,ORD-000769
MOV-0002479,PRD-0069,2026-06-20,SALE,-3,Order,ORD-000770
MOV-0002480,PRD-0050,2026-06-20,SALE,-6,Order,ORD-000770
MOV-0002481,PRD-0007,2025-08-05,SALE,-8,Order,ORD-000771
MOV-0002482,PRD-0034,2025-08-05,SALE,-8,Order,ORD-000771
MOV-0002483,PRD-0053,2025-08-05,SALE,-16,Order,ORD-000771
MOV-0002484,PRD-0058,2025-08-05,SALE,-8,Order,ORD-000771
MOV-0002485,PRD-0024,2025-08-05,SALE,-45,Order,ORD-000771
MOV-0002486,PRD-0005,2025-08-05,SALE,-26,Order,ORD-000771
MOV-0002487,PRD-0029,2026-05-22,SALE,-6,Order,ORD-000772
MOV-0002488,PRD-0026,2026-05-22,SALE,-46,Order,ORD-000772
MOV-0002489,PRD-0066,2026-05-22,SALE,-23,Order,ORD-000772
MOV-0002490,PRD-0060,2026-05-22,SALE,-13,Order,ORD-000772
MOV-0002491,PRD-0034,2026-05-22,SALE,-8,Order,ORD-000772
MOV-0002492,PRD-0033,2026-05-22,SALE,-11,Order,ORD-000772
MOV-0002493,PRD-0057,2026-05-22,SALE,-4,Order,ORD-000772
MOV-0002494,PRD-0017,2026-05-19,SALE,-12,Order,ORD-000773
MOV-0002495,PRD-0053,2026-05-19,SALE,-15,Order,ORD-000773
MOV-0002496,PRD-0022,2026-05-19,SALE,-12,Order,ORD-000773
MOV-0002497,PRD-0069,2026-05-19,SALE,-7,Order,ORD-000773
MOV-0002498,PRD-0026,2026-05-19,SALE,-30,Order,ORD-000773
MOV-0002499,PRD-0037,2025-07-15,SALE,-8,Order,ORD-000775
MOV-0002500,PRD-0035,2026-04-20,SALE,-7,Order,ORD-000776
MOV-0002501,PRD-0011,2026-04-20,SALE,-3,Order,ORD-000776
MOV-0002502,PRD-0045,2026-04-20,SALE,-5,Order,ORD-000776
MOV-0002503,PRD-0030,2026-02-18,SALE,-22,Order,ORD-000777
MOV-0002504,PRD-0057,2026-02-18,SALE,-7,Order,ORD-000777
MOV-0002505,PRD-0004,2026-02-18,SALE,-26,Order,ORD-000777
MOV-0002506,PRD-0066,2025-10-03,SALE,-46,Order,ORD-000778
MOV-0002507,PRD-0006,2025-10-03,SALE,-11,Order,ORD-000778
MOV-0002508,PRD-0005,2025-10-03,SALE,-21,Order,ORD-000778
MOV-0002509,PRD-0004,2026-07-01,SALE,-7,Order,ORD-000779
MOV-0002510,PRD-0019,2026-07-01,SALE,-13,Order,ORD-000779
MOV-0002511,PRD-0030,2026-07-01,SALE,-20,Order,ORD-000779
MOV-0002512,PRD-0034,2026-07-01,SALE,-7,Order,ORD-000779
MOV-0002513,PRD-0040,2026-07-01,SALE,-9,Order,ORD-000779
MOV-0002514,PRD-0053,2026-02-11,SALE,-5,Order,ORD-000780
MOV-0002515,PRD-0003,2026-06-17,SALE,-7,Order,ORD-000781
MOV-0002516,PRD-0048,2026-06-17,SALE,-6,Order,ORD-000781
MOV-0002517,PRD-0007,2026-06-17,SALE,-3,Order,ORD-000781
MOV-0002518,PRD-0049,2026-06-17,SALE,-11,Order,ORD-000781
MOV-0002519,PRD-0045,2026-06-17,SALE,-8,Order,ORD-000781
MOV-0002520,PRD-0045,2025-11-15,SALE,-22,Order,ORD-000783
MOV-0002521,PRD-0011,2025-11-15,SALE,-2,Order,ORD-000783
MOV-0002522,PRD-0042,2026-04-22,SALE,-18,Order,ORD-000784
MOV-0002523,PRD-0049,2026-04-22,SALE,-18,Order,ORD-000784
MOV-0002524,PRD-0034,2026-04-22,SALE,-8,Order,ORD-000784
MOV-0002525,PRD-0037,2026-04-22,SALE,-21,Order,ORD-000784
MOV-0002526,PRD-0053,2026-04-22,SALE,-1,Order,ORD-000784
MOV-0002527,PRD-0050,2025-05-11,SALE,-20,Order,ORD-000785
MOV-0002528,PRD-0026,2025-05-11,SALE,-11,Order,ORD-000785
MOV-0002529,PRD-0001,2025-05-11,SALE,-11,Order,ORD-000785
MOV-0002530,PRD-0069,2025-05-11,SALE,-7,Order,ORD-000785
MOV-0002531,PRD-0025,2025-05-11,SALE,-7,Order,ORD-000785
MOV-0002532,PRD-0045,2026-03-15,SALE,-13,Order,ORD-000786
MOV-0002533,PRD-0066,2026-03-15,SALE,-17,Order,ORD-000786
MOV-0002534,PRD-0065,2026-01-09,SALE,-6,Order,ORD-000787
MOV-0002535,PRD-0007,2026-01-09,SALE,-1,Order,ORD-000787
MOV-0002536,PRD-0069,2025-09-30,SALE,-2,Order,ORD-000788
MOV-0002537,PRD-0056,2025-09-30,SALE,-5,Order,ORD-000788
MOV-0002538,PRD-0003,2025-09-30,SALE,-2,Order,ORD-000788
MOV-0002539,PRD-0053,2025-09-30,SALE,-2,Order,ORD-000788
MOV-0002540,PRD-0034,2025-11-27,SALE,-6,Order,ORD-000790
MOV-0002541,PRD-0029,2025-11-27,SALE,-6,Order,ORD-000790
MOV-0002542,PRD-0048,2025-11-27,SALE,-5,Order,ORD-000790
MOV-0002543,PRD-0066,2025-11-27,SALE,-7,Order,ORD-000790
MOV-0002544,PRD-0032,2026-04-12,SALE,-11,Order,ORD-000791
MOV-0002545,PRD-0030,2026-04-12,SALE,-7,Order,ORD-000791
MOV-0002546,PRD-0009,2026-04-12,SALE,-11,Order,ORD-000791
MOV-0002547,PRD-0007,2026-04-12,SALE,-11,Order,ORD-000791
MOV-0002548,PRD-0042,2026-04-12,SALE,-16,Order,ORD-000791
MOV-0002549,PRD-0027,2025-04-13,SALE,-34,Order,ORD-000792
MOV-0002550,PRD-0066,2025-04-13,SALE,-34,Order,ORD-000792
MOV-0002551,PRD-0007,2025-04-13,SALE,-13,Order,ORD-000792
MOV-0002552,PRD-0005,2025-04-13,SALE,-13,Order,ORD-000792
MOV-0002553,PRD-0030,2025-04-13,SALE,-23,Order,ORD-000792
MOV-0002554,PRD-0034,2025-04-14,SALE,-9,Order,ORD-000793
MOV-0002555,PRD-0045,2025-07-10,SALE,-20,Order,ORD-000794
MOV-0002556,PRD-0026,2025-07-10,SALE,-57,Order,ORD-000794
MOV-0002557,PRD-0013,2026-02-22,SALE,-21,Order,ORD-000795
MOV-0002558,PRD-0032,2026-02-22,SALE,-10,Order,ORD-000795
MOV-0002559,PRD-0005,2026-02-22,SALE,-35,Order,ORD-000795
MOV-0002560,PRD-0053,2026-02-22,SALE,-17,Order,ORD-000795
MOV-0002561,PRD-0016,2026-02-22,SALE,-3,Order,ORD-000795
MOV-0002562,PRD-0034,2026-02-22,SALE,-21,Order,ORD-000795
MOV-0002563,PRD-0005,2025-12-16,SALE,-3,Order,ORD-000796
MOV-0002564,PRD-0013,2025-12-16,SALE,-14,Order,ORD-000796
MOV-0002565,PRD-0014,2025-12-16,SALE,-5,Order,ORD-000796
MOV-0002566,PRD-0001,2026-07-22,SALE,-5,Order,ORD-000798
MOV-0002567,PRD-0047,2026-07-22,SALE,-5,Order,ORD-000798
MOV-0002568,PRD-0004,2026-07-22,SALE,-15,Order,ORD-000798
MOV-0002569,PRD-0006,2026-07-22,SALE,-9,Order,ORD-000798
MOV-0002570,PRD-0069,2026-03-23,SALE,-6,Order,ORD-000799
MOV-0002571,PRD-0023,2026-03-23,SALE,-5,Order,ORD-000799
MOV-0002572,PRD-0066,2026-03-23,SALE,-18,Order,ORD-000799
MOV-0002573,PRD-0067,2026-03-23,SALE,-10,Order,ORD-000799
MOV-0002574,PRD-0055,2025-09-07,SALE,-8,Order,ORD-000801
MOV-0002575,PRD-0036,2025-09-07,SALE,-10,Order,ORD-000801
MOV-0002576,PRD-0013,2026-05-05,SALE,-13,Order,ORD-000802
MOV-0002577,PRD-0058,2026-05-05,SALE,-3,Order,ORD-000802
MOV-0002578,PRD-0007,2026-05-05,SALE,-3,Order,ORD-000802
MOV-0002579,PRD-0017,2026-05-05,SALE,-3,Order,ORD-000802
MOV-0002580,PRD-0045,2026-05-05,SALE,-7,Order,ORD-000802
MOV-0002581,PRD-0057,2025-11-22,SALE,-7,Order,ORD-000803
MOV-0002582,PRD-0011,2025-11-22,SALE,-4,Order,ORD-000803
MOV-0002583,PRD-0005,2025-11-22,SALE,-24,Order,ORD-000803
MOV-0002584,PRD-0053,2025-11-22,SALE,-13,Order,ORD-000803
MOV-0002585,PRD-0019,2025-11-22,SALE,-15,Order,ORD-000803
MOV-0002586,PRD-0069,2025-11-22,SALE,-4,Order,ORD-000803
MOV-0002587,PRD-0058,2025-11-22,SALE,-4,Order,ORD-000803
MOV-0002588,PRD-0058,2025-03-19,SALE,-7,Order,ORD-000804
MOV-0002589,PRD-0024,2025-03-19,SALE,-15,Order,ORD-000804
MOV-0002590,PRD-0054,2025-03-19,SALE,-22,Order,ORD-000804
MOV-0002591,PRD-0065,2025-03-19,SALE,-13,Order,ORD-000804
MOV-0002592,PRD-0037,2025-03-19,SALE,-33,Order,ORD-000804
MOV-0002593,PRD-0034,2025-03-19,SALE,-6,Order,ORD-000804
MOV-0002594,PRD-0050,2025-03-19,SALE,-20,Order,ORD-000804
MOV-0002595,PRD-0007,2025-04-05,SALE,-10,Order,ORD-000805
MOV-0002596,PRD-0037,2025-04-05,SALE,-40,Order,ORD-000805
MOV-0002597,PRD-0057,2025-04-05,SALE,-5,Order,ORD-000805
MOV-0002598,PRD-0045,2025-04-05,SALE,-20,Order,ORD-000805
MOV-0002599,PRD-0017,2025-04-05,SALE,-8,Order,ORD-000805
MOV-0002600,PRD-0013,2026-08-08,SALE,-26,Order,ORD-000806
MOV-0002601,PRD-0017,2026-08-08,SALE,-5,Order,ORD-000806
MOV-0002602,PRD-0050,2026-08-08,SALE,-35,Order,ORD-000806
MOV-0002603,PRD-0005,2026-08-08,SALE,-9,Order,ORD-000806
MOV-0002604,PRD-0031,2026-08-08,SALE,-33,Order,ORD-000806
MOV-0002605,PRD-0004,2026-07-23,SALE,-50,Order,ORD-000807
MOV-0002606,PRD-0065,2026-07-23,SALE,-54,Order,ORD-000807
MOV-0002607,PRD-0014,2026-07-05,SALE,-6,Order,ORD-000808
MOV-0002608,PRD-0050,2026-07-05,SALE,-6,Order,ORD-000808
MOV-0002609,PRD-0043,2026-07-05,SALE,-11,Order,ORD-000808
MOV-0002610,PRD-0001,2026-07-05,SALE,-9,Order,ORD-000808
MOV-0002611,PRD-0063,2026-07-05,SALE,-19,Order,ORD-000808
MOV-0002612,PRD-0053,2026-06-12,SALE,-7,Order,ORD-000811
MOV-0002613,PRD-0065,2026-06-12,SALE,-29,Order,ORD-000811
MOV-0002614,PRD-0011,2026-06-12,SALE,-9,Order,ORD-000811
MOV-0002615,PRD-0063,2026-06-12,SALE,-46,Order,ORD-000811
MOV-0002616,PRD-0009,2026-06-12,SALE,-4,Order,ORD-000811
MOV-0002617,PRD-0036,2026-06-12,SALE,-9,Order,ORD-000811
MOV-0002618,PRD-0033,2026-06-12,SALE,-9,Order,ORD-000811
MOV-0002619,PRD-0031,2026-05-22,SALE,-23,Order,ORD-000813
MOV-0002620,PRD-0052,2026-05-22,SALE,-8,Order,ORD-000813
MOV-0002621,PRD-0050,2025-05-19,SALE,-19,Order,ORD-000814
MOV-0002622,PRD-0006,2025-05-19,SALE,-5,Order,ORD-000814
MOV-0002623,PRD-0058,2025-09-05,SALE,-8,Order,ORD-000815
MOV-0002624,PRD-0044,2025-09-05,SALE,-17,Order,ORD-000815
MOV-0002625,PRD-0004,2025-07-21,SALE,-20,Order,ORD-000816
MOV-0002626,PRD-0047,2025-07-21,SALE,-17,Order,ORD-000816
MOV-0002627,PRD-0016,2025-07-21,SALE,-17,Order,ORD-000816
MOV-0002628,PRD-0009,2025-07-21,SALE,-20,Order,ORD-000816
MOV-0002629,PRD-0040,2025-07-21,SALE,-17,Order,ORD-000816
MOV-0002630,PRD-0013,2025-07-21,SALE,-68,Order,ORD-000816
MOV-0002631,PRD-0008,2025-07-21,SALE,-14,Order,ORD-000816
MOV-0002632,PRD-0045,2026-04-10,SALE,-23,Order,ORD-000817
MOV-0002633,PRD-0034,2026-04-10,SALE,-6,Order,ORD-000817
MOV-0002634,PRD-0011,2026-04-10,SALE,-3,Order,ORD-000817
MOV-0002635,PRD-0040,2026-07-20,SALE,-15,Order,ORD-000819
MOV-0002636,PRD-0032,2026-07-20,SALE,-15,Order,ORD-000819
MOV-0002637,PRD-0034,2026-07-20,SALE,-9,Order,ORD-000819
MOV-0002638,PRD-0045,2026-07-20,SALE,-22,Order,ORD-000819
MOV-0002639,PRD-0009,2026-07-20,SALE,-15,Order,ORD-000819
MOV-0002640,PRD-0004,2026-07-20,SALE,-31,Order,ORD-000819
MOV-0002641,PRD-0016,2026-05-25,SALE,-4,Order,ORD-000820
MOV-0002642,PRD-0034,2026-05-25,SALE,-7,Order,ORD-000820
MOV-0002643,PRD-0009,2025-04-03,SALE,-7,Order,ORD-000821
MOV-0002644,PRD-0038,2025-04-03,SALE,-13,Order,ORD-000821
MOV-0002645,PRD-0022,2025-04-03,SALE,-9,Order,ORD-000821
MOV-0002646,PRD-0050,2025-04-03,SALE,-24,Order,ORD-000821
MOV-0002647,PRD-0031,2025-04-03,SALE,-26,Order,ORD-000821
MOV-0002648,PRD-0034,2026-03-16,SALE,-2,Order,ORD-000822
MOV-0002649,PRD-0030,2026-03-16,SALE,-15,Order,ORD-000822
MOV-0002650,PRD-0045,2026-05-16,SALE,-24,Order,ORD-000823
MOV-0002651,PRD-0053,2026-05-16,SALE,-12,Order,ORD-000823
MOV-0002652,PRD-0021,2026-05-16,SALE,-10,Order,ORD-000823
MOV-0002653,PRD-0019,2026-05-16,SALE,-16,Order,ORD-000823
MOV-0002654,PRD-0059,2025-04-10,SALE,-15,Order,ORD-000824
MOV-0002655,PRD-0006,2025-04-10,SALE,-2,Order,ORD-000824
MOV-0002656,PRD-0003,2025-04-10,SALE,-3,Order,ORD-000824
MOV-0002657,PRD-0007,2025-12-26,SALE,-3,Order,ORD-000825
MOV-0002658,PRD-0034,2025-12-26,SALE,-5,Order,ORD-000825
MOV-0002659,PRD-0009,2025-12-26,SALE,-3,Order,ORD-000825
MOV-0002660,PRD-0066,2025-08-19,SALE,-7,Order,ORD-000826
MOV-0002661,PRD-0059,2025-08-19,SALE,-8,Order,ORD-000826
MOV-0002662,PRD-0007,2026-07-28,SALE,-8,Order,ORD-000829
MOV-0002663,PRD-0023,2025-11-23,SALE,-18,Order,ORD-000831
MOV-0002664,PRD-0034,2025-11-23,SALE,-22,Order,ORD-000831
MOV-0002665,PRD-0003,2025-11-23,SALE,-4,Order,ORD-000831
MOV-0002666,PRD-0030,2025-09-13,SALE,-13,Order,ORD-000832
MOV-0002667,PRD-0026,2025-09-13,SALE,-32,Order,ORD-000832
MOV-0002668,PRD-0011,2025-09-13,SALE,-16,Order,ORD-000832
MOV-0002669,PRD-0066,2026-01-09,SALE,-11,Order,ORD-000833
MOV-0002670,PRD-0050,2025-09-20,SALE,-25,Order,ORD-000835
MOV-0002671,PRD-0008,2025-09-20,SALE,-3,Order,ORD-000835
MOV-0002672,PRD-0069,2026-02-26,SALE,-4,Order,ORD-000836
MOV-0002673,PRD-0009,2026-02-26,SALE,-2,Order,ORD-000836
MOV-0002674,PRD-0053,2025-11-18,SALE,-10,Order,ORD-000837
MOV-0002675,PRD-0005,2025-11-18,SALE,-32,Order,ORD-000837
MOV-0002676,PRD-0060,2026-01-24,SALE,-18,Order,ORD-000838
MOV-0002677,PRD-0039,2026-01-24,SALE,-32,Order,ORD-000838
MOV-0002678,PRD-0009,2026-01-24,SALE,-18,Order,ORD-000838
MOV-0002679,PRD-0002,2026-01-24,SALE,-36,Order,ORD-000838
MOV-0002680,PRD-0045,2026-01-24,SALE,-46,Order,ORD-000838
MOV-0002681,PRD-0058,2026-01-24,SALE,-14,Order,ORD-000838
MOV-0002682,PRD-0010,2026-01-24,SALE,-4,Order,ORD-000838
MOV-0002683,PRD-0066,2025-11-07,SALE,-14,Order,ORD-000839
MOV-0002684,PRD-0014,2025-11-07,SALE,-9,Order,ORD-000839
MOV-0002685,PRD-0037,2026-06-19,SALE,-43,Order,ORD-000841
MOV-0002686,PRD-0055,2026-06-19,SALE,-11,Order,ORD-000841
MOV-0002687,PRD-0019,2026-06-19,SALE,-17,Order,ORD-000841
MOV-0002688,PRD-0046,2026-06-19,SALE,-17,Order,ORD-000841
MOV-0002689,PRD-0031,2026-06-19,SALE,-28,Order,ORD-000841
MOV-0002690,PRD-0064,2025-11-04,SALE,-14,Order,ORD-000843
MOV-0002691,PRD-0007,2025-11-04,SALE,-12,Order,ORD-000843
MOV-0002692,PRD-0027,2025-11-04,SALE,-50,Order,ORD-000843
MOV-0002693,PRD-0054,2025-06-22,SALE,-4,Order,ORD-000845
MOV-0002694,PRD-0066,2025-06-22,SALE,-12,Order,ORD-000845
MOV-0002695,PRD-0027,2025-06-22,SALE,-34,Order,ORD-000845
MOV-0002696,PRD-0045,2025-06-22,SALE,-15,Order,ORD-000845
MOV-0002697,PRD-0058,2025-06-22,SALE,-1,Order,ORD-000845
MOV-0002698,PRD-0059,2025-03-11,SALE,-39,Order,ORD-000846
MOV-0002699,PRD-0027,2025-03-11,SALE,-46,Order,ORD-000846
MOV-0002700,PRD-0045,2025-11-14,SALE,-37,Order,ORD-000847
MOV-0002701,PRD-0009,2025-11-14,SALE,-13,Order,ORD-000847
MOV-0002702,PRD-0060,2025-11-14,SALE,-10,Order,ORD-000847
MOV-0002703,PRD-0034,2025-11-14,SALE,-20,Order,ORD-000847
MOV-0002704,PRD-0001,2025-11-14,SALE,-13,Order,ORD-000847
MOV-0002705,PRD-0037,2025-11-14,SALE,-27,Order,ORD-000847
MOV-0002706,PRD-0067,2025-11-14,SALE,-30,Order,ORD-000847
MOV-0002707,PRD-0069,2025-06-28,SALE,-4,Order,ORD-000849
MOV-0002708,PRD-0029,2025-06-28,SALE,-19,Order,ORD-000849
MOV-0002709,PRD-0066,2025-06-28,SALE,-39,Order,ORD-000849
MOV-0002710,PRD-0058,2026-06-12,SALE,-21,Order,ORD-000851
MOV-0002711,PRD-0007,2026-06-12,SALE,-11,Order,ORD-000851
MOV-0002712,PRD-0004,2026-06-12,SALE,-25,Order,ORD-000851
MOV-0002713,PRD-0045,2025-04-10,SALE,-49,Order,ORD-000852
MOV-0002714,PRD-0064,2025-04-10,SALE,-18,Order,ORD-000852
MOV-0002715,PRD-0034,2025-04-10,SALE,-18,Order,ORD-000852
MOV-0002716,PRD-0003,2025-04-10,SALE,-4,Order,ORD-000852
MOV-0002717,PRD-0069,2025-09-06,SALE,-13,Order,ORD-000853
MOV-0002718,PRD-0021,2025-09-06,SALE,-3,Order,ORD-000853
MOV-0002719,PRD-0029,2025-09-06,SALE,-10,Order,ORD-000853
MOV-0002720,PRD-0034,2025-09-06,SALE,-13,Order,ORD-000853
MOV-0002721,PRD-0011,2025-09-06,SALE,-16,Order,ORD-000853
MOV-0002722,PRD-0013,2025-09-06,SALE,-78,Order,ORD-000853
MOV-0002723,PRD-0061,2025-09-06,SALE,-36,Order,ORD-000853
MOV-0002724,PRD-0047,2025-12-21,SALE,-7,Order,ORD-000854
MOV-0002725,PRD-0049,2025-12-21,SALE,-30,Order,ORD-000854
MOV-0002726,PRD-0026,2025-12-21,SALE,-52,Order,ORD-000854
MOV-0002727,PRD-0043,2025-12-21,SALE,-9,Order,ORD-000854
MOV-0002728,PRD-0030,2025-12-21,SALE,-13,Order,ORD-000854
MOV-0002729,PRD-0066,2025-12-21,SALE,-11,Order,ORD-000854
MOV-0002730,PRD-0039,2026-05-01,SALE,-16,Order,ORD-000857
MOV-0002731,PRD-0050,2026-05-01,SALE,-6,Order,ORD-000857
MOV-0002732,PRD-0024,2026-05-01,SALE,-12,Order,ORD-000857
MOV-0002733,PRD-0048,2026-05-01,SALE,-7,Order,ORD-000857
MOV-0002734,PRD-0059,2025-05-08,SALE,-5,Order,ORD-000858
MOV-0002735,PRD-0043,2025-05-08,SALE,-2,Order,ORD-000858
MOV-0002736,PRD-0061,2026-08-23,SALE,-10,Order,ORD-000859
MOV-0002737,PRD-0066,2026-08-23,SALE,-17,Order,ORD-000859
MOV-0002738,PRD-0053,2026-07-22,SALE,-10,Order,ORD-000860
MOV-0002739,PRD-0063,2026-07-22,SALE,-18,Order,ORD-000860
MOV-0002740,PRD-0007,2026-07-22,SALE,-8,Order,ORD-000860
MOV-0002741,PRD-0016,2026-07-22,SALE,-5,Order,ORD-000860
MOV-0002742,PRD-0005,2026-07-22,SALE,-33,Order,ORD-000860
MOV-0002743,PRD-0038,2026-07-22,SALE,-10,Order,ORD-000860
MOV-0002744,PRD-0068,2025-07-12,SALE,-13,Order,ORD-000861
MOV-0002745,PRD-0038,2025-07-12,SALE,-10,Order,ORD-000861
MOV-0002746,PRD-0034,2025-07-12,SALE,-3,Order,ORD-000861
MOV-0002747,PRD-0046,2025-09-20,SALE,-11,Order,ORD-000862
MOV-0002748,PRD-0006,2025-09-20,SALE,-6,Order,ORD-000862
MOV-0002749,PRD-0034,2026-05-09,SALE,-3,Order,ORD-000863
MOV-0002750,PRD-0023,2026-05-09,SALE,-6,Order,ORD-000863
MOV-0002751,PRD-0066,2026-05-09,SALE,-15,Order,ORD-000863
MOV-0002752,PRD-0024,2026-05-09,SALE,-14,Order,ORD-000863
MOV-0002753,PRD-0005,2026-05-09,SALE,-11,Order,ORD-000863
MOV-0002754,PRD-0069,2026-07-09,SALE,-4,Order,ORD-000864
MOV-0002755,PRD-0026,2026-04-19,SALE,-65,Order,ORD-000865
MOV-0002756,PRD-0058,2026-04-19,SALE,-14,Order,ORD-000865
MOV-0002757,PRD-0025,2026-04-19,SALE,-5,Order,ORD-000865
MOV-0002758,PRD-0034,2025-10-21,SALE,-6,Order,ORD-000867
MOV-0002759,PRD-0048,2025-10-21,SALE,-6,Order,ORD-000867
MOV-0002760,PRD-0063,2025-10-21,SALE,-9,Order,ORD-000867
MOV-0002761,PRD-0045,2025-10-21,SALE,-8,Order,ORD-000867
MOV-0002762,PRD-0023,2026-03-25,SALE,-4,Order,ORD-000869
MOV-0002763,PRD-0032,2026-03-25,SALE,-9,Order,ORD-000869
MOV-0002764,PRD-0066,2025-06-27,SALE,-11,Order,ORD-000870
MOV-0002765,PRD-0055,2025-06-27,SALE,-7,Order,ORD-000870
MOV-0002766,PRD-0003,2026-05-18,SALE,-4,Order,ORD-000871
MOV-0002767,PRD-0037,2026-05-18,SALE,-20,Order,ORD-000871
MOV-0002768,PRD-0063,2026-05-18,SALE,-15,Order,ORD-000871
MOV-0002769,PRD-0034,2025-05-20,SALE,-8,Order,ORD-000872
MOV-0002770,PRD-0011,2025-05-20,SALE,-8,Order,ORD-000872
MOV-0002771,PRD-0069,2025-05-20,SALE,-5,Order,ORD-000872
MOV-0002772,PRD-0016,2025-04-23,SALE,-5,Order,ORD-000873
MOV-0002773,PRD-0059,2025-04-23,SALE,-21,Order,ORD-000873
MOV-0002774,PRD-0069,2025-04-23,SALE,-5,Order,ORD-000873
MOV-0002775,PRD-0034,2025-04-23,SALE,-11,Order,ORD-000873
MOV-0002776,PRD-0023,2025-12-02,SALE,-8,Order,ORD-000874
MOV-0002777,PRD-0048,2025-12-02,SALE,-8,Order,ORD-000874
MOV-0002778,PRD-0032,2025-12-02,SALE,-8,Order,ORD-000874
MOV-0002779,PRD-0040,2025-12-02,SALE,-4,Order,ORD-000874
MOV-0002780,PRD-0022,2025-12-02,SALE,-8,Order,ORD-000874
MOV-0002781,PRD-0043,2025-12-02,SALE,-2,Order,ORD-000874
MOV-0002782,PRD-0058,2025-09-23,SALE,-13,Order,ORD-000875
MOV-0002783,PRD-0012,2025-09-23,SALE,-9,Order,ORD-000875
MOV-0002784,PRD-0068,2025-09-23,SALE,-16,Order,ORD-000875
MOV-0002785,PRD-0034,2025-09-23,SALE,-6,Order,ORD-000875
MOV-0002786,PRD-0043,2025-09-23,SALE,-19,Order,ORD-000875
MOV-0002787,PRD-0005,2025-11-18,SALE,-27,Order,ORD-000876
MOV-0002788,PRD-0057,2025-11-18,SALE,-10,Order,ORD-000876
MOV-0002789,PRD-0063,2025-11-18,SALE,-44,Order,ORD-000876
MOV-0002790,PRD-0031,2025-11-18,SALE,-23,Order,ORD-000876
MOV-0002791,PRD-0058,2025-11-18,SALE,-8,Order,ORD-000876
MOV-0002792,PRD-0006,2025-04-10,SALE,-10,Order,ORD-000878
MOV-0002793,PRD-0005,2025-04-10,SALE,-29,Order,ORD-000878
MOV-0002794,PRD-0010,2025-04-10,SALE,-6,Order,ORD-000878
MOV-0002795,PRD-0049,2025-04-10,SALE,-25,Order,ORD-000878
MOV-0002796,PRD-0056,2026-06-22,SALE,-15,Order,ORD-000879
MOV-0002797,PRD-0057,2026-06-22,SALE,-4,Order,ORD-000879
MOV-0002798,PRD-0053,2026-06-22,SALE,-7,Order,ORD-000879
MOV-0002799,PRD-0036,2025-07-21,SALE,-9,Order,ORD-000880
MOV-0002800,PRD-0007,2026-04-18,SALE,-5,Order,ORD-000881
MOV-0002801,PRD-0066,2026-04-18,SALE,-15,Order,ORD-000881
MOV-0002802,PRD-0023,2026-06-27,SALE,-17,Order,ORD-000883
MOV-0002803,PRD-0046,2026-06-27,SALE,-17,Order,ORD-000883
MOV-0002804,PRD-0042,2026-06-27,SALE,-24,Order,ORD-000883
MOV-0002805,PRD-0050,2026-01-06,SALE,-23,Order,ORD-000885
MOV-0002806,PRD-0031,2026-01-06,SALE,-38,Order,ORD-000885
MOV-0002807,PRD-0005,2026-01-06,SALE,-38,Order,ORD-000885
MOV-0002808,PRD-0018,2025-08-20,SALE,-3,Order,ORD-000887
MOV-0002809,PRD-0031,2025-12-16,SALE,-15,Order,ORD-000888
MOV-0002810,PRD-0049,2025-12-16,SALE,-10,Order,ORD-000888
MOV-0002811,PRD-0010,2025-10-26,SALE,-14,Order,ORD-000889
MOV-0002812,PRD-0007,2025-10-26,SALE,-7,Order,ORD-000889
MOV-0002813,PRD-0030,2025-10-26,SALE,-39,Order,ORD-000889
MOV-0002814,PRD-0063,2025-10-26,SALE,-50,Order,ORD-000889
MOV-0002815,PRD-0065,2025-10-26,SALE,-50,Order,ORD-000889
MOV-0002816,PRD-0043,2025-10-26,SALE,-18,Order,ORD-000889
MOV-0002817,PRD-0021,2025-10-26,SALE,-4,Order,ORD-000889
MOV-0002818,PRD-0048,2026-03-01,SALE,-14,Order,ORD-000890
MOV-0002819,PRD-0025,2026-03-01,SALE,-20,Order,ORD-000890
MOV-0002820,PRD-0007,2026-03-01,SALE,-17,Order,ORD-000890
MOV-0002821,PRD-0030,2026-03-01,SALE,-17,Order,ORD-000890
MOV-0002822,PRD-0066,2026-03-01,SALE,-10,Order,ORD-000890
MOV-0002823,PRD-0051,2026-03-01,SALE,-48,Order,ORD-000890
MOV-0002824,PRD-0021,2026-03-01,SALE,-10,Order,ORD-000890
MOV-0002825,PRD-0012,2025-03-05,SALE,-3,Order,ORD-000891
MOV-0002826,PRD-0007,2025-03-05,SALE,-3,Order,ORD-000891
MOV-0002827,PRD-0048,2025-03-05,SALE,-3,Order,ORD-000891
MOV-0002828,PRD-0066,2026-02-24,SALE,-15,Order,ORD-000892
MOV-0002829,PRD-0008,2026-02-24,SALE,-18,Order,ORD-000892
MOV-0002830,PRD-0026,2026-02-24,SALE,-24,Order,ORD-000892
MOV-0002831,PRD-0034,2026-08-21,SALE,-22,Order,ORD-000893
MOV-0002832,PRD-0063,2026-08-21,SALE,-34,Order,ORD-000893
MOV-0002833,PRD-0026,2026-08-21,SALE,-52,Order,ORD-000893
MOV-0002834,PRD-0069,2026-08-21,SALE,-7,Order,ORD-000893
MOV-0002835,PRD-0060,2026-08-21,SALE,-7,Order,ORD-000893
MOV-0002836,PRD-0027,2026-08-21,SALE,-90,Order,ORD-000893
MOV-0002837,PRD-0024,2026-08-21,SALE,-78,Order,ORD-000893
MOV-0002838,PRD-0026,2025-09-24,SALE,-29,Order,ORD-000894
MOV-0002839,PRD-0037,2025-09-24,SALE,-9,Order,ORD-000894
MOV-0002840,PRD-0005,2025-09-24,SALE,-11,Order,ORD-000894
MOV-0002841,PRD-0007,2025-09-24,SALE,-7,Order,ORD-000894
MOV-0002842,PRD-0007,2025-06-01,SALE,-5,Order,ORD-000895
MOV-0002843,PRD-0001,2025-06-01,SALE,-10,Order,ORD-000895
MOV-0002844,PRD-0048,2025-06-01,SALE,-10,Order,ORD-000895
MOV-0002845,PRD-0026,2025-06-01,SALE,-19,Order,ORD-000895
MOV-0002846,PRD-0044,2025-06-01,SALE,-40,Order,ORD-000895
MOV-0002847,PRD-0038,2026-03-25,SALE,-6,Order,ORD-000896
MOV-0002848,PRD-0067,2026-03-25,SALE,-16,Order,ORD-000896
MOV-0002849,PRD-0005,2026-08-15,SALE,-17,Order,ORD-000897
MOV-0002850,PRD-0049,2026-08-15,SALE,-17,Order,ORD-000897
MOV-0002851,PRD-0027,2026-08-15,SALE,-24,Order,ORD-000897
MOV-0002852,PRD-0020,2026-08-15,SALE,-7,Order,ORD-000897
MOV-0002853,PRD-0062,2026-08-15,SALE,-9,Order,ORD-000897
MOV-0002854,PRD-0007,2026-06-15,SALE,-5,Order,ORD-000898
MOV-0002855,PRD-0026,2025-05-16,SALE,-18,Order,ORD-000899
MOV-0002856,PRD-0013,2025-05-16,SALE,-41,Order,ORD-000899
MOV-0002857,PRD-0057,2025-09-26,SALE,-9,Order,ORD-000900
MOV-0002858,PRD-0065,2025-09-26,SALE,-26,Order,ORD-000900
MOV-0002859,PRD-0054,2025-09-26,SALE,-7,Order,ORD-000900
MOV-0002860,PRD-0050,2025-09-26,SALE,-16,Order,ORD-000900
MOV-0002861,PRD-0030,2026-02-26,SALE,-11,Order,ORD-000901
MOV-0002862,PRD-0053,2026-02-26,SALE,-2,Order,ORD-000901
MOV-0002863,PRD-0049,2026-03-16,SALE,-25,Order,ORD-000902
MOV-0002864,PRD-0003,2025-12-31,SALE,-4,Order,ORD-000903
MOV-0002865,PRD-0057,2026-06-28,SALE,-6,Order,ORD-000905
MOV-0002866,PRD-0002,2026-06-28,SALE,-11,Order,ORD-000905
MOV-0002867,PRD-0045,2026-07-23,SALE,-30,Order,ORD-000906
MOV-0002868,PRD-0009,2026-07-23,SALE,-7,Order,ORD-000906
MOV-0002869,PRD-0030,2026-07-23,SALE,-33,Order,ORD-000906
MOV-0002870,PRD-0040,2026-07-23,SALE,-17,Order,ORD-000906
MOV-0002871,PRD-0048,2026-07-23,SALE,-13,Order,ORD-000906
MOV-0002872,PRD-0005,2026-07-23,SALE,-50,Order,ORD-000906
MOV-0002873,PRD-0026,2025-10-16,SALE,-19,Order,ORD-000907
MOV-0002874,PRD-0016,2025-10-16,SALE,-11,Order,ORD-000907
MOV-0002875,PRD-0004,2025-10-16,SALE,-26,Order,ORD-000907
MOV-0002876,PRD-0014,2025-10-16,SALE,-9,Order,ORD-000907
MOV-0002877,PRD-0034,2025-10-16,SALE,-11,Order,ORD-000907
MOV-0002878,PRD-0060,2026-04-06,SALE,-7,Order,ORD-000908
MOV-0002879,PRD-0069,2026-04-06,SALE,-4,Order,ORD-000908
MOV-0002880,PRD-0052,2026-04-06,SALE,-11,Order,ORD-000908
MOV-0002881,PRD-0019,2026-04-06,SALE,-44,Order,ORD-000908
MOV-0002882,PRD-0065,2026-04-06,SALE,-33,Order,ORD-000908
MOV-0002883,PRD-0057,2025-03-11,SALE,-2,Order,ORD-000909
MOV-0002884,PRD-0056,2026-07-08,SALE,-11,Order,ORD-000910
MOV-0002885,PRD-0004,2026-07-08,SALE,-46,Order,ORD-000910
MOV-0002886,PRD-0049,2026-02-21,SALE,-33,Order,ORD-000911
MOV-0002887,PRD-0007,2026-02-21,SALE,-7,Order,ORD-000911
MOV-0002888,PRD-0005,2026-02-21,SALE,-27,Order,ORD-000911
MOV-0002889,PRD-0069,2026-05-07,SALE,-2,Order,ORD-000912
MOV-0002890,PRD-0005,2026-05-07,SALE,-20,Order,ORD-000912
MOV-0002891,PRD-0027,2026-05-07,SALE,-33,Order,ORD-000912
MOV-0002892,PRD-0037,2026-05-07,SALE,-16,Order,ORD-000912
MOV-0002893,PRD-0018,2026-05-07,SALE,-4,Order,ORD-000912
MOV-0002894,PRD-0034,2026-01-02,SALE,-2,Order,ORD-000913
MOV-0002895,PRD-0069,2026-01-02,SALE,-9,Order,ORD-000913
MOV-0002896,PRD-0066,2026-01-02,SALE,-35,Order,ORD-000913
MOV-0002897,PRD-0043,2026-01-02,SALE,-7,Order,ORD-000913
MOV-0002898,PRD-0009,2025-11-22,SALE,-2,Order,ORD-000914
MOV-0002899,PRD-0019,2025-11-22,SALE,-12,Order,ORD-000914
MOV-0002900,PRD-0005,2025-11-22,SALE,-36,Order,ORD-000914
MOV-0002901,PRD-0055,2025-11-22,SALE,-2,Order,ORD-000914
MOV-0002902,PRD-0038,2025-11-22,SALE,-12,Order,ORD-000914
MOV-0002903,PRD-0034,2025-11-22,SALE,-5,Order,ORD-000914
MOV-0002904,PRD-0053,2025-11-22,SALE,-5,Order,ORD-000914
MOV-0002905,PRD-0037,2025-08-31,SALE,-71,Order,ORD-000915
MOV-0002906,PRD-0032,2025-08-31,SALE,-14,Order,ORD-000915
MOV-0002907,PRD-0007,2026-08-06,SALE,-7,Order,ORD-000916
MOV-0002908,PRD-0030,2026-08-06,SALE,-37,Order,ORD-000916
MOV-0002909,PRD-0050,2026-08-06,SALE,-10,Order,ORD-000916
MOV-0002910,PRD-0069,2025-11-07,SALE,-4,Order,ORD-000917
MOV-0002911,PRD-0005,2025-03-05,SALE,-7,Order,ORD-000919
MOV-0002912,PRD-0040,2025-03-05,SALE,-7,Order,ORD-000919
MOV-0002913,PRD-0015,2025-03-05,SALE,-10,Order,ORD-000919
MOV-0002914,PRD-0066,2025-03-05,SALE,-20,Order,ORD-000919
MOV-0002915,PRD-0041,2026-02-25,SALE,-12,Order,ORD-000921
MOV-0002916,PRD-0058,2026-02-25,SALE,-8,Order,ORD-000921
MOV-0002917,PRD-0033,2026-02-25,SALE,-8,Order,ORD-000921
MOV-0002918,PRD-0060,2026-02-25,SALE,-16,Order,ORD-000921
MOV-0002919,PRD-0026,2026-02-25,SALE,-40,Order,ORD-000921
MOV-0002920,PRD-0009,2026-02-25,SALE,-16,Order,ORD-000921
MOV-0002921,PRD-0045,2026-02-25,SALE,-52,Order,ORD-000921
MOV-0002922,PRD-0030,2025-08-26,SALE,-21,Order,ORD-000922
MOV-0002923,PRD-0031,2025-08-26,SALE,-51,Order,ORD-000922
MOV-0002924,PRD-0023,2025-08-26,SALE,-3,Order,ORD-000922
MOV-0002925,PRD-0034,2025-08-26,SALE,-21,Order,ORD-000922
MOV-0002926,PRD-0049,2025-08-26,SALE,-21,Order,ORD-000922
MOV-0002927,PRD-0050,2025-08-26,SALE,-34,Order,ORD-000922
MOV-0002928,PRD-0066,2025-06-20,SALE,-15,Order,ORD-000923
MOV-0002929,PRD-0003,2025-06-20,SALE,-15,Order,ORD-000923
MOV-0002930,PRD-0030,2025-06-20,SALE,-13,Order,ORD-000923
MOV-0002931,PRD-0032,2025-06-20,SALE,-8,Order,ORD-000923
MOV-0002932,PRD-0022,2025-09-09,SALE,-8,Order,ORD-000924
MOV-0002933,PRD-0046,2025-09-09,SALE,-1,Order,ORD-000924
MOV-0002934,PRD-0034,2025-09-09,SALE,-4,Order,ORD-000924
MOV-0002935,PRD-0007,2026-02-09,SALE,-10,Order,ORD-000925
MOV-0002936,PRD-0053,2026-02-09,SALE,-8,Order,ORD-000925
MOV-0002937,PRD-0025,2026-02-09,SALE,-8,Order,ORD-000925
MOV-0002938,PRD-0066,2025-08-11,SALE,-22,Order,ORD-000926
MOV-0002939,PRD-0030,2025-08-11,SALE,-10,Order,ORD-000926
MOV-0002940,PRD-0053,2025-08-11,SALE,-2,Order,ORD-000926
MOV-0002941,PRD-0062,2026-01-22,SALE,-23,Order,ORD-000927
MOV-0002942,PRD-0053,2026-01-22,SALE,-11,Order,ORD-000927
MOV-0002943,PRD-0027,2026-01-22,SALE,-52,Order,ORD-000927
MOV-0002944,PRD-0011,2026-01-22,SALE,-11,Order,ORD-000927
MOV-0002945,PRD-0037,2025-05-22,SALE,-45,Order,ORD-000928
MOV-0002946,PRD-0054,2025-05-22,SALE,-8,Order,ORD-000928
MOV-0002947,PRD-0022,2025-05-22,SALE,-14,Order,ORD-000928
MOV-0002948,PRD-0031,2025-05-22,SALE,-25,Order,ORD-000928
MOV-0002949,PRD-0052,2025-05-22,SALE,-6,Order,ORD-000928
MOV-0002950,PRD-0026,2026-01-24,SALE,-35,Order,ORD-000929
MOV-0002951,PRD-0050,2026-01-24,SALE,-13,Order,ORD-000929
MOV-0002952,PRD-0049,2026-01-24,SALE,-9,Order,ORD-000929
MOV-0002953,PRD-0044,2026-01-24,SALE,-31,Order,ORD-000929
MOV-0002954,PRD-0008,2026-01-24,SALE,-4,Order,ORD-000929
MOV-0002955,PRD-0058,2026-04-30,SALE,-3,Order,ORD-000930
MOV-0002956,PRD-0005,2026-04-30,SALE,-5,Order,ORD-000930
MOV-0002957,PRD-0034,2026-05-24,SALE,-4,Order,ORD-000931
MOV-0002958,PRD-0049,2026-05-24,SALE,-14,Order,ORD-000931
MOV-0002959,PRD-0017,2026-05-24,SALE,-12,Order,ORD-000931
MOV-0002960,PRD-0060,2026-04-28,SALE,-6,Order,ORD-000932
MOV-0002961,PRD-0005,2026-04-28,SALE,-14,Order,ORD-000932
MOV-0002962,PRD-0048,2026-04-28,SALE,-4,Order,ORD-000932
MOV-0002963,PRD-0013,2026-04-28,SALE,-23,Order,ORD-000932
MOV-0002964,PRD-0021,2025-07-26,SALE,-5,Order,ORD-000934
MOV-0002965,PRD-0066,2025-07-26,SALE,-27,Order,ORD-000934
MOV-0002966,PRD-0063,2025-07-26,SALE,-62,Order,ORD-000934
MOV-0002967,PRD-0049,2025-07-26,SALE,-8,Order,ORD-000934
MOV-0002968,PRD-0011,2025-07-26,SALE,-8,Order,ORD-000934
MOV-0002969,PRD-0053,2025-10-12,SALE,-2,Order,ORD-000936
MOV-0002970,PRD-0039,2025-10-12,SALE,-6,Order,ORD-000936
MOV-0002971,PRD-0027,2025-10-12,SALE,-6,Order,ORD-000936
MOV-0002972,PRD-0043,2025-06-15,SALE,-3,Order,ORD-000937
MOV-0002973,PRD-0066,2025-06-15,SALE,-20,Order,ORD-000937
MOV-0002974,PRD-0031,2025-06-15,SALE,-18,Order,ORD-000937
MOV-0002975,PRD-0044,2025-06-15,SALE,-29,Order,ORD-000937
MOV-0002976,PRD-0053,2026-07-04,SALE,-14,Order,ORD-000938
MOV-0002977,PRD-0069,2026-07-04,SALE,-3,Order,ORD-000938
MOV-0002978,PRD-0028,2026-07-04,SALE,-64,Order,ORD-000938
MOV-0002979,PRD-0006,2026-07-04,SALE,-17,Order,ORD-000938
MOV-0002980,PRD-0004,2026-07-04,SALE,-31,Order,ORD-000938
MOV-0002981,PRD-0023,2026-03-19,SALE,-7,Order,ORD-000939
MOV-0002982,PRD-0045,2026-03-19,SALE,-7,Order,ORD-000939
MOV-0002983,PRD-0069,2026-03-19,SALE,-9,Order,ORD-000939
MOV-0002984,PRD-0034,2026-03-19,SALE,-4,Order,ORD-000939
MOV-0002985,PRD-0005,2026-03-19,SALE,-29,Order,ORD-000939
MOV-0002986,PRD-0038,2026-06-13,SALE,-6,Order,ORD-000940
MOV-0002987,PRD-0058,2026-06-13,SALE,-6,Order,ORD-000940
MOV-0002988,PRD-0011,2026-06-13,SALE,-3,Order,ORD-000940
MOV-0002989,PRD-0034,2026-06-13,SALE,-4,Order,ORD-000940
MOV-0002990,PRD-0011,2026-06-01,SALE,-11,Order,ORD-000941
MOV-0002991,PRD-0009,2026-06-01,SALE,-4,Order,ORD-000941
MOV-0002992,PRD-0034,2026-06-01,SALE,-7,Order,ORD-000941
MOV-0002993,PRD-0032,2026-06-01,SALE,-9,Order,ORD-000941
MOV-0002994,PRD-0036,2026-06-21,SALE,-3,Order,ORD-000942
MOV-0002995,PRD-0034,2026-06-21,SALE,-5,Order,ORD-000942
MOV-0002996,PRD-0053,2026-06-21,SALE,-7,Order,ORD-000942
MOV-0002997,PRD-0014,2026-06-21,SALE,-3,Order,ORD-000942
MOV-0002998,PRD-0003,2026-06-21,SALE,-2,Order,ORD-000942
MOV-0002999,PRD-0023,2026-08-13,SALE,-6,Order,ORD-000943
MOV-0003000,PRD-0043,2026-08-13,SALE,-3,Order,ORD-000943
MOV-0003001,PRD-0037,2026-08-13,SALE,-16,Order,ORD-000943
MOV-0003002,PRD-0050,2026-08-13,SALE,-3,Order,ORD-000943
MOV-0003003,PRD-0057,2025-04-12,SALE,-5,Order,ORD-000944
MOV-0003004,PRD-0037,2025-04-12,SALE,-36,Order,ORD-000944
MOV-0003005,PRD-0034,2025-04-14,SALE,-3,Order,ORD-000945
MOV-0003006,PRD-0066,2025-04-14,SALE,-16,Order,ORD-000945
MOV-0003007,PRD-0026,2025-04-14,SALE,-33,Order,ORD-000945
MOV-0003008,PRD-0007,2026-02-21,SALE,-14,Order,ORD-000946
MOV-0003009,PRD-0064,2026-02-21,SALE,-11,Order,ORD-000946
MOV-0003010,PRD-0034,2026-02-21,SALE,-14,Order,ORD-000946
MOV-0003011,PRD-0038,2026-02-21,SALE,-3,Order,ORD-000946
MOV-0003012,PRD-0050,2026-09-04,SALE,-27,Order,ORD-000947
MOV-0003013,PRD-0021,2026-09-04,SALE,-2,Order,ORD-000947
MOV-0003014,PRD-0030,2026-09-04,SALE,-32,Order,ORD-000947
MOV-0003015,PRD-0045,2026-09-04,SALE,-12,Order,ORD-000947
MOV-0003016,PRD-0023,2026-09-04,SALE,-2,Order,ORD-000947
MOV-0003017,PRD-0033,2026-05-24,SALE,-11,Order,ORD-000948
MOV-0003018,PRD-0034,2026-05-24,SALE,-4,Order,ORD-000948
MOV-0003019,PRD-0069,2026-05-24,SALE,-22,Order,ORD-000948
MOV-0003020,PRD-0027,2026-05-24,SALE,-65,Order,ORD-000948
MOV-0003021,PRD-0011,2026-05-24,SALE,-11,Order,ORD-000948
MOV-0003022,PRD-0045,2026-05-24,SALE,-25,Order,ORD-000948
MOV-0003023,PRD-0043,2026-05-24,SALE,-14,Order,ORD-000948
MOV-0003024,PRD-0023,2025-07-29,SALE,-11,Order,ORD-000949
MOV-0003025,PRD-0005,2025-07-29,SALE,-42,Order,ORD-000949
MOV-0003026,PRD-0069,2026-03-25,SALE,-9,Order,ORD-000950
MOV-0003027,PRD-0055,2026-03-25,SALE,-6,Order,ORD-000950
MOV-0003028,PRD-0014,2026-03-25,SALE,-6,Order,ORD-000950
MOV-0003029,PRD-0025,2026-03-25,SALE,-9,Order,ORD-000950
MOV-0003030,PRD-0052,2026-03-03,SALE,-4,Order,ORD-000951
MOV-0003031,PRD-0014,2026-03-03,SALE,-13,Order,ORD-000951
MOV-0003032,PRD-0009,2026-03-03,SALE,-11,Order,ORD-000951
MOV-0003033,PRD-0005,2026-03-03,SALE,-27,Order,ORD-000951
MOV-0003034,PRD-0031,2026-08-06,SALE,-8,Order,ORD-000953
MOV-0003035,PRD-0034,2026-08-06,SALE,-2,Order,ORD-000953
MOV-0003036,PRD-0009,2026-08-06,SALE,-2,Order,ORD-000953
MOV-0003037,PRD-0066,2026-08-06,SALE,-2,Order,ORD-000953
MOV-0003038,PRD-0054,2025-10-21,SALE,-5,Order,ORD-000956
MOV-0003039,PRD-0040,2026-05-12,SALE,-14,Order,ORD-000957
MOV-0003040,PRD-0045,2026-05-12,SALE,-33,Order,ORD-000957
MOV-0003041,PRD-0032,2026-05-12,SALE,-5,Order,ORD-000957
MOV-0003042,PRD-0024,2026-05-12,SALE,-59,Order,ORD-000957
MOV-0003043,PRD-0036,2025-10-22,SALE,-15,Order,ORD-000958
MOV-0003044,PRD-0034,2025-10-22,SALE,-12,Order,ORD-000958
MOV-0003045,PRD-0007,2025-10-22,SALE,-18,Order,ORD-000958
MOV-0003046,PRD-0053,2025-11-26,SALE,-7,Order,ORD-000959
MOV-0003047,PRD-0048,2026-07-27,SALE,-2,Order,ORD-000960
MOV-0003048,PRD-0066,2025-09-17,SALE,-37,Order,ORD-000961
MOV-0003049,PRD-0022,2025-09-17,SALE,-14,Order,ORD-000961
MOV-0003050,PRD-0009,2025-09-17,SALE,-3,Order,ORD-000961
MOV-0003051,PRD-0007,2025-09-17,SALE,-9,Order,ORD-000961
MOV-0003052,PRD-0013,2025-09-17,SALE,-17,Order,ORD-000961
MOV-0003053,PRD-0009,2025-05-15,SALE,-12,Order,ORD-000962
MOV-0003054,PRD-0007,2025-05-15,SALE,-4,Order,ORD-000962
MOV-0003055,PRD-0070,2025-05-15,SALE,-12,Order,ORD-000962
MOV-0003056,PRD-0046,2025-05-15,SALE,-20,Order,ORD-000962
MOV-0003057,PRD-0038,2025-05-15,SALE,-20,Order,ORD-000962
MOV-0003058,PRD-0047,2025-05-15,SALE,-24,Order,ORD-000962
MOV-0003059,PRD-0055,2025-05-15,SALE,-20,Order,ORD-000962
MOV-0003060,PRD-0043,2025-12-10,SALE,-12,Order,ORD-000963
MOV-0003061,PRD-0049,2025-12-10,SALE,-53,Order,ORD-000963
MOV-0003062,PRD-0007,2025-12-10,SALE,-16,Order,ORD-000963
MOV-0003063,PRD-0034,2025-12-10,SALE,-12,Order,ORD-000963
MOV-0003064,PRD-0027,2025-12-10,SALE,-93,Order,ORD-000963
MOV-0003065,PRD-0017,2025-12-10,SALE,-12,Order,ORD-000963
MOV-0003066,PRD-0004,2025-10-28,SALE,-19,Order,ORD-000964
MOV-0003067,PRD-0067,2025-10-28,SALE,-24,Order,ORD-000964
MOV-0003068,PRD-0038,2025-10-28,SALE,-5,Order,ORD-000964
MOV-0003069,PRD-0005,2025-10-28,SALE,-11,Order,ORD-000964
MOV-0003070,PRD-0022,2026-02-05,SALE,-4,Order,ORD-000965
MOV-0003071,PRD-0063,2025-06-14,SALE,-7,Order,ORD-000966
MOV-0003072,PRD-0057,2025-06-14,SALE,-2,Order,ORD-000966
MOV-0003073,PRD-0030,2025-05-02,SALE,-38,Order,ORD-000968
MOV-0003074,PRD-0066,2025-05-02,SALE,-48,Order,ORD-000968
MOV-0003075,PRD-0009,2025-05-02,SALE,-14,Order,ORD-000968
MOV-0003076,PRD-0030,2026-08-01,SALE,-4,Order,ORD-000970
MOV-0003077,PRD-0064,2026-08-23,SALE,-11,Order,ORD-000972
MOV-0003078,PRD-0052,2026-08-23,SALE,-8,Order,ORD-000972
MOV-0003079,PRD-0066,2026-08-23,SALE,-42,Order,ORD-000972
MOV-0003080,PRD-0034,2026-08-23,SALE,-3,Order,ORD-000972
MOV-0003081,PRD-0036,2026-08-23,SALE,-3,Order,ORD-000972
MOV-0003082,PRD-0026,2025-07-07,SALE,-11,Order,ORD-000973
MOV-0003083,PRD-0007,2025-07-07,SALE,-2,Order,ORD-000973
MOV-0003084,PRD-0052,2026-06-14,SALE,-3,Order,ORD-000974
MOV-0003085,PRD-0069,2026-06-14,SALE,-12,Order,ORD-000974
MOV-0003086,PRD-0048,2025-08-25,SALE,-9,Order,ORD-000975
MOV-0003087,PRD-0063,2025-08-25,SALE,-23,Order,ORD-000975
MOV-0003088,PRD-0005,2025-08-25,SALE,-35,Order,ORD-000975
MOV-0003089,PRD-0023,2025-08-25,SALE,-14,Order,ORD-000975
MOV-0003090,PRD-0053,2025-08-25,SALE,-7,Order,ORD-000975
MOV-0003091,PRD-0019,2025-06-26,SALE,-6,Order,ORD-000976
MOV-0003092,PRD-0002,2025-06-26,SALE,-3,Order,ORD-000976
MOV-0003093,PRD-0053,2025-06-26,SALE,-2,Order,ORD-000976
MOV-0003094,PRD-0058,2025-06-26,SALE,-1,Order,ORD-000976
MOV-0003095,PRD-0005,2025-11-08,SALE,-22,Order,ORD-000977
MOV-0003096,PRD-0007,2025-11-08,SALE,-3,Order,ORD-000977
MOV-0003097,PRD-0031,2025-11-08,SALE,-11,Order,ORD-000977
MOV-0003098,PRD-0040,2025-11-08,SALE,-6,Order,ORD-000977
MOV-0003099,PRD-0056,2025-11-08,SALE,-5,Order,ORD-000977
MOV-0003100,PRD-0054,2026-04-14,SALE,-3,Order,ORD-000979
MOV-0003101,PRD-0037,2026-04-14,SALE,-21,Order,ORD-000979
MOV-0003102,PRD-0066,2026-04-14,SALE,-11,Order,ORD-000979
MOV-0003103,PRD-0069,2025-10-14,SALE,-4,Order,ORD-000980
MOV-0003104,PRD-0057,2025-10-14,SALE,-13,Order,ORD-000980
MOV-0003105,PRD-0046,2025-10-14,SALE,-2,Order,ORD-000980
MOV-0003106,PRD-0034,2025-10-14,SALE,-13,Order,ORD-000980
MOV-0003107,PRD-0049,2025-03-02,SALE,-15,Order,ORD-000981
MOV-0003108,PRD-0053,2025-03-02,SALE,-7,Order,ORD-000981
MOV-0003109,PRD-0066,2025-03-02,SALE,-26,Order,ORD-000981
MOV-0003110,PRD-0013,2025-07-11,SALE,-31,Order,ORD-000982
MOV-0003111,PRD-0049,2025-07-11,SALE,-15,Order,ORD-000982
MOV-0003112,PRD-0034,2025-07-11,SALE,-2,Order,ORD-000982
MOV-0003113,PRD-0066,2026-06-10,SALE,-22,Order,ORD-000983
MOV-0003114,PRD-0037,2026-06-10,SALE,-15,Order,ORD-000983
MOV-0003115,PRD-0004,2026-06-10,SALE,-22,Order,ORD-000983
MOV-0003116,PRD-0034,2025-09-12,SALE,-1,Order,ORD-000984
MOV-0003117,PRD-0004,2025-09-12,SALE,-7,Order,ORD-000984
MOV-0003118,PRD-0003,2026-07-26,SALE,-9,Order,ORD-000985
MOV-0003119,PRD-0061,2026-07-26,SALE,-14,Order,ORD-000985
MOV-0003120,PRD-0031,2026-07-26,SALE,-21,Order,ORD-000985
MOV-0003121,PRD-0033,2026-07-26,SALE,-2,Order,ORD-000985
MOV-0003122,PRD-0032,2026-05-08,SALE,-2,Order,ORD-000988
MOV-0003123,PRD-0021,2025-04-10,SALE,-16,Order,ORD-000989
MOV-0003124,PRD-0023,2025-04-10,SALE,-14,Order,ORD-000989
MOV-0003125,PRD-0007,2025-11-11,SALE,-7,Order,ORD-000990
MOV-0003126,PRD-0005,2025-11-11,SALE,-10,Order,ORD-000990
MOV-0003127,PRD-0064,2025-11-11,SALE,-6,Order,ORD-000990
MOV-0003128,PRD-0025,2025-11-11,SALE,-4,Order,ORD-000990
MOV-0003129,PRD-0029,2026-08-04,SALE,-12,Order,ORD-000991
MOV-0003130,PRD-0066,2026-08-04,SALE,-27,Order,ORD-000991
MOV-0003131,PRD-0040,2026-08-04,SALE,-12,Order,ORD-000991
MOV-0003132,PRD-0045,2026-08-04,SALE,-50,Order,ORD-000991
MOV-0003133,PRD-0015,2026-08-04,SALE,-12,Order,ORD-000991
MOV-0003134,PRD-0052,2026-08-04,SALE,-12,Order,ORD-000991
MOV-0003135,PRD-0067,2026-03-08,SALE,-29,Order,ORD-000992
MOV-0003136,PRD-0005,2026-03-08,SALE,-11,Order,ORD-000992
MOV-0003137,PRD-0060,2026-03-08,SALE,-11,Order,ORD-000992
MOV-0003138,PRD-0032,2026-02-02,SALE,-7,Order,ORD-000993
MOV-0003139,PRD-0023,2026-02-02,SALE,-7,Order,ORD-000993
MOV-0003140,PRD-0009,2026-02-02,SALE,-4,Order,ORD-000993
MOV-0003141,PRD-0007,2026-02-02,SALE,-4,Order,ORD-000993
MOV-0003142,PRD-0025,2026-02-02,SALE,-4,Order,ORD-000993
MOV-0003143,PRD-0049,2025-10-21,SALE,-8,Order,ORD-000995
MOV-0003144,PRD-0011,2025-07-06,SALE,-23,Order,ORD-000996
MOV-0003145,PRD-0066,2025-07-06,SALE,-11,Order,ORD-000996
MOV-0003146,PRD-0047,2025-05-27,SALE,-7,Order,ORD-000997
MOV-0003147,PRD-0012,2025-05-27,SALE,-9,Order,ORD-000997
MOV-0003148,PRD-0069,2025-05-27,SALE,-9,Order,ORD-000997
MOV-0003149,PRD-0070,2025-05-27,SALE,-17,Order,ORD-000997
MOV-0003150,PRD-0066,2025-05-27,SALE,-6,Order,ORD-000997
MOV-0003151,PRD-0053,2026-03-22,SALE,-6,Order,ORD-000998
MOV-0003152,PRD-0025,2026-03-22,SALE,-6,Order,ORD-000998
MOV-0003153,PRD-0049,2025-12-01,SALE,-36,Order,ORD-000999
MOV-0003154,PRD-0062,2025-12-01,SALE,-36,Order,ORD-000999
MOV-0003155,PRD-0069,2025-12-01,SALE,-12,Order,ORD-000999
MOV-0003156,PRD-0034,2025-12-01,SALE,-8,Order,ORD-000999
MOV-0003157,PRD-0036,2025-12-01,SALE,-24,Order,ORD-000999
MOV-0003158,PRD-0030,2025-12-01,SALE,-24,Order,ORD-000999
MOV-0003159,PRD-0006,2025-12-01,SALE,-4,Order,ORD-000999
MOV-0003160,PRD-0036,2025-08-24,SALE,-1,Order,ORD-001000
MOV-0003161,PRD-0030,2026-08-16,SALE,-10,Order,ORD-001002
MOV-0003162,PRD-0053,2026-08-16,SALE,-8,Order,ORD-001002
MOV-0003163,PRD-0052,2026-08-16,SALE,-12,Order,ORD-001002
MOV-0003164,PRD-0023,2026-07-21,SALE,-3,Order,ORD-001003
MOV-0003165,PRD-0070,2026-07-21,SALE,-10,Order,ORD-001003
MOV-0003166,PRD-0005,2026-07-21,SALE,-6,Order,ORD-001003
MOV-0003167,PRD-0047,2026-07-21,SALE,-2,Order,ORD-001003
MOV-0003168,PRD-0021,2026-07-21,SALE,-6,Order,ORD-001003
MOV-0003169,PRD-0031,2025-07-14,SALE,-18,Order,ORD-001004
MOV-0003170,PRD-0035,2025-07-14,SALE,-12,Order,ORD-001004
MOV-0003171,PRD-0001,2025-10-31,SALE,-9,Order,ORD-001006
MOV-0003172,PRD-0053,2025-10-31,SALE,-9,Order,ORD-001006
MOV-0003173,PRD-0049,2025-10-31,SALE,-8,Order,ORD-001006
MOV-0003174,PRD-0030,2025-10-31,SALE,-5,Order,ORD-001006
MOV-0003175,PRD-0018,2026-04-01,SALE,-5,Order,ORD-001007
MOV-0003176,PRD-0052,2026-04-01,SALE,-4,Order,ORD-001007
MOV-0003177,PRD-0019,2026-04-01,SALE,-21,Order,ORD-001007
MOV-0003178,PRD-0062,2026-04-01,SALE,-13,Order,ORD-001007
MOV-0003179,PRD-0045,2026-04-01,SALE,-25,Order,ORD-001007
MOV-0003180,PRD-0005,2026-04-07,SALE,-5,Order,ORD-001008
MOV-0003181,PRD-0046,2026-04-07,SALE,-3,Order,ORD-001008
MOV-0003182,PRD-0052,2026-04-07,SALE,-3,Order,ORD-001008
MOV-0003183,PRD-0069,2025-10-25,SALE,-2,Order,ORD-001011
MOV-0003184,PRD-0026,2025-10-25,SALE,-9,Order,ORD-001011
MOV-0003185,PRD-0052,2025-10-25,SALE,-2,Order,ORD-001011
MOV-0003186,PRD-0044,2026-05-21,SALE,-32,Order,ORD-001012
MOV-0003187,PRD-0032,2026-05-21,SALE,-4,Order,ORD-001012
MOV-0003188,PRD-0063,2026-05-21,SALE,-23,Order,ORD-001012
MOV-0003189,PRD-0045,2026-05-21,SALE,-15,Order,ORD-001012
MOV-0003190,PRD-0037,2025-11-30,SALE,-7,Order,ORD-001013
MOV-0003191,PRD-0058,2025-11-30,SALE,-3,Order,ORD-001013
MOV-0003192,PRD-0043,2025-11-30,SALE,-6,Order,ORD-001013
MOV-0003193,PRD-0055,2025-11-30,SALE,-5,Order,ORD-001013
MOV-0003194,PRD-0053,2025-11-30,SALE,-7,Order,ORD-001013
MOV-0003195,PRD-0045,2026-05-06,SALE,-33,Order,ORD-001014
MOV-0003196,PRD-0048,2026-05-06,SALE,-16,Order,ORD-001014
MOV-0003197,PRD-0058,2026-05-06,SALE,-20,Order,ORD-001014
MOV-0003198,PRD-0017,2026-05-06,SALE,-16,Order,ORD-001014
MOV-0003199,PRD-0049,2026-05-06,SALE,-24,Order,ORD-001014
MOV-0003200,PRD-0049,2026-03-08,SALE,-29,Order,ORD-001016
MOV-0003201,PRD-0026,2026-03-08,SALE,-69,Order,ORD-001016
MOV-0003202,PRD-0066,2026-03-08,SALE,-47,Order,ORD-001016
MOV-0003203,PRD-0045,2026-04-27,SALE,-22,Order,ORD-001017
MOV-0003204,PRD-0049,2026-04-27,SALE,-13,Order,ORD-001017
MOV-0003205,PRD-0068,2026-04-27,SALE,-6,Order,ORD-001017
MOV-0003206,PRD-0040,2026-04-27,SALE,-9,Order,ORD-001017
MOV-0003207,PRD-0048,2026-04-27,SALE,-7,Order,ORD-001017
MOV-0003208,PRD-0034,2026-05-20,SALE,-3,Order,ORD-001018
MOV-0003209,PRD-0040,2026-05-20,SALE,-21,Order,ORD-001018
MOV-0003210,PRD-0069,2026-05-20,SALE,-3,Order,ORD-001018
MOV-0003211,PRD-0057,2026-05-20,SALE,-7,Order,ORD-001018
MOV-0003212,PRD-0038,2026-05-20,SALE,-10,Order,ORD-001018
MOV-0003213,PRD-0018,2026-08-01,SALE,-11,Order,ORD-001019
MOV-0003214,PRD-0051,2025-07-10,SALE,-18,Order,ORD-001020
MOV-0003215,PRD-0067,2025-07-10,SALE,-34,Order,ORD-001020
MOV-0003216,PRD-0040,2025-07-10,SALE,-5,Order,ORD-001020
MOV-0003217,PRD-0053,2025-07-10,SALE,-11,Order,ORD-001020
MOV-0003218,PRD-0050,2025-07-10,SALE,-14,Order,ORD-001020
MOV-0003219,PRD-0068,2025-07-10,SALE,-14,Order,ORD-001020
MOV-0003220,PRD-0060,2025-07-10,SALE,-7,Order,ORD-001020
MOV-0003221,PRD-0005,2025-11-19,SALE,-18,Order,ORD-001021
MOV-0003222,PRD-0066,2025-11-19,SALE,-17,Order,ORD-001021
MOV-0003223,PRD-0009,2025-09-21,SALE,-1,Order,ORD-001024
MOV-0003224,PRD-0031,2025-03-24,SALE,-16,Order,ORD-001026
MOV-0003225,PRD-0006,2025-03-24,SALE,-13,Order,ORD-001026
MOV-0003226,PRD-0013,2025-03-24,SALE,-62,Order,ORD-001026
MOV-0003227,PRD-0050,2025-03-24,SALE,-13,Order,ORD-001026
MOV-0003228,PRD-0005,2026-06-17,SALE,-2,Order,ORD-001028
MOV-0003229,PRD-0023,2026-06-17,SALE,-3,Order,ORD-001028
MOV-0003230,PRD-0034,2026-06-17,SALE,-1,Order,ORD-001028
MOV-0003231,PRD-0053,2026-06-17,SALE,-3,Order,ORD-001028
MOV-0003232,PRD-0017,2025-04-12,SALE,-18,Order,ORD-001029
MOV-0003233,PRD-0027,2025-04-12,SALE,-41,Order,ORD-001029
MOV-0003234,PRD-0011,2025-04-12,SALE,-15,Order,ORD-001029
MOV-0003235,PRD-0007,2025-04-12,SALE,-18,Order,ORD-001029
MOV-0003236,PRD-0063,2025-04-12,SALE,-81,Order,ORD-001029
MOV-0003237,PRD-0069,2025-04-12,SALE,-18,Order,ORD-001029
MOV-0003238,PRD-0009,2025-04-12,SALE,-22,Order,ORD-001029
MOV-0003239,PRD-0023,2026-09-01,SALE,-2,Order,ORD-001030
MOV-0003240,PRD-0017,2026-09-01,SALE,-6,Order,ORD-001030
MOV-0003241,PRD-0026,2026-09-01,SALE,-29,Order,ORD-001030
MOV-0003242,PRD-0034,2026-09-01,SALE,-5,Order,ORD-001030
MOV-0003243,PRD-0069,2026-09-01,SALE,-3,Order,ORD-001030
MOV-0003244,PRD-0066,2026-02-21,SALE,-24,Order,ORD-001031
MOV-0003245,PRD-0021,2026-02-21,SALE,-10,Order,ORD-001031
MOV-0003246,PRD-0034,2026-02-21,SALE,-10,Order,ORD-001031
MOV-0003247,PRD-0003,2026-02-21,SALE,-3,Order,ORD-001031
MOV-0003248,PRD-0039,2026-02-21,SALE,-28,Order,ORD-001031
MOV-0003249,PRD-0030,2026-02-21,SALE,-24,Order,ORD-001031
MOV-0003250,PRD-0053,2026-02-21,SALE,-14,Order,ORD-001031
MOV-0003251,PRD-0015,2026-04-02,SALE,-1,Order,ORD-001032
MOV-0003252,PRD-0037,2026-04-02,SALE,-5,Order,ORD-001032
MOV-0003253,PRD-0053,2026-04-02,SALE,-4,Order,ORD-001032
MOV-0003254,PRD-0050,2026-05-28,SALE,-16,Order,ORD-001033
MOV-0003255,PRD-0026,2026-05-28,SALE,-16,Order,ORD-001033
MOV-0003256,PRD-0053,2026-05-28,SALE,-6,Order,ORD-001033
MOV-0003257,PRD-0030,2026-05-14,SALE,-12,Order,ORD-001034
MOV-0003258,PRD-0058,2026-05-14,SALE,-7,Order,ORD-001034
MOV-0003259,PRD-0045,2026-05-14,SALE,-6,Order,ORD-001034
MOV-0003260,PRD-0064,2026-05-14,SALE,-1,Order,ORD-001034
MOV-0003261,PRD-0068,2026-05-02,SALE,-7,Order,ORD-001035
MOV-0003262,PRD-0025,2026-05-02,SALE,-4,Order,ORD-001035
MOV-0003263,PRD-0008,2026-05-02,SALE,-11,Order,ORD-001035
MOV-0003264,PRD-0045,2026-05-02,SALE,-53,Order,ORD-001035
MOV-0003265,PRD-0058,2026-05-02,SALE,-4,Order,ORD-001035
MOV-0003266,PRD-0048,2026-05-02,SALE,-14,Order,ORD-001035
MOV-0003267,PRD-0026,2026-05-02,SALE,-46,Order,ORD-001035
MOV-0003268,PRD-0022,2026-03-15,SALE,-11,Order,ORD-001036
MOV-0003269,PRD-0027,2026-03-15,SALE,-61,Order,ORD-001036
MOV-0003270,PRD-0032,2026-03-15,SALE,-3,Order,ORD-001036
MOV-0003271,PRD-0011,2025-04-12,SALE,-2,Order,ORD-001037
MOV-0003272,PRD-0048,2025-04-12,SALE,-3,Order,ORD-001037
MOV-0003273,PRD-0049,2025-10-18,SALE,-8,Order,ORD-001038
MOV-0003274,PRD-0064,2025-10-18,SALE,-11,Order,ORD-001038
MOV-0003275,PRD-0052,2026-08-12,SALE,-9,Order,ORD-001039
MOV-0003276,PRD-0053,2026-08-12,SALE,-9,Order,ORD-001039
MOV-0003277,PRD-0048,2026-08-12,SALE,-4,Order,ORD-001039
MOV-0003278,PRD-0034,2026-08-12,SALE,-3,Order,ORD-001039
MOV-0003279,PRD-0009,2025-05-24,SALE,-16,Order,ORD-001040
MOV-0003280,PRD-0045,2025-05-24,SALE,-16,Order,ORD-001040
MOV-0003281,PRD-0066,2025-05-24,SALE,-23,Order,ORD-001040
MOV-0003282,PRD-0032,2026-08-08,SALE,-3,Order,ORD-001041
MOV-0003283,PRD-0069,2026-08-08,SALE,-6,Order,ORD-001041
MOV-0003284,PRD-0042,2026-08-08,SALE,-12,Order,ORD-001041
MOV-0003285,PRD-0006,2025-12-21,SALE,-1,Order,ORD-001042
MOV-0003286,PRD-0009,2025-12-21,SALE,-3,Order,ORD-001042
MOV-0003287,PRD-0053,2025-12-21,SALE,-2,Order,ORD-001042
MOV-0003288,PRD-0021,2026-05-02,SALE,-2,Order,ORD-001043
MOV-0003289,PRD-0005,2026-05-02,SALE,-5,Order,ORD-001043
MOV-0003290,PRD-0007,2026-05-02,SALE,-7,Order,ORD-001043
MOV-0003291,PRD-0036,2026-05-02,SALE,-7,Order,ORD-001043
MOV-0003292,PRD-0023,2025-07-31,SALE,-7,Order,ORD-001044
MOV-0003293,PRD-0045,2025-07-31,SALE,-7,Order,ORD-001044
MOV-0003294,PRD-0024,2026-01-28,SALE,-31,Order,ORD-001045
MOV-0003295,PRD-0034,2026-01-28,SALE,-11,Order,ORD-001045
MOV-0003296,PRD-0006,2026-01-28,SALE,-7,Order,ORD-001045
MOV-0003297,PRD-0026,2026-01-28,SALE,-37,Order,ORD-001045
MOV-0003298,PRD-0021,2026-01-28,SALE,-11,Order,ORD-001045
MOV-0003299,PRD-0034,2026-02-25,SALE,-21,Order,ORD-001046
MOV-0003300,PRD-0031,2026-02-25,SALE,-14,Order,ORD-001046
MOV-0003301,PRD-0008,2026-02-25,SALE,-14,Order,ORD-001046
MOV-0003302,PRD-0028,2026-02-25,SALE,-21,Order,ORD-001046
MOV-0003303,PRD-0032,2026-02-25,SALE,-18,Order,ORD-001046
MOV-0003304,PRD-0064,2026-03-20,SALE,-6,Order,ORD-001047
MOV-0003305,PRD-0051,2026-03-20,SALE,-33,Order,ORD-001047
MOV-0003306,PRD-0057,2026-03-20,SALE,-10,Order,ORD-001047
MOV-0003307,PRD-0053,2026-03-20,SALE,-5,Order,ORD-001047
MOV-0003308,PRD-0005,2026-03-20,SALE,-13,Order,ORD-001047
MOV-0003309,PRD-0049,2026-04-03,SALE,-13,Order,ORD-001048
MOV-0003310,PRD-0069,2026-07-20,SALE,-6,Order,ORD-001049
MOV-0003311,PRD-0053,2026-07-20,SALE,-1,Order,ORD-001049
MOV-0003312,PRD-0027,2026-07-20,SALE,-25,Order,ORD-001049
MOV-0003313,PRD-0066,2026-07-20,SALE,-4,Order,ORD-001049
MOV-0003314,PRD-0034,2026-07-20,SALE,-1,Order,ORD-001049
MOV-0003315,PRD-0030,2025-06-10,SALE,-24,Order,ORD-001050
MOV-0003316,PRD-0049,2025-06-10,SALE,-57,Order,ORD-001050
MOV-0003317,PRD-0048,2025-06-10,SALE,-8,Order,ORD-001050
MOV-0003318,PRD-0066,2025-06-10,SALE,-28,Order,ORD-001050
MOV-0003319,PRD-0005,2025-06-10,SALE,-49,Order,ORD-001050
MOV-0003320,PRD-0069,2026-02-05,SALE,-2,Order,ORD-001051
MOV-0003321,PRD-0034,2026-03-18,SALE,-2,Order,ORD-001052
MOV-0003322,PRD-0006,2026-03-18,SALE,-4,Order,ORD-001052
MOV-0003323,PRD-0062,2026-03-18,SALE,-8,Order,ORD-001052
MOV-0003324,PRD-0053,2026-03-18,SALE,-5,Order,ORD-001052
MOV-0003325,PRD-0001,2026-04-02,SALE,-4,Order,ORD-001053
MOV-0003326,PRD-0043,2026-04-02,SALE,-2,Order,ORD-001053
MOV-0003327,PRD-0005,2026-04-02,SALE,-29,Order,ORD-001053
MOV-0003328,PRD-0027,2026-04-02,SALE,-18,Order,ORD-001053
MOV-0003329,PRD-0023,2025-06-22,SALE,-4,Order,ORD-001054
MOV-0003330,PRD-0051,2025-06-22,SALE,-52,Order,ORD-001054
MOV-0003331,PRD-0030,2025-06-22,SALE,-30,Order,ORD-001054
MOV-0003332,PRD-0061,2025-06-22,SALE,-15,Order,ORD-001054
MOV-0003333,PRD-0014,2026-09-04,SALE,-2,Order,ORD-001056
MOV-0003334,PRD-0004,2026-09-04,SALE,-21,Order,ORD-001056
MOV-0003335,PRD-0038,2026-09-04,SALE,-11,Order,ORD-001056
MOV-0003336,PRD-0062,2026-09-04,SALE,-32,Order,ORD-001056
MOV-0003337,PRD-0060,2025-08-19,SALE,-2,Order,ORD-001058
MOV-0003338,PRD-0031,2025-08-19,SALE,-4,Order,ORD-001058
MOV-0003339,PRD-0007,2026-03-21,SALE,-4,Order,ORD-001059
MOV-0003340,PRD-0068,2026-03-21,SALE,-2,Order,ORD-001059
MOV-0003341,PRD-0055,2026-03-21,SALE,-9,Order,ORD-001059
MOV-0003342,PRD-0037,2026-03-21,SALE,-43,Order,ORD-001059
MOV-0003343,PRD-0034,2026-03-21,SALE,-13,Order,ORD-001059
MOV-0003344,PRD-0029,2026-03-21,SALE,-7,Order,ORD-001059
MOV-0003345,PRD-0034,2026-05-25,SALE,-3,Order,ORD-001060
MOV-0003346,PRD-0007,2026-05-25,SALE,-9,Order,ORD-001060
MOV-0003347,PRD-0045,2026-05-25,SALE,-9,Order,ORD-001060
MOV-0003348,PRD-0016,2026-02-23,SALE,-2,Order,ORD-001061
MOV-0003349,PRD-0007,2026-02-23,SALE,-8,Order,ORD-001061
MOV-0003350,PRD-0013,2026-02-23,SALE,-33,Order,ORD-001061
MOV-0003351,PRD-0065,2026-02-23,SALE,-31,Order,ORD-001061
MOV-0003352,PRD-0004,2026-02-23,SALE,-25,Order,ORD-001061
MOV-0003353,PRD-0034,2025-08-18,SALE,-8,Order,ORD-001062
MOV-0003354,PRD-0007,2025-08-18,SALE,-10,Order,ORD-001062
MOV-0003355,PRD-0011,2025-08-18,SALE,-8,Order,ORD-001062
MOV-0003356,PRD-0063,2026-06-23,SALE,-74,Order,ORD-001063
MOV-0003357,PRD-0040,2026-06-23,SALE,-21,Order,ORD-001063
MOV-0003358,PRD-0048,2026-06-23,SALE,-14,Order,ORD-001063
MOV-0003359,PRD-0020,2026-06-23,SALE,-21,Order,ORD-001063
MOV-0003360,PRD-0027,2026-06-23,SALE,-35,Order,ORD-001063
MOV-0003361,PRD-0050,2026-04-09,SALE,-21,Order,ORD-001064
MOV-0003362,PRD-0026,2026-04-09,SALE,-29,Order,ORD-001064
MOV-0003363,PRD-0060,2026-04-09,SALE,-10,Order,ORD-001064
MOV-0003364,PRD-0034,2025-11-02,SALE,-8,Order,ORD-001065
MOV-0003365,PRD-0033,2025-11-02,SALE,-3,Order,ORD-001065
MOV-0003366,PRD-0028,2026-01-04,SALE,-11,Order,ORD-001066
MOV-0003367,PRD-0064,2026-01-04,SALE,-9,Order,ORD-001066
MOV-0003368,PRD-0034,2026-01-04,SALE,-2,Order,ORD-001066
MOV-0003369,PRD-0060,2026-01-04,SALE,-9,Order,ORD-001066
MOV-0003370,PRD-0033,2026-01-04,SALE,-3,Order,ORD-001066
MOV-0003371,PRD-0037,2025-05-24,SALE,-11,Order,ORD-001068
MOV-0003372,PRD-0045,2025-05-24,SALE,-23,Order,ORD-001068
MOV-0003373,PRD-0024,2025-05-24,SALE,-38,Order,ORD-001068
MOV-0003374,PRD-0004,2025-05-24,SALE,-6,Order,ORD-001068
MOV-0003375,PRD-0053,2026-08-13,SALE,-17,Order,ORD-001069
MOV-0003376,PRD-0027,2026-08-13,SALE,-75,Order,ORD-001069
MOV-0003377,PRD-0005,2026-06-23,SALE,-20,Order,ORD-001070
MOV-0003378,PRD-0048,2026-06-23,SALE,-14,Order,ORD-001070
MOV-0003379,PRD-0030,2026-02-14,SALE,-14,Order,ORD-001071
MOV-0003380,PRD-0026,2026-02-14,SALE,-9,Order,ORD-001071
MOV-0003381,PRD-0016,2026-02-14,SALE,-4,Order,ORD-001071
MOV-0003382,PRD-0051,2026-02-14,SALE,-17,Order,ORD-001071
MOV-0003383,PRD-0057,2025-03-23,SALE,-11,Order,ORD-001072
MOV-0003384,PRD-0005,2025-03-23,SALE,-30,Order,ORD-001072
MOV-0003385,PRD-0008,2025-03-23,SALE,-3,Order,ORD-001072
MOV-0003386,PRD-0007,2025-03-23,SALE,-14,Order,ORD-001072
MOV-0003387,PRD-0030,2025-03-23,SALE,-14,Order,ORD-001072
MOV-0003388,PRD-0016,2026-01-13,SALE,-3,Order,ORD-001073
MOV-0003389,PRD-0008,2026-06-10,SALE,-16,Order,ORD-001074
MOV-0003390,PRD-0050,2026-06-10,SALE,-19,Order,ORD-001074
MOV-0003391,PRD-0033,2026-06-10,SALE,-11,Order,ORD-001074
MOV-0003392,PRD-0005,2026-06-10,SALE,-35,Order,ORD-001074
MOV-0003393,PRD-0009,2026-06-10,SALE,-3,Order,ORD-001074
MOV-0003394,PRD-0064,2025-08-01,SALE,-10,Order,ORD-001076
MOV-0003395,PRD-0011,2025-08-01,SALE,-20,Order,ORD-001076
MOV-0003396,PRD-0016,2025-08-01,SALE,-7,Order,ORD-001076
MOV-0003397,PRD-0033,2025-08-01,SALE,-13,Order,ORD-001076
MOV-0003398,PRD-0007,2025-08-01,SALE,-16,Order,ORD-001076
MOV-0003399,PRD-0066,2026-04-20,SALE,-9,Order,ORD-001077
MOV-0003400,PRD-0034,2026-04-20,SALE,-5,Order,ORD-001077
MOV-0003401,PRD-0021,2026-04-20,SALE,-3,Order,ORD-001077
MOV-0003402,PRD-0045,2026-07-28,SALE,-21,Order,ORD-001078
MOV-0003403,PRD-0005,2026-07-28,SALE,-21,Order,ORD-001078
MOV-0003404,PRD-0050,2026-07-28,SALE,-42,Order,ORD-001078
MOV-0003405,PRD-0034,2026-07-28,SALE,-3,Order,ORD-001078
MOV-0003406,PRD-0040,2026-07-28,SALE,-3,Order,ORD-001078
MOV-0003407,PRD-0014,2025-11-18,SALE,-3,Order,ORD-001079
MOV-0003408,PRD-0069,2025-11-18,SALE,-8,Order,ORD-001079
MOV-0003409,PRD-0045,2025-11-18,SALE,-25,Order,ORD-001079
MOV-0003410,PRD-0027,2025-11-18,SALE,-13,Order,ORD-001079
MOV-0003411,PRD-0052,2025-11-18,SALE,-10,Order,ORD-001079
MOV-0003412,PRD-0005,2025-11-18,SALE,-8,Order,ORD-001079
MOV-0003413,PRD-0022,2026-05-07,SALE,-8,Order,ORD-001080
MOV-0003414,PRD-0016,2026-08-26,SALE,-10,Order,ORD-001081
MOV-0003415,PRD-0064,2026-08-26,SALE,-7,Order,ORD-001081
MOV-0003416,PRD-0020,2026-08-26,SALE,-10,Order,ORD-001081
MOV-0003417,PRD-0054,2026-08-19,SALE,-10,Order,ORD-001082
MOV-0003418,PRD-0015,2025-04-06,SALE,-4,Order,ORD-001083
MOV-0003419,PRD-0033,2025-04-06,SALE,-13,Order,ORD-001083
MOV-0003420,PRD-0034,2025-04-06,SALE,-4,Order,ORD-001083
MOV-0003421,PRD-0013,2025-04-06,SALE,-39,Order,ORD-001083
MOV-0003422,PRD-0050,2025-04-06,SALE,-32,Order,ORD-001083
MOV-0003423,PRD-0030,2025-07-28,SALE,-5,Order,ORD-001084
MOV-0003424,PRD-0030,2025-04-07,SALE,-17,Order,ORD-001085
MOV-0003425,PRD-0052,2025-04-07,SALE,-7,Order,ORD-001085
MOV-0003426,PRD-0024,2025-04-07,SALE,-23,Order,ORD-001085
MOV-0003427,PRD-0005,2026-04-22,SALE,-17,Order,ORD-001086
MOV-0003428,PRD-0020,2026-04-22,SALE,-4,Order,ORD-001086
MOV-0003429,PRD-0016,2026-04-22,SALE,-4,Order,ORD-001086
MOV-0003430,PRD-0006,2026-04-22,SALE,-4,Order,ORD-001086
MOV-0003431,PRD-0038,2026-07-08,SALE,-6,Order,ORD-001088
MOV-0003432,PRD-0064,2026-07-08,SALE,-9,Order,ORD-001088
MOV-0003433,PRD-0037,2026-07-08,SALE,-38,Order,ORD-001088
MOV-0003434,PRD-0045,2026-07-08,SALE,-44,Order,ORD-001088
MOV-0003435,PRD-0053,2026-05-24,SALE,-1,Order,ORD-001089
MOV-0003436,PRD-0007,2026-05-24,SALE,-2,Order,ORD-001089
MOV-0003437,PRD-0004,2026-05-24,SALE,-6,Order,ORD-001089
MOV-0003438,PRD-0034,2025-04-03,SALE,-4,Order,ORD-001091
MOV-0003439,PRD-0066,2025-04-03,SALE,-6,Order,ORD-001091
MOV-0003440,PRD-0021,2025-04-03,SALE,-5,Order,ORD-001091
MOV-0003441,PRD-0031,2026-01-15,SALE,-12,Order,ORD-001092
MOV-0003442,PRD-0016,2026-01-15,SALE,-8,Order,ORD-001092
MOV-0003443,PRD-0056,2026-01-15,SALE,-8,Order,ORD-001092
MOV-0003444,PRD-0053,2026-01-15,SALE,-2,Order,ORD-001092
MOV-0003445,PRD-0051,2026-01-15,SALE,-47,Order,ORD-001092
MOV-0003446,PRD-0057,2026-01-15,SALE,-6,Order,ORD-001092
MOV-0003447,PRD-0050,2026-01-15,SALE,-23,Order,ORD-001092
MOV-0003448,PRD-0011,2025-07-30,SALE,-16,Order,ORD-001094
MOV-0003449,PRD-0007,2025-07-30,SALE,-3,Order,ORD-001094
MOV-0003450,PRD-0033,2025-08-06,SALE,-4,Order,ORD-001095
MOV-0003451,PRD-0057,2025-08-06,SALE,-12,Order,ORD-001095
MOV-0003452,PRD-0065,2025-08-06,SALE,-10,Order,ORD-001095
MOV-0003453,PRD-0005,2025-08-06,SALE,-14,Order,ORD-001095
MOV-0003454,PRD-0013,2025-06-09,SALE,-28,Order,ORD-001096
MOV-0003455,PRD-0032,2025-06-09,SALE,-12,Order,ORD-001096
MOV-0003456,PRD-0007,2025-06-09,SALE,-12,Order,ORD-001096
MOV-0003457,PRD-0008,2025-06-09,SALE,-2,Order,ORD-001096
MOV-0003458,PRD-0009,2026-07-31,SALE,-6,Order,ORD-001097
MOV-0003459,PRD-0031,2026-07-31,SALE,-9,Order,ORD-001097
MOV-0003460,PRD-0031,2026-05-30,SALE,-10,Order,ORD-001100
MOV-0003461,PRD-0013,2026-05-30,SALE,-23,Order,ORD-001100
MOV-0003462,PRD-0026,2026-04-05,SALE,-25,Order,ORD-001101
MOV-0003463,PRD-0034,2026-04-05,SALE,-1,Order,ORD-001101
MOV-0003464,PRD-0027,2025-10-01,SALE,-14,Order,ORD-001102
MOV-0003465,PRD-0005,2025-10-01,SALE,-5,Order,ORD-001102
MOV-0003466,PRD-0009,2025-10-01,SALE,-7,Order,ORD-001102
MOV-0003467,PRD-0027,2026-06-11,SALE,-27,Order,ORD-001103
MOV-0003468,PRD-0067,2026-06-11,SALE,-32,Order,ORD-001103
MOV-0003469,PRD-0045,2026-06-11,SALE,-20,Order,ORD-001103
MOV-0003470,PRD-0016,2026-06-11,SALE,-7,Order,ORD-001103
MOV-0003471,PRD-0063,2026-06-11,SALE,-16,Order,ORD-001103
MOV-0003472,PRD-0030,2026-01-20,SALE,-7,Order,ORD-001104
MOV-0003473,PRD-0003,2026-01-20,SALE,-5,Order,ORD-001104
MOV-0003474,PRD-0034,2025-10-20,SALE,-4,Order,ORD-001105
MOV-0003475,PRD-0038,2025-10-20,SALE,-12,Order,ORD-001105
MOV-0003476,PRD-0026,2025-10-20,SALE,-33,Order,ORD-001105
MOV-0003477,PRD-0050,2025-10-20,SALE,-33,Order,ORD-001105
MOV-0003478,PRD-0007,2025-10-20,SALE,-8,Order,ORD-001105
MOV-0003479,PRD-0045,2025-10-20,SALE,-46,Order,ORD-001105
MOV-0003480,PRD-0048,2025-12-09,SALE,-3,Order,ORD-001106
MOV-0003481,PRD-0050,2025-12-09,SALE,-6,Order,ORD-001106
MOV-0003482,PRD-0034,2025-12-09,SALE,-4,Order,ORD-001106
MOV-0003483,PRD-0054,2025-12-07,SALE,-22,Order,ORD-001108
MOV-0003484,PRD-0006,2025-07-05,SALE,-15,Order,ORD-001109
MOV-0003485,PRD-0034,2025-07-05,SALE,-3,Order,ORD-001109
MOV-0003486,PRD-0013,2025-07-05,SALE,-49,Order,ORD-001109
MOV-0003487,PRD-0050,2025-07-05,SALE,-38,Order,ORD-001109
MOV-0003488,PRD-0070,2025-11-23,SALE,-2,Order,ORD-001110
MOV-0003489,PRD-0057,2025-10-22,SALE,-19,Order,ORD-001112
MOV-0003490,PRD-0034,2025-10-22,SALE,-15,Order,ORD-001112
MOV-0003491,PRD-0009,2025-10-22,SALE,-8,Order,ORD-001112
MOV-0003492,PRD-0052,2025-07-18,SALE,-15,Order,ORD-001114
MOV-0003493,PRD-0048,2025-07-18,SALE,-2,Order,ORD-001114
MOV-0003494,PRD-0007,2025-07-18,SALE,-10,Order,ORD-001114
MOV-0003495,PRD-0034,2025-07-18,SALE,-10,Order,ORD-001114
MOV-0003496,PRD-0037,2025-07-18,SALE,-20,Order,ORD-001114
MOV-0003497,PRD-0061,2025-07-18,SALE,-25,Order,ORD-001114
MOV-0003498,PRD-0049,2025-08-15,SALE,-6,Order,ORD-001117
MOV-0003499,PRD-0045,2025-08-15,SALE,-18,Order,ORD-001117
MOV-0003500,PRD-0005,2025-08-15,SALE,-15,Order,ORD-001117
MOV-0003501,PRD-0066,2025-12-10,SALE,-18,Order,ORD-001118
MOV-0003502,PRD-0040,2025-12-10,SALE,-6,Order,ORD-001118
MOV-0003503,PRD-0005,2025-12-10,SALE,-7,Order,ORD-001118
MOV-0003504,PRD-0052,2025-12-10,SALE,-1,Order,ORD-001118
MOV-0003505,PRD-0031,2025-08-04,SALE,-31,Order,ORD-001119
MOV-0003506,PRD-0046,2025-08-04,SALE,-20,Order,ORD-001119
MOV-0003507,PRD-0034,2026-01-10,SALE,-1,Order,ORD-001120
MOV-0003508,PRD-0009,2026-01-10,SALE,-7,Order,ORD-001120
MOV-0003509,PRD-0045,2026-01-10,SALE,-7,Order,ORD-001120
MOV-0003510,PRD-0066,2026-01-10,SALE,-11,Order,ORD-001120
MOV-0003511,PRD-0021,2025-12-18,SALE,-5,Order,ORD-001121
MOV-0003512,PRD-0022,2025-12-18,SALE,-4,Order,ORD-001121
MOV-0003513,PRD-0066,2025-12-18,SALE,-20,Order,ORD-001121
MOV-0003514,PRD-0007,2025-12-18,SALE,-1,Order,ORD-001121
MOV-0003515,PRD-0003,2025-04-08,SALE,-4,Order,ORD-001122
MOV-0003516,PRD-0007,2025-04-08,SALE,-9,Order,ORD-001122
MOV-0003517,PRD-0005,2025-04-08,SALE,-28,Order,ORD-001122
MOV-0003518,PRD-0052,2025-04-08,SALE,-6,Order,ORD-001122
MOV-0003519,PRD-0033,2025-04-08,SALE,-6,Order,ORD-001122
MOV-0003520,PRD-0066,2025-04-08,SALE,-15,Order,ORD-001122
MOV-0003521,PRD-0003,2026-02-07,SALE,-6,Order,ORD-001124
MOV-0003522,PRD-0011,2026-02-07,SALE,-6,Order,ORD-001124
MOV-0003523,PRD-0065,2026-02-07,SALE,-22,Order,ORD-001124
MOV-0003524,PRD-0069,2026-01-12,SALE,-2,Order,ORD-001125
MOV-0003525,PRD-0052,2026-01-12,SALE,-3,Order,ORD-001125
MOV-0003526,PRD-0030,2026-01-12,SALE,-8,Order,ORD-001125
MOV-0003527,PRD-0024,2026-08-18,SALE,-23,Order,ORD-001126
MOV-0003528,PRD-0023,2026-08-18,SALE,-2,Order,ORD-001126
MOV-0003529,PRD-0011,2026-08-18,SALE,-9,Order,ORD-001126
MOV-0003530,PRD-0050,2026-08-18,SALE,-13,Order,ORD-001126
MOV-0003531,PRD-0063,2026-08-18,SALE,-14,Order,ORD-001126
MOV-0003532,PRD-0007,2025-05-05,SALE,-5,Order,ORD-001128
MOV-0003533,PRD-0040,2025-05-05,SALE,-2,Order,ORD-001128
MOV-0003534,PRD-0023,2025-05-05,SALE,-5,Order,ORD-001128
MOV-0003535,PRD-0021,2025-05-05,SALE,-6,Order,ORD-001128
MOV-0003536,PRD-0056,2025-05-05,SALE,-5,Order,ORD-001128
MOV-0003537,PRD-0034,2025-09-19,SALE,-8,Order,ORD-001129
MOV-0003538,PRD-0056,2025-09-19,SALE,-2,Order,ORD-001129
MOV-0003539,PRD-0059,2025-09-19,SALE,-15,Order,ORD-001129
MOV-0003540,PRD-0027,2025-09-19,SALE,-48,Order,ORD-001129
MOV-0003541,PRD-0017,2025-09-19,SALE,-10,Order,ORD-001129
MOV-0003542,PRD-0035,2026-06-09,SALE,-5,Order,ORD-001130
MOV-0003543,PRD-0037,2026-06-09,SALE,-18,Order,ORD-001130
MOV-0003544,PRD-0056,2025-12-06,SALE,-9,Order,ORD-001131
MOV-0003545,PRD-0044,2025-12-06,SALE,-19,Order,ORD-001131
MOV-0003546,PRD-0005,2025-12-06,SALE,-19,Order,ORD-001131
MOV-0003547,PRD-0024,2025-12-06,SALE,-25,Order,ORD-001131
MOV-0003548,PRD-0034,2026-07-17,SALE,-4,Order,ORD-001132
MOV-0003549,PRD-0058,2026-07-17,SALE,-4,Order,ORD-001132
MOV-0003550,PRD-0023,2026-07-17,SALE,-7,Order,ORD-001132
MOV-0003551,PRD-0003,2025-05-26,SALE,-3,Order,ORD-001134
MOV-0003552,PRD-0038,2025-05-26,SALE,-1,Order,ORD-001134
MOV-0003553,PRD-0007,2025-05-26,SALE,-5,Order,ORD-001134
MOV-0003554,PRD-0066,2025-05-22,SALE,-15,Order,ORD-001135
MOV-0003555,PRD-0045,2025-05-22,SALE,-12,Order,ORD-001135
MOV-0003556,PRD-0005,2026-08-04,SALE,-37,Order,ORD-001137
MOV-0003557,PRD-0063,2026-08-04,SALE,-19,Order,ORD-001137
MOV-0003558,PRD-0034,2026-08-04,SALE,-13,Order,ORD-001137
MOV-0003559,PRD-0045,2026-08-04,SALE,-32,Order,ORD-001137
MOV-0003560,PRD-0007,2026-08-04,SALE,-3,Order,ORD-001137
MOV-0003561,PRD-0035,2026-08-04,SALE,-8,Order,ORD-001137
MOV-0003562,PRD-0023,2026-08-04,SALE,-13,Order,ORD-001137
MOV-0003563,PRD-0034,2025-11-18,SALE,-12,Order,ORD-001140
MOV-0003564,PRD-0058,2026-01-04,SALE,-4,Order,ORD-001141
MOV-0003565,PRD-0049,2026-01-04,SALE,-12,Order,ORD-001141
MOV-0003566,PRD-0013,2025-10-10,SALE,-32,Order,ORD-001142
MOV-0003567,PRD-0011,2025-10-10,SALE,-3,Order,ORD-001142
MOV-0003568,PRD-0049,2025-10-10,SALE,-32,Order,ORD-001142
MOV-0003569,PRD-0058,2025-10-10,SALE,-5,Order,ORD-001142
MOV-0003570,PRD-0009,2025-10-10,SALE,-5,Order,ORD-001142
MOV-0003571,PRD-0005,2026-08-27,SALE,-5,Order,ORD-001143
MOV-0003572,PRD-0034,2026-08-27,SALE,-4,Order,ORD-001143
MOV-0003573,PRD-0030,2026-07-10,SALE,-11,Order,ORD-001144
MOV-0003574,PRD-0045,2026-07-10,SALE,-14,Order,ORD-001144
MOV-0003575,PRD-0048,2026-07-10,SALE,-4,Order,ORD-001144
MOV-0003576,PRD-0052,2026-07-10,SALE,-6,Order,ORD-001144
MOV-0003577,PRD-0052,2025-12-07,SALE,-6,Order,ORD-001145
MOV-0003578,PRD-0025,2025-12-07,SALE,-3,Order,ORD-001145
MOV-0003579,PRD-0043,2025-12-07,SALE,-18,Order,ORD-001145
MOV-0003580,PRD-0034,2025-12-07,SALE,-18,Order,ORD-001145
MOV-0003581,PRD-0058,2025-12-07,SALE,-12,Order,ORD-001145
MOV-0003582,PRD-0063,2025-12-07,SALE,-60,Order,ORD-001145
MOV-0003583,PRD-0048,2025-12-07,SALE,-15,Order,ORD-001145
MOV-0003584,PRD-0009,2026-01-23,SALE,-12,Order,ORD-001146
MOV-0003585,PRD-0045,2026-01-23,SALE,-28,Order,ORD-001146
MOV-0003586,PRD-0049,2026-01-23,SALE,-32,Order,ORD-001146
MOV-0003587,PRD-0046,2026-04-09,SALE,-18,Order,ORD-001147
MOV-0003588,PRD-0034,2026-04-09,SALE,-4,Order,ORD-001147
MOV-0003589,PRD-0048,2026-04-09,SALE,-18,Order,ORD-001147
MOV-0003590,PRD-0066,2026-04-09,SALE,-36,Order,ORD-001147
MOV-0003591,PRD-0024,2026-04-09,SALE,-36,Order,ORD-001147
MOV-0003592,PRD-0022,2025-12-24,SALE,-9,Order,ORD-001149
MOV-0003593,PRD-0032,2025-12-24,SALE,-8,Order,ORD-001149
MOV-0003594,PRD-0045,2025-12-24,SALE,-17,Order,ORD-001149
MOV-0003595,PRD-0070,2025-12-24,SALE,-12,Order,ORD-001149
MOV-0003596,PRD-0034,2025-12-24,SALE,-2,Order,ORD-001149
MOV-0003597,PRD-0066,2026-08-20,SALE,-14,Order,ORD-001150
MOV-0003598,PRD-0014,2026-08-20,SALE,-5,Order,ORD-001150
MOV-0003599,PRD-0063,2026-08-20,SALE,-13,Order,ORD-001150
MOV-0003600,PRD-0033,2026-08-20,SALE,-5,Order,ORD-001150
MOV-0003601,PRD-0005,2026-08-20,SALE,-5,Order,ORD-001150
MOV-0003602,PRD-0066,2025-12-04,SALE,-8,Order,ORD-001151
MOV-0003603,PRD-0005,2025-12-04,SALE,-13,Order,ORD-001151
MOV-0003604,PRD-0052,2025-12-04,SALE,-4,Order,ORD-001151
MOV-0003605,PRD-0026,2025-12-04,SALE,-13,Order,ORD-001151
MOV-0003606,PRD-0044,2025-03-18,SALE,-14,Order,ORD-001152
MOV-0003607,PRD-0032,2025-03-18,SALE,-1,Order,ORD-001152
MOV-0003608,PRD-0017,2025-03-18,SALE,-1,Order,ORD-001152
MOV-0003609,PRD-0034,2025-10-13,SALE,-11,Order,ORD-001154
MOV-0003610,PRD-0048,2025-10-13,SALE,-7,Order,ORD-001154
MOV-0003611,PRD-0069,2026-01-05,SALE,-3,Order,ORD-001155
MOV-0003612,PRD-0037,2026-05-05,SALE,-30,Order,ORD-001156
MOV-0003613,PRD-0011,2026-05-05,SALE,-7,Order,ORD-001156
MOV-0003614,PRD-0051,2026-05-05,SALE,-58,Order,ORD-001156
MOV-0003615,PRD-0040,2026-05-05,SALE,-12,Order,ORD-001156
MOV-0003616,PRD-0070,2026-05-05,SALE,-9,Order,ORD-001156
MOV-0003617,PRD-0034,2025-08-12,SALE,-2,Order,ORD-001157
MOV-0003618,PRD-0025,2025-08-12,SALE,-9,Order,ORD-001157
MOV-0003619,PRD-0007,2025-08-12,SALE,-4,Order,ORD-001157
MOV-0003620,PRD-0027,2026-08-09,SALE,-44,Order,ORD-001158
MOV-0003621,PRD-0052,2026-08-09,SALE,-7,Order,ORD-001158
MOV-0003622,PRD-0028,2026-08-09,SALE,-51,Order,ORD-001158
MOV-0003623,PRD-0037,2026-08-09,SALE,-39,Order,ORD-001158
MOV-0003624,PRD-0037,2026-02-10,SALE,-38,Order,ORD-001159
MOV-0003625,PRD-0008,2025-09-14,SALE,-8,Order,ORD-001160
MOV-0003626,PRD-0045,2025-09-14,SALE,-23,Order,ORD-001160
MOV-0003627,PRD-0034,2025-09-14,SALE,-2,Order,ORD-001160
MOV-0003628,PRD-0026,2025-09-14,SALE,-35,Order,ORD-001160
MOV-0003629,PRD-0016,2025-06-16,SALE,-2,Order,ORD-001162
MOV-0003630,PRD-0001,2025-06-16,SALE,-8,Order,ORD-001162
MOV-0003631,PRD-0009,2025-06-16,SALE,-10,Order,ORD-001162
MOV-0003632,PRD-0034,2025-06-16,SALE,-6,Order,ORD-001162
MOV-0003633,PRD-0005,2025-07-20,SALE,-22,Order,ORD-001163
MOV-0003634,PRD-0007,2025-07-20,SALE,-9,Order,ORD-001163
MOV-0003635,PRD-0034,2025-07-20,SALE,-5,Order,ORD-001163
MOV-0003636,PRD-0060,2025-07-20,SALE,-5,Order,ORD-001163
MOV-0003637,PRD-0066,2026-02-09,SALE,-43,Order,ORD-001164
MOV-0003638,PRD-0053,2026-02-09,SALE,-13,Order,ORD-001164
MOV-0003639,PRD-0044,2026-08-11,SALE,-30,Order,ORD-001166
MOV-0003640,PRD-0022,2026-02-18,SALE,-6,Order,ORD-001167
MOV-0003641,PRD-0007,2026-02-18,SALE,-15,Order,ORD-001167
MOV-0003642,PRD-0050,2026-02-18,SALE,-24,Order,ORD-001167
MOV-0003643,PRD-0038,2026-02-18,SALE,-9,Order,ORD-001167
MOV-0003644,PRD-0066,2026-02-18,SALE,-27,Order,ORD-001167
MOV-0003645,PRD-0034,2026-02-18,SALE,-3,Order,ORD-001167
MOV-0003646,PRD-0011,2026-02-18,SALE,-12,Order,ORD-001167
MOV-0003647,PRD-0023,2026-07-17,SALE,-2,Order,ORD-001168
MOV-0003648,PRD-0011,2026-07-17,SALE,-6,Order,ORD-001168
MOV-0003649,PRD-0066,2026-07-17,SALE,-17,Order,ORD-001168
MOV-0003650,PRD-0046,2026-07-17,SALE,-11,Order,ORD-001168
MOV-0003651,PRD-0055,2025-10-28,SALE,-8,Order,ORD-001170
MOV-0003652,PRD-0032,2025-10-28,SALE,-13,Order,ORD-001170
MOV-0003653,PRD-0027,2025-10-28,SALE,-42,Order,ORD-001170
MOV-0003654,PRD-0005,2025-10-28,SALE,-19,Order,ORD-001170
MOV-0003655,PRD-0017,2025-10-28,SALE,-6,Order,ORD-001170
MOV-0003656,PRD-0065,2025-10-28,SALE,-13,Order,ORD-001170
MOV-0003657,PRD-0050,2025-10-28,SALE,-25,Order,ORD-001170
MOV-0003658,PRD-0052,2025-10-29,SALE,-3,Order,ORD-001171
MOV-0003659,PRD-0046,2025-10-29,SALE,-3,Order,ORD-001171
MOV-0003660,PRD-0045,2025-04-26,SALE,-28,Order,ORD-001172
MOV-0003661,PRD-0034,2025-04-26,SALE,-4,Order,ORD-001172
MOV-0003662,PRD-0066,2025-04-26,SALE,-14,Order,ORD-001172
MOV-0003663,PRD-0030,2025-04-26,SALE,-32,Order,ORD-001172
MOV-0003664,PRD-0068,2025-04-26,SALE,-14,Order,ORD-001172
MOV-0003665,PRD-0030,2025-08-20,SALE,-14,Order,ORD-001173
MOV-0003666,PRD-0049,2025-08-20,SALE,-27,Order,ORD-001173
MOV-0003667,PRD-0005,2025-08-20,SALE,-11,Order,ORD-001173
MOV-0003668,PRD-0058,2025-08-20,SALE,-5,Order,ORD-001173
MOV-0003669,PRD-0013,2025-08-20,SALE,-20,Order,ORD-001173
MOV-0003670,PRD-0037,2026-02-07,SALE,-29,Order,ORD-001174
MOV-0003671,PRD-0030,2026-02-07,SALE,-22,Order,ORD-001174
MOV-0003672,PRD-0007,2026-02-07,SALE,-2,Order,ORD-001174
MOV-0003673,PRD-0013,2026-02-07,SALE,-54,Order,ORD-001174
MOV-0003674,PRD-0004,2025-12-25,SALE,-24,Order,ORD-001175
MOV-0003675,PRD-0052,2025-12-25,SALE,-9,Order,ORD-001175
MOV-0003676,PRD-0031,2025-12-25,SALE,-41,Order,ORD-001175
MOV-0003677,PRD-0069,2025-12-25,SALE,-9,Order,ORD-001175
MOV-0003678,PRD-0050,2025-12-25,SALE,-21,Order,ORD-001175
MOV-0003679,PRD-0009,2025-12-25,SALE,-12,Order,ORD-001175
MOV-0003680,PRD-0034,2025-12-25,SALE,-3,Order,ORD-001175
MOV-0003681,PRD-0023,2026-07-14,SALE,-5,Order,ORD-001177
MOV-0003682,PRD-0014,2026-07-14,SALE,-5,Order,ORD-001177
MOV-0003683,PRD-0069,2026-07-14,SALE,-9,Order,ORD-001178
MOV-0003684,PRD-0007,2026-09-01,SALE,-7,Order,ORD-001179
MOV-0003685,PRD-0042,2026-09-01,SALE,-41,Order,ORD-001179
MOV-0003686,PRD-0036,2026-09-01,SALE,-7,Order,ORD-001179
MOV-0003687,PRD-0049,2026-09-01,SALE,-19,Order,ORD-001179
MOV-0003688,PRD-0053,2026-09-01,SALE,-7,Order,ORD-001179
MOV-0003689,PRD-0025,2026-09-01,SALE,-4,Order,ORD-001179
MOV-0003690,PRD-0003,2026-09-01,SALE,-11,Order,ORD-001179
MOV-0003691,PRD-0019,2025-03-22,SALE,-7,Order,ORD-001180
MOV-0003692,PRD-0029,2025-03-22,SALE,-2,Order,ORD-001180
MOV-0003693,PRD-0043,2025-03-22,SALE,-2,Order,ORD-001180
MOV-0003694,PRD-0045,2025-09-02,SALE,-19,Order,ORD-001181
MOV-0003695,PRD-0063,2026-02-27,SALE,-55,Order,ORD-001183
MOV-0003696,PRD-0049,2026-02-27,SALE,-22,Order,ORD-001183
MOV-0003697,PRD-0053,2026-02-27,SALE,-15,Order,ORD-001183
MOV-0003698,PRD-0034,2026-02-27,SALE,-18,Order,ORD-001183
MOV-0003699,PRD-0025,2026-07-08,SALE,-7,Order,ORD-001184
MOV-0003700,PRD-0052,2026-07-08,SALE,-2,Order,ORD-001184
MOV-0003701,PRD-0069,2026-07-08,SALE,-2,Order,ORD-001184
MOV-0003702,PRD-0001,2026-07-08,SALE,-8,Order,ORD-001184
MOV-0003703,PRD-0066,2026-07-08,SALE,-22,Order,ORD-001184
MOV-0003704,PRD-0053,2025-12-24,SALE,-9,Order,ORD-001185
MOV-0003705,PRD-0066,2025-12-24,SALE,-9,Order,ORD-001185
MOV-0003706,PRD-0027,2025-12-24,SALE,-15,Order,ORD-001185
MOV-0003707,PRD-0011,2025-12-24,SALE,-9,Order,ORD-001185
MOV-0003708,PRD-0013,2025-12-24,SALE,-36,Order,ORD-001185
MOV-0003709,PRD-0052,2025-05-31,SALE,-4,Order,ORD-001186
MOV-0003710,PRD-0037,2025-05-31,SALE,-17,Order,ORD-001186
MOV-0003711,PRD-0030,2025-05-31,SALE,-29,Order,ORD-001186
MOV-0003712,PRD-0011,2025-08-17,SALE,-9,Order,ORD-001187
MOV-0003713,PRD-0023,2025-08-17,SALE,-9,Order,ORD-001187
MOV-0003714,PRD-0048,2025-08-17,SALE,-11,Order,ORD-001187
MOV-0003715,PRD-0069,2025-08-17,SALE,-4,Order,ORD-001187
MOV-0003716,PRD-0057,2025-08-17,SALE,-5,Order,ORD-001188
MOV-0003717,PRD-0040,2025-08-17,SALE,-15,Order,ORD-001188
MOV-0003718,PRD-0066,2025-08-17,SALE,-37,Order,ORD-001188
MOV-0003719,PRD-0036,2025-08-17,SALE,-12,Order,ORD-001188
MOV-0003720,PRD-0065,2025-08-17,SALE,-15,Order,ORD-001188
MOV-0003721,PRD-0069,2025-08-17,SALE,-12,Order,ORD-001188
MOV-0003722,PRD-0004,2025-04-08,SALE,-56,Order,ORD-001189
MOV-0003723,PRD-0053,2025-04-08,SALE,-16,Order,ORD-001189
MOV-0003724,PRD-0008,2025-04-08,SALE,-20,Order,ORD-001189
MOV-0003725,PRD-0066,2025-04-08,SALE,-40,Order,ORD-001189
MOV-0003726,PRD-0007,2025-04-08,SALE,-8,Order,ORD-001189
MOV-0003727,PRD-0011,2025-04-08,SALE,-4,Order,ORD-001189
MOV-0003728,PRD-0052,2025-04-08,SALE,-24,Order,ORD-001189
MOV-0003729,PRD-0058,2025-07-11,SALE,-3,Order,ORD-001190
MOV-0003730,PRD-0049,2025-07-11,SALE,-43,Order,ORD-001190
MOV-0003731,PRD-0069,2025-06-24,SALE,-5,Order,ORD-001191
MOV-0003732,PRD-0056,2025-06-24,SALE,-7,Order,ORD-001191
MOV-0003733,PRD-0032,2025-06-24,SALE,-12,Order,ORD-001191
MOV-0003734,PRD-0024,2025-05-23,SALE,-9,Order,ORD-001192
MOV-0003735,PRD-0034,2025-05-23,SALE,-2,Order,ORD-001192
MOV-0003736,PRD-0040,2025-05-23,SALE,-2,Order,ORD-001192
MOV-0003737,PRD-0011,2026-03-23,SALE,-13,Order,ORD-001193
MOV-0003738,PRD-0049,2026-03-23,SALE,-20,Order,ORD-001193
MOV-0003739,PRD-0034,2026-03-23,SALE,-4,Order,ORD-001193
MOV-0003740,PRD-0031,2026-07-27,SALE,-18,Order,ORD-001194
MOV-0003741,PRD-0033,2026-07-27,SALE,-8,Order,ORD-001194
MOV-0003742,PRD-0052,2026-07-27,SALE,-4,Order,ORD-001194
MOV-0003743,PRD-0021,2026-07-27,SALE,-2,Order,ORD-001194
MOV-0003744,PRD-0008,2025-06-18,SALE,-6,Order,ORD-001197
MOV-0003745,PRD-0021,2025-06-18,SALE,-6,Order,ORD-001197
MOV-0003746,PRD-0053,2025-12-06,SALE,-9,Order,ORD-001198
MOV-0003747,PRD-0051,2025-12-06,SALE,-19,Order,ORD-001198
MOV-0003748,PRD-0065,2025-12-06,SALE,-9,Order,ORD-001198
MOV-0003749,PRD-0069,2025-12-06,SALE,-14,Order,ORD-001198
MOV-0003750,PRD-0030,2025-12-06,SALE,-35,Order,ORD-001198
MOV-0003751,PRD-0066,2025-12-06,SALE,-7,Order,ORD-001198
MOV-0003752,PRD-0023,2025-12-06,SALE,-5,Order,ORD-001198
MOV-0003753,PRD-0053,2026-04-18,SALE,-2,Order,ORD-001199
MOV-0003754,PRD-0018,2025-12-22,SALE,-9,Order,ORD-001200
MOV-0003755,PRD-0024,2025-12-22,SALE,-28,Order,ORD-001200
MOV-0003756,PRD-0005,2025-12-22,SALE,-8,Order,ORD-001200
MOV-0003757,PRD-0069,2025-12-22,SALE,-8,Order,ORD-001200
MOV-0003758,PRD-0033,2026-03-16,SALE,-6,Order,ORD-001201
MOV-0003759,PRD-0026,2026-03-16,SALE,-58,Order,ORD-001201
MOV-0003760,PRD-0069,2026-03-16,SALE,-3,Order,ORD-001201
MOV-0003761,PRD-0041,2026-03-16,SALE,-3,Order,ORD-001201
MOV-0003762,PRD-0005,2026-03-16,SALE,-32,Order,ORD-001201
MOV-0003763,PRD-0010,2025-05-05,SALE,-9,Order,ORD-001202
MOV-0003764,PRD-0007,2025-05-05,SALE,-11,Order,ORD-001202
MOV-0003765,PRD-0056,2025-05-05,SALE,-13,Order,ORD-001202
MOV-0003766,PRD-0026,2025-05-05,SALE,-30,Order,ORD-001202
MOV-0003767,PRD-0046,2026-06-21,SALE,-6,Order,ORD-001203
MOV-0003768,PRD-0066,2025-05-03,SALE,-18,Order,ORD-001204
MOV-0003769,PRD-0021,2025-05-03,SALE,-9,Order,ORD-001204
MOV-0003770,PRD-0007,2025-05-03,SALE,-7,Order,ORD-001204
MOV-0003771,PRD-0005,2026-06-14,SALE,-12,Order,ORD-001205
MOV-0003772,PRD-0029,2026-06-14,SALE,-2,Order,ORD-001205
MOV-0003773,PRD-0053,2026-06-14,SALE,-15,Order,ORD-001205
MOV-0003774,PRD-0011,2026-06-14,SALE,-2,Order,ORD-001205
MOV-0003775,PRD-0066,2026-06-14,SALE,-12,Order,ORD-001205
MOV-0003776,PRD-0052,2026-09-06,SALE,-2,Order,ORD-001206
MOV-0003777,PRD-0070,2026-09-06,SALE,-17,Order,ORD-001206
MOV-0003778,PRD-0045,2026-09-06,SALE,-13,Order,ORD-001206
MOV-0003779,PRD-0034,2026-09-06,SALE,-11,Order,ORD-001206
MOV-0003780,PRD-0066,2026-09-06,SALE,-13,Order,ORD-001206
MOV-0003781,PRD-0021,2025-09-23,SALE,-11,Order,ORD-001207
MOV-0003782,PRD-0066,2025-09-23,SALE,-14,Order,ORD-001207
MOV-0003783,PRD-0052,2025-09-23,SALE,-11,Order,ORD-001207
MOV-0003784,PRD-0024,2025-09-23,SALE,-25,Order,ORD-001207
MOV-0003785,PRD-0007,2025-09-23,SALE,-7,Order,ORD-001207
MOV-0003786,PRD-0040,2025-10-17,SALE,-3,Order,ORD-001208
MOV-0003787,PRD-0007,2025-10-17,SALE,-3,Order,ORD-001208
MOV-0003788,PRD-0036,2026-04-21,SALE,-3,Order,ORD-001209
MOV-0003789,PRD-0066,2026-04-21,SALE,-28,Order,ORD-001209
MOV-0003790,PRD-0048,2026-04-21,SALE,-6,Order,ORD-001209
MOV-0003791,PRD-0022,2026-06-18,SALE,-13,Order,ORD-001210
MOV-0003792,PRD-0045,2026-06-18,SALE,-39,Order,ORD-001210
MOV-0003793,PRD-0067,2026-06-18,SALE,-29,Order,ORD-001210
MOV-0003794,PRD-0034,2026-02-11,SALE,-11,Order,ORD-001211
MOV-0003795,PRD-0036,2026-02-11,SALE,-4,Order,ORD-001211
MOV-0003796,PRD-0008,2026-02-11,SALE,-9,Order,ORD-001211
MOV-0003797,PRD-0014,2026-02-11,SALE,-9,Order,ORD-001211
MOV-0003798,PRD-0030,2026-02-11,SALE,-20,Order,ORD-001211
MOV-0003799,PRD-0070,2026-03-21,SALE,-13,Order,ORD-001212
MOV-0003800,PRD-0045,2026-03-21,SALE,-12,Order,ORD-001212
MOV-0003801,PRD-0031,2026-03-21,SALE,-6,Order,ORD-001212
MOV-0003802,PRD-0034,2026-03-21,SALE,-4,Order,ORD-001212
MOV-0003803,PRD-0034,2025-10-08,SALE,-11,Order,ORD-001213
MOV-0003804,PRD-0004,2025-10-08,SALE,-22,Order,ORD-001213
MOV-0003805,PRD-0056,2025-10-08,SALE,-11,Order,ORD-001213
MOV-0003806,PRD-0021,2025-10-08,SALE,-5,Order,ORD-001213
MOV-0003807,PRD-0037,2025-10-08,SALE,-54,Order,ORD-001213
MOV-0003808,PRD-0066,2025-03-28,SALE,-17,Order,ORD-001214
MOV-0003809,PRD-0050,2025-03-28,SALE,-8,Order,ORD-001214
MOV-0003810,PRD-0038,2025-03-28,SALE,-1,Order,ORD-001214
MOV-0003811,PRD-0037,2025-07-15,SALE,-20,Order,ORD-001215
MOV-0003812,PRD-0066,2025-07-15,SALE,-11,Order,ORD-001215
MOV-0003813,PRD-0063,2025-07-15,SALE,-33,Order,ORD-001215
MOV-0003814,PRD-0034,2025-07-15,SALE,-8,Order,ORD-001215
MOV-0003815,PRD-0066,2026-08-17,SALE,-4,Order,ORD-001217
MOV-0003816,PRD-0034,2026-08-17,SALE,-3,Order,ORD-001217
MOV-0003817,PRD-0005,2025-07-16,SALE,-13,Order,ORD-001218
MOV-0003818,PRD-0036,2025-07-16,SALE,-8,Order,ORD-001218
MOV-0003819,PRD-0027,2025-07-16,SALE,-45,Order,ORD-001218
MOV-0003820,PRD-0007,2025-07-16,SALE,-11,Order,ORD-001218
MOV-0003821,PRD-0030,2026-03-11,SALE,-14,Order,ORD-001219
MOV-0003822,PRD-0045,2026-03-11,SALE,-24,Order,ORD-001219
MOV-0003823,PRD-0005,2026-03-11,SALE,-24,Order,ORD-001219
MOV-0003824,PRD-0034,2026-03-11,SALE,-12,Order,ORD-001219
MOV-0003825,PRD-0007,2026-03-11,SALE,-14,Order,ORD-001219
MOV-0003826,PRD-0008,2026-03-11,SALE,-14,Order,ORD-001219
MOV-0003827,PRD-0065,2026-03-11,SALE,-9,Order,ORD-001219
MOV-0003828,PRD-0045,2025-05-28,SALE,-21,Order,ORD-001220
MOV-0003829,PRD-0031,2025-05-28,SALE,-46,Order,ORD-001220
MOV-0003830,PRD-0011,2025-05-28,SALE,-8,Order,ORD-001220
MOV-0003831,PRD-0028,2025-05-28,SALE,-71,Order,ORD-001220
MOV-0003832,PRD-0006,2025-05-28,SALE,-4,Order,ORD-001220
MOV-0003833,PRD-0021,2025-05-28,SALE,-17,Order,ORD-001220
MOV-0003834,PRD-0034,2025-08-10,SALE,-5,Order,ORD-001221
MOV-0003835,PRD-0037,2025-08-10,SALE,-31,Order,ORD-001221
MOV-0003836,PRD-0045,2026-07-09,SALE,-27,Order,ORD-001222
MOV-0003837,PRD-0034,2026-07-09,SALE,-20,Order,ORD-001222
MOV-0003838,PRD-0049,2025-05-24,SALE,-18,Order,ORD-001223
MOV-0003839,PRD-0031,2025-05-24,SALE,-18,Order,ORD-001223
MOV-0003840,PRD-0067,2025-05-24,SALE,-18,Order,ORD-001223
MOV-0003841,PRD-0011,2025-05-24,SALE,-3,Order,ORD-001223
MOV-0003842,PRD-0052,2025-05-24,SALE,-6,Order,ORD-001223
MOV-0003843,PRD-0027,2025-05-24,SALE,-21,Order,ORD-001223
MOV-0003844,PRD-0049,2026-04-28,SALE,-42,Order,ORD-001224
MOV-0003845,PRD-0060,2026-04-28,SALE,-6,Order,ORD-001224
MOV-0003846,PRD-0038,2026-04-28,SALE,-18,Order,ORD-001224
MOV-0003847,PRD-0021,2025-04-16,SALE,-5,Order,ORD-001227
MOV-0003848,PRD-0037,2025-04-16,SALE,-12,Order,ORD-001227
MOV-0003849,PRD-0048,2025-04-16,SALE,-2,Order,ORD-001227
MOV-0003850,PRD-0032,2025-04-16,SALE,-12,Order,ORD-001227
MOV-0003851,PRD-0005,2025-04-16,SALE,-14,Order,ORD-001227
MOV-0003852,PRD-0001,2025-04-16,SALE,-14,Order,ORD-001227
MOV-0003853,PRD-0044,2025-04-16,SALE,-35,Order,ORD-001227
MOV-0003854,PRD-0032,2025-08-28,SALE,-7,Order,ORD-001228
MOV-0003855,PRD-0036,2025-08-28,SALE,-7,Order,ORD-001228
MOV-0003856,PRD-0040,2026-02-05,SALE,-18,Order,ORD-001229
MOV-0003857,PRD-0025,2026-02-05,SALE,-3,Order,ORD-001229
MOV-0003858,PRD-0026,2025-03-27,SALE,-19,Order,ORD-001230
MOV-0003859,PRD-0005,2025-03-27,SALE,-9,Order,ORD-001230
MOV-0003860,PRD-0027,2025-03-27,SALE,-35,Order,ORD-001230
MOV-0003861,PRD-0053,2025-03-27,SALE,-9,Order,ORD-001230
MOV-0003862,PRD-0034,2025-03-27,SALE,-13,Order,ORD-001230
MOV-0003863,PRD-0038,2025-03-27,SALE,-19,Order,ORD-001230
MOV-0003864,PRD-0011,2025-03-27,SALE,-9,Order,ORD-001230
MOV-0003865,PRD-0030,2025-08-22,SALE,-34,Order,ORD-001231
MOV-0003866,PRD-0007,2025-08-22,SALE,-15,Order,ORD-001231
MOV-0003867,PRD-0052,2025-08-22,SALE,-7,Order,ORD-001231
MOV-0003868,PRD-0053,2025-08-22,SALE,-5,Order,ORD-001231
MOV-0003869,PRD-0066,2025-08-22,SALE,-37,Order,ORD-001231
MOV-0003870,PRD-0067,2025-08-22,SALE,-32,Order,ORD-001231
MOV-0003871,PRD-0069,2025-08-22,SALE,-2,Order,ORD-001231
MOV-0003872,PRD-0033,2026-06-17,SALE,-5,Order,ORD-001232
MOV-0003873,PRD-0034,2025-10-13,SALE,-9,Order,ORD-001233
MOV-0003874,PRD-0050,2025-10-13,SALE,-21,Order,ORD-001233
MOV-0003875,PRD-0038,2025-10-13,SALE,-2,Order,ORD-001233
MOV-0003876,PRD-0009,2026-01-16,SALE,-3,Order,ORD-001234
MOV-0003877,PRD-0064,2026-01-16,SALE,-5,Order,ORD-001234
MOV-0003878,PRD-0005,2026-01-16,SALE,-3,Order,ORD-001234
MOV-0003879,PRD-0032,2026-01-16,SALE,-3,Order,ORD-001234
MOV-0003880,PRD-0058,2026-05-04,SALE,-21,Order,ORD-001235
MOV-0003881,PRD-0006,2026-05-04,SALE,-12,Order,ORD-001235
MOV-0003882,PRD-0054,2026-03-22,SALE,-25,Order,ORD-001236
MOV-0003883,PRD-0050,2026-03-22,SALE,-22,Order,ORD-001236
MOV-0003884,PRD-0069,2026-03-22,SALE,-2,Order,ORD-001236
MOV-0003885,PRD-0022,2026-07-01,SALE,-18,Order,ORD-001237
MOV-0003886,PRD-0027,2026-07-01,SALE,-72,Order,ORD-001237
MOV-0003887,PRD-0048,2026-07-01,SALE,-21,Order,ORD-001237
MOV-0003888,PRD-0019,2026-07-01,SALE,-50,Order,ORD-001237
MOV-0003889,PRD-0007,2026-07-01,SALE,-7,Order,ORD-001237
MOV-0003890,PRD-0043,2026-01-22,SALE,-12,Order,ORD-001238
MOV-0003891,PRD-0050,2026-01-22,SALE,-36,Order,ORD-001238
MOV-0003892,PRD-0027,2026-01-22,SALE,-24,Order,ORD-001238
MOV-0003893,PRD-0034,2026-01-22,SALE,-24,Order,ORD-001238
MOV-0003894,PRD-0007,2026-01-22,SALE,-24,Order,ORD-001238
MOV-0003895,PRD-0069,2026-01-22,SALE,-8,Order,ORD-001238
MOV-0003896,PRD-0052,2026-01-22,SALE,-16,Order,ORD-001238
MOV-0003897,PRD-0046,2026-02-13,SALE,-7,Order,ORD-001239
MOV-0003898,PRD-0030,2026-02-13,SALE,-31,Order,ORD-001239
MOV-0003899,PRD-0069,2026-02-13,SALE,-11,Order,ORD-001239
MOV-0003900,PRD-0036,2025-07-06,SALE,-4,Order,ORD-001241
MOV-0003901,PRD-0049,2025-07-06,SALE,-11,Order,ORD-001241
MOV-0003902,PRD-0019,2025-07-06,SALE,-11,Order,ORD-001241
MOV-0003903,PRD-0011,2025-07-06,SALE,-4,Order,ORD-001241
MOV-0003904,PRD-0002,2025-07-06,SALE,-7,Order,ORD-001241
MOV-0003905,PRD-0052,2025-07-06,SALE,-9,Order,ORD-001241
MOV-0003906,PRD-0026,2026-03-28,SALE,-34,Order,ORD-001242
MOV-0003907,PRD-0007,2026-03-28,SALE,-7,Order,ORD-001242
MOV-0003908,PRD-0045,2026-03-28,SALE,-21,Order,ORD-001242
MOV-0003909,PRD-0066,2026-03-28,SALE,-12,Order,ORD-001242
MOV-0003910,PRD-0031,2026-03-28,SALE,-7,Order,ORD-001242
MOV-0003911,PRD-0034,2025-04-04,SALE,-13,Order,ORD-001243
MOV-0003912,PRD-0066,2025-04-04,SALE,-31,Order,ORD-001243
MOV-0003913,PRD-0070,2025-04-04,SALE,-23,Order,ORD-001243
MOV-0003914,PRD-0052,2025-05-30,SALE,-4,Order,ORD-001246
MOV-0003915,PRD-0023,2025-11-27,SALE,-13,Order,ORD-001247
MOV-0003916,PRD-0049,2026-03-19,SALE,-48,Order,ORD-001248
MOV-0003917,PRD-0040,2026-03-19,SALE,-17,Order,ORD-001248
MOV-0003918,PRD-0037,2026-03-19,SALE,-44,Order,ORD-001248
MOV-0003919,PRD-0045,2026-03-19,SALE,-51,Order,ORD-001248
MOV-0003920,PRD-0013,2026-03-19,SALE,-51,Order,ORD-001248
MOV-0003921,PRD-0056,2025-11-18,SALE,-5,Order,ORD-001249
MOV-0003922,PRD-0006,2025-11-18,SALE,-14,Order,ORD-001249
MOV-0003923,PRD-0045,2025-11-18,SALE,-19,Order,ORD-001249
MOV-0003924,PRD-0013,2025-11-18,SALE,-24,Order,ORD-001249
MOV-0003925,PRD-0040,2026-01-04,SALE,-13,Order,ORD-001250
MOV-0003926,PRD-0047,2026-01-04,SALE,-3,Order,ORD-001250
MOV-0003927,PRD-0056,2026-01-04,SALE,-19,Order,ORD-001250
MOV-0003928,PRD-0005,2026-07-04,SALE,-6,Order,ORD-001253
MOV-0003929,PRD-0069,2026-07-04,SALE,-4,Order,ORD-001253
MOV-0003930,PRD-0048,2026-03-03,SALE,-5,Order,ORD-001254
MOV-0003931,PRD-0034,2026-03-03,SALE,-5,Order,ORD-001254
MOV-0003932,PRD-0066,2026-03-03,SALE,-10,Order,ORD-001254
MOV-0003933,PRD-0009,2026-03-03,SALE,-7,Order,ORD-001254
MOV-0003934,PRD-0005,2026-03-03,SALE,-31,Order,ORD-001254
MOV-0003935,PRD-0003,2026-03-03,SALE,-7,Order,ORD-001254
MOV-0003936,PRD-0069,2026-03-03,SALE,-14,Order,ORD-001254
MOV-0003937,PRD-0012,2026-04-05,SALE,-4,Order,ORD-001255
MOV-0003938,PRD-0038,2026-04-05,SALE,-7,Order,ORD-001255
MOV-0003939,PRD-0015,2026-04-05,SALE,-3,Order,ORD-001255
MOV-0003940,PRD-0064,2025-05-07,SALE,-4,Order,ORD-001256
MOV-0003941,PRD-0053,2025-05-07,SALE,-12,Order,ORD-001256
MOV-0003942,PRD-0007,2025-05-07,SALE,-4,Order,ORD-001256
MOV-0003943,PRD-0014,2025-05-07,SALE,-2,Order,ORD-001256
MOV-0003944,PRD-0070,2025-11-24,SALE,-36,Order,ORD-001257
MOV-0003945,PRD-0025,2025-11-24,SALE,-2,Order,ORD-001257
MOV-0003946,PRD-0066,2025-11-24,SALE,-12,Order,ORD-001257
MOV-0003947,PRD-0036,2025-11-24,SALE,-14,Order,ORD-001257
MOV-0003948,PRD-0011,2025-11-24,SALE,-12,Order,ORD-001257
MOV-0003949,PRD-0023,2026-01-13,SALE,-3,Order,ORD-001258
MOV-0003950,PRD-0030,2026-01-13,SALE,-16,Order,ORD-001258
MOV-0003951,PRD-0030,2026-08-14,SALE,-28,Order,ORD-001259
MOV-0003952,PRD-0034,2026-08-14,SALE,-8,Order,ORD-001259
MOV-0003953,PRD-0058,2026-08-14,SALE,-8,Order,ORD-001259
MOV-0003954,PRD-0028,2026-08-14,SALE,-39,Order,ORD-001259
MOV-0003955,PRD-0021,2026-08-14,SALE,-2,Order,ORD-001259
MOV-0003956,PRD-0023,2026-08-14,SALE,-12,Order,ORD-001259
MOV-0003957,PRD-0006,2026-04-03,SALE,-9,Order,ORD-001260
MOV-0003958,PRD-0069,2026-04-03,SALE,-2,Order,ORD-001260
MOV-0003959,PRD-0043,2026-04-03,SALE,-14,Order,ORD-001260
MOV-0003960,PRD-0027,2025-12-09,SALE,-23,Order,ORD-001261
MOV-0003961,PRD-0037,2025-12-09,SALE,-38,Order,ORD-001261
MOV-0003962,PRD-0038,2025-12-09,SALE,-10,Order,ORD-001261
MOV-0003963,PRD-0022,2025-12-09,SALE,-3,Order,ORD-001261
MOV-0003964,PRD-0037,2025-12-21,SALE,-40,Order,ORD-001263
MOV-0003965,PRD-0050,2025-12-21,SALE,-13,Order,ORD-001263
MOV-0003966,PRD-0005,2026-02-24,SALE,-31,Order,ORD-001264
MOV-0003967,PRD-0037,2026-02-24,SALE,-62,Order,ORD-001264
MOV-0003968,PRD-0024,2026-02-24,SALE,-26,Order,ORD-001264
MOV-0003969,PRD-0022,2026-02-24,SALE,-3,Order,ORD-001264
MOV-0003970,PRD-0040,2025-11-28,SALE,-3,Order,ORD-001265
MOV-0003971,PRD-0005,2025-11-28,SALE,-9,Order,ORD-001265
MOV-0003972,PRD-0057,2025-11-28,SALE,-9,Order,ORD-001265
MOV-0003973,PRD-0030,2026-02-22,SALE,-28,Order,ORD-001266
MOV-0003974,PRD-0015,2026-02-22,SALE,-6,Order,ORD-001266
MOV-0003975,PRD-0036,2026-02-22,SALE,-10,Order,ORD-001266
MOV-0003976,PRD-0034,2026-02-22,SALE,-6,Order,ORD-001266
MOV-0003977,PRD-0033,2026-02-22,SALE,-2,Order,ORD-001266
MOV-0003978,PRD-0009,2026-02-22,SALE,-4,Order,ORD-001266
MOV-0003979,PRD-0037,2025-09-06,SALE,-14,Order,ORD-001267
MOV-0003980,PRD-0011,2025-09-06,SALE,-8,Order,ORD-001267
MOV-0003981,PRD-0062,2025-09-06,SALE,-28,Order,ORD-001267
MOV-0003982,PRD-0053,2025-10-11,SALE,-3,Order,ORD-001268
MOV-0003983,PRD-0009,2025-10-11,SALE,-1,Order,ORD-001268
MOV-0003984,PRD-0066,2026-05-04,SALE,-18,Order,ORD-001269
MOV-0003985,PRD-0017,2026-05-04,SALE,-11,Order,ORD-001269
MOV-0003986,PRD-0009,2026-05-04,SALE,-9,Order,ORD-001269
MOV-0003987,PRD-0051,2026-05-04,SALE,-11,Order,ORD-001269
MOV-0003988,PRD-0052,2025-11-16,SALE,-2,Order,ORD-001270
MOV-0003989,PRD-0003,2025-11-16,SALE,-1,Order,ORD-001270
MOV-0003990,PRD-0013,2025-11-16,SALE,-9,Order,ORD-001270
MOV-0003991,PRD-0012,2026-04-18,SALE,-3,Order,ORD-001272
MOV-0003992,PRD-0066,2026-04-18,SALE,-19,Order,ORD-001272
MOV-0003993,PRD-0009,2025-05-17,SALE,-11,Order,ORD-001273
MOV-0003994,PRD-0024,2025-05-17,SALE,-27,Order,ORD-001273
MOV-0003995,PRD-0008,2025-05-17,SALE,-2,Order,ORD-001273
MOV-0003996,PRD-0005,2025-05-17,SALE,-33,Order,ORD-001273
MOV-0003997,PRD-0066,2026-04-01,SALE,-13,Order,ORD-001275
MOV-0003998,PRD-0034,2026-04-01,SALE,-3,Order,ORD-001275
MOV-0003999,PRD-0049,2026-04-01,SALE,-13,Order,ORD-001275
MOV-0004000,PRD-0050,2025-11-23,SALE,-30,Order,ORD-001276
MOV-0004001,PRD-0044,2025-11-23,SALE,-48,Order,ORD-001276
MOV-0004002,PRD-0052,2025-11-23,SALE,-13,Order,ORD-001276
MOV-0004003,PRD-0064,2025-11-23,SALE,-3,Order,ORD-001276
MOV-0004004,PRD-0063,2025-11-26,SALE,-7,Order,ORD-001278
MOV-0004005,PRD-0048,2025-11-26,SALE,-6,Order,ORD-001278
MOV-0004006,PRD-0013,2025-11-26,SALE,-23,Order,ORD-001278
MOV-0004007,PRD-0027,2026-01-31,SALE,-22,Order,ORD-001279
MOV-0004008,PRD-0005,2026-01-31,SALE,-12,Order,ORD-001279
MOV-0004009,PRD-0034,2025-08-29,SALE,-6,Order,ORD-001280
MOV-0004010,PRD-0004,2025-08-29,SALE,-19,Order,ORD-001280
MOV-0004011,PRD-0021,2025-08-29,SALE,-10,Order,ORD-001280
MOV-0004012,PRD-0009,2026-07-23,SALE,-12,Order,ORD-001281
MOV-0004013,PRD-0006,2025-08-11,SALE,-8,Order,ORD-001282
MOV-0004014,PRD-0027,2025-08-11,SALE,-13,Order,ORD-001282
MOV-0004015,PRD-0056,2026-05-17,SALE,-6,Order,ORD-001283
MOV-0004016,PRD-0070,2026-05-17,SALE,-11,Order,ORD-001283
MOV-0004017,PRD-0047,2026-05-17,SALE,-3,Order,ORD-001283
MOV-0004018,PRD-0057,2026-05-17,SALE,-9,Order,ORD-001283
MOV-0004019,PRD-0016,2026-06-19,SALE,-12,Order,ORD-001284
MOV-0004020,PRD-0045,2026-06-19,SALE,-22,Order,ORD-001284
MOV-0004021,PRD-0066,2026-06-19,SALE,-34,Order,ORD-001284
MOV-0004022,PRD-0063,2026-06-19,SALE,-41,Order,ORD-001284
MOV-0004023,PRD-0034,2026-06-19,SALE,-2,Order,ORD-001284
MOV-0004024,PRD-0050,2025-04-23,SALE,-2,Order,ORD-001287
MOV-0004025,PRD-0007,2025-11-06,SALE,-3,Order,ORD-001288
MOV-0004026,PRD-0034,2025-11-06,SALE,-3,Order,ORD-001288
MOV-0004027,PRD-0066,2025-11-06,SALE,-17,Order,ORD-001288
MOV-0004028,PRD-0027,2025-11-06,SALE,-30,Order,ORD-001288
MOV-0004029,PRD-0006,2025-04-28,SALE,-2,Order,ORD-001289
MOV-0004030,PRD-0007,2025-11-16,SALE,-6,Order,ORD-001290
MOV-0004031,PRD-0024,2025-11-16,SALE,-13,Order,ORD-001290
MOV-0004032,PRD-0034,2025-11-16,SALE,-2,Order,ORD-001290
MOV-0004033,PRD-0061,2025-11-16,SALE,-12,Order,ORD-001290
MOV-0004034,PRD-0026,2026-01-15,SALE,-68,Order,ORD-001291
MOV-0004035,PRD-0049,2026-01-15,SALE,-14,Order,ORD-001291
MOV-0004036,PRD-0027,2026-01-15,SALE,-23,Order,ORD-001291
MOV-0004037,PRD-0058,2026-01-15,SALE,-11,Order,ORD-001291
MOV-0004038,PRD-0063,2025-08-22,SALE,-28,Order,ORD-001292
MOV-0004039,PRD-0005,2025-08-22,SALE,-18,Order,ORD-001292
MOV-0004040,PRD-0069,2026-08-03,SALE,-4,Order,ORD-001293
MOV-0004041,PRD-0005,2026-08-03,SALE,-7,Order,ORD-001293
MOV-0004042,PRD-0058,2026-05-08,SALE,-4,Order,ORD-001294
MOV-0004043,PRD-0048,2026-05-08,SALE,-2,Order,ORD-001294
MOV-0004044,PRD-0005,2026-05-08,SALE,-29,Order,ORD-001294
MOV-0004045,PRD-0064,2026-05-08,SALE,-12,Order,ORD-001294
MOV-0004046,PRD-0031,2026-05-08,SALE,-21,Order,ORD-001294
MOV-0004047,PRD-0049,2026-05-08,SALE,-21,Order,ORD-001294
MOV-0004048,PRD-0053,2025-05-19,SALE,-12,Order,ORD-001295
MOV-0004049,PRD-0048,2025-05-19,SALE,-6,Order,ORD-001295
MOV-0004050,PRD-0022,2025-05-19,SALE,-2,Order,ORD-001295
MOV-0004051,PRD-0005,2025-05-19,SALE,-19,Order,ORD-001295
MOV-0004052,PRD-0069,2025-05-19,SALE,-8,Order,ORD-001295
MOV-0004053,PRD-0008,2026-07-10,SALE,-24,Order,ORD-001296
MOV-0004054,PRD-0009,2026-07-10,SALE,-12,Order,ORD-001296
MOV-0004055,PRD-0004,2026-07-10,SALE,-20,Order,ORD-001296
MOV-0004056,PRD-0030,2026-07-10,SALE,-37,Order,ORD-001296
MOV-0004057,PRD-0045,2026-07-10,SALE,-16,Order,ORD-001296
MOV-0004058,PRD-0058,2026-07-10,SALE,-16,Order,ORD-001296
MOV-0004059,PRD-0065,2026-03-30,SALE,-18,Order,ORD-001297
MOV-0004060,PRD-0040,2026-03-30,SALE,-4,Order,ORD-001297
MOV-0004061,PRD-0030,2026-03-30,SALE,-20,Order,ORD-001297
MOV-0004062,PRD-0011,2026-07-16,SALE,-13,Order,ORD-001298
MOV-0004063,PRD-0054,2026-07-16,SALE,-9,Order,ORD-001298
MOV-0004064,PRD-0007,2026-07-16,SALE,-13,Order,ORD-001298
MOV-0004065,PRD-0045,2026-07-16,SALE,-13,Order,ORD-001298
MOV-0004066,PRD-0066,2026-07-16,SALE,-18,Order,ORD-001298
MOV-0004067,PRD-0034,2026-07-16,SALE,-9,Order,ORD-001298
MOV-0004068,PRD-0035,2026-07-16,SALE,-9,Order,ORD-001298
MOV-0004069,PRD-0031,2026-02-24,SALE,-37,Order,ORD-001299
MOV-0004070,PRD-0004,2026-02-24,SALE,-54,Order,ORD-001299
MOV-0004071,PRD-0051,2026-02-24,SALE,-104,Order,ORD-001299
MOV-0004072,PRD-0053,2026-07-25,SALE,-3,Order,ORD-001300
MOV-0004073,PRD-0030,2026-07-25,SALE,-14,Order,ORD-001300
MOV-0004074,PRD-0017,2026-07-25,SALE,-1,Order,ORD-001300
MOV-0004075,PRD-0069,2026-07-25,SALE,-7,Order,ORD-001300
MOV-0004076,PRD-0052,2026-04-06,SALE,-7,Order,ORD-001301
MOV-0004077,PRD-0061,2026-04-06,SALE,-21,Order,ORD-001301
MOV-0004078,PRD-0037,2025-09-08,SALE,-8,Order,ORD-001302
MOV-0004079,PRD-0009,2025-09-08,SALE,-5,Order,ORD-001302
MOV-0004080,PRD-0032,2025-09-08,SALE,-2,Order,ORD-001302
MOV-0004081,PRD-0021,2025-09-08,SALE,-2,Order,ORD-001302
MOV-0004082,PRD-0004,2026-05-02,SALE,-31,Order,ORD-001303
MOV-0004083,PRD-0013,2026-05-02,SALE,-35,Order,ORD-001303
MOV-0004084,PRD-0030,2026-05-02,SALE,-27,Order,ORD-001303
MOV-0004085,PRD-0061,2025-12-08,SALE,-20,Order,ORD-001304
MOV-0004086,PRD-0048,2025-12-08,SALE,-5,Order,ORD-001304
MOV-0004087,PRD-0049,2025-12-08,SALE,-17,Order,ORD-001304
MOV-0004088,PRD-0034,2025-12-08,SALE,-10,Order,ORD-001304
MOV-0004089,PRD-0045,2025-12-08,SALE,-29,Order,ORD-001304
MOV-0004090,PRD-0050,2026-07-30,SALE,-13,Order,ORD-001305
MOV-0004091,PRD-0007,2025-10-22,SALE,-6,Order,ORD-001306
MOV-0004092,PRD-0016,2025-05-14,SALE,-14,Order,ORD-001307
MOV-0004093,PRD-0066,2025-05-14,SALE,-19,Order,ORD-001307
MOV-0004094,PRD-0047,2025-05-14,SALE,-10,Order,ORD-001307
MOV-0004095,PRD-0048,2025-05-14,SALE,-12,Order,ORD-001307
MOV-0004096,PRD-0027,2025-05-14,SALE,-40,Order,ORD-001307
MOV-0004097,PRD-0021,2025-05-14,SALE,-2,Order,ORD-001307
MOV-0004098,PRD-0007,2025-05-14,SALE,-12,Order,ORD-001307
MOV-0004099,PRD-0036,2025-08-28,SALE,-11,Order,ORD-001308
MOV-0004100,PRD-0015,2025-08-28,SALE,-8,Order,ORD-001308
MOV-0004101,PRD-0007,2025-08-28,SALE,-11,Order,ORD-001308
MOV-0004102,PRD-0034,2025-08-28,SALE,-5,Order,ORD-001308
MOV-0004103,PRD-0034,2026-03-10,SALE,-20,Order,ORD-001309
MOV-0004104,PRD-0035,2026-03-10,SALE,-10,Order,ORD-001309
MOV-0004105,PRD-0038,2026-03-10,SALE,-10,Order,ORD-001309
MOV-0004106,PRD-0049,2026-03-10,SALE,-36,Order,ORD-001309
MOV-0004107,PRD-0066,2026-03-15,SALE,-19,Order,ORD-001310
MOV-0004108,PRD-0009,2026-03-15,SALE,-4,Order,ORD-001310
MOV-0004109,PRD-0013,2026-03-15,SALE,-44,Order,ORD-001310
MOV-0004110,PRD-0022,2026-03-15,SALE,-8,Order,ORD-001310
MOV-0004111,PRD-0053,2026-03-15,SALE,-8,Order,ORD-001310
MOV-0004112,PRD-0063,2026-03-15,SALE,-52,Order,ORD-001310
MOV-0004113,PRD-0004,2026-03-15,SALE,-8,Order,ORD-001310
MOV-0004114,PRD-0052,2025-03-10,SALE,-7,Order,ORD-001312
MOV-0004115,PRD-0005,2025-03-10,SALE,-45,Order,ORD-001312
MOV-0004116,PRD-0034,2025-03-10,SALE,-7,Order,ORD-001312
MOV-0004117,PRD-0045,2026-02-21,SALE,-7,Order,ORD-001313
MOV-0004118,PRD-0031,2026-02-21,SALE,-8,Order,ORD-001313
MOV-0004119,PRD-0058,2025-03-22,SALE,-19,Order,ORD-001314
MOV-0004120,PRD-0027,2025-03-22,SALE,-54,Order,ORD-001314
MOV-0004121,PRD-0034,2025-03-22,SALE,-8,Order,ORD-001314
MOV-0004122,PRD-0007,2025-03-22,SALE,-16,Order,ORD-001314
MOV-0004123,PRD-0045,2025-05-11,SALE,-43,Order,ORD-001315
MOV-0004124,PRD-0030,2025-05-11,SALE,-9,Order,ORD-001315
MOV-0004125,PRD-0040,2025-10-18,SALE,-4,Order,ORD-001317
MOV-0004126,PRD-0014,2025-10-18,SALE,-5,Order,ORD-001317
MOV-0004127,PRD-0060,2025-10-18,SALE,-4,Order,ORD-001317
MOV-0004128,PRD-0027,2025-10-18,SALE,-10,Order,ORD-001317
MOV-0004129,PRD-0026,2025-07-29,SALE,-40,Order,ORD-001318
MOV-0004130,PRD-0007,2025-07-29,SALE,-8,Order,ORD-001318
MOV-0004131,PRD-0040,2025-07-29,SALE,-2,Order,ORD-001318
MOV-0004132,PRD-0053,2025-07-29,SALE,-10,Order,ORD-001318
MOV-0004133,PRD-0030,2025-03-09,SALE,-33,Order,ORD-001319
MOV-0004134,PRD-0058,2025-03-09,SALE,-21,Order,ORD-001319
MOV-0004135,PRD-0009,2025-03-09,SALE,-4,Order,ORD-001319
MOV-0004136,PRD-0015,2025-03-09,SALE,-12,Order,ORD-001319
MOV-0004137,PRD-0005,2025-03-09,SALE,-50,Order,ORD-001319
MOV-0004138,PRD-0066,2025-03-09,SALE,-21,Order,ORD-001319
MOV-0004139,PRD-0058,2026-02-21,SALE,-1,Order,ORD-001320
MOV-0004140,PRD-0009,2026-02-21,SALE,-4,Order,ORD-001320
MOV-0004141,PRD-0005,2026-04-09,SALE,-17,Order,ORD-001321
MOV-0004142,PRD-0052,2026-04-09,SALE,-6,Order,ORD-001321
MOV-0004143,PRD-0051,2026-04-09,SALE,-24,Order,ORD-001321
MOV-0004144,PRD-0007,2026-04-09,SALE,-2,Order,ORD-001321
MOV-0004145,PRD-0052,2025-05-29,SALE,-12,Order,ORD-001322
MOV-0004146,PRD-0057,2025-05-29,SALE,-12,Order,ORD-001322
MOV-0004147,PRD-0013,2025-05-29,SALE,-55,Order,ORD-001322
MOV-0004148,PRD-0027,2025-05-29,SALE,-33,Order,ORD-001322
MOV-0004149,PRD-0007,2025-05-29,SALE,-5,Order,ORD-001322
MOV-0004150,PRD-0031,2026-02-19,SALE,-16,Order,ORD-001323
MOV-0004151,PRD-0032,2026-02-19,SALE,-4,Order,ORD-001323
MOV-0004152,PRD-0060,2026-02-14,SALE,-3,Order,ORD-001324
MOV-0004153,PRD-0007,2026-02-14,SALE,-3,Order,ORD-001324
MOV-0004154,PRD-0021,2025-05-01,SALE,-3,Order,ORD-001325
MOV-0004155,PRD-0022,2025-05-01,SALE,-3,Order,ORD-001325
MOV-0004156,PRD-0053,2026-07-30,SALE,-5,Order,ORD-001326
MOV-0004157,PRD-0043,2026-07-30,SALE,-5,Order,ORD-001326
MOV-0004158,PRD-0007,2026-07-30,SALE,-3,Order,ORD-001326
MOV-0004159,PRD-0034,2025-06-02,SALE,-1,Order,ORD-001328
MOV-0004160,PRD-0028,2025-06-19,SALE,-21,Order,ORD-001329
MOV-0004161,PRD-0052,2025-06-19,SALE,-4,Order,ORD-001329
MOV-0004162,PRD-0060,2025-06-19,SALE,-5,Order,ORD-001329
MOV-0004163,PRD-0036,2025-06-19,SALE,-1,Order,ORD-001329
MOV-0004164,PRD-0011,2025-06-19,SALE,-7,Order,ORD-001329
MOV-0004165,PRD-0021,2025-08-09,SALE,-2,Order,ORD-001330
MOV-0004166,PRD-0031,2025-08-09,SALE,-11,Order,ORD-001330
MOV-0004167,PRD-0029,2026-05-24,SALE,-9,Order,ORD-001331
MOV-0004168,PRD-0048,2026-05-24,SALE,-8,Order,ORD-001331
MOV-0004169,PRD-0052,2026-05-24,SALE,-2,Order,ORD-001331
MOV-0004170,PRD-0005,2026-05-24,SALE,-14,Order,ORD-001331
MOV-0004171,PRD-0045,2026-07-11,SALE,-31,Order,ORD-001332
MOV-0004172,PRD-0066,2026-07-11,SALE,-17,Order,ORD-001332
MOV-0004173,PRD-0037,2026-07-11,SALE,-31,Order,ORD-001332
MOV-0004174,PRD-0038,2026-07-11,SALE,-12,Order,ORD-001332
MOV-0004175,PRD-0047,2026-07-11,SALE,-10,Order,ORD-001332
MOV-0004176,PRD-0065,2026-07-11,SALE,-26,Order,ORD-001332
MOV-0004177,PRD-0032,2025-05-07,SALE,-15,Order,ORD-001333
MOV-0004178,PRD-0024,2025-05-07,SALE,-55,Order,ORD-001333
MOV-0004179,PRD-0066,2025-05-07,SALE,-22,Order,ORD-001333
MOV-0004180,PRD-0011,2025-05-07,SALE,-4,Order,ORD-001333
MOV-0004181,PRD-0021,2026-03-12,SALE,-5,Order,ORD-001334
MOV-0004182,PRD-0062,2026-03-12,SALE,-27,Order,ORD-001334
MOV-0004183,PRD-0031,2025-07-27,SALE,-15,Order,ORD-001335
MOV-0004184,PRD-0016,2025-07-27,SALE,-6,Order,ORD-001335
MOV-0004185,PRD-0003,2025-04-20,SALE,-3,Order,ORD-001336
MOV-0004186,PRD-0034,2025-04-20,SALE,-3,Order,ORD-001336
MOV-0004187,PRD-0038,2025-04-20,SALE,-18,Order,ORD-001336
MOV-0004188,PRD-0005,2025-04-20,SALE,-15,Order,ORD-001336
MOV-0004189,PRD-0050,2025-04-20,SALE,-36,Order,ORD-001336
MOV-0004190,PRD-0047,2025-04-20,SALE,-18,Order,ORD-001336
MOV-0004191,PRD-0066,2025-04-20,SALE,-27,Order,ORD-001336
MOV-0004192,PRD-0027,2025-11-18,SALE,-10,Order,ORD-001337
MOV-0004193,PRD-0049,2025-11-18,SALE,-6,Order,ORD-001337
MOV-0004194,PRD-0062,2025-11-18,SALE,-7,Order,ORD-001337
MOV-0004195,PRD-0063,2026-03-14,SALE,-49,Order,ORD-001338
MOV-0004196,PRD-0003,2026-03-14,SALE,-24,Order,ORD-001338
MOV-0004197,PRD-0053,2026-03-14,SALE,-16,Order,ORD-001338
MOV-0004198,PRD-0036,2026-03-14,SALE,-8,Order,ORD-001338
MOV-0004199,PRD-0058,2026-03-14,SALE,-8,Order,ORD-001338
MOV-0004200,PRD-0023,2026-03-14,SALE,-20,Order,ORD-001338
MOV-0004201,PRD-0045,2026-03-14,SALE,-57,Order,ORD-001338
MOV-0004202,PRD-0045,2026-08-13,SALE,-14,Order,ORD-001339
MOV-0004203,PRD-0005,2026-08-13,SALE,-9,Order,ORD-001339
MOV-0004204,PRD-0012,2026-08-13,SALE,-11,Order,ORD-001339
MOV-0004205,PRD-0069,2026-08-13,SALE,-4,Order,ORD-001339
MOV-0004206,PRD-0052,2026-08-13,SALE,-5,Order,ORD-001339
MOV-0004207,PRD-0032,2025-10-02,SALE,-4,Order,ORD-001341
MOV-0004208,PRD-0011,2025-10-02,SALE,-2,Order,ORD-001341
MOV-0004209,PRD-0023,2025-08-17,SALE,-7,Order,ORD-001342
MOV-0004210,PRD-0032,2025-08-17,SALE,-12,Order,ORD-001342
MOV-0004211,PRD-0050,2025-08-17,SALE,-12,Order,ORD-001342
MOV-0004212,PRD-0066,2025-08-17,SALE,-35,Order,ORD-001342
MOV-0004213,PRD-0021,2025-08-17,SALE,-2,Order,ORD-001342
MOV-0004214,PRD-0034,2025-04-10,SALE,-8,Order,ORD-001343
MOV-0004215,PRD-0004,2025-04-10,SALE,-4,Order,ORD-001343
MOV-0004216,PRD-0054,2025-04-10,SALE,-10,Order,ORD-001343
MOV-0004217,PRD-0065,2025-07-01,SALE,-14,Order,ORD-001344
MOV-0004218,PRD-0031,2025-07-01,SALE,-20,Order,ORD-001344
MOV-0004219,PRD-0027,2025-07-01,SALE,-20,Order,ORD-001344
MOV-0004220,PRD-0030,2025-07-01,SALE,-34,Order,ORD-001344
MOV-0004221,PRD-0069,2025-07-01,SALE,-17,Order,ORD-001344
MOV-0004222,PRD-0045,2025-07-01,SALE,-11,Order,ORD-001344
MOV-0004223,PRD-0005,2025-07-01,SALE,-8,Order,ORD-001344
MOV-0004224,PRD-0035,2025-04-10,SALE,-1,Order,ORD-001345
MOV-0004225,PRD-0031,2026-08-21,SALE,-18,Order,ORD-001346
MOV-0004226,PRD-0052,2026-08-21,SALE,-18,Order,ORD-001346
MOV-0004227,PRD-0037,2026-08-21,SALE,-67,Order,ORD-001346
MOV-0004228,PRD-0011,2026-08-21,SALE,-7,Order,ORD-001346
MOV-0004229,PRD-0005,2026-08-21,SALE,-43,Order,ORD-001346
MOV-0004230,PRD-0032,2025-05-24,SALE,-24,Order,ORD-001347
MOV-0004231,PRD-0031,2025-05-24,SALE,-16,Order,ORD-001347
MOV-0004232,PRD-0043,2025-05-24,SALE,-12,Order,ORD-001347
MOV-0004233,PRD-0031,2025-06-13,SALE,-13,Order,ORD-001349
MOV-0004234,PRD-0056,2025-06-13,SALE,-4,Order,ORD-001349
MOV-0004235,PRD-0049,2025-06-13,SALE,-17,Order,ORD-001349
MOV-0004236,PRD-0032,2025-06-13,SALE,-17,Order,ORD-001349
MOV-0004237,PRD-0040,2025-06-13,SALE,-21,Order,ORD-001349
MOV-0004238,PRD-0017,2026-04-29,SALE,-7,Order,ORD-001350
MOV-0004239,PRD-0037,2026-04-29,SALE,-22,Order,ORD-001350
MOV-0004240,PRD-0053,2026-04-29,SALE,-5,Order,ORD-001350
MOV-0004241,PRD-0007,2026-04-29,SALE,-4,Order,ORD-001350
MOV-0004242,PRD-0066,2025-10-11,SALE,-57,Order,ORD-001352
MOV-0004243,PRD-0002,2025-10-11,SALE,-12,Order,ORD-001352
MOV-0004244,PRD-0028,2025-10-16,SALE,-54,Order,ORD-001354
MOV-0004245,PRD-0013,2025-10-16,SALE,-34,Order,ORD-001354
MOV-0004246,PRD-0007,2025-10-16,SALE,-2,Order,ORD-001354
MOV-0004247,PRD-0070,2025-10-16,SALE,-6,Order,ORD-001354
MOV-0004248,PRD-0011,2025-10-16,SALE,-13,Order,ORD-001354
MOV-0004249,PRD-0046,2025-10-16,SALE,-9,Order,ORD-001354
MOV-0004250,PRD-0005,2025-03-17,SALE,-15,Order,ORD-001355
MOV-0004251,PRD-0008,2025-11-28,SALE,-15,Order,ORD-001356
MOV-0004252,PRD-0048,2025-11-28,SALE,-5,Order,ORD-001356
MOV-0004253,PRD-0066,2025-11-28,SALE,-10,Order,ORD-001356
MOV-0004254,PRD-0030,2025-11-28,SALE,-10,Order,ORD-001356
MOV-0004255,PRD-0065,2025-10-03,SALE,-5,Order,ORD-001357
MOV-0004256,PRD-0022,2025-10-03,SALE,-4,Order,ORD-001357
MOV-0004257,PRD-0022,2025-11-06,SALE,-17,Order,ORD-001358
MOV-0004258,PRD-0033,2025-11-06,SALE,-4,Order,ORD-001358
MOV-0004259,PRD-0053,2025-11-06,SALE,-8,Order,ORD-001358
MOV-0004260,PRD-0007,2026-07-19,SALE,-2,Order,ORD-001359
MOV-0004261,PRD-0006,2026-07-19,SALE,-2,Order,ORD-001359
MOV-0004262,PRD-0053,2026-07-19,SALE,-12,Order,ORD-001359
MOV-0004263,PRD-0069,2026-03-21,SALE,-14,Order,ORD-001360
MOV-0004264,PRD-0003,2026-03-21,SALE,-17,Order,ORD-001360
MOV-0004265,PRD-0032,2026-03-21,SALE,-7,Order,ORD-001360
MOV-0004266,PRD-0034,2026-03-21,SALE,-14,Order,ORD-001360
MOV-0004267,PRD-0037,2026-03-21,SALE,-24,Order,ORD-001360
MOV-0004268,PRD-0005,2026-03-21,SALE,-21,Order,ORD-001360
MOV-0004269,PRD-0040,2026-03-21,SALE,-10,Order,ORD-001360
MOV-0004270,PRD-0034,2026-07-29,SALE,-4,Order,ORD-001362
MOV-0004271,PRD-0005,2025-04-21,SALE,-12,Order,ORD-001363
MOV-0004272,PRD-0016,2025-04-21,SALE,-12,Order,ORD-001363
MOV-0004273,PRD-0069,2025-04-21,SALE,-2,Order,ORD-001363
MOV-0004274,PRD-0013,2025-04-21,SALE,-33,Order,ORD-001363
MOV-0004275,PRD-0039,2025-04-21,SALE,-20,Order,ORD-001363
MOV-0004276,PRD-0009,2026-05-20,SALE,-10,Order,ORD-001365
MOV-0004277,PRD-0034,2026-05-20,SALE,-8,Order,ORD-001365
MOV-0004278,PRD-0030,2026-02-10,SALE,-58,Order,ORD-001367
MOV-0004279,PRD-0011,2026-02-10,SALE,-19,Order,ORD-001367
MOV-0004280,PRD-0050,2025-12-06,SALE,-7,Order,ORD-001368
MOV-0004281,PRD-0052,2025-12-06,SALE,-7,Order,ORD-001368
MOV-0004282,PRD-0069,2025-12-06,SALE,-14,Order,ORD-001368
MOV-0004283,PRD-0016,2025-12-06,SALE,-5,Order,ORD-001368
MOV-0004284,PRD-0031,2025-11-09,SALE,-10,Order,ORD-001369
MOV-0004285,PRD-0033,2025-11-09,SALE,-10,Order,ORD-001369
MOV-0004286,PRD-0050,2025-11-09,SALE,-25,Order,ORD-001369
MOV-0004287,PRD-0036,2025-11-09,SALE,-2,Order,ORD-001369
MOV-0004288,PRD-0037,2025-11-09,SALE,-46,Order,ORD-001369
MOV-0004289,PRD-0058,2025-11-09,SALE,-4,Order,ORD-001369
MOV-0004290,PRD-0070,2025-11-09,SALE,-29,Order,ORD-001369
MOV-0004291,PRD-0007,2026-09-01,SALE,-5,Order,ORD-001370
MOV-0004292,PRD-0005,2026-09-01,SALE,-17,Order,ORD-001370
MOV-0004293,PRD-0045,2026-09-01,SALE,-8,Order,ORD-001370
MOV-0004294,PRD-0016,2026-09-01,SALE,-3,Order,ORD-001370
MOV-0004295,PRD-0045,2026-05-14,SALE,-36,Order,ORD-001372
MOV-0004296,PRD-0026,2026-05-14,SALE,-14,Order,ORD-001372
MOV-0004297,PRD-0002,2026-05-14,SALE,-29,Order,ORD-001372
MOV-0004298,PRD-0053,2026-07-15,SALE,-10,Order,ORD-001374
MOV-0004299,PRD-0034,2026-07-15,SALE,-2,Order,ORD-001374
MOV-0004300,PRD-0005,2026-07-15,SALE,-6,Order,ORD-001374
MOV-0004301,PRD-0015,2026-07-15,SALE,-6,Order,ORD-001374
MOV-0004302,PRD-0067,2026-07-15,SALE,-20,Order,ORD-001374
MOV-0004303,PRD-0045,2025-06-18,SALE,-17,Order,ORD-001375
MOV-0004304,PRD-0015,2025-06-18,SALE,-14,Order,ORD-001375
MOV-0004305,PRD-0013,2025-06-18,SALE,-37,Order,ORD-001375
MOV-0004306,PRD-0011,2025-06-18,SALE,-17,Order,ORD-001375
MOV-0004307,PRD-0064,2025-06-18,SALE,-6,Order,ORD-001375
MOV-0004308,PRD-0021,2025-06-18,SALE,-17,Order,ORD-001375
MOV-0004309,PRD-0066,2026-05-12,SALE,-17,Order,ORD-001376
MOV-0004310,PRD-0040,2026-05-12,SALE,-8,Order,ORD-001376
MOV-0004311,PRD-0023,2025-04-10,SALE,-2,Order,ORD-001378
MOV-0004312,PRD-0003,2025-04-10,SALE,-4,Order,ORD-001378
MOV-0004313,PRD-0032,2025-04-10,SALE,-11,Order,ORD-001378
MOV-0004314,PRD-0058,2025-07-12,SALE,-12,Order,ORD-001379
MOV-0004315,PRD-0009,2025-07-12,SALE,-15,Order,ORD-001379
MOV-0004316,PRD-0036,2025-07-12,SALE,-7,Order,ORD-001379
MOV-0004317,PRD-0036,2025-09-15,SALE,-7,Order,ORD-001380
MOV-0004318,PRD-0009,2025-09-15,SALE,-5,Order,ORD-001380
MOV-0004319,PRD-0034,2025-09-15,SALE,-9,Order,ORD-001380
MOV-0004320,PRD-0007,2025-11-13,SALE,-6,Order,ORD-001381
MOV-0004321,PRD-0033,2025-11-13,SALE,-4,Order,ORD-001381
MOV-0004322,PRD-0034,2025-11-13,SALE,-5,Order,ORD-001381
MOV-0004323,PRD-0022,2025-11-13,SALE,-6,Order,ORD-001381
MOV-0004324,PRD-0050,2026-02-04,SALE,-31,Order,ORD-001382
MOV-0004325,PRD-0011,2026-02-04,SALE,-21,Order,ORD-001382
MOV-0004326,PRD-0034,2026-02-04,SALE,-14,Order,ORD-001382
MOV-0004327,PRD-0017,2026-02-04,SALE,-14,Order,ORD-001382
MOV-0004328,PRD-0052,2026-02-04,SALE,-7,Order,ORD-001382
MOV-0004329,PRD-0004,2025-09-14,SALE,-20,Order,ORD-001383
MOV-0004330,PRD-0007,2025-09-14,SALE,-13,Order,ORD-001383
MOV-0004331,PRD-0011,2025-09-14,SALE,-13,Order,ORD-001383
MOV-0004332,PRD-0009,2025-09-14,SALE,-4,Order,ORD-001383
MOV-0004333,PRD-0032,2026-06-17,SALE,-5,Order,ORD-001384
MOV-0004334,PRD-0034,2026-06-17,SALE,-1,Order,ORD-001384
MOV-0004335,PRD-0037,2026-06-17,SALE,-22,Order,ORD-001384
MOV-0004336,PRD-0038,2026-06-17,SALE,-5,Order,ORD-001384
MOV-0004337,PRD-0051,2026-07-06,SALE,-30,Order,ORD-001385
MOV-0004338,PRD-0005,2026-07-06,SALE,-28,Order,ORD-001385
MOV-0004339,PRD-0059,2026-07-06,SALE,-35,Order,ORD-001385
MOV-0004340,PRD-0033,2026-04-04,SALE,-2,Order,ORD-001386
MOV-0004341,PRD-0022,2026-04-04,SALE,-6,Order,ORD-001386
MOV-0004342,PRD-0029,2026-04-04,SALE,-3,Order,ORD-001386
MOV-0004343,PRD-0045,2026-03-04,SALE,-9,Order,ORD-001388
MOV-0004344,PRD-0065,2026-03-04,SALE,-21,Order,ORD-001388
MOV-0004345,PRD-0027,2026-03-04,SALE,-12,Order,ORD-001388
MOV-0004346,PRD-0049,2026-03-04,SALE,-23,Order,ORD-001388
MOV-0004347,PRD-0053,2025-06-20,SALE,-4,Order,ORD-001389
MOV-0004348,PRD-0003,2025-06-20,SALE,-1,Order,ORD-001389
MOV-0004349,PRD-0032,2026-08-28,SALE,-8,Order,ORD-001390
MOV-0004350,PRD-0030,2026-08-28,SALE,-6,Order,ORD-001390
MOV-0004351,PRD-0016,2026-08-28,SALE,-4,Order,ORD-001390
MOV-0004352,PRD-0026,2026-08-28,SALE,-21,Order,ORD-001390
MOV-0004353,PRD-0008,2026-04-25,SALE,-8,Order,ORD-001391
MOV-0004354,PRD-0069,2026-04-25,SALE,-8,Order,ORD-001391
MOV-0004355,PRD-0011,2026-06-13,SALE,-18,Order,ORD-001392
MOV-0004356,PRD-0034,2026-06-13,SALE,-4,Order,ORD-001392
MOV-0004357,PRD-0019,2026-06-13,SALE,-50,Order,ORD-001392
MOV-0004358,PRD-0007,2025-10-31,SALE,-2,Order,ORD-001393
MOV-0004359,PRD-0066,2025-10-31,SALE,-7,Order,ORD-001393
MOV-0004360,PRD-0014,2025-10-31,SALE,-2,Order,ORD-001393
MOV-0004361,PRD-0016,2025-10-31,SALE,-11,Order,ORD-001393
MOV-0004362,PRD-0003,2025-10-31,SALE,-9,Order,ORD-001393
MOV-0004363,PRD-0014,2025-09-01,SALE,-3,Order,ORD-001394
MOV-0004364,PRD-0040,2025-09-01,SALE,-8,Order,ORD-001394
MOV-0004365,PRD-0066,2025-09-01,SALE,-24,Order,ORD-001394
MOV-0004366,PRD-0040,2025-10-15,SALE,-2,Order,ORD-001395
MOV-0004367,PRD-0049,2025-10-15,SALE,-15,Order,ORD-001395
MOV-0004368,PRD-0045,2025-10-15,SALE,-15,Order,ORD-001395
MOV-0004369,PRD-0053,2025-10-15,SALE,-5,Order,ORD-001395
MOV-0004370,PRD-0066,2025-10-15,SALE,-11,Order,ORD-001395
MOV-0004371,PRD-0053,2025-03-26,SALE,-2,Order,ORD-001396
MOV-0004372,PRD-0022,2025-03-26,SALE,-2,Order,ORD-001396
MOV-0004373,PRD-0052,2025-12-22,SALE,-10,Order,ORD-001397
MOV-0004374,PRD-0007,2025-12-22,SALE,-3,Order,ORD-001397
MOV-0004375,PRD-0011,2026-02-12,SALE,-2,Order,ORD-001399
MOV-0004376,PRD-0007,2026-02-12,SALE,-1,Order,ORD-001399
MOV-0004377,PRD-0005,2026-05-15,SALE,-30,Order,ORD-001400
MOV-0004378,PRD-0030,2026-05-15,SALE,-16,Order,ORD-001400
MOV-0004379,PRD-0022,2026-05-15,SALE,-5,Order,ORD-001400
MOV-0004380,PRD-0048,2026-05-15,SALE,-7,Order,ORD-001400
MOV-0004381,PRD-0034,2025-06-23,SALE,-9,Order,ORD-001402
MOV-0004382,PRD-0023,2025-06-23,SALE,-14,Order,ORD-001402
MOV-0004383,PRD-0052,2025-06-23,SALE,-7,Order,ORD-001402
MOV-0004384,PRD-0065,2025-06-23,SALE,-34,Order,ORD-001402
MOV-0004385,PRD-0053,2026-02-03,SALE,-6,Order,ORD-001403
MOV-0004386,PRD-0007,2026-02-03,SALE,-1,Order,ORD-001403
MOV-0004387,PRD-0005,2025-11-03,SALE,-48,Order,ORD-001405
MOV-0004388,PRD-0033,2025-11-03,SALE,-7,Order,ORD-001405
MOV-0004389,PRD-0045,2025-11-03,SALE,-28,Order,ORD-001405
MOV-0004390,PRD-0023,2025-11-03,SALE,-7,Order,ORD-001405
MOV-0004391,PRD-0027,2025-11-03,SALE,-65,Order,ORD-001405
MOV-0004392,PRD-0034,2025-11-03,SALE,-10,Order,ORD-001405
MOV-0004393,PRD-0007,2026-06-29,SALE,-12,Order,ORD-001406
MOV-0004394,PRD-0014,2026-06-29,SALE,-9,Order,ORD-001406
MOV-0004395,PRD-0053,2026-06-29,SALE,-6,Order,ORD-001406
MOV-0004396,PRD-0058,2026-06-29,SALE,-6,Order,ORD-001406
MOV-0004397,PRD-0049,2026-06-29,SALE,-40,Order,ORD-001406
MOV-0004398,PRD-0045,2026-06-29,SALE,-31,Order,ORD-001406
MOV-0004399,PRD-0037,2026-05-15,SALE,-7,Order,ORD-001407
MOV-0004400,PRD-0069,2026-05-15,SALE,-2,Order,ORD-001407
MOV-0004401,PRD-0034,2026-05-15,SALE,-1,Order,ORD-001407
MOV-0004402,PRD-0060,2026-05-15,SALE,-6,Order,ORD-001407
MOV-0004403,PRD-0049,2026-05-15,SALE,-5,Order,ORD-001407
MOV-0004404,PRD-0021,2026-02-24,SALE,-3,Order,ORD-001408
MOV-0004405,PRD-0011,2026-02-24,SALE,-10,Order,ORD-001408
MOV-0004406,PRD-0056,2026-02-24,SALE,-10,Order,ORD-001408
MOV-0004407,PRD-0034,2025-10-26,SALE,-9,Order,ORD-001409
MOV-0004408,PRD-0053,2025-10-26,SALE,-15,Order,ORD-001409
MOV-0004409,PRD-0045,2025-10-26,SALE,-33,Order,ORD-001409
MOV-0004410,PRD-0049,2025-10-26,SALE,-15,Order,ORD-001409
MOV-0004411,PRD-0027,2025-10-26,SALE,-57,Order,ORD-001409
MOV-0004412,PRD-0024,2025-10-26,SALE,-30,Order,ORD-001409
MOV-0004413,PRD-0031,2025-12-24,SALE,-30,Order,ORD-001410
MOV-0004414,PRD-0030,2025-12-24,SALE,-15,Order,ORD-001410
MOV-0004415,PRD-0034,2025-12-24,SALE,-23,Order,ORD-001410
MOV-0004416,PRD-0057,2025-12-24,SALE,-19,Order,ORD-001410
MOV-0004417,PRD-0007,2026-01-05,SALE,-3,Order,ORD-001411
MOV-0004418,PRD-0053,2026-01-05,SALE,-11,Order,ORD-001411
MOV-0004419,PRD-0034,2026-01-05,SALE,-14,Order,ORD-001411
MOV-0004420,PRD-0027,2026-01-05,SALE,-23,Order,ORD-001411
MOV-0004421,PRD-0066,2026-01-05,SALE,-17,Order,ORD-001411
MOV-0004422,PRD-0026,2026-02-24,SALE,-33,Order,ORD-001412
MOV-0004423,PRD-0045,2026-02-24,SALE,-14,Order,ORD-001412
MOV-0004424,PRD-0060,2026-02-24,SALE,-8,Order,ORD-001412
MOV-0004425,PRD-0017,2026-02-24,SALE,-7,Order,ORD-001412
MOV-0004426,PRD-0033,2026-02-24,SALE,-4,Order,ORD-001412
MOV-0004427,PRD-0026,2026-04-24,SALE,-45,Order,ORD-001413
MOV-0004428,PRD-0022,2026-04-24,SALE,-4,Order,ORD-001413
MOV-0004429,PRD-0066,2026-04-24,SALE,-8,Order,ORD-001413
MOV-0004430,PRD-0049,2026-04-24,SALE,-28,Order,ORD-001413
MOV-0004431,PRD-0062,2026-06-05,SALE,-9,Order,ORD-001414
MOV-0004432,PRD-0069,2026-06-05,SALE,-17,Order,ORD-001414
MOV-0004433,PRD-0050,2026-06-05,SALE,-31,Order,ORD-001414
MOV-0004434,PRD-0033,2026-02-24,SALE,-23,Order,ORD-001415
MOV-0004435,PRD-0009,2026-02-24,SALE,-15,Order,ORD-001415
MOV-0004436,PRD-0036,2026-02-24,SALE,-19,Order,ORD-001415
MOV-0004437,PRD-0058,2026-02-24,SALE,-4,Order,ORD-001415
MOV-0004438,PRD-0046,2026-08-11,SALE,-5,Order,ORD-001416
MOV-0004439,PRD-0033,2026-08-11,SALE,-2,Order,ORD-001416
MOV-0004440,PRD-0027,2026-08-11,SALE,-23,Order,ORD-001416
MOV-0004441,PRD-0005,2026-08-11,SALE,-10,Order,ORD-001416
MOV-0004442,PRD-0023,2026-03-23,SALE,-13,Order,ORD-001418
MOV-0004443,PRD-0045,2026-03-23,SALE,-9,Order,ORD-001418
MOV-0004444,PRD-0010,2026-03-23,SALE,-9,Order,ORD-001418
MOV-0004445,PRD-0027,2026-03-23,SALE,-40,Order,ORD-001418
MOV-0004446,PRD-0005,2025-08-10,SALE,-19,Order,ORD-001419
MOV-0004447,PRD-0065,2026-01-28,SALE,-25,Order,ORD-001420
MOV-0004448,PRD-0032,2026-01-28,SALE,-12,Order,ORD-001420
MOV-0004449,PRD-0030,2026-01-28,SALE,-29,Order,ORD-001420
MOV-0004450,PRD-0060,2026-01-28,SALE,-8,Order,ORD-001420
MOV-0004451,PRD-0007,2026-01-28,SALE,-4,Order,ORD-001420
MOV-0004452,PRD-0066,2026-08-25,SALE,-19,Order,ORD-001421
MOV-0004453,PRD-0066,2025-09-25,SALE,-7,Order,ORD-001422
MOV-0004454,PRD-0034,2025-09-25,SALE,-3,Order,ORD-001422
MOV-0004455,PRD-0025,2025-09-25,SALE,-6,Order,ORD-001422
MOV-0004456,PRD-0035,2025-09-25,SALE,-8,Order,ORD-001422
MOV-0004457,PRD-0028,2025-09-25,SALE,-20,Order,ORD-001422
MOV-0004458,PRD-0040,2025-09-26,SALE,-4,Order,ORD-001423
MOV-0004459,PRD-0031,2025-09-26,SALE,-15,Order,ORD-001423
MOV-0004460,PRD-0039,2026-04-15,SALE,-17,Order,ORD-001425
MOV-0004461,PRD-0031,2026-04-15,SALE,-36,Order,ORD-001425
MOV-0004462,PRD-0004,2026-04-15,SALE,-7,Order,ORD-001425
MOV-0004463,PRD-0008,2026-04-15,SALE,-5,Order,ORD-001425
MOV-0004464,PRD-0049,2025-06-15,SALE,-25,Order,ORD-001426
MOV-0004465,PRD-0034,2025-06-15,SALE,-7,Order,ORD-001426
MOV-0004466,PRD-0023,2025-06-15,SALE,-18,Order,ORD-001426
MOV-0004467,PRD-0060,2025-06-15,SALE,-4,Order,ORD-001426
MOV-0004468,PRD-0016,2025-06-15,SALE,-14,Order,ORD-001426
MOV-0004469,PRD-0007,2025-06-15,SALE,-22,Order,ORD-001426
MOV-0004470,PRD-0031,2025-06-15,SALE,-11,Order,ORD-001426
MOV-0004471,PRD-0050,2026-06-17,SALE,-13,Order,ORD-001427
MOV-0004472,PRD-0064,2026-06-17,SALE,-1,Order,ORD-001427
MOV-0004473,PRD-0064,2026-04-16,SALE,-3,Order,ORD-001428
MOV-0004474,PRD-0065,2026-04-16,SALE,-6,Order,ORD-001428
MOV-0004475,PRD-0010,2025-10-12,SALE,-4,Order,ORD-001429
MOV-0004476,PRD-0027,2025-10-12,SALE,-85,Order,ORD-001429
MOV-0004477,PRD-0066,2025-05-31,SALE,-7,Order,ORD-001430
MOV-0004478,PRD-0034,2025-05-31,SALE,-9,Order,ORD-001430
MOV-0004479,PRD-0001,2025-12-18,SALE,-2,Order,ORD-001431
MOV-0004480,PRD-0026,2025-12-18,SALE,-3,Order,ORD-001431
MOV-0004481,PRD-0025,2025-12-18,SALE,-4,Order,ORD-001431
MOV-0004482,PRD-0066,2025-12-18,SALE,-6,Order,ORD-001431
MOV-0004483,PRD-0036,2026-01-19,SALE,-1,Order,ORD-001433
MOV-0004484,PRD-0011,2026-01-19,SALE,-2,Order,ORD-001433
MOV-0004485,PRD-0007,2026-01-19,SALE,-6,Order,ORD-001433
MOV-0004486,PRD-0066,2026-03-23,SALE,-3,Order,ORD-001434
MOV-0004487,PRD-0063,2026-03-23,SALE,-6,Order,ORD-001434
MOV-0004488,PRD-0022,2026-08-26,SALE,-6,Order,ORD-001436
MOV-0004489,PRD-0019,2026-08-26,SALE,-17,Order,ORD-001436
MOV-0004490,PRD-0049,2026-08-26,SALE,-32,Order,ORD-001436
MOV-0004491,PRD-0018,2026-08-26,SALE,-8,Order,ORD-001436
MOV-0004492,PRD-0030,2026-01-09,SALE,-18,Order,ORD-001437
MOV-0004493,PRD-0027,2026-01-09,SALE,-18,Order,ORD-001437
MOV-0004494,PRD-0034,2025-08-18,SALE,-6,Order,ORD-001438
MOV-0004495,PRD-0067,2025-08-18,SALE,-6,Order,ORD-001438
MOV-0004496,PRD-0069,2025-08-18,SALE,-7,Order,ORD-001438
MOV-0004497,PRD-0049,2025-08-18,SALE,-15,Order,ORD-001438
MOV-0004498,PRD-0045,2026-03-22,SALE,-18,Order,ORD-001439
MOV-0004499,PRD-0007,2026-05-20,SALE,-16,Order,ORD-001440
MOV-0004500,PRD-0069,2026-05-20,SALE,-6,Order,ORD-001440
MOV-0004501,PRD-0061,2026-05-20,SALE,-31,Order,ORD-001440
MOV-0004502,PRD-0049,2026-05-20,SALE,-9,Order,ORD-001440
MOV-0004503,PRD-0009,2026-05-20,SALE,-13,Order,ORD-001440
MOV-0004504,PRD-0033,2026-05-20,SALE,-3,Order,ORD-001440
MOV-0004505,PRD-0066,2026-05-24,SALE,-6,Order,ORD-001441
MOV-0004506,PRD-0004,2026-05-24,SALE,-14,Order,ORD-001441
MOV-0004507,PRD-0068,2026-05-24,SALE,-2,Order,ORD-001441
MOV-0004508,PRD-0033,2026-01-21,SALE,-14,Order,ORD-001442
MOV-0004509,PRD-0008,2026-01-21,SALE,-3,Order,ORD-001442
MOV-0004510,PRD-0002,2026-01-21,SALE,-8,Order,ORD-001442
MOV-0004511,PRD-0021,2025-09-19,SALE,-4,Order,ORD-001443
MOV-0004512,PRD-0023,2025-09-19,SALE,-23,Order,ORD-001443
MOV-0004513,PRD-0010,2025-09-19,SALE,-19,Order,ORD-001443
MOV-0004514,PRD-0005,2025-09-19,SALE,-54,Order,ORD-001443
MOV-0004515,PRD-0011,2025-09-19,SALE,-12,Order,ORD-001443
MOV-0004516,PRD-0034,2025-09-19,SALE,-23,Order,ORD-001443
MOV-0004517,PRD-0044,2025-09-19,SALE,-31,Order,ORD-001443
MOV-0004518,PRD-0043,2026-01-10,SALE,-2,Order,ORD-001444
MOV-0004519,PRD-0032,2026-01-10,SALE,-2,Order,ORD-001444
MOV-0004520,PRD-0069,2026-01-10,SALE,-2,Order,ORD-001444
MOV-0004521,PRD-0007,2026-01-10,SALE,-1,Order,ORD-001444
MOV-0004522,PRD-0058,2026-03-16,SALE,-1,Order,ORD-001445
MOV-0004523,PRD-0063,2026-03-16,SALE,-20,Order,ORD-001445
MOV-0004524,PRD-0066,2026-03-16,SALE,-7,Order,ORD-001445
MOV-0004525,PRD-0017,2026-03-16,SALE,-5,Order,ORD-001445
MOV-0004526,PRD-0025,2025-05-15,SALE,-2,Order,ORD-001447
MOV-0004527,PRD-0057,2025-05-15,SALE,-7,Order,ORD-001447
MOV-0004528,PRD-0007,2025-05-15,SALE,-6,Order,ORD-001447
MOV-0004529,PRD-0026,2025-05-15,SALE,-26,Order,ORD-001447
MOV-0004530,PRD-0034,2025-05-15,SALE,-3,Order,ORD-001447
MOV-0004531,PRD-0001,2025-10-15,SALE,-4,Order,ORD-001448
MOV-0004532,PRD-0028,2025-10-15,SALE,-14,Order,ORD-001448
MOV-0004533,PRD-0032,2025-10-15,SALE,-4,Order,ORD-001448
MOV-0004534,PRD-0027,2025-10-29,SALE,-33,Order,ORD-001449
MOV-0004535,PRD-0040,2025-10-29,SALE,-16,Order,ORD-001449
MOV-0004536,PRD-0034,2025-10-29,SALE,-16,Order,ORD-001449
MOV-0004537,PRD-0069,2025-10-29,SALE,-13,Order,ORD-001449
MOV-0004538,PRD-0065,2025-10-29,SALE,-49,Order,ORD-001449
MOV-0004539,PRD-0057,2025-10-29,SALE,-16,Order,ORD-001449
MOV-0004540,PRD-0063,2025-10-29,SALE,-62,Order,ORD-001449
MOV-0004541,PRD-0050,2025-09-01,SALE,-20,Order,ORD-001451
MOV-0004542,PRD-0038,2025-09-01,SALE,-10,Order,ORD-001451
MOV-0004543,PRD-0065,2025-09-01,SALE,-13,Order,ORD-001451
MOV-0004544,PRD-0045,2025-09-01,SALE,-20,Order,ORD-001451
MOV-0004545,PRD-0013,2026-05-04,SALE,-36,Order,ORD-001454
MOV-0004546,PRD-0063,2026-05-04,SALE,-21,Order,ORD-001454
MOV-0004547,PRD-0006,2025-04-13,SALE,-5,Order,ORD-001455
MOV-0004548,PRD-0006,2025-05-13,SALE,-3,Order,ORD-001456
MOV-0004549,PRD-0021,2025-05-13,SALE,-3,Order,ORD-001456
MOV-0004550,PRD-0046,2025-05-13,SALE,-1,Order,ORD-001456
MOV-0004551,PRD-0008,2025-05-13,SALE,-1,Order,ORD-001456
MOV-0004552,PRD-0066,2025-12-21,SALE,-16,Order,ORD-001458
MOV-0004553,PRD-0017,2025-12-21,SALE,-8,Order,ORD-001458
MOV-0004554,PRD-0052,2025-12-21,SALE,-2,Order,ORD-001458
MOV-0004555,PRD-0005,2025-12-21,SALE,-16,Order,ORD-001458
MOV-0004556,PRD-0064,2025-09-08,SALE,-1,Order,ORD-001459
MOV-0004557,PRD-0007,2025-09-08,SALE,-4,Order,ORD-001459
MOV-0004558,PRD-0049,2025-11-08,SALE,-5,Order,ORD-001460
MOV-0004559,PRD-0007,2025-11-08,SALE,-4,Order,ORD-001460
MOV-0004560,PRD-0050,2025-09-01,SALE,-15,Order,ORD-001461
MOV-0004561,PRD-0058,2025-09-01,SALE,-8,Order,ORD-001461
MOV-0004562,PRD-0069,2025-09-01,SALE,-8,Order,ORD-001461
MOV-0004563,PRD-0040,2026-02-06,SALE,-18,Order,ORD-001462
MOV-0004564,PRD-0037,2026-02-06,SALE,-74,Order,ORD-001462
MOV-0004565,PRD-0007,2026-02-06,SALE,-11,Order,ORD-001462
MOV-0004566,PRD-0027,2026-02-06,SALE,-55,Order,ORD-001462
MOV-0004567,PRD-0021,2026-02-06,SALE,-7,Order,ORD-001462
MOV-0004568,PRD-0049,2026-02-06,SALE,-22,Order,ORD-001462
MOV-0004569,PRD-0005,2026-02-06,SALE,-26,Order,ORD-001462
MOV-0004570,PRD-0066,2026-07-13,SALE,-26,Order,ORD-001464
MOV-0004571,PRD-0022,2026-07-13,SALE,-4,Order,ORD-001464
MOV-0004572,PRD-0032,2026-07-13,SALE,-12,Order,ORD-001464
MOV-0004573,PRD-0050,2026-06-20,SALE,-26,Order,ORD-001465
MOV-0004574,PRD-0007,2026-06-20,SALE,-4,Order,ORD-001465
MOV-0004575,PRD-0035,2026-06-20,SALE,-6,Order,ORD-001465
MOV-0004576,PRD-0052,2026-06-20,SALE,-7,Order,ORD-001465
MOV-0004577,PRD-0034,2026-05-05,SALE,-3,Order,ORD-001466
MOV-0004578,PRD-0045,2026-05-05,SALE,-33,Order,ORD-001466
MOV-0004579,PRD-0038,2026-05-05,SALE,-3,Order,ORD-001466
MOV-0004580,PRD-0066,2026-05-05,SALE,-36,Order,ORD-001466
MOV-0004581,PRD-0031,2025-12-29,SALE,-39,Order,ORD-001467
MOV-0004582,PRD-0050,2025-12-29,SALE,-49,Order,ORD-001467
MOV-0004583,PRD-0023,2025-12-29,SALE,-13,Order,ORD-001467
MOV-0004584,PRD-0022,2025-12-29,SALE,-10,Order,ORD-001467
MOV-0004585,PRD-0034,2025-12-29,SALE,-10,Order,ORD-001467
MOV-0004586,PRD-0033,2025-12-29,SALE,-13,Order,ORD-001467
MOV-0004587,PRD-0046,2026-01-14,SALE,-5,Order,ORD-001469
MOV-0004588,PRD-0028,2026-01-14,SALE,-12,Order,ORD-001469
MOV-0004589,PRD-0053,2026-01-14,SALE,-2,Order,ORD-001469
MOV-0004590,PRD-0014,2026-01-14,SALE,-4,Order,ORD-001469
MOV-0004591,PRD-0003,2026-01-14,SALE,-5,Order,ORD-001469
MOV-0004592,PRD-0027,2026-04-28,SALE,-62,Order,ORD-001470
MOV-0004593,PRD-0045,2026-04-28,SALE,-17,Order,ORD-001470
MOV-0004594,PRD-0040,2026-04-28,SALE,-7,Order,ORD-001470
MOV-0004595,PRD-0053,2026-04-28,SALE,-5,Order,ORD-001470
MOV-0004596,PRD-0063,2026-04-28,SALE,-49,Order,ORD-001470
MOV-0004597,PRD-0007,2026-04-28,SALE,-10,Order,ORD-001470
MOV-0004598,PRD-0028,2026-04-28,SALE,-17,Order,ORD-001470
MOV-0004599,PRD-0005,2026-02-19,SALE,-16,Order,ORD-001471
MOV-0004600,PRD-0039,2026-02-19,SALE,-15,Order,ORD-001471
MOV-0004601,PRD-0052,2026-02-19,SALE,-7,Order,ORD-001471
MOV-0004602,PRD-0013,2026-08-05,SALE,-6,Order,ORD-001472
MOV-0004603,PRD-0059,2026-08-05,SALE,-10,Order,ORD-001472
MOV-0004604,PRD-0060,2026-01-16,SALE,-14,Order,ORD-001473
MOV-0004605,PRD-0023,2026-01-16,SALE,-10,Order,ORD-001473
MOV-0004606,PRD-0034,2026-01-16,SALE,-21,Order,ORD-001473
MOV-0004607,PRD-0069,2026-01-16,SALE,-3,Order,ORD-001473
MOV-0004608,PRD-0008,2025-03-20,SALE,-4,Order,ORD-001474
MOV-0004609,PRD-0007,2025-03-20,SALE,-2,Order,ORD-001474
MOV-0004610,PRD-0024,2025-03-20,SALE,-16,Order,ORD-001474
MOV-0004611,PRD-0046,2025-10-31,SALE,-7,Order,ORD-001475
MOV-0004612,PRD-0034,2025-10-31,SALE,-1,Order,ORD-001475
MOV-0004613,PRD-0069,2025-12-23,SALE,-23,Order,ORD-001476
MOV-0004614,PRD-0027,2025-12-23,SALE,-26,Order,ORD-001476
MOV-0004615,PRD-0019,2025-12-23,SALE,-57,Order,ORD-001476
MOV-0004616,PRD-0043,2025-12-23,SALE,-15,Order,ORD-001476
MOV-0004617,PRD-0058,2025-12-23,SALE,-19,Order,ORD-001476
MOV-0004618,PRD-0022,2025-12-23,SALE,-15,Order,ORD-001476
MOV-0004619,PRD-0069,2025-12-10,SALE,-25,Order,ORD-001477
MOV-0004620,PRD-0017,2025-12-10,SALE,-21,Order,ORD-001477
MOV-0004621,PRD-0026,2025-12-10,SALE,-50,Order,ORD-001477
MOV-0004622,PRD-0024,2025-12-10,SALE,-29,Order,ORD-001477
MOV-0004623,PRD-0064,2026-04-08,SALE,-3,Order,ORD-001478
MOV-0004624,PRD-0069,2026-04-08,SALE,-4,Order,ORD-001478
MOV-0004625,PRD-0026,2026-04-08,SALE,-7,Order,ORD-001478
MOV-0004626,PRD-0052,2026-04-24,SALE,-17,Order,ORD-001481
MOV-0004627,PRD-0027,2026-04-24,SALE,-35,Order,ORD-001481
MOV-0004628,PRD-0063,2025-11-03,SALE,-24,Order,ORD-001484
MOV-0004629,PRD-0049,2025-11-03,SALE,-9,Order,ORD-001484
MOV-0004630,PRD-0053,2025-11-03,SALE,-7,Order,ORD-001484
MOV-0004631,PRD-0005,2025-11-03,SALE,-15,Order,ORD-001484
MOV-0004632,PRD-0009,2026-08-26,SALE,-3,Order,ORD-001485
MOV-0004633,PRD-0023,2026-08-26,SALE,-7,Order,ORD-001485
MOV-0004634,PRD-0048,2026-08-26,SALE,-20,Order,ORD-001485
MOV-0004635,PRD-0045,2026-08-26,SALE,-43,Order,ORD-001485
MOV-0004636,PRD-0069,2026-08-26,SALE,-20,Order,ORD-001485
MOV-0004637,PRD-0035,2026-08-26,SALE,-17,Order,ORD-001485
MOV-0004638,PRD-0046,2026-08-26,SALE,-7,Order,ORD-001485
MOV-0004639,PRD-0048,2026-05-15,SALE,-11,Order,ORD-001486
MOV-0004640,PRD-0040,2026-05-15,SALE,-9,Order,ORD-001486
MOV-0004641,PRD-0008,2026-05-15,SALE,-2,Order,ORD-001486
MOV-0004642,PRD-0029,2026-05-15,SALE,-4,Order,ORD-001486
MOV-0004643,PRD-0045,2026-05-15,SALE,-19,Order,ORD-001486
MOV-0004644,PRD-0024,2026-02-06,SALE,-6,Order,ORD-001487
MOV-0004645,PRD-0030,2026-01-04,SALE,-9,Order,ORD-001488
MOV-0004646,PRD-0007,2026-01-04,SALE,-6,Order,ORD-001488
MOV-0004647,PRD-0034,2026-01-04,SALE,-2,Order,ORD-001488
MOV-0004648,PRD-0045,2026-01-20,SALE,-44,Order,ORD-001489
MOV-0004649,PRD-0069,2026-01-20,SALE,-7,Order,ORD-001489
MOV-0004650,PRD-0053,2026-01-20,SALE,-10,Order,ORD-001489
MOV-0004651,PRD-0034,2026-01-20,SALE,-20,Order,ORD-001489
MOV-0004652,PRD-0011,2026-01-20,SALE,-17,Order,ORD-001489
MOV-0004653,PRD-0033,2026-01-20,SALE,-7,Order,ORD-001489
MOV-0004654,PRD-0063,2026-01-20,SALE,-44,Order,ORD-001489
MOV-0004655,PRD-0050,2025-09-12,SALE,-23,Order,ORD-001490
MOV-0004656,PRD-0048,2025-09-12,SALE,-7,Order,ORD-001490
MOV-0004657,PRD-0069,2025-09-12,SALE,-13,Order,ORD-001490
MOV-0004658,PRD-0041,2025-09-12,SALE,-10,Order,ORD-001490
MOV-0004659,PRD-0063,2025-09-12,SALE,-56,Order,ORD-001490
MOV-0004660,PRD-0022,2025-11-19,SALE,-16,Order,ORD-001491
MOV-0004661,PRD-0027,2025-11-19,SALE,-37,Order,ORD-001491
MOV-0004662,PRD-0015,2025-11-19,SALE,-13,Order,ORD-001491
MOV-0004663,PRD-0001,2025-11-19,SALE,-3,Order,ORD-001491
MOV-0004664,PRD-0031,2025-11-19,SALE,-34,Order,ORD-001491
MOV-0004665,PRD-0066,2025-11-19,SALE,-34,Order,ORD-001491
MOV-0004666,PRD-0009,2025-11-19,SALE,-13,Order,ORD-001491
MOV-0004667,PRD-0065,2025-06-13,SALE,-2,Order,ORD-001492
MOV-0004668,PRD-0007,2026-06-30,SALE,-2,Order,ORD-001493
MOV-0004669,PRD-0069,2026-06-30,SALE,-8,Order,ORD-001493
MOV-0004670,PRD-0067,2026-06-30,SALE,-10,Order,ORD-001493
MOV-0004671,PRD-0006,2026-06-30,SALE,-10,Order,ORD-001493
MOV-0004672,PRD-0036,2026-08-16,SALE,-4,Order,ORD-001494
MOV-0004673,PRD-0003,2026-08-16,SALE,-1,Order,ORD-001494
MOV-0004674,PRD-0008,2026-08-16,SALE,-8,Order,ORD-001494
MOV-0004675,PRD-0001,2026-08-16,SALE,-7,Order,ORD-001494
MOV-0004676,PRD-0052,2026-08-16,SALE,-7,Order,ORD-001494
MOV-0004677,PRD-0052,2026-06-02,SALE,-12,Order,ORD-001495
MOV-0004678,PRD-0005,2026-01-21,SALE,-7,Order,ORD-001496
MOV-0004679,PRD-0052,2026-01-21,SALE,-2,Order,ORD-001496
MOV-0004680,PRD-0059,2026-01-21,SALE,-17,Order,ORD-001496
MOV-0004681,PRD-0040,2026-01-21,SALE,-9,Order,ORD-001496
MOV-0004682,PRD-0064,2026-01-21,SALE,-13,Order,ORD-001496
MOV-0004683,PRD-0032,2026-01-24,SALE,-9,Order,ORD-001497
MOV-0004684,PRD-0058,2025-08-23,SALE,-2,Order,ORD-001498
MOV-0004685,PRD-0050,2025-04-22,SALE,-17,Order,ORD-001500
MOV-0004686,PRD-0045,2025-04-22,SALE,-25,Order,ORD-001500
MOV-0004687,PRD-0069,2025-09-06,SALE,-15,Order,ORD-001503
MOV-0004688,PRD-0034,2025-09-06,SALE,-19,Order,ORD-001503
MOV-0004689,PRD-0007,2025-09-06,SALE,-15,Order,ORD-001503
MOV-0004690,PRD-0045,2026-04-17,SALE,-12,Order,ORD-001504
MOV-0004691,PRD-0034,2026-04-17,SALE,-2,Order,ORD-001504
MOV-0004692,PRD-0003,2026-05-20,SALE,-2,Order,ORD-001505
MOV-0004693,PRD-0037,2026-05-20,SALE,-11,Order,ORD-001505
MOV-0004694,PRD-0018,2026-06-01,SALE,-7,Order,ORD-001506
MOV-0004695,PRD-0027,2026-06-01,SALE,-24,Order,ORD-001506
MOV-0004696,PRD-0043,2026-06-01,SALE,-1,Order,ORD-001506
MOV-0004697,PRD-0007,2026-06-01,SALE,-4,Order,ORD-001506
MOV-0004698,PRD-0033,2025-05-23,SALE,-3,Order,ORD-001507
MOV-0004699,PRD-0023,2025-10-12,SALE,-15,Order,ORD-001508
MOV-0004700,PRD-0037,2025-10-12,SALE,-15,Order,ORD-001508
MOV-0004701,PRD-0031,2025-10-12,SALE,-32,Order,ORD-001508
MOV-0004702,PRD-0063,2025-10-12,SALE,-44,Order,ORD-001508
MOV-0004703,PRD-0034,2025-10-12,SALE,-15,Order,ORD-001508
MOV-0004704,PRD-0039,2025-10-12,SALE,-29,Order,ORD-001508
MOV-0004705,PRD-0053,2025-07-18,SALE,-21,Order,ORD-001509
MOV-0004706,PRD-0066,2025-07-18,SALE,-41,Order,ORD-001509
MOV-0004707,PRD-0035,2025-07-18,SALE,-12,Order,ORD-001509
MOV-0004708,PRD-0048,2025-07-18,SALE,-4,Order,ORD-001509
MOV-0004709,PRD-0015,2025-07-18,SALE,-21,Order,ORD-001509
MOV-0004710,PRD-0011,2025-07-18,SALE,-21,Order,ORD-001509
MOV-0004711,PRD-0053,2025-09-21,SALE,-7,Order,ORD-001510
MOV-0004712,PRD-0069,2025-09-21,SALE,-9,Order,ORD-001510
MOV-0004713,PRD-0030,2025-09-21,SALE,-11,Order,ORD-001510
MOV-0004714,PRD-0032,2025-09-21,SALE,-14,Order,ORD-001510
MOV-0004715,PRD-0005,2025-09-21,SALE,-20,Order,ORD-001510
MOV-0004716,PRD-0033,2025-09-21,SALE,-9,Order,ORD-001510
MOV-0004717,PRD-0052,2025-09-21,SALE,-9,Order,ORD-001510
MOV-0004718,PRD-0063,2026-08-31,SALE,-11,Order,ORD-001511
MOV-0004719,PRD-0028,2026-08-31,SALE,-47,Order,ORD-001511
MOV-0004720,PRD-0034,2026-08-31,SALE,-6,Order,ORD-001511
MOV-0004721,PRD-0031,2026-08-31,SALE,-13,Order,ORD-001511
MOV-0004722,PRD-0066,2026-07-06,SALE,-23,Order,ORD-001512
MOV-0004723,PRD-0019,2026-07-06,SALE,-25,Order,ORD-001512
MOV-0004724,PRD-0005,2026-07-06,SALE,-34,Order,ORD-001512
MOV-0004725,PRD-0049,2026-07-06,SALE,-16,Order,ORD-001512
MOV-0004726,PRD-0005,2026-03-08,SALE,-5,Order,ORD-001513
MOV-0004727,PRD-0055,2026-03-08,SALE,-1,Order,ORD-001513
MOV-0004728,PRD-0070,2026-03-08,SALE,-5,Order,ORD-001513
MOV-0004729,PRD-0049,2026-03-08,SALE,-18,Order,ORD-001513
MOV-0004730,PRD-0069,2026-03-08,SALE,-1,Order,ORD-001513
MOV-0004731,PRD-0015,2026-02-25,SALE,-2,Order,ORD-001515
MOV-0004732,PRD-0053,2026-02-25,SALE,-4,Order,ORD-001515
MOV-0004733,PRD-0063,2026-02-25,SALE,-20,Order,ORD-001515
MOV-0004734,PRD-0037,2026-02-25,SALE,-26,Order,ORD-001515
MOV-0004735,PRD-0012,2026-02-25,SALE,-7,Order,ORD-001515
MOV-0004736,PRD-0066,2025-06-17,SALE,-8,Order,ORD-001516
MOV-0004737,PRD-0015,2025-06-17,SALE,-6,Order,ORD-001516
MOV-0004738,PRD-0027,2025-06-17,SALE,-53,Order,ORD-001516
MOV-0004739,PRD-0053,2025-06-17,SALE,-2,Order,ORD-001516
MOV-0004740,PRD-0013,2025-06-17,SALE,-42,Order,ORD-001516
MOV-0004741,PRD-0040,2025-06-17,SALE,-13,Order,ORD-001516
MOV-0004742,PRD-0069,2025-11-03,SALE,-7,Order,ORD-001518
MOV-0004743,PRD-0053,2025-11-03,SALE,-2,Order,ORD-001518
MOV-0004744,PRD-0034,2025-11-03,SALE,-7,Order,ORD-001518
MOV-0004745,PRD-0059,2025-11-03,SALE,-26,Order,ORD-001518
MOV-0004746,PRD-0005,2025-04-21,SALE,-18,Order,ORD-001519
MOV-0004747,PRD-0010,2025-04-21,SALE,-3,Order,ORD-001519
MOV-0004748,PRD-0045,2025-04-21,SALE,-18,Order,ORD-001519
MOV-0004749,PRD-0049,2025-04-21,SALE,-9,Order,ORD-001519
MOV-0004750,PRD-0045,2026-05-14,SALE,-12,Order,ORD-001520
MOV-0004751,PRD-0050,2026-05-14,SALE,-11,Order,ORD-001520
MOV-0004752,PRD-0037,2026-05-14,SALE,-19,Order,ORD-001520
MOV-0004753,PRD-0014,2026-05-14,SALE,-5,Order,ORD-001520
MOV-0004754,PRD-0037,2026-08-23,SALE,-37,Order,ORD-001522
MOV-0004755,PRD-0034,2025-10-09,SALE,-2,Order,ORD-001523
MOV-0004756,PRD-0032,2025-10-09,SALE,-6,Order,ORD-001523
MOV-0004757,PRD-0014,2025-10-09,SALE,-8,Order,ORD-001523
MOV-0004758,PRD-0051,2025-10-09,SALE,-10,Order,ORD-001523
MOV-0004759,PRD-0037,2025-10-09,SALE,-49,Order,ORD-001523
MOV-0004760,PRD-0003,2026-06-12,SALE,-2,Order,ORD-001524
MOV-0004761,PRD-0005,2026-06-12,SALE,-3,Order,ORD-001524
MOV-0004762,PRD-0054,2026-06-12,SALE,-13,Order,ORD-001524
MOV-0004763,PRD-0036,2026-06-12,SALE,-6,Order,ORD-001524
MOV-0004764,PRD-0032,2026-05-27,SALE,-16,Order,ORD-001525
MOV-0004765,PRD-0006,2026-05-27,SALE,-23,Order,ORD-001525
MOV-0004766,PRD-0058,2026-05-27,SALE,-12,Order,ORD-001525
MOV-0004767,PRD-0022,2026-05-27,SALE,-12,Order,ORD-001525
MOV-0004768,PRD-0067,2026-05-27,SALE,-39,Order,ORD-001525
MOV-0004769,PRD-0001,2026-04-15,SALE,-2,Order,ORD-001527
MOV-0004770,PRD-0008,2026-04-15,SALE,-5,Order,ORD-001527
MOV-0004771,PRD-0028,2026-04-15,SALE,-61,Order,ORD-001527
MOV-0004772,PRD-0070,2026-04-15,SALE,-24,Order,ORD-001527
MOV-0004773,PRD-0043,2026-04-15,SALE,-12,Order,ORD-001527
MOV-0004774,PRD-0066,2025-12-09,SALE,-31,Order,ORD-001528
MOV-0004775,PRD-0017,2025-12-09,SALE,-2,Order,ORD-001528
MOV-0004776,PRD-0011,2026-01-26,SALE,-5,Order,ORD-001529
MOV-0004777,PRD-0050,2026-01-26,SALE,-13,Order,ORD-001529
MOV-0004778,PRD-0018,2025-12-26,SALE,-2,Order,ORD-001530
MOV-0004779,PRD-0013,2025-12-26,SALE,-13,Order,ORD-001530
MOV-0004780,PRD-0052,2025-12-26,SALE,-6,Order,ORD-001530
MOV-0004781,PRD-0021,2025-12-26,SALE,-6,Order,ORD-001530
MOV-0004782,PRD-0065,2025-12-26,SALE,-6,Order,ORD-001530
MOV-0004783,PRD-0034,2026-01-19,SALE,-11,Order,ORD-001531
MOV-0004784,PRD-0053,2026-01-19,SALE,-7,Order,ORD-001531
MOV-0004785,PRD-0006,2026-01-19,SALE,-11,Order,ORD-001531
MOV-0004786,PRD-0058,2026-01-19,SALE,-9,Order,ORD-001531
MOV-0004787,PRD-0066,2026-01-19,SALE,-20,Order,ORD-001531
MOV-0004788,PRD-0053,2026-08-22,SALE,-6,Order,ORD-001533
MOV-0004789,PRD-0013,2026-08-22,SALE,-74,Order,ORD-001533
MOV-0004790,PRD-0037,2026-08-22,SALE,-47,Order,ORD-001533
MOV-0004791,PRD-0062,2026-07-23,SALE,-15,Order,ORD-001534
MOV-0004792,PRD-0057,2026-07-23,SALE,-2,Order,ORD-001534
MOV-0004793,PRD-0003,2026-07-23,SALE,-6,Order,ORD-001534
MOV-0004794,PRD-0010,2026-07-23,SALE,-2,Order,ORD-001534
MOV-0004795,PRD-0021,2025-04-21,SALE,-20,Order,ORD-001535
MOV-0004796,PRD-0066,2025-04-21,SALE,-46,Order,ORD-001535
MOV-0004797,PRD-0005,2026-02-20,SALE,-24,Order,ORD-001536
MOV-0004798,PRD-0049,2026-02-20,SALE,-24,Order,ORD-001536
MOV-0004799,PRD-0021,2026-02-20,SALE,-2,Order,ORD-001536
MOV-0004800,PRD-0027,2026-07-21,SALE,-3,Order,ORD-001537
MOV-0004801,PRD-0016,2026-07-21,SALE,-3,Order,ORD-001537
MOV-0004802,PRD-0066,2026-07-21,SALE,-5,Order,ORD-001537
MOV-0004803,PRD-0066,2025-06-08,SALE,-7,Order,ORD-001538
MOV-0004804,PRD-0005,2025-06-08,SALE,-37,Order,ORD-001538
MOV-0004805,PRD-0034,2025-06-08,SALE,-7,Order,ORD-001538
MOV-0004806,PRD-0044,2025-06-08,SALE,-20,Order,ORD-001538
MOV-0004807,PRD-0052,2026-03-05,SALE,-14,Order,ORD-001539
MOV-0004808,PRD-0034,2026-03-05,SALE,-21,Order,ORD-001539
MOV-0004809,PRD-0066,2026-03-05,SALE,-39,Order,ORD-001539
MOV-0004810,PRD-0040,2026-07-09,SALE,-6,Order,ORD-001545
MOV-0004811,PRD-0035,2026-07-09,SALE,-2,Order,ORD-001545
MOV-0004812,PRD-0022,2026-07-09,SALE,-7,Order,ORD-001545
MOV-0004813,PRD-0007,2026-03-04,SALE,-2,Order,ORD-001546
MOV-0004814,PRD-0026,2026-03-26,SALE,-20,Order,ORD-001547
MOV-0004815,PRD-0050,2026-03-26,SALE,-20,Order,ORD-001547
MOV-0004816,PRD-0023,2026-03-26,SALE,-16,Order,ORD-001547
MOV-0004817,PRD-0061,2025-07-25,SALE,-14,Order,ORD-001548
MOV-0004818,PRD-0064,2025-07-25,SALE,-21,Order,ORD-001548
MOV-0004819,PRD-0066,2025-07-25,SALE,-35,Order,ORD-001548
MOV-0004820,PRD-0034,2025-07-25,SALE,-21,Order,ORD-001548
MOV-0004821,PRD-0038,2025-07-25,SALE,-3,Order,ORD-001548
MOV-0004822,PRD-0037,2025-07-25,SALE,-62,Order,ORD-001548
MOV-0004823,PRD-0007,2025-03-12,SALE,-8,Order,ORD-001549
MOV-0004824,PRD-0069,2025-03-12,SALE,-8,Order,ORD-001549
MOV-0004825,PRD-0046,2025-03-12,SALE,-12,Order,ORD-001549
MOV-0004826,PRD-0037,2025-03-12,SALE,-47,Order,ORD-001549
MOV-0004827,PRD-0057,2025-03-12,SALE,-8,Order,ORD-001549
MOV-0004828,PRD-0066,2025-06-22,SALE,-42,Order,ORD-001550
MOV-0004829,PRD-0036,2025-06-22,SALE,-6,Order,ORD-001550
MOV-0004830,PRD-0034,2025-06-22,SALE,-15,Order,ORD-001550
MOV-0004831,PRD-0011,2025-06-22,SALE,-18,Order,ORD-001550
MOV-0004832,PRD-0029,2025-06-22,SALE,-15,Order,ORD-001550
MOV-0004833,PRD-0042,2025-06-22,SALE,-27,Order,ORD-001550
MOV-0004834,PRD-0058,2026-07-04,SALE,-4,Order,ORD-001551
MOV-0004835,PRD-0009,2026-07-04,SALE,-10,Order,ORD-001551
MOV-0004836,PRD-0027,2026-07-19,SALE,-11,Order,ORD-001554
MOV-0004837,PRD-0040,2026-07-19,SALE,-4,Order,ORD-001554
MOV-0004838,PRD-0069,2026-07-19,SALE,-3,Order,ORD-001554
MOV-0004839,PRD-0032,2026-05-06,SALE,-12,Order,ORD-001555
MOV-0004840,PRD-0027,2026-05-06,SALE,-79,Order,ORD-001555
MOV-0004841,PRD-0052,2025-11-10,SALE,-4,Order,ORD-001556
MOV-0004842,PRD-0025,2025-11-10,SALE,-4,Order,ORD-001556
MOV-0004843,PRD-0005,2025-11-10,SALE,-7,Order,ORD-001556
MOV-0004844,PRD-0007,2025-11-10,SALE,-6,Order,ORD-001556
MOV-0004845,PRD-0064,2025-11-10,SALE,-6,Order,ORD-001556
MOV-0004846,PRD-0027,2026-06-03,SALE,-49,Order,ORD-001557
MOV-0004847,PRD-0064,2026-06-03,SALE,-2,Order,ORD-001557
MOV-0004848,PRD-0029,2026-06-03,SALE,-2,Order,ORD-001557
MOV-0004849,PRD-0005,2026-06-03,SALE,-20,Order,ORD-001557
MOV-0004850,PRD-0030,2026-06-03,SALE,-18,Order,ORD-001557
MOV-0004851,PRD-0045,2025-10-19,SALE,-11,Order,ORD-001558
MOV-0004852,PRD-0009,2025-10-19,SALE,-11,Order,ORD-001558
MOV-0004853,PRD-0015,2026-05-25,SALE,-2,Order,ORD-001560
MOV-0004854,PRD-0052,2026-05-25,SALE,-4,Order,ORD-001560
MOV-0004855,PRD-0042,2026-05-25,SALE,-10,Order,ORD-001560
MOV-0004856,PRD-0026,2025-05-28,SALE,-20,Order,ORD-001561
MOV-0004857,PRD-0009,2025-05-28,SALE,-2,Order,ORD-001561
MOV-0004858,PRD-0031,2025-05-28,SALE,-8,Order,ORD-001561
MOV-0004859,PRD-0009,2025-03-24,SALE,-11,Order,ORD-001562
MOV-0004860,PRD-0061,2026-04-11,SALE,-23,Order,ORD-001563
MOV-0004861,PRD-0070,2026-04-11,SALE,-20,Order,ORD-001563
MOV-0004862,PRD-0007,2026-04-11,SALE,-11,Order,ORD-001563
MOV-0004863,PRD-0031,2025-08-22,SALE,-43,Order,ORD-001564
MOV-0004864,PRD-0045,2025-08-22,SALE,-51,Order,ORD-001564
MOV-0004865,PRD-0028,2025-05-09,SALE,-32,Order,ORD-001565
MOV-0004866,PRD-0051,2025-05-09,SALE,-30,Order,ORD-001565
MOV-0004867,PRD-0064,2025-03-26,SALE,-2,Order,ORD-001569
MOV-0004868,PRD-0003,2025-12-23,SALE,-5,Order,ORD-001571
MOV-0004869,PRD-0005,2025-12-23,SALE,-12,Order,ORD-001571
MOV-0004870,PRD-0050,2025-12-23,SALE,-4,Order,ORD-001571
MOV-0004871,PRD-0032,2025-12-23,SALE,-2,Order,ORD-001571
MOV-0004872,PRD-0034,2025-05-29,SALE,-7,Order,ORD-001572
MOV-0004873,PRD-0043,2025-05-29,SALE,-7,Order,ORD-001572
MOV-0004874,PRD-0005,2025-05-29,SALE,-15,Order,ORD-001572
MOV-0004875,PRD-0057,2025-05-29,SALE,-11,Order,ORD-001572
MOV-0004876,PRD-0066,2025-05-29,SALE,-31,Order,ORD-001572
MOV-0004877,PRD-0063,2025-05-29,SALE,-31,Order,ORD-001572
MOV-0004878,PRD-0036,2025-05-29,SALE,-2,Order,ORD-001572
MOV-0004879,PRD-0057,2026-04-23,SALE,-4,Order,ORD-001573
MOV-0004880,PRD-0045,2026-04-23,SALE,-39,Order,ORD-001573
MOV-0004881,PRD-0028,2026-04-23,SALE,-25,Order,ORD-001573
MOV-0004882,PRD-0069,2026-04-23,SALE,-14,Order,ORD-001573
MOV-0004883,PRD-0037,2025-07-02,SALE,-49,Order,ORD-001574
MOV-0004884,PRD-0005,2025-07-02,SALE,-41,Order,ORD-001574
MOV-0004885,PRD-0034,2025-07-02,SALE,-11,Order,ORD-001574
MOV-0004886,PRD-0032,2025-07-02,SALE,-8,Order,ORD-001574
MOV-0004887,PRD-0052,2025-12-27,SALE,-8,Order,ORD-001576
MOV-0004888,PRD-0066,2025-12-27,SALE,-38,Order,ORD-001576
MOV-0004889,PRD-0034,2025-12-27,SALE,-23,Order,ORD-001576
MOV-0004890,PRD-0045,2025-12-27,SALE,-57,Order,ORD-001576
MOV-0004891,PRD-0053,2025-12-27,SALE,-11,Order,ORD-001576
MOV-0004892,PRD-0014,2025-12-27,SALE,-8,Order,ORD-001576
MOV-0004893,PRD-0034,2025-12-24,SALE,-2,Order,ORD-001577
MOV-0004894,PRD-0007,2025-12-24,SALE,-2,Order,ORD-001577
MOV-0004895,PRD-0069,2025-12-24,SALE,-9,Order,ORD-001577
MOV-0004896,PRD-0049,2025-12-24,SALE,-23,Order,ORD-001577
MOV-0004897,PRD-0066,2025-12-24,SALE,-11,Order,ORD-001577
MOV-0004898,PRD-0005,2026-02-02,SALE,-46,Order,ORD-001578
MOV-0004899,PRD-0038,2026-02-02,SALE,-21,Order,ORD-001578
MOV-0004900,PRD-0009,2026-04-13,SALE,-13,Order,ORD-001579
MOV-0004901,PRD-0031,2026-04-13,SALE,-28,Order,ORD-001579
MOV-0004902,PRD-0066,2026-04-13,SALE,-26,Order,ORD-001579
MOV-0004903,PRD-0034,2026-04-13,SALE,-6,Order,ORD-001579
MOV-0004904,PRD-0044,2025-12-13,SALE,-37,Order,ORD-001580
MOV-0004905,PRD-0033,2025-12-13,SALE,-2,Order,ORD-001580
MOV-0004906,PRD-0009,2025-12-13,SALE,-2,Order,ORD-001580
MOV-0004907,PRD-0036,2025-12-13,SALE,-11,Order,ORD-001580
MOV-0004908,PRD-0003,2026-05-16,SALE,-10,Order,ORD-001581
MOV-0004909,PRD-0053,2026-05-16,SALE,-3,Order,ORD-001581
MOV-0004910,PRD-0028,2026-05-16,SALE,-23,Order,ORD-001581
MOV-0004911,PRD-0038,2026-05-16,SALE,-2,Order,ORD-001581
MOV-0004912,PRD-0034,2025-12-28,SALE,-8,Order,ORD-001582
MOV-0004913,PRD-0007,2025-12-28,SALE,-6,Order,ORD-001582
MOV-0004914,PRD-0058,2026-08-13,SALE,-14,Order,ORD-001583
MOV-0004915,PRD-0066,2026-08-13,SALE,-32,Order,ORD-001583
MOV-0004916,PRD-0005,2026-08-13,SALE,-22,Order,ORD-001583
MOV-0004917,PRD-0068,2026-08-13,SALE,-8,Order,ORD-001583
MOV-0004918,PRD-0006,2025-12-31,SALE,-3,Order,ORD-001584
MOV-0004919,PRD-0054,2025-12-31,SALE,-8,Order,ORD-001584
MOV-0004920,PRD-0033,2025-12-31,SALE,-3,Order,ORD-001584
MOV-0004921,PRD-0027,2025-12-31,SALE,-32,Order,ORD-001584
MOV-0004922,PRD-0003,2025-12-31,SALE,-16,Order,ORD-001584
MOV-0004923,PRD-0035,2025-12-31,SALE,-11,Order,ORD-001584
MOV-0004924,PRD-0024,2025-11-25,SALE,-36,Order,ORD-001586
MOV-0004925,PRD-0053,2025-11-25,SALE,-9,Order,ORD-001586
MOV-0004926,PRD-0069,2026-04-10,SALE,-7,Order,ORD-001587
MOV-0004927,PRD-0033,2026-02-24,SALE,-17,Order,ORD-001588
MOV-0004928,PRD-0007,2026-02-24,SALE,-17,Order,ORD-001588
MOV-0004929,PRD-0050,2026-06-25,SALE,-62,Order,ORD-001589
MOV-0004930,PRD-0066,2026-06-25,SALE,-29,Order,ORD-001589
MOV-0004931,PRD-0053,2026-06-25,SALE,-21,Order,ORD-001589
MOV-0004932,PRD-0058,2026-03-20,SALE,-1,Order,ORD-001590
MOV-0004933,PRD-0035,2026-03-20,SALE,-3,Order,ORD-001590
MOV-0004934,PRD-0051,2025-07-05,SALE,-22,Order,ORD-001591
MOV-0004935,PRD-0031,2025-07-05,SALE,-31,Order,ORD-001591
MOV-0004936,PRD-0026,2025-07-05,SALE,-31,Order,ORD-001591
MOV-0004937,PRD-0034,2025-07-05,SALE,-3,Order,ORD-001591
MOV-0004938,PRD-0067,2025-07-05,SALE,-15,Order,ORD-001591
MOV-0004939,PRD-0005,2025-07-05,SALE,-40,Order,ORD-001591
MOV-0004940,PRD-0004,2026-06-07,SALE,-11,Order,ORD-001592
MOV-0004941,PRD-0053,2026-06-07,SALE,-6,Order,ORD-001592
MOV-0004942,PRD-0027,2026-06-07,SALE,-11,Order,ORD-001592
MOV-0004943,PRD-0030,2026-06-07,SALE,-11,Order,ORD-001592
MOV-0004944,PRD-0005,2025-09-12,SALE,-6,Order,ORD-001593
MOV-0004945,PRD-0011,2025-09-12,SALE,-3,Order,ORD-001593
MOV-0004946,PRD-0034,2026-03-19,SALE,-3,Order,ORD-001594
MOV-0004947,PRD-0069,2026-03-19,SALE,-13,Order,ORD-001594
MOV-0004948,PRD-0004,2026-03-19,SALE,-39,Order,ORD-001594
MOV-0004949,PRD-0037,2026-03-19,SALE,-26,Order,ORD-001594
MOV-0004950,PRD-0017,2026-03-19,SALE,-7,Order,ORD-001594
MOV-0004951,PRD-0009,2026-03-19,SALE,-3,Order,ORD-001594
MOV-0004952,PRD-0034,2025-11-07,SALE,-2,Order,ORD-001596
MOV-0004953,PRD-0031,2026-01-27,SALE,-15,Order,ORD-001597
MOV-0004954,PRD-0052,2026-01-27,SALE,-9,Order,ORD-001597
MOV-0004955,PRD-0060,2026-01-27,SALE,-12,Order,ORD-001597
MOV-0004956,PRD-0044,2025-11-15,SALE,-20,Order,ORD-001598
MOV-0004957,PRD-0057,2025-11-15,SALE,-1,Order,ORD-001598
MOV-0004958,PRD-0016,2025-11-15,SALE,-7,Order,ORD-001598
MOV-0004959,PRD-0031,2025-11-15,SALE,-14,Order,ORD-001598
MOV-0004960,PRD-0068,2025-12-20,SALE,-4,Order,ORD-001599
MOV-0004961,PRD-0066,2025-12-20,SALE,-14,Order,ORD-001599
MOV-0004962,PRD-0029,2025-12-20,SALE,-6,Order,ORD-001599
MOV-0004963,PRD-0013,2025-12-20,SALE,-30,Order,ORD-001599
MOV-0004964,PRD-0019,2025-12-20,SALE,-17,Order,ORD-001599
MOV-0004965,PRD-0069,2026-07-25,SALE,-1,Order,ORD-001601
MOV-0004966,PRD-0007,2026-08-28,SALE,-7,Order,ORD-001602
MOV-0004967,PRD-0066,2026-08-28,SALE,-36,Order,ORD-001602
MOV-0004968,PRD-0045,2026-08-28,SALE,-10,Order,ORD-001602
MOV-0004969,PRD-0032,2026-01-04,SALE,-2,Order,ORD-001603
MOV-0004970,PRD-0053,2026-02-13,SALE,-20,Order,ORD-001604
MOV-0004971,PRD-0008,2026-02-13,SALE,-16,Order,ORD-001604
MOV-0004972,PRD-0021,2026-05-27,SALE,-15,Order,ORD-001606
MOV-0004973,PRD-0037,2026-05-27,SALE,-55,Order,ORD-001606
MOV-0004974,PRD-0016,2026-05-27,SALE,-15,Order,ORD-001606
MOV-0004975,PRD-0017,2026-05-27,SALE,-3,Order,ORD-001606
MOV-0004976,PRD-0057,2026-05-27,SALE,-8,Order,ORD-001606
MOV-0004977,PRD-0030,2026-05-27,SALE,-28,Order,ORD-001606
MOV-0004978,PRD-0034,2026-05-27,SALE,-15,Order,ORD-001606
MOV-0004979,PRD-0053,2026-08-19,SALE,-2,Order,ORD-001607
MOV-0004980,PRD-0037,2026-08-19,SALE,-47,Order,ORD-001607
MOV-0004981,PRD-0050,2026-08-19,SALE,-27,Order,ORD-001607
MOV-0004982,PRD-0045,2026-08-19,SALE,-30,Order,ORD-001607
MOV-0004983,PRD-0022,2026-01-29,SALE,-15,Order,ORD-001608
MOV-0004984,PRD-0045,2026-01-29,SALE,-37,Order,ORD-001608
MOV-0004985,PRD-0023,2026-01-29,SALE,-3,Order,ORD-001608
MOV-0004986,PRD-0045,2026-02-27,SALE,-15,Order,ORD-001609
MOV-0004987,PRD-0002,2026-02-27,SALE,-20,Order,ORD-001609
MOV-0004988,PRD-0005,2026-02-27,SALE,-9,Order,ORD-001609
MOV-0004989,PRD-0004,2026-02-27,SALE,-17,Order,ORD-001609
MOV-0004990,PRD-0027,2026-02-22,SALE,-28,Order,ORD-001610
MOV-0004991,PRD-0070,2026-02-22,SALE,-28,Order,ORD-001610
MOV-0004992,PRD-0052,2026-02-22,SALE,-5,Order,ORD-001610
MOV-0004993,PRD-0064,2026-06-14,SALE,-10,Order,ORD-001611
MOV-0004994,PRD-0005,2026-08-18,SALE,-28,Order,ORD-001612
MOV-0004995,PRD-0052,2026-08-18,SALE,-14,Order,ORD-001612
MOV-0004996,PRD-0033,2025-12-10,SALE,-2,Order,ORD-001614
MOV-0004997,PRD-0069,2025-12-10,SALE,-2,Order,ORD-001614
MOV-0004998,PRD-0004,2025-11-13,SALE,-61,Order,ORD-001616
MOV-0004999,PRD-0034,2025-11-13,SALE,-12,Order,ORD-001616
MOV-0005000,PRD-0060,2025-11-13,SALE,-12,Order,ORD-001616
MOV-0005001,PRD-0065,2025-11-13,SALE,-36,Order,ORD-001616
MOV-0005002,PRD-0007,2025-11-13,SALE,-16,Order,ORD-001616
MOV-0005003,PRD-0031,2025-11-13,SALE,-57,Order,ORD-001616
MOV-0005004,PRD-0070,2025-11-13,SALE,-20,Order,ORD-001616
MOV-0005005,PRD-0058,2026-08-28,SALE,-10,Order,ORD-001617
MOV-0005006,PRD-0052,2026-08-28,SALE,-12,Order,ORD-001617
MOV-0005007,PRD-0007,2026-03-15,SALE,-4,Order,ORD-001618
MOV-0005008,PRD-0009,2026-03-15,SALE,-2,Order,ORD-001618
MOV-0005009,PRD-0003,2026-07-02,SALE,-4,Order,ORD-001621
MOV-0005010,PRD-0036,2026-04-26,SALE,-15,Order,ORD-001622
MOV-0005011,PRD-0009,2026-04-26,SALE,-3,Order,ORD-001622
MOV-0005012,PRD-0005,2026-04-26,SALE,-28,Order,ORD-001622
MOV-0005013,PRD-0057,2026-04-26,SALE,-12,Order,ORD-001622
MOV-0005014,PRD-0036,2025-06-23,SALE,-8,Order,ORD-001624
MOV-0005015,PRD-0058,2025-06-23,SALE,-16,Order,ORD-001624
MOV-0005016,PRD-0005,2025-06-23,SALE,-56,Order,ORD-001624
MOV-0005017,PRD-0045,2025-06-23,SALE,-28,Order,ORD-001624
MOV-0005018,PRD-0033,2025-06-23,SALE,-16,Order,ORD-001624
MOV-0005019,PRD-0017,2025-11-24,SALE,-23,Order,ORD-001625
MOV-0005020,PRD-0058,2025-11-24,SALE,-4,Order,ORD-001625
MOV-0005021,PRD-0034,2025-11-24,SALE,-8,Order,ORD-001625
MOV-0005022,PRD-0069,2025-11-24,SALE,-4,Order,ORD-001625
MOV-0005023,PRD-0063,2025-11-24,SALE,-74,Order,ORD-001625
MOV-0005024,PRD-0031,2026-06-25,SALE,-14,Order,ORD-001626
MOV-0005025,PRD-0009,2026-06-25,SALE,-5,Order,ORD-001626
MOV-0005026,PRD-0048,2026-06-25,SALE,-7,Order,ORD-001626
MOV-0005027,PRD-0013,2026-06-28,SALE,-28,Order,ORD-001627
MOV-0005028,PRD-0038,2026-06-28,SALE,-6,Order,ORD-001627
MOV-0005029,PRD-0025,2026-06-28,SALE,-10,Order,ORD-001627
MOV-0005030,PRD-0052,2026-06-28,SALE,-10,Order,ORD-001627
MOV-0005031,PRD-0036,2026-06-28,SALE,-2,Order,ORD-001627
MOV-0005032,PRD-0007,2026-06-28,SALE,-4,Order,ORD-001627
MOV-0005033,PRD-0021,2025-03-12,SALE,-10,Order,ORD-001629
MOV-0005034,PRD-0052,2025-03-12,SALE,-10,Order,ORD-001629
MOV-0005035,PRD-0069,2025-03-12,SALE,-16,Order,ORD-001629
MOV-0005036,PRD-0007,2025-03-12,SALE,-19,Order,ORD-001629
MOV-0005037,PRD-0023,2025-03-12,SALE,-6,Order,ORD-001629
MOV-0005038,PRD-0017,2025-03-12,SALE,-19,Order,ORD-001629
MOV-0005039,PRD-0034,2025-03-12,SALE,-16,Order,ORD-001629
MOV-0005040,PRD-0024,2025-03-10,SALE,-27,Order,ORD-001630
MOV-0005041,PRD-0069,2025-03-10,SALE,-5,Order,ORD-001630
MOV-0005042,PRD-0052,2026-07-24,SALE,-14,Order,ORD-001631
MOV-0005043,PRD-0050,2026-07-24,SALE,-7,Order,ORD-001631
MOV-0005044,PRD-0011,2026-07-24,SALE,-12,Order,ORD-001631
MOV-0005045,PRD-0053,2026-07-24,SALE,-7,Order,ORD-001631
MOV-0005046,PRD-0006,2026-08-31,SALE,-10,Order,ORD-001632
MOV-0005047,PRD-0059,2026-08-31,SALE,-18,Order,ORD-001632
MOV-0005048,PRD-0045,2026-08-17,SALE,-9,Order,ORD-001634
MOV-0005049,PRD-0051,2026-08-17,SALE,-13,Order,ORD-001634
MOV-0005050,PRD-0061,2026-08-17,SALE,-24,Order,ORD-001634
MOV-0005051,PRD-0053,2026-08-17,SALE,-4,Order,ORD-001634
MOV-0005052,PRD-0034,2026-08-17,SALE,-4,Order,ORD-001634
MOV-0005053,PRD-0037,2025-07-23,SALE,-10,Order,ORD-001635
MOV-0005054,PRD-0070,2025-07-23,SALE,-10,Order,ORD-001635
MOV-0005055,PRD-0037,2026-08-23,SALE,-35,Order,ORD-001636
MOV-0005056,PRD-0069,2026-08-23,SALE,-1,Order,ORD-001636
MOV-0005057,PRD-0036,2026-08-23,SALE,-7,Order,ORD-001636
MOV-0005058,PRD-0049,2025-08-31,SALE,-11,Order,ORD-001637
MOV-0005059,PRD-0059,2025-08-31,SALE,-21,Order,ORD-001637
MOV-0005060,PRD-0007,2025-08-31,SALE,-16,Order,ORD-001637
MOV-0005061,PRD-0032,2025-08-31,SALE,-5,Order,ORD-001637
MOV-0005062,PRD-0052,2025-05-23,SALE,-8,Order,ORD-001638
MOV-0005063,PRD-0045,2025-05-23,SALE,-33,Order,ORD-001638
MOV-0005064,PRD-0005,2025-05-23,SALE,-33,Order,ORD-001638
MOV-0005065,PRD-0050,2026-03-25,SALE,-11,Order,ORD-001639
MOV-0005066,PRD-0005,2026-03-25,SALE,-5,Order,ORD-001639
MOV-0005067,PRD-0055,2026-03-25,SALE,-11,Order,ORD-001639
MOV-0005068,PRD-0045,2026-03-25,SALE,-27,Order,ORD-001639
MOV-0005069,PRD-0060,2026-03-25,SALE,-5,Order,ORD-001639
MOV-0005070,PRD-0066,2026-06-07,SALE,-21,Order,ORD-001640
MOV-0005071,PRD-0032,2026-06-07,SALE,-16,Order,ORD-001640
MOV-0005072,PRD-0034,2026-06-07,SALE,-3,Order,ORD-001640
MOV-0005073,PRD-0057,2026-08-29,SALE,-1,Order,ORD-001641
MOV-0005074,PRD-0051,2026-03-24,SALE,-22,Order,ORD-001642
MOV-0005075,PRD-0017,2026-03-24,SALE,-7,Order,ORD-001642
MOV-0005076,PRD-0065,2026-03-24,SALE,-7,Order,ORD-001642
MOV-0005077,PRD-0019,2026-03-24,SALE,-7,Order,ORD-001642
MOV-0005078,PRD-0005,2026-03-24,SALE,-3,Order,ORD-001642
MOV-0005079,PRD-0031,2026-06-27,SALE,-10,Order,ORD-001644
MOV-0005080,PRD-0037,2026-06-27,SALE,-38,Order,ORD-001644
MOV-0005081,PRD-0034,2026-04-29,SALE,-10,Order,ORD-001646
MOV-0005082,PRD-0032,2026-04-29,SALE,-13,Order,ORD-001646
MOV-0005083,PRD-0027,2026-04-29,SALE,-23,Order,ORD-001646
MOV-0005084,PRD-0012,2026-04-29,SALE,-10,Order,ORD-001646
MOV-0005085,PRD-0014,2026-04-29,SALE,-7,Order,ORD-001646
MOV-0005086,PRD-0007,2026-04-29,SALE,-3,Order,ORD-001646
MOV-0005087,PRD-0013,2026-04-29,SALE,-59,Order,ORD-001646
MOV-0005088,PRD-0034,2026-04-30,SALE,-1,Order,ORD-001647
MOV-0005089,PRD-0062,2026-04-30,SALE,-7,Order,ORD-001647
MOV-0005090,PRD-0027,2026-04-30,SALE,-21,Order,ORD-001647
MOV-0005091,PRD-0037,2026-07-26,SALE,-48,Order,ORD-001648
MOV-0005092,PRD-0034,2026-07-26,SALE,-13,Order,ORD-001648
MOV-0005093,PRD-0056,2026-07-26,SALE,-16,Order,ORD-001648
MOV-0005094,PRD-0069,2026-07-26,SALE,-13,Order,ORD-001648
MOV-0005095,PRD-0019,2026-07-26,SALE,-45,Order,ORD-001648
MOV-0005096,PRD-0045,2026-07-26,SALE,-10,Order,ORD-001648
MOV-0005097,PRD-0030,2026-07-26,SALE,-10,Order,ORD-001648
MOV-0005098,PRD-0045,2025-07-23,SALE,-18,Order,ORD-001649
MOV-0005099,PRD-0039,2025-07-23,SALE,-6,Order,ORD-001649
MOV-0005100,PRD-0033,2025-07-23,SALE,-8,Order,ORD-001649
MOV-0005101,PRD-0069,2026-06-28,SALE,-4,Order,ORD-001650
MOV-0005102,PRD-0034,2026-06-28,SALE,-4,Order,ORD-001650
MOV-0005103,PRD-0043,2026-06-28,SALE,-4,Order,ORD-001650
MOV-0005104,PRD-0021,2026-06-28,SALE,-4,Order,ORD-001650
MOV-0005105,PRD-0027,2025-04-12,SALE,-20,Order,ORD-001651
MOV-0005106,PRD-0047,2025-04-12,SALE,-4,Order,ORD-001651
MOV-0005107,PRD-0011,2025-04-12,SALE,-4,Order,ORD-001651
MOV-0005108,PRD-0016,2025-04-12,SALE,-4,Order,ORD-001651
MOV-0005109,PRD-0029,2025-04-12,SALE,-4,Order,ORD-001651
MOV-0005110,PRD-0052,2025-04-12,SALE,-13,Order,ORD-001651
MOV-0005111,PRD-0069,2025-04-12,SALE,-13,Order,ORD-001651
MOV-0005112,PRD-0004,2026-08-16,SALE,-44,Order,ORD-001652
MOV-0005113,PRD-0011,2026-08-16,SALE,-7,Order,ORD-001652
MOV-0005114,PRD-0017,2026-08-16,SALE,-14,Order,ORD-001652
MOV-0005115,PRD-0068,2026-08-16,SALE,-20,Order,ORD-001652
MOV-0005116,PRD-0016,2026-01-12,SALE,-9,Order,ORD-001653
MOV-0005117,PRD-0005,2026-01-12,SALE,-17,Order,ORD-001653
MOV-0005118,PRD-0064,2026-01-12,SALE,-9,Order,ORD-001653
MOV-0005119,PRD-0009,2026-01-12,SALE,-17,Order,ORD-001653
MOV-0005120,PRD-0003,2026-01-12,SALE,-3,Order,ORD-001653
MOV-0005121,PRD-0007,2026-01-12,SALE,-6,Order,ORD-001653
MOV-0005122,PRD-0048,2026-01-12,SALE,-6,Order,ORD-001653
MOV-0005123,PRD-0004,2025-11-27,SALE,-11,Order,ORD-001654
MOV-0005124,PRD-0026,2025-11-27,SALE,-16,Order,ORD-001654
MOV-0005125,PRD-0006,2025-11-27,SALE,-7,Order,ORD-001654
MOV-0005126,PRD-0007,2025-11-27,SALE,-3,Order,ORD-001654
MOV-0005127,PRD-0032,2025-11-27,SALE,-4,Order,ORD-001654
MOV-0005128,PRD-0027,2026-01-23,SALE,-10,Order,ORD-001657
MOV-0005129,PRD-0040,2026-01-23,SALE,-4,Order,ORD-001657
MOV-0005130,PRD-0063,2026-03-09,SALE,-11,Order,ORD-001658
MOV-0005131,PRD-0005,2026-03-09,SALE,-2,Order,ORD-001658
MOV-0005132,PRD-0069,2026-03-09,SALE,-3,Order,ORD-001658
MOV-0005133,PRD-0050,2026-03-06,SALE,-20,Order,ORD-001659
MOV-0005134,PRD-0031,2026-03-06,SALE,-30,Order,ORD-001659
MOV-0005135,PRD-0045,2026-03-06,SALE,-30,Order,ORD-001659
MOV-0005136,PRD-0022,2026-03-06,SALE,-4,Order,ORD-001659
MOV-0005137,PRD-0069,2026-03-06,SALE,-13,Order,ORD-001659
MOV-0005138,PRD-0037,2026-01-19,SALE,-24,Order,ORD-001661
MOV-0005139,PRD-0057,2026-01-19,SALE,-3,Order,ORD-001661
MOV-0005140,PRD-0039,2026-07-30,SALE,-46,Order,ORD-001662
MOV-0005141,PRD-0008,2026-07-30,SALE,-20,Order,ORD-001662
MOV-0005142,PRD-0069,2026-07-30,SALE,-20,Order,ORD-001662
MOV-0005143,PRD-0023,2026-03-20,SALE,-4,Order,ORD-001664
MOV-0005144,PRD-0050,2026-03-20,SALE,-20,Order,ORD-001664
MOV-0005145,PRD-0033,2025-06-29,SALE,-5,Order,ORD-001666
MOV-0005146,PRD-0023,2025-06-29,SALE,-5,Order,ORD-001666
MOV-0005147,PRD-0036,2025-06-29,SALE,-7,Order,ORD-001666
MOV-0005148,PRD-0045,2025-06-29,SALE,-12,Order,ORD-001666
MOV-0005149,PRD-0058,2025-03-20,SALE,-11,Order,ORD-001667
MOV-0005150,PRD-0034,2025-03-20,SALE,-8,Order,ORD-001667
MOV-0005151,PRD-0037,2025-03-20,SALE,-38,Order,ORD-001667
MOV-0005152,PRD-0022,2025-03-20,SALE,-8,Order,ORD-001667
MOV-0005153,PRD-0054,2025-03-20,SALE,-25,Order,ORD-001667
MOV-0005154,PRD-0066,2025-12-31,SALE,-20,Order,ORD-001668
MOV-0005155,PRD-0063,2025-12-31,SALE,-47,Order,ORD-001668
MOV-0005156,PRD-0011,2025-06-28,SALE,-7,Order,ORD-001669
MOV-0005157,PRD-0066,2025-06-28,SALE,-11,Order,ORD-001669
MOV-0005158,PRD-0034,2025-06-28,SALE,-11,Order,ORD-001669
MOV-0005159,PRD-0033,2025-06-28,SALE,-11,Order,ORD-001669
MOV-0005160,PRD-0027,2025-06-28,SALE,-64,Order,ORD-001669
MOV-0005161,PRD-0022,2025-08-27,SALE,-3,Order,ORD-001670
MOV-0005162,PRD-0058,2025-08-27,SALE,-1,Order,ORD-001670
MOV-0005163,PRD-0037,2025-08-27,SALE,-34,Order,ORD-001670
MOV-0005164,PRD-0017,2025-08-27,SALE,-9,Order,ORD-001670
MOV-0005165,PRD-0003,2026-07-15,SALE,-5,Order,ORD-001671
MOV-0005166,PRD-0007,2026-06-19,SALE,-2,Order,ORD-001672
MOV-0005167,PRD-0034,2026-06-19,SALE,-4,Order,ORD-001672
MOV-0005168,PRD-0027,2025-09-01,SALE,-22,Order,ORD-001673
MOV-0005169,PRD-0050,2025-05-30,SALE,-36,Order,ORD-001674
MOV-0005170,PRD-0011,2025-05-30,SALE,-10,Order,ORD-001674
MOV-0005171,PRD-0066,2025-05-30,SALE,-36,Order,ORD-001674
MOV-0005172,PRD-0058,2025-09-27,SALE,-2,Order,ORD-001675
MOV-0005173,PRD-0034,2025-09-27,SALE,-5,Order,ORD-001675
MOV-0005174,PRD-0053,2025-09-27,SALE,-7,Order,ORD-001675
MOV-0005175,PRD-0037,2025-09-27,SALE,-27,Order,ORD-001675
MOV-0005176,PRD-0049,2025-09-27,SALE,-7,Order,ORD-001675
MOV-0005177,PRD-0045,2026-02-06,SALE,-15,Order,ORD-001676
MOV-0005178,PRD-0058,2026-02-06,SALE,-3,Order,ORD-001676
MOV-0005179,PRD-0066,2026-02-06,SALE,-12,Order,ORD-001676
MOV-0005180,PRD-0002,2026-02-06,SALE,-18,Order,ORD-001676
MOV-0005181,PRD-0052,2025-08-20,SALE,-9,Order,ORD-001677
MOV-0005182,PRD-0053,2025-08-20,SALE,-11,Order,ORD-001677
MOV-0005183,PRD-0034,2025-08-20,SALE,-11,Order,ORD-001677
MOV-0005184,PRD-0043,2025-08-20,SALE,-9,Order,ORD-001677
MOV-0005185,PRD-0033,2026-05-06,SALE,-2,Order,ORD-001678
MOV-0005186,PRD-0007,2026-05-06,SALE,-1,Order,ORD-001678
MOV-0005187,PRD-0049,2026-05-06,SALE,-5,Order,ORD-001678
MOV-0005188,PRD-0056,2026-05-06,SALE,-7,Order,ORD-001678
MOV-0005189,PRD-0062,2025-09-08,SALE,-24,Order,ORD-001679
MOV-0005190,PRD-0053,2025-09-08,SALE,-2,Order,ORD-001679
MOV-0005191,PRD-0056,2025-09-08,SALE,-12,Order,ORD-001679
MOV-0005192,PRD-0045,2025-09-08,SALE,-16,Order,ORD-001679
MOV-0005193,PRD-0027,2025-09-08,SALE,-42,Order,ORD-001679
MOV-0005194,PRD-0030,2025-12-26,SALE,-6,Order,ORD-001680
MOV-0005195,PRD-0004,2025-12-26,SALE,-8,Order,ORD-001680
MOV-0005196,PRD-0034,2025-12-26,SALE,-2,Order,ORD-001680
MOV-0005197,PRD-0002,2026-07-14,SALE,-15,Order,ORD-001681
MOV-0005198,PRD-0033,2025-04-04,SALE,-2,Order,ORD-001682
MOV-0005199,PRD-0044,2025-04-04,SALE,-15,Order,ORD-001682
MOV-0005200,PRD-0034,2025-04-04,SALE,-2,Order,ORD-001682
MOV-0005201,PRD-0066,2025-04-04,SALE,-5,Order,ORD-001682
MOV-0005202,PRD-0043,2026-06-06,SALE,-9,Order,ORD-001683
MOV-0005203,PRD-0069,2026-06-06,SALE,-10,Order,ORD-001683
MOV-0005204,PRD-0023,2026-06-06,SALE,-3,Order,ORD-001683
MOV-0005205,PRD-0063,2026-06-06,SALE,-10,Order,ORD-001683
MOV-0005206,PRD-0027,2026-06-06,SALE,-24,Order,ORD-001683
MOV-0005207,PRD-0027,2025-09-28,SALE,-48,Order,ORD-001684
MOV-0005208,PRD-0019,2025-09-28,SALE,-10,Order,ORD-001684
MOV-0005209,PRD-0027,2025-04-15,SALE,-20,Order,ORD-001685
MOV-0005210,PRD-0005,2025-04-15,SALE,-7,Order,ORD-001685
MOV-0005211,PRD-0007,2025-04-15,SALE,-5,Order,ORD-001685
MOV-0005212,PRD-0050,2025-04-15,SALE,-6,Order,ORD-001685
MOV-0005213,PRD-0032,2026-08-08,SALE,-20,Order,ORD-001686
MOV-0005214,PRD-0016,2026-08-08,SALE,-12,Order,ORD-001686
MOV-0005215,PRD-0033,2026-08-08,SALE,-16,Order,ORD-001686
MOV-0005216,PRD-0069,2025-07-21,SALE,-19,Order,ORD-001687
MOV-0005217,PRD-0063,2025-07-21,SALE,-74,Order,ORD-001687
MOV-0005218,PRD-0007,2025-07-21,SALE,-4,Order,ORD-001687
MOV-0005219,PRD-0036,2025-07-21,SALE,-19,Order,ORD-001687
MOV-0005220,PRD-0005,2025-07-21,SALE,-48,Order,ORD-001687
MOV-0005221,PRD-0026,2025-07-21,SALE,-33,Order,ORD-001687
MOV-0005222,PRD-0033,2025-07-21,SALE,-11,Order,ORD-001687
MOV-0005223,PRD-0009,2026-02-23,SALE,-2,Order,ORD-001688
MOV-0005224,PRD-0019,2026-01-23,SALE,-13,Order,ORD-001689
MOV-0005225,PRD-0007,2026-01-23,SALE,-8,Order,ORD-001689
MOV-0005226,PRD-0049,2026-01-23,SALE,-4,Order,ORD-001689
MOV-0005227,PRD-0010,2026-01-23,SALE,-1,Order,ORD-001689
MOV-0005228,PRD-0007,2025-03-08,SALE,-10,Order,ORD-001690
MOV-0005229,PRD-0025,2025-03-08,SALE,-2,Order,ORD-001690
MOV-0005230,PRD-0069,2025-03-08,SALE,-5,Order,ORD-001690
MOV-0005231,PRD-0005,2026-07-09,SALE,-36,Order,ORD-001691
MOV-0005232,PRD-0028,2026-07-09,SALE,-54,Order,ORD-001691
MOV-0005233,PRD-0025,2026-07-09,SALE,-22,Order,ORD-001691
MOV-0005234,PRD-0015,2026-07-09,SALE,-11,Order,ORD-001691
MOV-0005235,PRD-0065,2026-01-15,SALE,-33,Order,ORD-001692
MOV-0005236,PRD-0050,2026-01-15,SALE,-24,Order,ORD-001692
MOV-0005237,PRD-0007,2025-09-10,SALE,-1,Order,ORD-001693
MOV-0005238,PRD-0066,2025-09-10,SALE,-6,Order,ORD-001693
MOV-0005239,PRD-0049,2026-07-18,SALE,-22,Order,ORD-001694
MOV-0005240,PRD-0032,2026-07-18,SALE,-9,Order,ORD-001694
MOV-0005241,PRD-0036,2026-07-18,SALE,-13,Order,ORD-001694
MOV-0005242,PRD-0007,2026-07-18,SALE,-13,Order,ORD-001694
MOV-0005243,PRD-0060,2026-07-18,SALE,-9,Order,ORD-001694
MOV-0005244,PRD-0022,2025-12-03,SALE,-13,Order,ORD-001695
MOV-0005245,PRD-0016,2025-12-03,SALE,-6,Order,ORD-001695
MOV-0005246,PRD-0037,2025-12-03,SALE,-48,Order,ORD-001695
MOV-0005247,PRD-0049,2025-12-03,SALE,-29,Order,ORD-001695
MOV-0005248,PRD-0026,2026-01-07,SALE,-7,Order,ORD-001696
MOV-0005249,PRD-0063,2026-01-07,SALE,-12,Order,ORD-001696
MOV-0005250,PRD-0018,2026-01-07,SALE,-2,Order,ORD-001696
MOV-0005251,PRD-0009,2026-01-07,SALE,-1,Order,ORD-001696
MOV-0005252,PRD-0045,2025-07-05,SALE,-36,Order,ORD-001698
MOV-0005253,PRD-0030,2025-07-05,SALE,-51,Order,ORD-001698
MOV-0005254,PRD-0053,2025-07-05,SALE,-7,Order,ORD-001698
MOV-0005255,PRD-0007,2025-07-05,SALE,-7,Order,ORD-001698
MOV-0005256,PRD-0047,2025-07-05,SALE,-15,Order,ORD-001698
MOV-0005257,PRD-0034,2025-07-05,SALE,-15,Order,ORD-001698
MOV-0005258,PRD-0052,2025-10-28,SALE,-1,Order,ORD-001700
MOV-0005259,PRD-0005,2025-12-20,SALE,-14,Order,ORD-001701
MOV-0005260,PRD-0027,2025-12-20,SALE,-58,Order,ORD-001701
MOV-0005261,PRD-0014,2025-12-20,SALE,-2,Order,ORD-001701
MOV-0005262,PRD-0058,2025-03-17,SALE,-9,Order,ORD-001703
MOV-0005263,PRD-0034,2026-07-16,SALE,-8,Order,ORD-001704
MOV-0005264,PRD-0066,2026-07-16,SALE,-21,Order,ORD-001704
MOV-0005265,PRD-0011,2026-07-16,SALE,-8,Order,ORD-001704
MOV-0005266,PRD-0009,2026-07-16,SALE,-1,Order,ORD-001704
MOV-0005267,PRD-0052,2026-07-16,SALE,-4,Order,ORD-001704
MOV-0005268,PRD-0030,2026-06-19,SALE,-22,Order,ORD-001705
MOV-0005269,PRD-0013,2026-06-19,SALE,-33,Order,ORD-001705
MOV-0005270,PRD-0032,2026-06-19,SALE,-9,Order,ORD-001705
MOV-0005271,PRD-0053,2025-05-02,SALE,-3,Order,ORD-001706
MOV-0005272,PRD-0019,2025-05-02,SALE,-7,Order,ORD-001706
MOV-0005273,PRD-0032,2025-05-02,SALE,-3,Order,ORD-001706
MOV-0005274,PRD-0013,2026-01-14,SALE,-32,Order,ORD-001707
MOV-0005275,PRD-0058,2026-01-14,SALE,-2,Order,ORD-001707
MOV-0005276,PRD-0031,2026-01-14,SALE,-30,Order,ORD-001707
MOV-0005277,PRD-0040,2026-01-14,SALE,-10,Order,ORD-001707
MOV-0005278,PRD-0016,2025-12-03,SALE,-4,Order,ORD-001708
MOV-0005279,PRD-0025,2026-03-21,SALE,-6,Order,ORD-001709
MOV-0005280,PRD-0007,2026-03-21,SALE,-2,Order,ORD-001709
MOV-0005281,PRD-0043,2026-03-21,SALE,-8,Order,ORD-001709
MOV-0005282,PRD-0023,2026-03-21,SALE,-2,Order,ORD-001709
MOV-0005283,PRD-0016,2026-08-02,SALE,-21,Order,ORD-001710
MOV-0005284,PRD-0007,2026-08-02,SALE,-3,Order,ORD-001710
MOV-0005285,PRD-0031,2026-08-02,SALE,-10,Order,ORD-001710
MOV-0005286,PRD-0036,2026-08-02,SALE,-7,Order,ORD-001710
MOV-0005287,PRD-0021,2026-08-02,SALE,-17,Order,ORD-001710
MOV-0005288,PRD-0049,2026-06-26,SALE,-31,Order,ORD-001711
MOV-0005289,PRD-0060,2026-06-26,SALE,-10,Order,ORD-001711
MOV-0005290,PRD-0005,2026-08-28,SALE,-35,Order,ORD-001712
MOV-0005291,PRD-0035,2026-08-28,SALE,-3,Order,ORD-001712
MOV-0005292,PRD-0018,2026-06-05,SALE,-8,Order,ORD-001713
MOV-0005293,PRD-0056,2026-06-05,SALE,-13,Order,ORD-001713
MOV-0005294,PRD-0045,2026-02-12,SALE,-5,Order,ORD-001715
MOV-0005295,PRD-0055,2026-02-12,SALE,-2,Order,ORD-001715
MOV-0005296,PRD-0064,2026-02-12,SALE,-1,Order,ORD-001715
MOV-0005297,PRD-0036,2026-02-12,SALE,-1,Order,ORD-001715
MOV-0005298,PRD-0049,2026-04-14,SALE,-31,Order,ORD-001716
MOV-0005299,PRD-0038,2026-04-14,SALE,-23,Order,ORD-001716
MOV-0005300,PRD-0030,2026-04-14,SALE,-31,Order,ORD-001716
MOV-0005301,PRD-0051,2026-04-14,SALE,-97,Order,ORD-001716
MOV-0005302,PRD-0034,2026-04-14,SALE,-12,Order,ORD-001716
MOV-0005303,PRD-0045,2026-04-14,SALE,-31,Order,ORD-001716
MOV-0005304,PRD-0052,2026-04-14,SALE,-16,Order,ORD-001716
MOV-0005305,PRD-0067,2026-03-11,SALE,-4,Order,ORD-001717
MOV-0005306,PRD-0005,2026-03-11,SALE,-2,Order,ORD-001717
MOV-0005307,PRD-0070,2026-03-11,SALE,-4,Order,ORD-001717
MOV-0005308,PRD-0069,2026-05-26,SALE,-3,Order,ORD-001719
MOV-0005309,PRD-0024,2026-05-26,SALE,-17,Order,ORD-001719
MOV-0005310,PRD-0030,2026-03-01,SALE,-19,Order,ORD-001720
MOV-0005311,PRD-0036,2026-03-01,SALE,-6,Order,ORD-001720
MOV-0005312,PRD-0063,2026-03-01,SALE,-9,Order,ORD-001720
MOV-0005313,PRD-0031,2025-12-18,SALE,-10,Order,ORD-001721
MOV-0005314,PRD-0032,2025-12-18,SALE,-3,Order,ORD-001721
MOV-0005315,PRD-0013,2026-01-29,SALE,-76,Order,ORD-001722
MOV-0005316,PRD-0030,2026-01-29,SALE,-29,Order,ORD-001722
MOV-0005317,PRD-0034,2026-01-29,SALE,-4,Order,ORD-001722
MOV-0005318,PRD-0005,2026-01-29,SALE,-22,Order,ORD-001722
MOV-0005319,PRD-0021,2026-01-29,SALE,-18,Order,ORD-001722
MOV-0005320,PRD-0069,2026-01-29,SALE,-22,Order,ORD-001722
MOV-0005321,PRD-0034,2026-01-20,SALE,-17,Order,ORD-001723
MOV-0005322,PRD-0035,2026-01-20,SALE,-20,Order,ORD-001723
MOV-0005323,PRD-0066,2026-01-20,SALE,-34,Order,ORD-001723
MOV-0005324,PRD-0025,2025-06-06,SALE,-7,Order,ORD-001724
MOV-0005325,PRD-0065,2025-06-06,SALE,-20,Order,ORD-001724
MOV-0005326,PRD-0031,2025-06-06,SALE,-26,Order,ORD-001724
MOV-0005327,PRD-0034,2025-06-06,SALE,-2,Order,ORD-001724
MOV-0005328,PRD-0026,2025-06-06,SALE,-31,Order,ORD-001724
MOV-0005329,PRD-0066,2025-06-06,SALE,-31,Order,ORD-001724
MOV-0005330,PRD-0027,2025-04-17,SALE,-31,Order,ORD-001725
MOV-0005331,PRD-0004,2025-04-17,SALE,-11,Order,ORD-001725
MOV-0005332,PRD-0058,2025-04-17,SALE,-6,Order,ORD-001725
MOV-0005333,PRD-0011,2026-07-12,SALE,-17,Order,ORD-001726
MOV-0005334,PRD-0007,2026-07-12,SALE,-7,Order,ORD-001726
MOV-0005335,PRD-0003,2026-07-12,SALE,-7,Order,ORD-001726
MOV-0005336,PRD-0045,2026-07-12,SALE,-21,Order,ORD-001726
MOV-0005337,PRD-0032,2025-04-09,SALE,-2,Order,ORD-001728
MOV-0005338,PRD-0037,2025-04-09,SALE,-6,Order,ORD-001728
MOV-0005339,PRD-0009,2026-06-14,SALE,-5,Order,ORD-001729
MOV-0005340,PRD-0006,2026-06-14,SALE,-12,Order,ORD-001729
MOV-0005341,PRD-0033,2026-06-14,SALE,-9,Order,ORD-001729
MOV-0005342,PRD-0056,2025-05-13,SALE,-13,Order,ORD-001730
MOV-0005343,PRD-0017,2025-05-13,SALE,-6,Order,ORD-001730
MOV-0005344,PRD-0066,2025-05-13,SALE,-47,Order,ORD-001730
MOV-0005345,PRD-0034,2025-05-13,SALE,-16,Order,ORD-001730
MOV-0005346,PRD-0037,2026-01-13,SALE,-8,Order,ORD-001731
MOV-0005347,PRD-0055,2026-01-13,SALE,-7,Order,ORD-001731
MOV-0005348,PRD-0007,2026-01-13,SALE,-2,Order,ORD-001731
MOV-0005349,PRD-0048,2026-08-09,SALE,-12,Order,ORD-001732
MOV-0005350,PRD-0005,2026-08-09,SALE,-8,Order,ORD-001732
MOV-0005351,PRD-0064,2026-08-09,SALE,-8,Order,ORD-001732
MOV-0005352,PRD-0033,2026-08-09,SALE,-10,Order,ORD-001732
MOV-0005353,PRD-0027,2026-08-09,SALE,-51,Order,ORD-001732
MOV-0005354,PRD-0007,2026-08-09,SALE,-12,Order,ORD-001732
MOV-0005355,PRD-0005,2026-08-31,SALE,-42,Order,ORD-001733
MOV-0005356,PRD-0053,2026-08-31,SALE,-10,Order,ORD-001733
MOV-0005357,PRD-0034,2026-08-31,SALE,-6,Order,ORD-001733
MOV-0005358,PRD-0036,2026-08-31,SALE,-6,Order,ORD-001733
MOV-0005359,PRD-0069,2026-08-31,SALE,-19,Order,ORD-001733
MOV-0005360,PRD-0052,2026-08-31,SALE,-6,Order,ORD-001733
MOV-0005361,PRD-0021,2026-05-03,SALE,-19,Order,ORD-001734
MOV-0005362,PRD-0005,2026-05-03,SALE,-25,Order,ORD-001734
MOV-0005363,PRD-0045,2026-05-03,SALE,-41,Order,ORD-001734
MOV-0005364,PRD-0020,2026-05-03,SALE,-3,Order,ORD-001734
MOV-0005365,PRD-0032,2026-05-03,SALE,-9,Order,ORD-001734
MOV-0005366,PRD-0013,2026-05-03,SALE,-34,Order,ORD-001734
MOV-0005367,PRD-0016,2026-05-03,SALE,-13,Order,ORD-001734
MOV-0005368,PRD-0021,2026-04-07,SALE,-3,Order,ORD-001735
MOV-0005369,PRD-0011,2026-04-07,SALE,-3,Order,ORD-001735
MOV-0005370,PRD-0069,2026-03-07,SALE,-4,Order,ORD-001736
MOV-0005371,PRD-0007,2026-03-07,SALE,-2,Order,ORD-001736
MOV-0005372,PRD-0006,2026-06-03,SALE,-15,Order,ORD-001737
MOV-0005373,PRD-0032,2026-06-03,SALE,-4,Order,ORD-001737
MOV-0005374,PRD-0069,2026-06-03,SALE,-7,Order,ORD-001737
MOV-0005375,PRD-0034,2026-06-03,SALE,-15,Order,ORD-001737
MOV-0005376,PRD-0070,2026-06-03,SALE,-18,Order,ORD-001737
MOV-0005377,PRD-0017,2026-06-03,SALE,-7,Order,ORD-001737
MOV-0005378,PRD-0034,2026-07-04,SALE,-15,Order,ORD-001738
MOV-0005379,PRD-0004,2026-07-04,SALE,-25,Order,ORD-001738
MOV-0005380,PRD-0069,2026-07-04,SALE,-10,Order,ORD-001738
MOV-0005381,PRD-0056,2026-07-04,SALE,-7,Order,ORD-001738
MOV-0005382,PRD-0058,2026-07-04,SALE,-10,Order,ORD-001738
MOV-0005383,PRD-0021,2026-08-03,SALE,-8,Order,ORD-001740
MOV-0005384,PRD-0045,2026-08-03,SALE,-22,Order,ORD-001740
MOV-0005385,PRD-0016,2026-03-20,SALE,-11,Order,ORD-001741
MOV-0005386,PRD-0038,2026-03-20,SALE,-11,Order,ORD-001741
MOV-0005387,PRD-0011,2026-03-20,SALE,-9,Order,ORD-001741
MOV-0005388,PRD-0005,2026-03-20,SALE,-25,Order,ORD-001741
MOV-0005389,PRD-0030,2026-02-08,SALE,-7,Order,ORD-001742
MOV-0005390,PRD-0070,2026-05-23,SALE,-33,Order,ORD-001743
MOV-0005391,PRD-0045,2026-05-23,SALE,-46,Order,ORD-001743
MOV-0005392,PRD-0029,2026-05-23,SALE,-7,Order,ORD-001743
MOV-0005393,PRD-0048,2026-05-23,SALE,-20,Order,ORD-001743
MOV-0005394,PRD-0028,2026-05-23,SALE,-46,Order,ORD-001743
MOV-0005395,PRD-0063,2026-05-23,SALE,-76,Order,ORD-001743
MOV-0005396,PRD-0027,2026-05-23,SALE,-26,Order,ORD-001743
MOV-0005397,PRD-0053,2025-06-08,SALE,-2,Order,ORD-001744
MOV-0005398,PRD-0063,2025-06-08,SALE,-19,Order,ORD-001744
MOV-0005399,PRD-0005,2025-06-08,SALE,-6,Order,ORD-001744
MOV-0005400,PRD-0069,2025-06-08,SALE,-2,Order,ORD-001744
MOV-0005401,PRD-0027,2025-06-08,SALE,-11,Order,ORD-001744
MOV-0005402,PRD-0060,2025-06-08,SALE,-11,Order,ORD-001744
MOV-0005403,PRD-0007,2025-11-09,SALE,-12,Order,ORD-001745
MOV-0005404,PRD-0036,2025-11-09,SALE,-15,Order,ORD-001745
MOV-0005405,PRD-0045,2025-11-09,SALE,-34,Order,ORD-001745
MOV-0005406,PRD-0053,2025-11-09,SALE,-15,Order,ORD-001745
MOV-0005407,PRD-0028,2026-07-16,SALE,-11,Order,ORD-001746
MOV-0005408,PRD-0069,2026-07-16,SALE,-6,Order,ORD-001746
MOV-0005409,PRD-0046,2026-02-06,SALE,-11,Order,ORD-001747
MOV-0005410,PRD-0058,2026-02-06,SALE,-4,Order,ORD-001747
MOV-0005411,PRD-0060,2026-02-06,SALE,-6,Order,ORD-001747
MOV-0005412,PRD-0036,2026-02-16,SALE,-1,Order,ORD-001748
MOV-0005413,PRD-0069,2026-02-16,SALE,-5,Order,ORD-001748
MOV-0005414,PRD-0063,2026-06-29,SALE,-25,Order,ORD-001749
MOV-0005415,PRD-0053,2026-06-29,SALE,-7,Order,ORD-001749
MOV-0005416,PRD-0022,2026-06-29,SALE,-4,Order,ORD-001749
MOV-0005417,PRD-0030,2026-06-29,SALE,-12,Order,ORD-001749
MOV-0005418,PRD-0009,2026-06-29,SALE,-8,Order,ORD-001749
MOV-0005419,PRD-0016,2026-05-02,SALE,-11,Order,ORD-001750
MOV-0005420,PRD-0048,2026-05-02,SALE,-4,Order,ORD-001750
MOV-0005421,PRD-0040,2026-05-02,SALE,-4,Order,ORD-001750
MOV-0005422,PRD-0028,2026-05-02,SALE,-11,Order,ORD-001750
MOV-0005423,PRD-0066,2026-05-02,SALE,-11,Order,ORD-001750
MOV-0005424,PRD-0069,2026-05-02,SALE,-7,Order,ORD-001750
MOV-0005425,PRD-0027,2026-05-02,SALE,-26,Order,ORD-001750
MOV-0005426,PRD-0032,2025-07-19,SALE,-6,Order,ORD-001752
MOV-0005427,PRD-0008,2025-07-19,SALE,-8,Order,ORD-001752
MOV-0005428,PRD-0016,2025-08-13,SALE,-7,Order,ORD-001753
MOV-0005429,PRD-0030,2025-08-13,SALE,-11,Order,ORD-001753
MOV-0005430,PRD-0050,2025-08-06,SALE,-23,Order,ORD-001754
MOV-0005431,PRD-0023,2025-08-06,SALE,-8,Order,ORD-001754
MOV-0005432,PRD-0045,2025-08-06,SALE,-50,Order,ORD-001754
MOV-0005433,PRD-0066,2025-08-06,SALE,-35,Order,ORD-001754
MOV-0005434,PRD-0009,2025-08-06,SALE,-8,Order,ORD-001754
MOV-0005435,PRD-0032,2025-08-06,SALE,-12,Order,ORD-001754
MOV-0005436,PRD-0032,2025-06-25,SALE,-2,Order,ORD-001755
MOV-0005437,PRD-0049,2025-06-25,SALE,-34,Order,ORD-001755
MOV-0005438,PRD-0034,2025-06-25,SALE,-2,Order,ORD-001755
MOV-0005439,PRD-0033,2025-06-25,SALE,-15,Order,ORD-001755
MOV-0005440,PRD-0027,2025-06-25,SALE,-15,Order,ORD-001755
MOV-0005441,PRD-0038,2026-03-14,SALE,-7,Order,ORD-001756
MOV-0005442,PRD-0066,2026-03-14,SALE,-13,Order,ORD-001756
MOV-0005443,PRD-0047,2026-03-14,SALE,-9,Order,ORD-001756
MOV-0005444,PRD-0005,2026-08-22,SALE,-13,Order,ORD-001758
MOV-0005445,PRD-0024,2026-08-22,SALE,-7,Order,ORD-001758
MOV-0005446,PRD-0045,2026-08-22,SALE,-14,Order,ORD-001758
MOV-0005447,PRD-0016,2026-08-22,SALE,-4,Order,ORD-001758
MOV-0005448,PRD-0007,2026-08-22,SALE,-1,Order,ORD-001758
MOV-0005449,PRD-0058,2026-06-21,SALE,-8,Order,ORD-001759
MOV-0005450,PRD-0066,2026-06-21,SALE,-8,Order,ORD-001759
MOV-0005451,PRD-0049,2025-11-26,SALE,-10,Order,ORD-001760
MOV-0005452,PRD-0031,2025-11-26,SALE,-17,Order,ORD-001760
MOV-0005453,PRD-0027,2025-11-26,SALE,-24,Order,ORD-001760
MOV-0005454,PRD-0045,2025-11-26,SALE,-14,Order,ORD-001760
MOV-0005455,PRD-0069,2025-11-26,SALE,-12,Order,ORD-001760
MOV-0005456,PRD-0024,2025-08-26,SALE,-55,Order,ORD-001761
MOV-0005457,PRD-0053,2025-08-26,SALE,-11,Order,ORD-001761
MOV-0005458,PRD-0045,2025-08-26,SALE,-28,Order,ORD-001761
MOV-0005459,PRD-0043,2026-07-16,SALE,-2,Order,ORD-001763
MOV-0005460,PRD-0052,2026-07-16,SALE,-1,Order,ORD-001763
MOV-0005461,PRD-0066,2026-07-16,SALE,-6,Order,ORD-001763
MOV-0005462,PRD-0003,2026-03-02,SALE,-4,Order,ORD-001764
MOV-0005463,PRD-0063,2026-03-02,SALE,-47,Order,ORD-001764
MOV-0005464,PRD-0045,2026-03-02,SALE,-51,Order,ORD-001764
MOV-0005465,PRD-0025,2026-03-02,SALE,-11,Order,ORD-001764
MOV-0005466,PRD-0023,2026-03-02,SALE,-7,Order,ORD-001764
MOV-0005467,PRD-0038,2025-09-29,SALE,-4,Order,ORD-001765
MOV-0005468,PRD-0004,2025-09-29,SALE,-11,Order,ORD-001765
MOV-0005469,PRD-0033,2025-09-29,SALE,-7,Order,ORD-001765
MOV-0005470,PRD-0034,2025-09-29,SALE,-21,Order,ORD-001765
MOV-0005471,PRD-0037,2025-09-29,SALE,-67,Order,ORD-001765
MOV-0005472,PRD-0052,2025-09-29,SALE,-11,Order,ORD-001765
MOV-0005473,PRD-0022,2025-09-29,SALE,-7,Order,ORD-001765
MOV-0005474,PRD-0058,2026-08-10,SALE,-1,Order,ORD-001766
MOV-0005475,PRD-0038,2026-08-10,SALE,-1,Order,ORD-001766
MOV-0005476,PRD-0005,2026-08-10,SALE,-9,Order,ORD-001766
MOV-0005477,PRD-0034,2026-08-10,SALE,-3,Order,ORD-001766
MOV-0005478,PRD-0050,2026-08-10,SALE,-4,Order,ORD-001766
MOV-0005479,PRD-0034,2025-05-12,SALE,-5,Order,ORD-001767
MOV-0005480,PRD-0013,2025-05-12,SALE,-15,Order,ORD-001767
MOV-0005481,PRD-0065,2025-04-02,SALE,-35,Order,ORD-001770
MOV-0005482,PRD-0066,2025-04-02,SALE,-35,Order,ORD-001770
MOV-0005483,PRD-0052,2025-04-02,SALE,-12,Order,ORD-001770
MOV-0005484,PRD-0009,2025-03-08,SALE,-4,Order,ORD-001771
MOV-0005485,PRD-0040,2025-03-08,SALE,-8,Order,ORD-001771
MOV-0005486,PRD-0069,2025-03-08,SALE,-8,Order,ORD-001771
MOV-0005487,PRD-0066,2025-03-08,SALE,-18,Order,ORD-001771
MOV-0005488,PRD-0034,2026-04-17,SALE,-5,Order,ORD-001774
MOV-0005489,PRD-0013,2026-06-25,SALE,-25,Order,ORD-001775
MOV-0005490,PRD-0033,2026-06-25,SALE,-6,Order,ORD-001775
MOV-0005491,PRD-0064,2026-06-25,SALE,-8,Order,ORD-001775
MOV-0005492,PRD-0009,2025-07-22,SALE,-2,Order,ORD-001776
MOV-0005493,PRD-0021,2025-07-22,SALE,-2,Order,ORD-001776
MOV-0005494,PRD-0037,2025-07-22,SALE,-36,Order,ORD-001776
MOV-0005495,PRD-0033,2025-07-22,SALE,-2,Order,ORD-001776
MOV-0005496,PRD-0060,2025-07-22,SALE,-6,Order,ORD-001776
MOV-0005497,PRD-0034,2026-01-27,SALE,-4,Order,ORD-001778
MOV-0005498,PRD-0031,2026-01-27,SALE,-19,Order,ORD-001778
MOV-0005499,PRD-0043,2026-01-27,SALE,-16,Order,ORD-001778
MOV-0005500,PRD-0036,2025-08-19,SALE,-15,Order,ORD-001779
MOV-0005501,PRD-0063,2025-08-19,SALE,-69,Order,ORD-001779
MOV-0005502,PRD-0064,2025-08-19,SALE,-15,Order,ORD-001779
MOV-0005503,PRD-0022,2025-08-19,SALE,-4,Order,ORD-001779
MOV-0005504,PRD-0009,2025-08-19,SALE,-15,Order,ORD-001779
MOV-0005505,PRD-0037,2026-05-01,SALE,-50,Order,ORD-001781
MOV-0005506,PRD-0048,2026-05-01,SALE,-14,Order,ORD-001781
MOV-0005507,PRD-0005,2026-05-01,SALE,-33,Order,ORD-001781
MOV-0005508,PRD-0069,2026-05-01,SALE,-14,Order,ORD-001781
MOV-0005509,PRD-0037,2026-04-06,SALE,-12,Order,ORD-001782
MOV-0005510,PRD-0021,2026-04-06,SALE,-10,Order,ORD-001782
MOV-0005511,PRD-0066,2026-04-06,SALE,-24,Order,ORD-001782
MOV-0005512,PRD-0034,2026-04-06,SALE,-8,Order,ORD-001782
MOV-0005513,PRD-0007,2026-04-06,SALE,-6,Order,ORD-001782
MOV-0005514,PRD-0046,2026-04-06,SALE,-4,Order,ORD-001782
MOV-0005515,PRD-0017,2026-04-06,SALE,-6,Order,ORD-001782
MOV-0005516,PRD-0040,2025-12-27,SALE,-7,Order,ORD-001785
MOV-0005517,PRD-0004,2025-12-27,SALE,-13,Order,ORD-001785
MOV-0005518,PRD-0005,2025-12-27,SALE,-11,Order,ORD-001785
MOV-0005519,PRD-0048,2025-12-27,SALE,-7,Order,ORD-001785
MOV-0005520,PRD-0013,2025-12-27,SALE,-35,Order,ORD-001785
MOV-0005521,PRD-0045,2025-04-02,SALE,-12,Order,ORD-001786
MOV-0005522,PRD-0011,2025-07-13,SALE,-10,Order,ORD-001787
MOV-0005523,PRD-0007,2025-07-13,SALE,-6,Order,ORD-001787
MOV-0005524,PRD-0066,2025-09-24,SALE,-23,Order,ORD-001788
MOV-0005525,PRD-0007,2025-09-24,SALE,-2,Order,ORD-001788
MOV-0005526,PRD-0045,2025-09-24,SALE,-12,Order,ORD-001788
MOV-0005527,PRD-0049,2025-09-24,SALE,-10,Order,ORD-001788
MOV-0005528,PRD-0037,2025-09-24,SALE,-49,Order,ORD-001788
MOV-0005529,PRD-0011,2025-08-16,SALE,-7,Order,ORD-001789
MOV-0005530,PRD-0016,2025-08-16,SALE,-1,Order,ORD-001789
MOV-0005531,PRD-0006,2025-08-16,SALE,-3,Order,ORD-001789
MOV-0005532,PRD-0005,2025-08-16,SALE,-14,Order,ORD-001789
MOV-0005533,PRD-0060,2025-08-16,SALE,-1,Order,ORD-001789
MOV-0005534,PRD-0030,2025-09-15,SALE,-28,Order,ORD-001790
MOV-0005535,PRD-0067,2025-09-15,SALE,-36,Order,ORD-001790
MOV-0005536,PRD-0053,2025-09-15,SALE,-8,Order,ORD-001790
MOV-0005537,PRD-0066,2025-09-15,SALE,-44,Order,ORD-001790
MOV-0005538,PRD-0052,2025-09-15,SALE,-8,Order,ORD-001790
MOV-0005539,PRD-0066,2026-07-27,SALE,-21,Order,ORD-001791
MOV-0005540,PRD-0040,2026-07-27,SALE,-6,Order,ORD-001791
MOV-0005541,PRD-0037,2026-07-27,SALE,-74,Order,ORD-001791
MOV-0005542,PRD-0027,2026-07-27,SALE,-55,Order,ORD-001791
MOV-0005543,PRD-0044,2026-07-27,SALE,-58,Order,ORD-001791
MOV-0005544,PRD-0069,2026-07-27,SALE,-12,Order,ORD-001791
MOV-0005545,PRD-0034,2026-07-30,SALE,-4,Order,ORD-001792
MOV-0005546,PRD-0027,2026-07-30,SALE,-17,Order,ORD-001792
MOV-0005547,PRD-0053,2026-07-30,SALE,-4,Order,ORD-001792
MOV-0005548,PRD-0016,2026-07-30,SALE,-4,Order,ORD-001792
MOV-0005549,PRD-0066,2026-07-30,SALE,-32,Order,ORD-001792
MOV-0005550,PRD-0058,2026-02-17,SALE,-13,Order,ORD-001793
MOV-0005551,PRD-0034,2026-02-17,SALE,-15,Order,ORD-001793
MOV-0005552,PRD-0064,2026-02-17,SALE,-10,Order,ORD-001793
MOV-0005553,PRD-0033,2026-07-04,SALE,-9,Order,ORD-001794
MOV-0005554,PRD-0021,2026-07-04,SALE,-9,Order,ORD-001794
MOV-0005555,PRD-0025,2026-07-04,SALE,-13,Order,ORD-001794
MOV-0005556,PRD-0007,2026-04-26,SALE,-10,Order,ORD-001795
MOV-0005557,PRD-0051,2026-04-26,SALE,-28,Order,ORD-001795
MOV-0005558,PRD-0037,2025-05-03,SALE,-58,Order,ORD-001796
MOV-0005559,PRD-0056,2025-05-03,SALE,-3,Order,ORD-001796
MOV-0005560,PRD-0066,2025-05-03,SALE,-24,Order,ORD-001796
MOV-0005561,PRD-0033,2026-08-10,SALE,-4,Order,ORD-001797
MOV-0005562,PRD-0044,2026-08-10,SALE,-33,Order,ORD-001797
MOV-0005563,PRD-0067,2026-08-10,SALE,-25,Order,ORD-001797
MOV-0005564,PRD-0054,2025-12-29,SALE,-14,Order,ORD-001798
MOV-0005565,PRD-0045,2026-02-12,SALE,-33,Order,ORD-001799
MOV-0005566,PRD-0050,2026-02-12,SALE,-33,Order,ORD-001799
MOV-0005567,PRD-0054,2026-05-01,SALE,-24,Order,ORD-001800
MOV-0005568,PRD-0034,2026-05-01,SALE,-4,Order,ORD-001800
MOV-0005569,PRD-0007,2026-05-01,SALE,-5,Order,ORD-001800
MOV-0005570,PRD-0016,2026-05-01,SALE,-5,Order,ORD-001800
MOV-0005571,PRD-0005,2026-05-01,SALE,-9,Order,ORD-001800
MOV-0005572,PRD-0060,2026-05-01,SALE,-4,Order,ORD-001800
MOV-0005573,PRD-0023,2025-12-01,SALE,-7,Order,ORD-001801
MOV-0005574,PRD-0032,2026-05-08,SALE,-2,Order,ORD-001803
MOV-0005575,PRD-0069,2026-05-08,SALE,-3,Order,ORD-001803
MOV-0005576,PRD-0030,2025-09-23,SALE,-6,Order,ORD-001804
MOV-0005577,PRD-0058,2025-09-23,SALE,-9,Order,ORD-001804
MOV-0005578,PRD-0053,2025-09-23,SALE,-8,Order,ORD-001804
MOV-0005579,PRD-0005,2025-09-23,SALE,-24,Order,ORD-001804
MOV-0005580,PRD-0069,2025-09-23,SALE,-3,Order,ORD-001804
MOV-0005581,PRD-0032,2026-02-27,SALE,-13,Order,ORD-001805
MOV-0005582,PRD-0066,2026-02-27,SALE,-22,Order,ORD-001805
MOV-0005583,PRD-0004,2026-02-27,SALE,-11,Order,ORD-001805
MOV-0005584,PRD-0019,2026-02-27,SALE,-20,Order,ORD-001805
MOV-0005585,PRD-0060,2026-02-27,SALE,-4,Order,ORD-001805
MOV-0005586,PRD-0022,2026-02-27,SALE,-9,Order,ORD-001805
MOV-0005587,PRD-0061,2025-11-29,SALE,-25,Order,ORD-001806
MOV-0005588,PRD-0050,2025-11-29,SALE,-47,Order,ORD-001806
MOV-0005589,PRD-0023,2026-04-18,SALE,-9,Order,ORD-001807
MOV-0005590,PRD-0005,2026-04-18,SALE,-27,Order,ORD-001807
MOV-0005591,PRD-0044,2026-04-18,SALE,-27,Order,ORD-001807
MOV-0005592,PRD-0014,2026-04-18,SALE,-9,Order,ORD-001807
MOV-0005593,PRD-0021,2026-04-18,SALE,-7,Order,ORD-001807
MOV-0005594,PRD-0045,2025-06-05,SALE,-32,Order,ORD-001808
MOV-0005595,PRD-0013,2025-06-05,SALE,-42,Order,ORD-001808
MOV-0005596,PRD-0009,2025-10-04,SALE,-3,Order,ORD-001809
MOV-0005597,PRD-0013,2025-10-04,SALE,-19,Order,ORD-001809
MOV-0005598,PRD-0016,2025-10-04,SALE,-11,Order,ORD-001809
MOV-0005599,PRD-0005,2025-10-04,SALE,-31,Order,ORD-001809
MOV-0005600,PRD-0048,2025-10-04,SALE,-11,Order,ORD-001809
MOV-0005601,PRD-0027,2025-10-04,SALE,-36,Order,ORD-001809
MOV-0005602,PRD-0008,2025-10-04,SALE,-6,Order,ORD-001809
MOV-0005603,PRD-0027,2026-07-11,SALE,-7,Order,ORD-001810
MOV-0005604,PRD-0057,2026-07-11,SALE,-7,Order,ORD-001810
MOV-0005605,PRD-0009,2026-07-11,SALE,-7,Order,ORD-001810
MOV-0005606,PRD-0069,2025-07-09,SALE,-4,Order,ORD-001811
MOV-0005607,PRD-0022,2025-07-09,SALE,-19,Order,ORD-001811
MOV-0005608,PRD-0059,2025-07-09,SALE,-23,Order,ORD-001811
MOV-0005609,PRD-0005,2025-07-09,SALE,-26,Order,ORD-001811
MOV-0005610,PRD-0053,2025-07-09,SALE,-19,Order,ORD-001811
MOV-0005611,PRD-0034,2025-07-09,SALE,-8,Order,ORD-001811
MOV-0005612,PRD-0056,2025-03-14,SALE,-2,Order,ORD-001812
MOV-0005613,PRD-0045,2025-03-14,SALE,-9,Order,ORD-001812
MOV-0005614,PRD-0032,2025-03-14,SALE,-14,Order,ORD-001812
MOV-0005615,PRD-0003,2025-03-14,SALE,-2,Order,ORD-001812
MOV-0005616,PRD-0058,2025-04-21,SALE,-14,Order,ORD-001813
MOV-0005617,PRD-0053,2025-04-21,SALE,-21,Order,ORD-001813
MOV-0005618,PRD-0032,2025-04-21,SALE,-4,Order,ORD-001813
MOV-0005619,PRD-0022,2025-04-21,SALE,-21,Order,ORD-001813
MOV-0005620,PRD-0001,2025-04-21,SALE,-14,Order,ORD-001813
MOV-0005621,PRD-0064,2025-04-21,SALE,-7,Order,ORD-001813
MOV-0005622,PRD-0005,2025-04-21,SALE,-32,Order,ORD-001813
MOV-0005623,PRD-0069,2025-06-14,SALE,-20,Order,ORD-001814
MOV-0005624,PRD-0047,2025-06-14,SALE,-13,Order,ORD-001814
MOV-0005625,PRD-0053,2025-06-09,SALE,-13,Order,ORD-001815
MOV-0005626,PRD-0014,2025-06-09,SALE,-15,Order,ORD-001815
MOV-0005627,PRD-0034,2025-06-09,SALE,-3,Order,ORD-001815
MOV-0005628,PRD-0003,2025-10-23,SALE,-8,Order,ORD-001816
MOV-0005629,PRD-0013,2026-02-20,SALE,-14,Order,ORD-001817
MOV-0005630,PRD-0042,2026-02-20,SALE,-5,Order,ORD-001817
MOV-0005631,PRD-0021,2025-10-05,SALE,-10,Order,ORD-001818
MOV-0005632,PRD-0053,2025-10-05,SALE,-5,Order,ORD-001818
MOV-0005633,PRD-0027,2025-10-05,SALE,-57,Order,ORD-001818
MOV-0005634,PRD-0009,2025-10-05,SALE,-10,Order,ORD-001818
MOV-0005635,PRD-0014,2025-10-05,SALE,-5,Order,ORD-001818
MOV-0005636,PRD-0060,2026-06-20,SALE,-6,Order,ORD-001819
MOV-0005637,PRD-0067,2026-06-20,SALE,-30,Order,ORD-001819
MOV-0005638,PRD-0050,2026-06-20,SALE,-8,Order,ORD-001819
MOV-0005639,PRD-0045,2025-07-05,SALE,-19,Order,ORD-001820
MOV-0005640,PRD-0037,2025-07-05,SALE,-67,Order,ORD-001820
MOV-0005641,PRD-0004,2025-07-05,SALE,-28,Order,ORD-001820
MOV-0005642,PRD-0038,2025-07-05,SALE,-8,Order,ORD-001820
MOV-0005643,PRD-0013,2026-01-07,SALE,-29,Order,ORD-001821
MOV-0005644,PRD-0034,2026-01-07,SALE,-7,Order,ORD-001821
MOV-0005645,PRD-0005,2026-01-07,SALE,-22,Order,ORD-001821
MOV-0005646,PRD-0004,2026-03-30,SALE,-36,Order,ORD-001823
MOV-0005647,PRD-0005,2026-03-30,SALE,-33,Order,ORD-001823
MOV-0005648,PRD-0037,2026-03-30,SALE,-29,Order,ORD-001823
MOV-0005649,PRD-0017,2026-01-14,SALE,-2,Order,ORD-001825
MOV-0005650,PRD-0045,2026-01-14,SALE,-27,Order,ORD-001825
MOV-0005651,PRD-0057,2026-01-14,SALE,-6,Order,ORD-001825
MOV-0005652,PRD-0037,2026-01-14,SALE,-16,Order,ORD-001825
MOV-0005653,PRD-0036,2025-12-15,SALE,-5,Order,ORD-001826
MOV-0005654,PRD-0003,2025-12-01,SALE,-1,Order,ORD-001827
MOV-0005655,PRD-0032,2025-12-15,SALE,-1,Order,ORD-001828
MOV-0005656,PRD-0064,2026-02-01,SALE,-2,Order,ORD-001830
MOV-0005657,PRD-0035,2026-06-16,SALE,-12,Order,ORD-001831
MOV-0005658,PRD-0043,2026-06-16,SALE,-15,Order,ORD-001831
MOV-0005659,PRD-0070,2026-06-16,SALE,-30,Order,ORD-001831
MOV-0005660,PRD-0009,2026-06-16,SALE,-9,Order,ORD-001831
MOV-0005661,PRD-0021,2026-06-16,SALE,-9,Order,ORD-001831
MOV-0005662,PRD-0045,2026-06-16,SALE,-39,Order,ORD-001831
MOV-0005663,PRD-0009,2025-11-28,SALE,-16,Order,ORD-001832
MOV-0005664,PRD-0011,2025-11-28,SALE,-8,Order,ORD-001832
MOV-0005665,PRD-0043,2025-11-28,SALE,-20,Order,ORD-001832
MOV-0005666,PRD-0017,2025-12-30,SALE,-7,Order,ORD-001833
MOV-0005667,PRD-0043,2025-12-30,SALE,-4,Order,ORD-001833
MOV-0005668,PRD-0032,2026-04-23,SALE,-25,Order,ORD-001834
MOV-0005669,PRD-0048,2026-04-23,SALE,-20,Order,ORD-001834
MOV-0005670,PRD-0007,2026-04-23,SALE,-25,Order,ORD-001834
MOV-0005671,PRD-0061,2026-04-23,SALE,-61,Order,ORD-001834
MOV-0005672,PRD-0036,2026-04-23,SALE,-20,Order,ORD-001834
MOV-0005673,PRD-0017,2026-04-23,SALE,-25,Order,ORD-001834
MOV-0005674,PRD-0066,2026-04-23,SALE,-20,Order,ORD-001834
MOV-0005675,PRD-0056,2025-11-26,SALE,-4,Order,ORD-001835
MOV-0005676,PRD-0033,2025-11-26,SALE,-5,Order,ORD-001835
MOV-0005677,PRD-0022,2025-11-26,SALE,-6,Order,ORD-001835
MOV-0005678,PRD-0017,2025-03-11,SALE,-9,Order,ORD-001837
MOV-0005679,PRD-0034,2026-02-23,SALE,-3,Order,ORD-001838
MOV-0005680,PRD-0054,2026-02-23,SALE,-9,Order,ORD-001838
MOV-0005681,PRD-0066,2026-02-23,SALE,-12,Order,ORD-001838
MOV-0005682,PRD-0036,2025-11-11,SALE,-4,Order,ORD-001839
MOV-0005683,PRD-0033,2025-11-11,SALE,-1,Order,ORD-001839
MOV-0005684,PRD-0064,2025-11-11,SALE,-5,Order,ORD-001839
MOV-0005685,PRD-0005,2025-10-23,SALE,-23,Order,ORD-001840
MOV-0005686,PRD-0034,2025-10-23,SALE,-13,Order,ORD-001840
MOV-0005687,PRD-0003,2025-10-23,SALE,-2,Order,ORD-001840
MOV-0005688,PRD-0007,2025-10-23,SALE,-8,Order,ORD-001840
MOV-0005689,PRD-0070,2025-11-04,SALE,-5,Order,ORD-001841
MOV-0005690,PRD-0049,2025-11-04,SALE,-9,Order,ORD-001841
MOV-0005691,PRD-0052,2025-11-04,SALE,-2,Order,ORD-001841
MOV-0005692,PRD-0045,2025-12-07,SALE,-27,Order,ORD-001842
MOV-0005693,PRD-0005,2025-12-07,SALE,-22,Order,ORD-001842
MOV-0005694,PRD-0066,2025-12-07,SALE,-35,Order,ORD-001842
MOV-0005695,PRD-0058,2025-12-07,SALE,-10,Order,ORD-001842
MOV-0005696,PRD-0030,2025-12-07,SALE,-17,Order,ORD-001842
MOV-0005697,PRD-0069,2026-05-30,SALE,-15,Order,ORD-001843
MOV-0005698,PRD-0052,2026-05-30,SALE,-18,Order,ORD-001843
MOV-0005699,PRD-0029,2026-05-30,SALE,-22,Order,ORD-001843
MOV-0005700,PRD-0032,2026-05-30,SALE,-22,Order,ORD-001843
MOV-0005701,PRD-0012,2026-08-08,SALE,-5,Order,ORD-001844
MOV-0005702,PRD-0053,2026-08-08,SALE,-5,Order,ORD-001844
MOV-0005703,PRD-0030,2026-08-08,SALE,-13,Order,ORD-001844
MOV-0005704,PRD-0043,2026-08-08,SALE,-7,Order,ORD-001844
MOV-0005705,PRD-0034,2026-08-08,SALE,-10,Order,ORD-001844
MOV-0005706,PRD-0036,2025-08-17,SALE,-3,Order,ORD-001845
MOV-0005707,PRD-0069,2025-08-17,SALE,-21,Order,ORD-001845
MOV-0005708,PRD-0007,2026-03-10,SALE,-14,Order,ORD-001847
MOV-0005709,PRD-0040,2026-03-10,SALE,-12,Order,ORD-001847
MOV-0005710,PRD-0005,2026-03-10,SALE,-22,Order,ORD-001847
MOV-0005711,PRD-0029,2025-12-04,SALE,-4,Order,ORD-001848
MOV-0005712,PRD-0069,2025-12-04,SALE,-5,Order,ORD-001848
MOV-0005713,PRD-0020,2025-12-04,SALE,-4,Order,ORD-001848
MOV-0005714,PRD-0034,2025-03-27,SALE,-20,Order,ORD-001849
MOV-0005715,PRD-0009,2025-03-27,SALE,-16,Order,ORD-001849
MOV-0005716,PRD-0007,2025-03-27,SALE,-12,Order,ORD-001849
MOV-0005717,PRD-0069,2025-03-27,SALE,-24,Order,ORD-001849
MOV-0005718,PRD-0031,2025-03-27,SALE,-35,Order,ORD-001849
MOV-0005719,PRD-0011,2025-12-22,SALE,-20,Order,ORD-001850
MOV-0005720,PRD-0034,2025-12-22,SALE,-17,Order,ORD-001850
MOV-0005721,PRD-0054,2025-12-22,SALE,-34,Order,ORD-001850
MOV-0005722,PRD-0048,2025-12-22,SALE,-17,Order,ORD-001850
MOV-0005723,PRD-0069,2025-12-22,SALE,-10,Order,ORD-001850
MOV-0005724,PRD-0050,2025-03-29,SALE,-14,Order,ORD-001851
MOV-0005725,PRD-0069,2025-03-29,SALE,-7,Order,ORD-001851
MOV-0005726,PRD-0031,2025-03-29,SALE,-11,Order,ORD-001851
MOV-0005727,PRD-0046,2025-03-29,SALE,-4,Order,ORD-001851
MOV-0005728,PRD-0015,2025-03-29,SALE,-9,Order,ORD-001851
MOV-0005729,PRD-0005,2025-03-29,SALE,-25,Order,ORD-001851
MOV-0005730,PRD-0024,2025-11-06,SALE,-10,Order,ORD-001852
MOV-0005731,PRD-0049,2026-08-24,SALE,-42,Order,ORD-001853
MOV-0005732,PRD-0040,2026-08-24,SALE,-10,Order,ORD-001853
MOV-0005733,PRD-0005,2026-08-24,SALE,-35,Order,ORD-001853
MOV-0005734,PRD-0068,2026-08-24,SALE,-6,Order,ORD-001853
MOV-0005735,PRD-0007,2026-08-24,SALE,-19,Order,ORD-001853
MOV-0005736,PRD-0052,2026-08-24,SALE,-6,Order,ORD-001853
MOV-0005737,PRD-0037,2026-08-24,SALE,-23,Order,ORD-001853
MOV-0005738,PRD-0069,2026-05-11,SALE,-6,Order,ORD-001854
MOV-0005739,PRD-0062,2025-11-18,SALE,-36,Order,ORD-001855
MOV-0005740,PRD-0050,2025-11-18,SALE,-8,Order,ORD-001855
MOV-0005741,PRD-0042,2025-11-18,SALE,-28,Order,ORD-001855
MOV-0005742,PRD-0029,2025-11-18,SALE,-3,Order,ORD-001855
MOV-0005743,PRD-0034,2025-11-18,SALE,-8,Order,ORD-001855
MOV-0005744,PRD-0034,2026-05-28,SALE,-6,Order,ORD-001856
MOV-0005745,PRD-0045,2026-05-28,SALE,-5,Order,ORD-001856
MOV-0005746,PRD-0003,2026-05-28,SALE,-2,Order,ORD-001856
MOV-0005747,PRD-0032,2026-05-28,SALE,-1,Order,ORD-001856
MOV-0005748,PRD-0050,2026-04-04,SALE,-33,Order,ORD-001858
MOV-0005749,PRD-0045,2026-04-04,SALE,-16,Order,ORD-001858
MOV-0005750,PRD-0005,2026-05-05,SALE,-15,Order,ORD-001860
MOV-0005751,PRD-0049,2026-05-05,SALE,-24,Order,ORD-001860
MOV-0005752,PRD-0050,2026-05-05,SALE,-36,Order,ORD-001860
MOV-0005753,PRD-0030,2026-05-05,SALE,-21,Order,ORD-001860
MOV-0005754,PRD-0011,2026-05-05,SALE,-15,Order,ORD-001860
MOV-0005755,PRD-0047,2026-05-05,SALE,-9,Order,ORD-001860
MOV-0005756,PRD-0025,2025-08-07,SALE,-8,Order,ORD-001861
MOV-0005757,PRD-0018,2025-08-07,SALE,-12,Order,ORD-001861
MOV-0005758,PRD-0067,2025-08-07,SALE,-28,Order,ORD-001861
MOV-0005759,PRD-0043,2025-08-07,SALE,-10,Order,ORD-001861
MOV-0005760,PRD-0050,2025-08-07,SALE,-8,Order,ORD-001861
MOV-0005761,PRD-0007,2026-03-16,SALE,-14,Order,ORD-001862
MOV-0005762,PRD-0032,2026-03-16,SALE,-14,Order,ORD-001862
MOV-0005763,PRD-0045,2026-03-16,SALE,-7,Order,ORD-001862
MOV-0005764,PRD-0022,2026-03-16,SALE,-9,Order,ORD-001862
MOV-0005765,PRD-0054,2026-03-16,SALE,-21,Order,ORD-001862
MOV-0005766,PRD-0034,2025-03-26,SALE,-1,Order,ORD-001863
MOV-0005767,PRD-0058,2025-04-29,SALE,-1,Order,ORD-001864
MOV-0005768,PRD-0030,2026-03-03,SALE,-38,Order,ORD-001865
MOV-0005769,PRD-0051,2026-03-03,SALE,-18,Order,ORD-001865
MOV-0005770,PRD-0004,2026-03-03,SALE,-15,Order,ORD-001865
MOV-0005771,PRD-0026,2026-03-03,SALE,-32,Order,ORD-001865
MOV-0005772,PRD-0063,2026-03-03,SALE,-27,Order,ORD-001865
MOV-0005773,PRD-0037,2026-04-13,SALE,-86,Order,ORD-001867
MOV-0005774,PRD-0046,2026-04-13,SALE,-16,Order,ORD-001867
MOV-0005775,PRD-0007,2025-03-14,SALE,-3,Order,ORD-001868
MOV-0005776,PRD-0045,2025-03-14,SALE,-9,Order,ORD-001868
MOV-0005777,PRD-0035,2025-03-14,SALE,-1,Order,ORD-001868
MOV-0005778,PRD-0048,2026-06-30,SALE,-2,Order,ORD-001869
MOV-0005779,PRD-0037,2026-06-30,SALE,-20,Order,ORD-001869
MOV-0005780,PRD-0057,2025-09-13,SALE,-5,Order,ORD-001870
MOV-0005781,PRD-0005,2025-09-13,SALE,-14,Order,ORD-001870
MOV-0005782,PRD-0017,2025-09-13,SALE,-4,Order,ORD-001870
MOV-0005783,PRD-0037,2025-09-13,SALE,-42,Order,ORD-001870
MOV-0005784,PRD-0007,2025-09-13,SALE,-7,Order,ORD-001870
MOV-0005785,PRD-0034,2025-06-29,SALE,-8,Order,ORD-001871
MOV-0005786,PRD-0060,2025-06-29,SALE,-2,Order,ORD-001871
MOV-0005787,PRD-0059,2025-06-29,SALE,-29,Order,ORD-001871
MOV-0005788,PRD-0049,2025-06-29,SALE,-11,Order,ORD-001871
MOV-0005789,PRD-0029,2025-06-29,SALE,-11,Order,ORD-001871
MOV-0005790,PRD-0053,2025-09-08,SALE,-11,Order,ORD-001872
MOV-0005791,PRD-0066,2025-09-08,SALE,-14,Order,ORD-001872
MOV-0005792,PRD-0052,2025-09-08,SALE,-11,Order,ORD-001872
MOV-0005793,PRD-0003,2025-09-08,SALE,-7,Order,ORD-001872
MOV-0005794,PRD-0023,2025-09-08,SALE,-7,Order,ORD-001872
MOV-0005795,PRD-0027,2026-05-21,SALE,-19,Order,ORD-001873
MOV-0005796,PRD-0060,2026-05-04,SALE,-8,Order,ORD-001875
MOV-0005797,PRD-0044,2026-05-04,SALE,-35,Order,ORD-001875
MOV-0005798,PRD-0040,2026-05-04,SALE,-8,Order,ORD-001875
MOV-0005799,PRD-0007,2026-05-04,SALE,-10,Order,ORD-001875
MOV-0005800,PRD-0046,2026-06-09,SALE,-3,Order,ORD-001876
MOV-0005801,PRD-0009,2026-06-09,SALE,-5,Order,ORD-001876
MOV-0005802,PRD-0066,2026-06-09,SALE,-20,Order,ORD-001876
MOV-0005803,PRD-0036,2026-06-09,SALE,-1,Order,ORD-001876
MOV-0005804,PRD-0066,2025-06-27,SALE,-8,Order,ORD-001877
MOV-0005805,PRD-0007,2025-05-02,SALE,-3,Order,ORD-001878
MOV-0005806,PRD-0006,2025-05-02,SALE,-10,Order,ORD-001878
MOV-0005807,PRD-0053,2025-05-02,SALE,-3,Order,ORD-001878
MOV-0005808,PRD-0013,2025-05-02,SALE,-41,Order,ORD-001878
MOV-0005809,PRD-0066,2025-07-12,SALE,-44,Order,ORD-001879
MOV-0005810,PRD-0027,2025-07-12,SALE,-48,Order,ORD-001879
MOV-0005811,PRD-0026,2025-07-12,SALE,-64,Order,ORD-001879
MOV-0005812,PRD-0040,2025-07-12,SALE,-16,Order,ORD-001879
MOV-0005813,PRD-0045,2025-07-12,SALE,-16,Order,ORD-001879
MOV-0005814,PRD-0017,2025-07-12,SALE,-8,Order,ORD-001879
MOV-0005815,PRD-0031,2025-07-12,SALE,-36,Order,ORD-001879
MOV-0005816,PRD-0005,2026-03-14,SALE,-13,Order,ORD-001880
MOV-0005817,PRD-0033,2026-03-14,SALE,-7,Order,ORD-001880
MOV-0005818,PRD-0054,2026-03-14,SALE,-7,Order,ORD-001880
MOV-0005819,PRD-0066,2026-06-08,SALE,-10,Order,ORD-001882
MOV-0005820,PRD-0052,2026-06-08,SALE,-2,Order,ORD-001882
MOV-0005821,PRD-0045,2026-06-08,SALE,-16,Order,ORD-001882
MOV-0005822,PRD-0069,2026-06-08,SALE,-8,Order,ORD-001882
MOV-0005823,PRD-0037,2026-07-08,SALE,-21,Order,ORD-001883
MOV-0005824,PRD-0009,2026-07-08,SALE,-3,Order,ORD-001883
MOV-0005825,PRD-0069,2026-09-07,SALE,-1,Order,ORD-001884
MOV-0005826,PRD-0041,2026-09-07,SALE,-7,Order,ORD-001884
MOV-0005827,PRD-0032,2026-09-07,SALE,-3,Order,ORD-001884
MOV-0005828,PRD-0033,2026-04-09,SALE,-2,Order,ORD-001885
MOV-0005829,PRD-0061,2026-04-09,SALE,-12,Order,ORD-001885
MOV-0005830,PRD-0066,2026-04-09,SALE,-15,Order,ORD-001885
MOV-0005831,PRD-0052,2025-03-14,SALE,-3,Order,ORD-001886
MOV-0005832,PRD-0066,2025-03-14,SALE,-15,Order,ORD-001886
MOV-0005833,PRD-0064,2025-03-14,SALE,-2,Order,ORD-001886
MOV-0005834,PRD-0005,2025-03-14,SALE,-14,Order,ORD-001886
MOV-0005835,PRD-0006,2025-10-18,SALE,-10,Order,ORD-001887
MOV-0005836,PRD-0037,2025-10-18,SALE,-14,Order,ORD-001887
MOV-0005837,PRD-0011,2025-10-18,SALE,-6,Order,ORD-001887
MOV-0005838,PRD-0052,2025-10-18,SALE,-8,Order,ORD-001887
MOV-0005839,PRD-0028,2025-12-22,SALE,-52,Order,ORD-001888
MOV-0005840,PRD-0037,2025-12-22,SALE,-26,Order,ORD-001888
MOV-0005841,PRD-0027,2025-12-22,SALE,-22,Order,ORD-001888
MOV-0005842,PRD-0030,2025-12-22,SALE,-49,Order,ORD-001888
MOV-0005843,PRD-0007,2026-06-04,SALE,-4,Order,ORD-001889
MOV-0005844,PRD-0037,2026-06-04,SALE,-22,Order,ORD-001889
MOV-0005845,PRD-0053,2026-06-04,SALE,-11,Order,ORD-001889
MOV-0005846,PRD-0049,2026-08-18,SALE,-12,Order,ORD-001890
MOV-0005847,PRD-0032,2026-08-18,SALE,-3,Order,ORD-001890
MOV-0005848,PRD-0013,2026-08-18,SALE,-37,Order,ORD-001890
MOV-0005849,PRD-0034,2026-08-18,SALE,-7,Order,ORD-001890
MOV-0005850,PRD-0034,2025-09-03,SALE,-8,Order,ORD-001891
MOV-0005851,PRD-0031,2025-09-03,SALE,-17,Order,ORD-001891
MOV-0005852,PRD-0053,2025-09-03,SALE,-4,Order,ORD-001891
MOV-0005853,PRD-0028,2025-09-03,SALE,-21,Order,ORD-001891
MOV-0005854,PRD-0030,2025-09-03,SALE,-34,Order,ORD-001891
MOV-0005855,PRD-0045,2026-08-15,SALE,-16,Order,ORD-001892
MOV-0005856,PRD-0065,2026-08-15,SALE,-19,Order,ORD-001892
MOV-0005857,PRD-0007,2026-08-15,SALE,-10,Order,ORD-001892
MOV-0005858,PRD-0052,2026-08-15,SALE,-19,Order,ORD-001892
MOV-0005859,PRD-0022,2025-11-19,SALE,-12,Order,ORD-001893
MOV-0005860,PRD-0069,2025-11-19,SALE,-17,Order,ORD-001893
MOV-0005861,PRD-0050,2025-11-19,SALE,-26,Order,ORD-001893
MOV-0005862,PRD-0064,2025-11-19,SALE,-12,Order,ORD-001893
MOV-0005863,PRD-0019,2025-11-19,SALE,-17,Order,ORD-001893
MOV-0005864,PRD-0038,2025-03-11,SALE,-12,Order,ORD-001894
MOV-0005865,PRD-0049,2025-03-11,SALE,-34,Order,ORD-001894
MOV-0005866,PRD-0034,2025-03-11,SALE,-6,Order,ORD-001894
MOV-0005867,PRD-0005,2025-03-11,SALE,-12,Order,ORD-001894
MOV-0005868,PRD-0007,2025-03-11,SALE,-6,Order,ORD-001894
MOV-0005869,PRD-0064,2025-03-11,SALE,-9,Order,ORD-001894
MOV-0005870,PRD-0045,2026-06-18,SALE,-41,Order,ORD-001895
MOV-0005871,PRD-0032,2026-06-18,SALE,-22,Order,ORD-001895
MOV-0005872,PRD-0038,2025-04-12,SALE,-6,Order,ORD-001896
MOV-0005873,PRD-0034,2025-04-12,SALE,-5,Order,ORD-001896
MOV-0005874,PRD-0050,2025-04-12,SALE,-8,Order,ORD-001896
MOV-0005875,PRD-0013,2025-04-12,SALE,-20,Order,ORD-001896
MOV-0005876,PRD-0005,2026-01-04,SALE,-6,Order,ORD-001897
MOV-0005877,PRD-0066,2026-01-04,SALE,-6,Order,ORD-001897
MOV-0005878,PRD-0045,2026-01-04,SALE,-24,Order,ORD-001897
MOV-0005879,PRD-0013,2026-01-04,SALE,-29,Order,ORD-001897
MOV-0005880,PRD-0061,2026-05-25,SALE,-9,Order,ORD-001898
MOV-0005881,PRD-0050,2026-05-25,SALE,-16,Order,ORD-001898
MOV-0005882,PRD-0037,2025-08-19,SALE,-26,Order,ORD-001899
MOV-0005883,PRD-0019,2025-08-19,SALE,-7,Order,ORD-001899
MOV-0005884,PRD-0013,2025-08-19,SALE,-23,Order,ORD-001899
MOV-0005885,PRD-0016,2025-08-19,SALE,-2,Order,ORD-001899
MOV-0005886,PRD-0009,2026-06-01,SALE,-9,Order,ORD-001900
MOV-0005887,PRD-0034,2026-06-01,SALE,-6,Order,ORD-001900
MOV-0005888,PRD-0007,2026-06-01,SALE,-12,Order,ORD-001900
MOV-0005889,PRD-0032,2026-06-01,SALE,-3,Order,ORD-001900
MOV-0005890,PRD-0038,2026-06-01,SALE,-6,Order,ORD-001900
MOV-0005891,PRD-0023,2026-05-08,SALE,-13,Order,ORD-001901
MOV-0005892,PRD-0053,2026-05-08,SALE,-13,Order,ORD-001901
MOV-0005893,PRD-0066,2026-05-08,SALE,-29,Order,ORD-001901
MOV-0005894,PRD-0030,2026-05-08,SALE,-29,Order,ORD-001901
MOV-0005895,PRD-0011,2025-08-07,SALE,-4,Order,ORD-001902
MOV-0005896,PRD-0028,2025-08-07,SALE,-36,Order,ORD-001902
MOV-0005897,PRD-0034,2025-08-07,SALE,-2,Order,ORD-001902
MOV-0005898,PRD-0040,2025-08-07,SALE,-2,Order,ORD-001902
MOV-0005899,PRD-0056,2025-08-07,SALE,-2,Order,ORD-001902
MOV-0005900,PRD-0059,2025-07-11,SALE,-13,Order,ORD-001903
MOV-0005901,PRD-0001,2025-07-11,SALE,-4,Order,ORD-001903
MOV-0005902,PRD-0058,2026-08-27,SALE,-14,Order,ORD-001904
MOV-0005903,PRD-0004,2026-08-24,SALE,-8,Order,ORD-001905
MOV-0005904,PRD-0036,2026-08-24,SALE,-6,Order,ORD-001905
MOV-0005905,PRD-0040,2026-08-24,SALE,-6,Order,ORD-001905
MOV-0005906,PRD-0050,2026-08-24,SALE,-24,Order,ORD-001905
MOV-0005907,PRD-0067,2025-04-03,SALE,-4,Order,ORD-001906
MOV-0005908,PRD-0034,2026-05-14,SALE,-20,Order,ORD-001907
MOV-0005909,PRD-0070,2026-05-14,SALE,-40,Order,ORD-001907
MOV-0005910,PRD-0066,2026-05-14,SALE,-33,Order,ORD-001907
MOV-0005911,PRD-0014,2026-07-28,SALE,-6,Order,ORD-001908
MOV-0005912,PRD-0046,2026-07-28,SALE,-2,Order,ORD-001908
MOV-0005913,PRD-0017,2026-07-28,SALE,-9,Order,ORD-001908
MOV-0005914,PRD-0031,2026-06-12,SALE,-10,Order,ORD-001909
MOV-0005915,PRD-0037,2026-08-18,SALE,-25,Order,ORD-001910
MOV-0005916,PRD-0028,2026-08-18,SALE,-22,Order,ORD-001910
MOV-0005917,PRD-0058,2026-08-18,SALE,-14,Order,ORD-001910
MOV-0005918,PRD-0011,2026-08-18,SALE,-14,Order,ORD-001910
MOV-0005919,PRD-0063,2026-08-18,SALE,-49,Order,ORD-001910
MOV-0005920,PRD-0052,2026-08-18,SALE,-5,Order,ORD-001910
MOV-0005921,PRD-0031,2026-08-18,SALE,-27,Order,ORD-001910
MOV-0005922,PRD-0011,2025-11-05,SALE,-2,Order,ORD-001911
MOV-0005923,PRD-0058,2025-11-05,SALE,-7,Order,ORD-001911
MOV-0005924,PRD-0016,2026-08-06,SALE,-20,Order,ORD-001912
MOV-0005925,PRD-0034,2026-08-06,SALE,-3,Order,ORD-001912
MOV-0005926,PRD-0053,2026-08-06,SALE,-17,Order,ORD-001912
MOV-0005927,PRD-0023,2026-03-09,SALE,-12,Order,ORD-001913
MOV-0005928,PRD-0046,2026-03-09,SALE,-2,Order,ORD-001913
MOV-0005929,PRD-0034,2026-03-09,SALE,-7,Order,ORD-001913
MOV-0005930,PRD-0013,2026-03-09,SALE,-55,Order,ORD-001913
MOV-0005931,PRD-0005,2026-03-09,SALE,-7,Order,ORD-001913
MOV-0005932,PRD-0064,2026-03-09,SALE,-5,Order,ORD-001913
MOV-0005933,PRD-0060,2025-03-23,SALE,-4,Order,ORD-001914
MOV-0005934,PRD-0005,2025-03-23,SALE,-25,Order,ORD-001914
MOV-0005935,PRD-0021,2025-03-23,SALE,-18,Order,ORD-001914
MOV-0005936,PRD-0026,2025-03-23,SALE,-22,Order,ORD-001914
MOV-0005937,PRD-0052,2026-04-14,SALE,-7,Order,ORD-001915
MOV-0005938,PRD-0066,2026-09-02,SALE,-32,Order,ORD-001916
MOV-0005939,PRD-0003,2026-09-02,SALE,-19,Order,ORD-001916
MOV-0005940,PRD-0049,2026-09-02,SALE,-49,Order,ORD-001916
MOV-0005941,PRD-0058,2026-09-02,SALE,-3,Order,ORD-001916
MOV-0005942,PRD-0017,2026-02-26,SALE,-2,Order,ORD-001917
MOV-0005943,PRD-0047,2026-02-26,SALE,-9,Order,ORD-001917
MOV-0005944,PRD-0007,2026-02-26,SALE,-2,Order,ORD-001917
MOV-0005945,PRD-0032,2026-02-26,SALE,-11,Order,ORD-001917
MOV-0005946,PRD-0004,2026-02-26,SALE,-22,Order,ORD-001917
MOV-0005947,PRD-0069,2026-02-26,SALE,-11,Order,ORD-001917
MOV-0005948,PRD-0005,2026-04-25,SALE,-43,Order,ORD-001918
MOV-0005949,PRD-0066,2026-04-25,SALE,-34,Order,ORD-001918
MOV-0005950,PRD-0031,2026-04-25,SALE,-37,Order,ORD-001918
MOV-0005951,PRD-0013,2026-04-25,SALE,-15,Order,ORD-001918
MOV-0005952,PRD-0004,2026-04-25,SALE,-28,Order,ORD-001918
MOV-0005953,PRD-0034,2026-04-25,SALE,-9,Order,ORD-001918
MOV-0005954,PRD-0069,2025-12-01,SALE,-5,Order,ORD-001919
MOV-0005955,PRD-0017,2025-12-01,SALE,-5,Order,ORD-001919
MOV-0005956,PRD-0068,2025-12-01,SALE,-9,Order,ORD-001919
MOV-0005957,PRD-0042,2025-12-01,SALE,-35,Order,ORD-001919
MOV-0005958,PRD-0060,2025-12-01,SALE,-9,Order,ORD-001919
MOV-0005959,PRD-0034,2025-06-29,SALE,-10,Order,ORD-001920
MOV-0005960,PRD-0036,2025-06-29,SALE,-7,Order,ORD-001920
MOV-0005961,PRD-0053,2025-06-29,SALE,-10,Order,ORD-001920
MOV-0005962,PRD-0005,2025-06-29,SALE,-13,Order,ORD-001920
MOV-0005963,PRD-0007,2025-06-29,SALE,-3,Order,ORD-001920
MOV-0005964,PRD-0040,2026-01-23,SALE,-12,Order,ORD-001921
MOV-0005965,PRD-0045,2026-01-23,SALE,-10,Order,ORD-001921
MOV-0005966,PRD-0038,2026-01-23,SALE,-10,Order,ORD-001921
MOV-0005967,PRD-0060,2026-02-05,SALE,-17,Order,ORD-001922
MOV-0005968,PRD-0021,2026-02-05,SALE,-14,Order,ORD-001922
MOV-0005969,PRD-0052,2026-02-05,SALE,-7,Order,ORD-001922
MOV-0005970,PRD-0019,2026-02-05,SALE,-24,Order,ORD-001922
MOV-0005971,PRD-0066,2026-01-13,SALE,-19,Order,ORD-001924
MOV-0005972,PRD-0034,2026-01-13,SALE,-2,Order,ORD-001924
MOV-0005973,PRD-0032,2026-01-13,SALE,-14,Order,ORD-001924
MOV-0005974,PRD-0004,2026-03-16,SALE,-17,Order,ORD-001925
MOV-0005975,PRD-0060,2026-03-16,SALE,-8,Order,ORD-001925
MOV-0005976,PRD-0034,2026-03-16,SALE,-4,Order,ORD-001925
MOV-0005977,PRD-0014,2026-03-16,SALE,-8,Order,ORD-001925
MOV-0005978,PRD-0053,2026-03-01,SALE,-9,Order,ORD-001926
MOV-0005979,PRD-0055,2025-12-04,SALE,-10,Order,ORD-001927
MOV-0005980,PRD-0050,2025-12-04,SALE,-6,Order,ORD-001927
MOV-0005981,PRD-0069,2025-12-04,SALE,-6,Order,ORD-001927
MOV-0005982,PRD-0030,2025-12-04,SALE,-8,Order,ORD-001927
MOV-0005983,PRD-0006,2025-12-04,SALE,-10,Order,ORD-001927
MOV-0005984,PRD-0021,2025-08-14,SALE,-2,Order,ORD-001928
MOV-0005985,PRD-0007,2025-08-14,SALE,-5,Order,ORD-001928
MOV-0005986,PRD-0070,2025-08-14,SALE,-26,Order,ORD-001928
MOV-0005987,PRD-0027,2025-08-14,SALE,-17,Order,ORD-001928
MOV-0005988,PRD-0005,2025-08-14,SALE,-14,Order,ORD-001928
MOV-0005989,PRD-0036,2026-08-03,SALE,-2,Order,ORD-001929
MOV-0005990,PRD-0040,2026-03-11,SALE,-3,Order,ORD-001930
MOV-0005991,PRD-0005,2026-03-11,SALE,-11,Order,ORD-001930
MOV-0005992,PRD-0036,2026-03-11,SALE,-3,Order,ORD-001930
MOV-0005993,PRD-0038,2026-05-02,SALE,-13,Order,ORD-001931
MOV-0005994,PRD-0050,2026-05-02,SALE,-29,Order,ORD-001931
MOV-0005995,PRD-0053,2026-05-02,SALE,-13,Order,ORD-001931
MOV-0005996,PRD-0031,2026-05-02,SALE,-39,Order,ORD-001931
MOV-0005997,PRD-0018,2025-06-13,SALE,-10,Order,ORD-001932
MOV-0005998,PRD-0046,2025-06-13,SALE,-10,Order,ORD-001932
MOV-0005999,PRD-0027,2025-06-13,SALE,-43,Order,ORD-001932
MOV-0006000,PRD-0052,2025-06-13,SALE,-20,Order,ORD-001932
MOV-0006001,PRD-0033,2025-06-13,SALE,-3,Order,ORD-001932
MOV-0006002,PRD-0069,2025-06-13,SALE,-7,Order,ORD-001932
MOV-0006003,PRD-0034,2025-06-13,SALE,-17,Order,ORD-001932
MOV-0006004,PRD-0002,2025-09-13,SALE,-36,Order,ORD-001934
MOV-0006005,PRD-0031,2025-09-13,SALE,-12,Order,ORD-001934
MOV-0006006,PRD-0064,2025-08-20,SALE,-4,Order,ORD-001935
MOV-0006007,PRD-0011,2025-08-20,SALE,-9,Order,ORD-001935
MOV-0006008,PRD-0009,2026-05-12,SALE,-11,Order,ORD-001936
MOV-0006009,PRD-0034,2026-05-12,SALE,-4,Order,ORD-001936
MOV-0006010,PRD-0005,2026-05-12,SALE,-17,Order,ORD-001936
MOV-0006011,PRD-0054,2026-05-12,SALE,-13,Order,ORD-001936
MOV-0006012,PRD-0066,2026-05-12,SALE,-28,Order,ORD-001936
MOV-0006013,PRD-0023,2026-05-12,SALE,-7,Order,ORD-001936
MOV-0006014,PRD-0039,2025-03-16,SALE,-18,Order,ORD-001937
MOV-0006015,PRD-0036,2025-03-16,SALE,-5,Order,ORD-001937
MOV-0006016,PRD-0045,2025-03-16,SALE,-5,Order,ORD-001937
MOV-0006017,PRD-0045,2026-06-01,SALE,-5,Order,ORD-001939
MOV-0006018,PRD-0017,2026-04-27,SALE,-4,Order,ORD-001940
MOV-0006019,PRD-0025,2025-03-26,SALE,-4,Order,ORD-001941
MOV-0006020,PRD-0008,2025-03-26,SALE,-11,Order,ORD-001941
MOV-0006021,PRD-0045,2025-03-26,SALE,-21,Order,ORD-001941
MOV-0006022,PRD-0006,2025-03-26,SALE,-4,Order,ORD-001941
MOV-0006023,PRD-0057,2025-03-26,SALE,-11,Order,ORD-001941
MOV-0006024,PRD-0017,2025-03-26,SALE,-7,Order,ORD-001941
MOV-0006025,PRD-0049,2025-03-07,SALE,-6,Order,ORD-001942
MOV-0006026,PRD-0025,2025-03-07,SALE,-2,Order,ORD-001942
MOV-0006027,PRD-0021,2025-03-07,SALE,-3,Order,ORD-001942
MOV-0006028,PRD-0005,2025-03-07,SALE,-4,Order,ORD-001942
MOV-0006029,PRD-0012,2026-02-12,SALE,-10,Order,ORD-001943
MOV-0006030,PRD-0040,2026-02-12,SALE,-8,Order,ORD-001943
MOV-0006031,PRD-0015,2026-02-12,SALE,-10,Order,ORD-001943
MOV-0006032,PRD-0034,2026-02-12,SALE,-10,Order,ORD-001943
MOV-0006033,PRD-0038,2026-02-12,SALE,-15,Order,ORD-001943
MOV-0006034,PRD-0027,2026-02-12,SALE,-53,Order,ORD-001943
MOV-0006035,PRD-0066,2026-02-12,SALE,-23,Order,ORD-001943
MOV-0006036,PRD-0025,2026-07-04,SALE,-4,Order,ORD-001944
MOV-0006037,PRD-0007,2026-07-04,SALE,-23,Order,ORD-001944
MOV-0006038,PRD-0034,2026-07-04,SALE,-23,Order,ORD-001944
MOV-0006039,PRD-0027,2026-07-04,SALE,-27,Order,ORD-001944
MOV-0006040,PRD-0052,2026-01-12,SALE,-2,Order,ORD-001945
MOV-0006041,PRD-0043,2026-01-12,SALE,-10,Order,ORD-001945
MOV-0006042,PRD-0029,2026-01-12,SALE,-14,Order,ORD-001945
MOV-0006043,PRD-0031,2026-01-12,SALE,-14,Order,ORD-001945
MOV-0006044,PRD-0041,2025-11-13,SALE,-4,Order,ORD-001946
MOV-0006045,PRD-0020,2025-11-13,SALE,-9,Order,ORD-001946
MOV-0006046,PRD-0031,2025-11-13,SALE,-18,Order,ORD-001946
MOV-0006047,PRD-0047,2025-11-13,SALE,-9,Order,ORD-001946
MOV-0006048,PRD-0034,2025-11-13,SALE,-9,Order,ORD-001946
MOV-0006049,PRD-0039,2025-11-13,SALE,-11,Order,ORD-001946
MOV-0006050,PRD-0005,2025-11-13,SALE,-16,Order,ORD-001946
MOV-0006051,PRD-0005,2026-03-27,SALE,-30,Order,ORD-001947
MOV-0006052,PRD-0023,2026-03-27,SALE,-2,Order,ORD-001947
MOV-0006053,PRD-0015,2026-03-27,SALE,-8,Order,ORD-001947
MOV-0006054,PRD-0037,2026-01-03,SALE,-13,Order,ORD-001948
MOV-0006055,PRD-0047,2026-01-03,SALE,-9,Order,ORD-001948
MOV-0006056,PRD-0050,2026-01-03,SALE,-25,Order,ORD-001948
MOV-0006057,PRD-0052,2026-01-03,SALE,-2,Order,ORD-001948
MOV-0006058,PRD-0001,2025-11-09,SALE,-7,Order,ORD-001949
MOV-0006059,PRD-0024,2025-11-09,SALE,-32,Order,ORD-001949
MOV-0006060,PRD-0022,2025-11-09,SALE,-2,Order,ORD-001949
MOV-0006061,PRD-0034,2025-11-09,SALE,-9,Order,ORD-001949
MOV-0006062,PRD-0014,2026-01-09,SALE,-3,Order,ORD-001950
MOV-0006063,PRD-0066,2026-01-09,SALE,-23,Order,ORD-001950
MOV-0006064,PRD-0008,2026-01-09,SALE,-2,Order,ORD-001950
MOV-0006065,PRD-0069,2026-01-09,SALE,-5,Order,ORD-001950
MOV-0006066,PRD-0031,2025-11-25,SALE,-37,Order,ORD-001951
MOV-0006067,PRD-0026,2025-11-25,SALE,-25,Order,ORD-001951
MOV-0006068,PRD-0005,2025-11-25,SALE,-7,Order,ORD-001951
MOV-0006069,PRD-0005,2026-06-22,SALE,-21,Order,ORD-001952
MOV-0006070,PRD-0057,2026-06-22,SALE,-8,Order,ORD-001952
MOV-0006071,PRD-0045,2025-04-13,SALE,-35,Order,ORD-001953
MOV-0006072,PRD-0048,2025-04-13,SALE,-5,Order,ORD-001953
MOV-0006073,PRD-0067,2025-04-13,SALE,-25,Order,ORD-001953
MOV-0006074,PRD-0009,2025-04-13,SALE,-14,Order,ORD-001953
MOV-0006075,PRD-0043,2025-07-13,SALE,-4,Order,ORD-001954
MOV-0006076,PRD-0058,2025-07-13,SALE,-5,Order,ORD-001954
MOV-0006077,PRD-0021,2025-10-22,SALE,-2,Order,ORD-001955
MOV-0006078,PRD-0003,2025-10-22,SALE,-3,Order,ORD-001955
MOV-0006079,PRD-0007,2026-08-19,SALE,-8,Order,ORD-001956
MOV-0006080,PRD-0019,2026-08-19,SALE,-16,Order,ORD-001956
MOV-0006081,PRD-0045,2026-08-19,SALE,-14,Order,ORD-001956
MOV-0006082,PRD-0053,2026-08-19,SALE,-6,Order,ORD-001956
MOV-0006083,PRD-0050,2026-08-19,SALE,-7,Order,ORD-001956
MOV-0006084,PRD-0005,2026-04-26,SALE,-11,Order,ORD-001957
MOV-0006085,PRD-0019,2026-04-26,SALE,-11,Order,ORD-001957
MOV-0006086,PRD-0007,2026-04-26,SALE,-6,Order,ORD-001957
MOV-0006087,PRD-0009,2026-04-26,SALE,-7,Order,ORD-001957
MOV-0006088,PRD-0040,2026-02-25,SALE,-13,Order,ORD-001958
MOV-0006089,PRD-0013,2026-02-25,SALE,-18,Order,ORD-001958
MOV-0006090,PRD-0055,2026-02-25,SALE,-13,Order,ORD-001958
MOV-0006091,PRD-0007,2026-02-25,SALE,-5,Order,ORD-001958
MOV-0006092,PRD-0025,2026-02-25,SALE,-8,Order,ORD-001958
MOV-0006093,PRD-0045,2026-02-25,SALE,-34,Order,ORD-001958
MOV-0006094,PRD-0046,2026-02-25,SALE,-10,Order,ORD-001958
MOV-0006095,PRD-0058,2026-06-15,SALE,-2,Order,ORD-001959
MOV-0006096,PRD-0007,2026-06-15,SALE,-2,Order,ORD-001959
MOV-0006097,PRD-0066,2026-06-15,SALE,-18,Order,ORD-001959
MOV-0006098,PRD-0034,2026-06-15,SALE,-6,Order,ORD-001959
MOV-0006099,PRD-0005,2026-06-15,SALE,-17,Order,ORD-001959
MOV-0006100,PRD-0031,2025-10-14,SALE,-9,Order,ORD-001960
MOV-0006101,PRD-0055,2026-02-13,SALE,-2,Order,ORD-001961
MOV-0006102,PRD-0037,2025-12-09,SALE,-18,Order,ORD-001962
MOV-0006103,PRD-0039,2025-12-09,SALE,-9,Order,ORD-001962
MOV-0006104,PRD-0016,2025-12-09,SALE,-1,Order,ORD-001962
MOV-0006105,PRD-0004,2025-12-09,SALE,-10,Order,ORD-001962
MOV-0006106,PRD-0005,2026-01-13,SALE,-24,Order,ORD-001964
MOV-0006107,PRD-0046,2026-01-13,SALE,-6,Order,ORD-001964
MOV-0006108,PRD-0003,2026-01-13,SALE,-2,Order,ORD-001964
MOV-0006109,PRD-0034,2026-04-11,SALE,-2,Order,ORD-001965
MOV-0006110,PRD-0009,2026-04-11,SALE,-5,Order,ORD-001965
MOV-0006111,PRD-0066,2026-04-11,SALE,-32,Order,ORD-001965
MOV-0006112,PRD-0037,2026-04-11,SALE,-52,Order,ORD-001965
MOV-0006113,PRD-0053,2026-03-05,SALE,-5,Order,ORD-001966
MOV-0006114,PRD-0012,2026-03-05,SALE,-2,Order,ORD-001966
MOV-0006115,PRD-0049,2026-03-05,SALE,-8,Order,ORD-001966
MOV-0006116,PRD-0034,2026-03-05,SALE,-3,Order,ORD-001966
MOV-0006117,PRD-0045,2025-05-13,SALE,-42,Order,ORD-001967
MOV-0006118,PRD-0034,2025-05-13,SALE,-18,Order,ORD-001967
MOV-0006119,PRD-0060,2025-05-13,SALE,-15,Order,ORD-001967
MOV-0006120,PRD-0027,2025-10-30,SALE,-12,Order,ORD-001969
MOV-0006121,PRD-0031,2025-10-30,SALE,-11,Order,ORD-001969
MOV-0006122,PRD-0005,2025-10-30,SALE,-11,Order,ORD-001969
MOV-0006123,PRD-0063,2025-05-25,SALE,-10,Order,ORD-001972
MOV-0006124,PRD-0007,2025-05-25,SALE,-4,Order,ORD-001972
MOV-0006125,PRD-0037,2025-09-30,SALE,-10,Order,ORD-001973
MOV-0006126,PRD-0007,2025-09-30,SALE,-12,Order,ORD-001973
MOV-0006127,PRD-0014,2025-06-10,SALE,-6,Order,ORD-001975
MOV-0006128,PRD-0069,2025-06-10,SALE,-2,Order,ORD-001975
MOV-0006129,PRD-0007,2025-06-10,SALE,-9,Order,ORD-001975
MOV-0006130,PRD-0052,2025-06-10,SALE,-9,Order,ORD-001975
MOV-0006131,PRD-0030,2025-06-10,SALE,-23,Order,ORD-001975
MOV-0006132,PRD-0043,2025-06-10,SALE,-11,Order,ORD-001975
MOV-0006133,PRD-0024,2025-06-10,SALE,-34,Order,ORD-001975
MOV-0006134,PRD-0047,2025-11-22,SALE,-2,Order,ORD-001976
MOV-0006135,PRD-0006,2025-11-22,SALE,-12,Order,ORD-001976
MOV-0006136,PRD-0014,2026-07-14,SALE,-7,Order,ORD-001977
MOV-0006137,PRD-0033,2026-07-14,SALE,-7,Order,ORD-001977
MOV-0006138,PRD-0034,2026-07-04,SALE,-15,Order,ORD-001978
MOV-0006139,PRD-0011,2026-07-04,SALE,-19,Order,ORD-001978
MOV-0006140,PRD-0040,2026-07-04,SALE,-11,Order,ORD-001978
MOV-0006141,PRD-0002,2026-07-04,SALE,-11,Order,ORD-001978
MOV-0006142,PRD-0036,2026-07-04,SALE,-11,Order,ORD-001978
MOV-0006143,PRD-0037,2026-07-04,SALE,-46,Order,ORD-001978
MOV-0006144,PRD-0053,2026-09-03,SALE,-11,Order,ORD-001979
MOV-0006145,PRD-0038,2026-09-03,SALE,-17,Order,ORD-001979
MOV-0006146,PRD-0013,2026-09-03,SALE,-28,Order,ORD-001979
MOV-0006147,PRD-0037,2026-07-04,SALE,-22,Order,ORD-001980
MOV-0006148,PRD-0010,2026-07-04,SALE,-4,Order,ORD-001980
MOV-0006149,PRD-0040,2026-07-04,SALE,-12,Order,ORD-001980
MOV-0006150,PRD-0059,2026-07-04,SALE,-27,Order,ORD-001980
MOV-0006151,PRD-0034,2025-12-12,SALE,-2,Order,ORD-001981
MOV-0006152,PRD-0036,2025-12-12,SALE,-6,Order,ORD-001981
MOV-0006153,PRD-0041,2025-12-12,SALE,-6,Order,ORD-001981
MOV-0006154,PRD-0015,2025-12-12,SALE,-10,Order,ORD-001981
MOV-0006155,PRD-0032,2025-12-12,SALE,-10,Order,ORD-001981
MOV-0006156,PRD-0007,2026-04-17,SALE,-3,Order,ORD-001983
MOV-0006157,PRD-0014,2026-04-17,SALE,-8,Order,ORD-001983
MOV-0006158,PRD-0005,2025-07-10,SALE,-9,Order,ORD-001984
MOV-0006159,PRD-0066,2025-07-10,SALE,-9,Order,ORD-001984
MOV-0006160,PRD-0034,2025-07-10,SALE,-4,Order,ORD-001984
MOV-0006161,PRD-0060,2025-07-10,SALE,-1,Order,ORD-001984
MOV-0006162,PRD-0066,2026-07-04,SALE,-10,Order,ORD-001985
MOV-0006163,PRD-0011,2026-07-04,SALE,-21,Order,ORD-001985
MOV-0006164,PRD-0069,2026-07-04,SALE,-17,Order,ORD-001985
MOV-0006165,PRD-0045,2026-07-04,SALE,-17,Order,ORD-001985
MOV-0006166,PRD-0050,2026-07-04,SALE,-14,Order,ORD-001985
MOV-0006167,PRD-0058,2026-07-04,SALE,-21,Order,ORD-001985
MOV-0006168,PRD-0034,2026-07-04,SALE,-10,Order,ORD-001985
MOV-0006169,PRD-0058,2025-11-03,SALE,-5,Order,ORD-001986
MOV-0006170,PRD-0054,2025-11-03,SALE,-16,Order,ORD-001986
MOV-0006171,PRD-0022,2025-11-03,SALE,-2,Order,ORD-001986
MOV-0006172,PRD-0045,2025-11-03,SALE,-13,Order,ORD-001986
MOV-0006173,PRD-0012,2025-11-03,SALE,-9,Order,ORD-001986
MOV-0006174,PRD-0030,2025-12-11,SALE,-9,Order,ORD-001987
MOV-0006175,PRD-0014,2025-12-11,SALE,-11,Order,ORD-001987
MOV-0006176,PRD-0027,2025-12-11,SALE,-42,Order,ORD-001987
MOV-0006177,PRD-0004,2025-12-11,SALE,-13,Order,ORD-001987
MOV-0006178,PRD-0024,2025-12-11,SALE,-47,Order,ORD-001987
MOV-0006179,PRD-0047,2026-06-30,SALE,-2,Order,ORD-001988
MOV-0006180,PRD-0023,2026-06-30,SALE,-5,Order,ORD-001988
MOV-0006181,PRD-0039,2026-06-30,SALE,-9,Order,ORD-001988
MOV-0006182,PRD-0005,2026-06-30,SALE,-6,Order,ORD-001988
MOV-0006183,PRD-0032,2025-11-09,SALE,-2,Order,ORD-001989
MOV-0006184,PRD-0034,2026-01-03,SALE,-10,Order,ORD-001990
MOV-0006185,PRD-0052,2026-01-03,SALE,-10,Order,ORD-001990
MOV-0006186,PRD-0009,2026-01-03,SALE,-12,Order,ORD-001990
MOV-0006187,PRD-0022,2025-03-06,SALE,-15,Order,ORD-001992
MOV-0006188,PRD-0034,2025-03-06,SALE,-12,Order,ORD-001992
MOV-0006189,PRD-0005,2025-03-06,SALE,-20,Order,ORD-001992
MOV-0006190,PRD-0069,2025-03-06,SALE,-15,Order,ORD-001992
MOV-0006191,PRD-0015,2026-03-15,SALE,-8,Order,ORD-001993
MOV-0006192,PRD-0006,2026-07-18,SALE,-4,Order,ORD-001994
MOV-0006193,PRD-0053,2026-07-18,SALE,-8,Order,ORD-001994
MOV-0006194,PRD-0013,2026-04-17,SALE,-88,Order,ORD-001995
MOV-0006195,PRD-0007,2026-04-17,SALE,-18,Order,ORD-001995
MOV-0006196,PRD-0011,2025-03-11,SALE,-2,Order,ORD-001996
MOV-0006197,PRD-0030,2025-03-11,SALE,-6,Order,ORD-001996
MOV-0006198,PRD-0045,2025-11-18,SALE,-20,Order,ORD-001997
MOV-0006199,PRD-0007,2025-11-18,SALE,-2,Order,ORD-001997
MOV-0006200,PRD-0033,2025-11-18,SALE,-5,Order,ORD-001997
MOV-0006201,PRD-0067,2025-11-18,SALE,-14,Order,ORD-001997
MOV-0006202,PRD-0032,2025-11-18,SALE,-2,Order,ORD-001997
MOV-0006203,PRD-0046,2026-03-08,SALE,-3,Order,ORD-001998
MOV-0006204,PRD-0050,2026-03-08,SALE,-20,Order,ORD-001998
MOV-0006205,PRD-0032,2026-03-08,SALE,-8,Order,ORD-001998
MOV-0006206,PRD-0044,2026-03-08,SALE,-62,Order,ORD-001998
MOV-0006207,PRD-0007,2025-12-23,SALE,-9,Order,ORD-001999
MOV-0006208,PRD-0034,2025-12-23,SALE,-5,Order,ORD-001999
MOV-0006209,PRD-0056,2025-12-23,SALE,-5,Order,ORD-001999
MOV-0006210,PRD-0038,2025-12-23,SALE,-9,Order,ORD-001999
MOV-0006211,PRD-0005,2026-06-14,SALE,-14,Order,ORD-002000
MOV-0006212,PRD-0016,2026-06-14,SALE,-5,Order,ORD-002000
MOV-0006213,PRD-0007,2026-06-14,SALE,-3,Order,ORD-002000
MOV-0006214,PRD-0033,2026-06-14,SALE,-8,Order,ORD-002000
MOV-0006215,PRD-0069,2026-06-22,SALE,-14,Order,ORD-002001
MOV-0006216,PRD-0045,2026-06-22,SALE,-14,Order,ORD-002001
MOV-0006217,PRD-0005,2026-06-22,SALE,-14,Order,ORD-002001
MOV-0006218,PRD-0009,2026-06-22,SALE,-7,Order,ORD-002001
MOV-0006219,PRD-0016,2026-06-22,SALE,-14,Order,ORD-002001
MOV-0006220,PRD-0023,2026-06-22,SALE,-14,Order,ORD-002001
MOV-0006221,PRD-0029,2026-06-22,SALE,-7,Order,ORD-002001
MOV-0006222,PRD-0030,2025-06-30,SALE,-48,Order,ORD-002002
MOV-0006223,PRD-0009,2025-06-30,SALE,-14,Order,ORD-002002
MOV-0006224,PRD-0066,2025-06-30,SALE,-52,Order,ORD-002002
MOV-0006225,PRD-0034,2025-06-30,SALE,-21,Order,ORD-002002
MOV-0006226,PRD-0003,2025-06-30,SALE,-10,Order,ORD-002002
MOV-0006227,PRD-0015,2025-06-30,SALE,-10,Order,ORD-002002
MOV-0006228,PRD-0066,2025-11-16,SALE,-6,Order,ORD-002003
MOV-0006229,PRD-0021,2025-11-16,SALE,-6,Order,ORD-002003
MOV-0006230,PRD-0049,2025-11-16,SALE,-13,Order,ORD-002003
MOV-0006231,PRD-0030,2025-11-16,SALE,-26,Order,ORD-002003
MOV-0006232,PRD-0057,2026-02-13,SALE,-12,Order,ORD-002004
MOV-0006233,PRD-0008,2026-02-13,SALE,-12,Order,ORD-002004
MOV-0006234,PRD-0005,2026-02-13,SALE,-35,Order,ORD-002004
MOV-0006235,PRD-0005,2025-11-28,SALE,-26,Order,ORD-002005
MOV-0006236,PRD-0007,2025-11-28,SALE,-9,Order,ORD-002005
MOV-0006237,PRD-0013,2025-11-28,SALE,-18,Order,ORD-002005
MOV-0006238,PRD-0015,2026-03-31,SALE,-3,Order,ORD-002006
MOV-0006239,PRD-0049,2025-07-08,SALE,-43,Order,ORD-002007
MOV-0006240,PRD-0058,2025-07-08,SALE,-19,Order,ORD-002007
MOV-0006241,PRD-0066,2025-07-08,SALE,-15,Order,ORD-002007
MOV-0006242,PRD-0030,2025-07-08,SALE,-43,Order,ORD-002007
MOV-0006243,PRD-0066,2026-03-18,SALE,-14,Order,ORD-002008
MOV-0006244,PRD-0006,2025-05-14,SALE,-12,Order,ORD-002011
MOV-0006245,PRD-0034,2025-05-14,SALE,-12,Order,ORD-002011
MOV-0006246,PRD-0066,2025-05-14,SALE,-15,Order,ORD-002011
MOV-0006247,PRD-0036,2025-05-14,SALE,-12,Order,ORD-002011
MOV-0006248,PRD-0063,2025-05-14,SALE,-30,Order,ORD-002011
MOV-0006249,PRD-0064,2025-05-14,SALE,-9,Order,ORD-002011
MOV-0006250,PRD-0011,2026-01-06,SALE,-4,Order,ORD-002012
MOV-0006251,PRD-0050,2026-01-06,SALE,-19,Order,ORD-002012
MOV-0006252,PRD-0034,2026-01-06,SALE,-23,Order,ORD-002012
MOV-0006253,PRD-0007,2026-01-06,SALE,-8,Order,ORD-002012
MOV-0006254,PRD-0053,2025-09-14,SALE,-11,Order,ORD-002013
MOV-0006255,PRD-0058,2025-09-14,SALE,-10,Order,ORD-002013
MOV-0006256,PRD-0032,2025-09-14,SALE,-2,Order,ORD-002013
MOV-0006257,PRD-0069,2025-09-14,SALE,-6,Order,ORD-002013
MOV-0006258,PRD-0036,2025-09-14,SALE,-8,Order,ORD-002013
MOV-0006259,PRD-0045,2026-09-01,SALE,-26,Order,ORD-002014
MOV-0006260,PRD-0009,2026-09-01,SALE,-11,Order,ORD-002014
MOV-0006261,PRD-0050,2026-09-01,SALE,-34,Order,ORD-002014
MOV-0006262,PRD-0058,2026-09-01,SALE,-8,Order,ORD-002014
MOV-0006263,PRD-0034,2026-09-01,SALE,-19,Order,ORD-002014
MOV-0006264,PRD-0014,2026-09-01,SALE,-23,Order,ORD-002014
MOV-0006265,PRD-0032,2026-09-01,SALE,-23,Order,ORD-002014
MOV-0006266,PRD-0034,2026-05-26,SALE,-12,Order,ORD-002017
MOV-0006267,PRD-0029,2026-05-26,SALE,-10,Order,ORD-002017
MOV-0006268,PRD-0032,2025-07-27,SALE,-15,Order,ORD-002018
MOV-0006269,PRD-0027,2025-11-11,SALE,-33,Order,ORD-002019
MOV-0006270,PRD-0050,2025-05-31,SALE,-10,Order,ORD-002020
MOV-0006271,PRD-0052,2025-05-31,SALE,-5,Order,ORD-002020
MOV-0006272,PRD-0060,2025-05-31,SALE,-2,Order,ORD-002020
MOV-0006273,PRD-0069,2025-05-31,SALE,-1,Order,ORD-002020
MOV-0006274,PRD-0031,2025-05-31,SALE,-7,Order,ORD-002020
MOV-0006275,PRD-0069,2026-04-15,SALE,-1,Order,ORD-002022
MOV-0006276,PRD-0011,2026-07-25,SALE,-8,Order,ORD-002023
MOV-0006277,PRD-0034,2026-07-25,SALE,-7,Order,ORD-002023
MOV-0006278,PRD-0037,2025-04-20,SALE,-24,Order,ORD-002024
MOV-0006279,PRD-0057,2025-04-20,SALE,-3,Order,ORD-002024
MOV-0006280,PRD-0007,2025-04-20,SALE,-2,Order,ORD-002024
MOV-0006281,PRD-0053,2025-04-20,SALE,-5,Order,ORD-002024
MOV-0006282,PRD-0004,2025-04-20,SALE,-6,Order,ORD-002024
MOV-0006283,PRD-0053,2026-04-18,SALE,-15,Order,ORD-002025
MOV-0006284,PRD-0040,2026-04-18,SALE,-5,Order,ORD-002025
MOV-0006285,PRD-0011,2026-04-18,SALE,-10,Order,ORD-002025
MOV-0006286,PRD-0027,2026-04-18,SALE,-42,Order,ORD-002025
MOV-0006287,PRD-0037,2026-04-18,SALE,-22,Order,ORD-002025
MOV-0006288,PRD-0034,2026-02-24,SALE,-6,Order,ORD-002026
MOV-0006289,PRD-0032,2026-02-24,SALE,-12,Order,ORD-002026
MOV-0006290,PRD-0013,2026-02-24,SALE,-51,Order,ORD-002026
MOV-0006291,PRD-0063,2026-02-24,SALE,-33,Order,ORD-002026
MOV-0006292,PRD-0069,2026-05-04,SALE,-7,Order,ORD-002029
MOV-0006293,PRD-0037,2026-05-04,SALE,-30,Order,ORD-002029
MOV-0006294,PRD-0005,2026-05-04,SALE,-20,Order,ORD-002029
MOV-0006295,PRD-0058,2025-12-10,SALE,-11,Order,ORD-002030
MOV-0006296,PRD-0034,2025-12-10,SALE,-19,Order,ORD-002030
MOV-0006297,PRD-0059,2025-12-10,SALE,-22,Order,ORD-002030
MOV-0006298,PRD-0034,2025-11-16,SALE,-5,Order,ORD-002032
MOV-0006299,PRD-0040,2025-11-16,SALE,-4,Order,ORD-002032
MOV-0006300,PRD-0069,2025-11-16,SALE,-5,Order,ORD-002032
MOV-0006301,PRD-0027,2025-11-16,SALE,-5,Order,ORD-002032
MOV-0006302,PRD-0029,2025-11-16,SALE,-5,Order,ORD-002032
MOV-0006303,PRD-0034,2026-06-08,SALE,-16,Order,ORD-002033
MOV-0006304,PRD-0045,2026-06-08,SALE,-23,Order,ORD-002033
MOV-0006305,PRD-0069,2026-06-08,SALE,-4,Order,ORD-002033
MOV-0006306,PRD-0006,2026-06-08,SALE,-23,Order,ORD-002033
MOV-0006307,PRD-0006,2025-03-28,SALE,-4,Order,ORD-002034
MOV-0006308,PRD-0066,2025-03-28,SALE,-10,Order,ORD-002034
MOV-0006309,PRD-0045,2025-08-06,SALE,-31,Order,ORD-002035
MOV-0006310,PRD-0025,2025-08-06,SALE,-17,Order,ORD-002035
MOV-0006311,PRD-0066,2025-08-06,SALE,-28,Order,ORD-002035
MOV-0006312,PRD-0034,2025-08-06,SALE,-7,Order,ORD-002035
MOV-0006313,PRD-0048,2025-08-06,SALE,-7,Order,ORD-002035
MOV-0006314,PRD-0069,2025-08-06,SALE,-10,Order,ORD-002035
MOV-0006315,PRD-0034,2025-04-27,SALE,-7,Order,ORD-002037
MOV-0006316,PRD-0069,2025-04-27,SALE,-15,Order,ORD-002037
MOV-0006317,PRD-0008,2025-04-27,SALE,-12,Order,ORD-002037
MOV-0006318,PRD-0013,2025-04-27,SALE,-15,Order,ORD-002037
MOV-0006319,PRD-0005,2025-04-27,SALE,-10,Order,ORD-002037
MOV-0006320,PRD-0026,2025-11-16,SALE,-32,Order,ORD-002038
MOV-0006321,PRD-0037,2025-11-16,SALE,-36,Order,ORD-002038
MOV-0006322,PRD-0015,2025-11-16,SALE,-2,Order,ORD-002038
MOV-0006323,PRD-0046,2025-11-16,SALE,-13,Order,ORD-002038
MOV-0006324,PRD-0009,2025-11-16,SALE,-8,Order,ORD-002038
MOV-0006325,PRD-0005,2025-11-16,SALE,-17,Order,ORD-002038
MOV-0006326,PRD-0038,2026-08-24,SALE,-18,Order,ORD-002039
MOV-0006327,PRD-0006,2026-08-24,SALE,-4,Order,ORD-002039
MOV-0006328,PRD-0004,2026-08-24,SALE,-50,Order,ORD-002039
MOV-0006329,PRD-0033,2026-08-24,SALE,-11,Order,ORD-002039
MOV-0006330,PRD-0034,2026-08-24,SALE,-22,Order,ORD-002039
MOV-0006331,PRD-0045,2026-05-27,SALE,-10,Order,ORD-002040
MOV-0006332,PRD-0027,2026-05-27,SALE,-24,Order,ORD-002040
MOV-0006333,PRD-0051,2026-05-27,SALE,-8,Order,ORD-002040
MOV-0006334,PRD-0026,2026-07-02,SALE,-24,Order,ORD-002041
MOV-0006335,PRD-0013,2026-07-02,SALE,-42,Order,ORD-002041
MOV-0006336,PRD-0069,2026-07-02,SALE,-13,Order,ORD-002041
MOV-0006337,PRD-0027,2026-04-15,SALE,-38,Order,ORD-002043
MOV-0006338,PRD-0013,2026-04-15,SALE,-12,Order,ORD-002043
MOV-0006339,PRD-0058,2025-06-03,SALE,-6,Order,ORD-002044
MOV-0006340,PRD-0069,2025-06-03,SALE,-9,Order,ORD-002044
MOV-0006341,PRD-0030,2025-06-03,SALE,-37,Order,ORD-002044
MOV-0006342,PRD-0050,2025-06-03,SALE,-9,Order,ORD-002044
MOV-0006343,PRD-0037,2025-06-03,SALE,-58,Order,ORD-002044
MOV-0006344,PRD-0045,2025-09-27,SALE,-34,Order,ORD-002046
MOV-0006345,PRD-0053,2025-09-27,SALE,-7,Order,ORD-002046
MOV-0006346,PRD-0052,2025-09-27,SALE,-5,Order,ORD-002046
MOV-0006347,PRD-0030,2025-09-27,SALE,-32,Order,ORD-002046
MOV-0006348,PRD-0027,2025-09-27,SALE,-46,Order,ORD-002046
MOV-0006349,PRD-0026,2025-09-27,SALE,-15,Order,ORD-002046
MOV-0006350,PRD-0050,2025-09-27,SALE,-10,Order,ORD-002046
MOV-0006351,PRD-0025,2026-08-05,SALE,-6,Order,ORD-002047
MOV-0006352,PRD-0053,2026-08-05,SALE,-9,Order,ORD-002047
MOV-0006353,PRD-0051,2026-08-05,SALE,-13,Order,ORD-002047
MOV-0006354,PRD-0066,2026-01-24,SALE,-14,Order,ORD-002048
MOV-0006355,PRD-0058,2026-01-24,SALE,-4,Order,ORD-002048
MOV-0006356,PRD-0034,2025-06-09,SALE,-10,Order,ORD-002050
MOV-0006357,PRD-0037,2025-06-09,SALE,-66,Order,ORD-002050
MOV-0006358,PRD-0053,2026-03-01,SALE,-5,Order,ORD-002051
MOV-0006359,PRD-0064,2026-01-25,SALE,-1,Order,ORD-002053
MOV-0006360,PRD-0033,2026-01-25,SALE,-5,Order,ORD-002053
MOV-0006361,PRD-0030,2026-01-25,SALE,-16,Order,ORD-002053
MOV-0006362,PRD-0066,2026-01-25,SALE,-12,Order,ORD-002053
MOV-0006363,PRD-0006,2025-12-05,SALE,-4,Order,ORD-002054
MOV-0006364,PRD-0027,2025-12-05,SALE,-40,Order,ORD-002054
MOV-0006365,PRD-0060,2025-12-05,SALE,-6,Order,ORD-002054
MOV-0006366,PRD-0011,2025-12-05,SALE,-12,Order,ORD-002054
MOV-0006367,PRD-0025,2025-12-05,SALE,-2,Order,ORD-002054
MOV-0006368,PRD-0034,2025-07-30,SALE,-16,Order,ORD-002055
MOV-0006369,PRD-0027,2025-07-30,SALE,-28,Order,ORD-002055
MOV-0006370,PRD-0007,2025-07-30,SALE,-4,Order,ORD-002055
MOV-0006371,PRD-0045,2025-07-30,SALE,-36,Order,ORD-002055
MOV-0006372,PRD-0054,2025-07-30,SALE,-16,Order,ORD-002055
MOV-0006373,PRD-0005,2025-07-30,SALE,-32,Order,ORD-002055
MOV-0006374,PRD-0013,2025-07-30,SALE,-67,Order,ORD-002055
MOV-0006375,PRD-0008,2025-05-27,SALE,-10,Order,ORD-002056
MOV-0006376,PRD-0070,2025-05-27,SALE,-19,Order,ORD-002056
MOV-0006377,PRD-0012,2025-05-27,SALE,-2,Order,ORD-002056
MOV-0006378,PRD-0066,2025-05-27,SALE,-27,Order,ORD-002056
MOV-0006379,PRD-0045,2025-05-27,SALE,-25,Order,ORD-002056
MOV-0006380,PRD-0009,2026-02-20,SALE,-2,Order,ORD-002057
MOV-0006381,PRD-0005,2026-02-20,SALE,-15,Order,ORD-002057
MOV-0006382,PRD-0052,2026-02-20,SALE,-9,Order,ORD-002057
MOV-0006383,PRD-0023,2025-11-09,SALE,-2,Order,ORD-002059
MOV-0006384,PRD-0050,2025-11-09,SALE,-16,Order,ORD-002059
MOV-0006385,PRD-0005,2026-07-16,SALE,-25,Order,ORD-002060
MOV-0006386,PRD-0021,2026-07-16,SALE,-5,Order,ORD-002060
MOV-0006387,PRD-0034,2026-07-16,SALE,-5,Order,ORD-002060
MOV-0006388,PRD-0007,2025-06-30,SALE,-2,Order,ORD-002062
MOV-0006389,PRD-0040,2025-06-30,SALE,-14,Order,ORD-002062
MOV-0006390,PRD-0006,2025-06-30,SALE,-7,Order,ORD-002062
MOV-0006391,PRD-0013,2025-06-30,SALE,-47,Order,ORD-002062
MOV-0006392,PRD-0014,2025-06-30,SALE,-14,Order,ORD-002062
MOV-0006393,PRD-0045,2026-08-13,SALE,-39,Order,ORD-002063
MOV-0006394,PRD-0014,2026-08-13,SALE,-6,Order,ORD-002063
MOV-0006395,PRD-0066,2026-08-13,SALE,-9,Order,ORD-002063
MOV-0006396,PRD-0013,2026-08-13,SALE,-74,Order,ORD-002063
MOV-0006397,PRD-0033,2026-08-13,SALE,-3,Order,ORD-002063
MOV-0006398,PRD-0064,2025-10-24,SALE,-3,Order,ORD-002064
MOV-0006399,PRD-0048,2025-10-24,SALE,-2,Order,ORD-002064
MOV-0006400,PRD-0034,2025-08-20,SALE,-4,Order,ORD-002065
MOV-0006401,PRD-0005,2025-08-20,SALE,-15,Order,ORD-002065
MOV-0006402,PRD-0040,2025-08-20,SALE,-11,Order,ORD-002065
MOV-0006403,PRD-0013,2025-10-14,SALE,-21,Order,ORD-002067
MOV-0006404,PRD-0048,2025-10-14,SALE,-21,Order,ORD-002067
MOV-0006405,PRD-0060,2025-10-14,SALE,-25,Order,ORD-002067
MOV-0006406,PRD-0014,2025-10-14,SALE,-13,Order,ORD-002067
MOV-0006407,PRD-0029,2026-04-14,SALE,-3,Order,ORD-002068
MOV-0006408,PRD-0050,2026-04-14,SALE,-11,Order,ORD-002068
MOV-0006409,PRD-0037,2026-04-14,SALE,-49,Order,ORD-002068
MOV-0006410,PRD-0005,2026-04-14,SALE,-24,Order,ORD-002068
MOV-0006411,PRD-0058,2026-04-14,SALE,-16,Order,ORD-002068
MOV-0006412,PRD-0049,2026-04-14,SALE,-8,Order,ORD-002068
MOV-0006413,PRD-0048,2025-04-24,SALE,-10,Order,ORD-002069
MOV-0006414,PRD-0070,2025-04-24,SALE,-14,Order,ORD-002069
MOV-0006415,PRD-0053,2025-04-24,SALE,-10,Order,ORD-002069
MOV-0006416,PRD-0069,2025-10-20,SALE,-10,Order,ORD-002072
MOV-0006417,PRD-0024,2025-10-20,SALE,-43,Order,ORD-002072
MOV-0006418,PRD-0037,2025-10-20,SALE,-61,Order,ORD-002072
MOV-0006419,PRD-0067,2025-10-20,SALE,-8,Order,ORD-002072
MOV-0006420,PRD-0043,2025-10-20,SALE,-3,Order,ORD-002072
MOV-0006421,PRD-0020,2025-11-21,SALE,-2,Order,ORD-002073
MOV-0006422,PRD-0013,2025-11-21,SALE,-10,Order,ORD-002073
MOV-0006423,PRD-0007,2025-11-21,SALE,-4,Order,ORD-002073
MOV-0006424,PRD-0034,2025-11-21,SALE,-6,Order,ORD-002073
MOV-0006425,PRD-0024,2025-11-21,SALE,-29,Order,ORD-002073
MOV-0006426,PRD-0037,2026-02-05,SALE,-47,Order,ORD-002074
MOV-0006427,PRD-0011,2026-02-05,SALE,-4,Order,ORD-002074
MOV-0006428,PRD-0058,2026-02-05,SALE,-11,Order,ORD-002074
MOV-0006429,PRD-0063,2026-02-05,SALE,-15,Order,ORD-002074
MOV-0006430,PRD-0005,2026-02-05,SALE,-19,Order,ORD-002074
MOV-0006431,PRD-0055,2025-10-05,SALE,-4,Order,ORD-002075
MOV-0006432,PRD-0003,2025-10-05,SALE,-1,Order,ORD-002075
MOV-0006433,PRD-0041,2025-10-05,SALE,-2,Order,ORD-002075
MOV-0006434,PRD-0063,2026-08-10,SALE,-9,Order,ORD-002076
MOV-0006435,PRD-0062,2026-08-10,SALE,-13,Order,ORD-002076
MOV-0006436,PRD-0064,2026-08-10,SALE,-3,Order,ORD-002076
MOV-0006437,PRD-0034,2026-08-10,SALE,-1,Order,ORD-002076
MOV-0006438,PRD-0005,2026-08-10,SALE,-13,Order,ORD-002076
MOV-0006439,PRD-0064,2026-08-28,SALE,-7,Order,ORD-002077
MOV-0006440,PRD-0032,2026-08-28,SALE,-3,Order,ORD-002077
MOV-0006441,PRD-0069,2026-08-28,SALE,-9,Order,ORD-002077
MOV-0006442,PRD-0053,2026-08-28,SALE,-5,Order,ORD-002077
MOV-0006443,PRD-0005,2026-08-28,SALE,-24,Order,ORD-002077
MOV-0006444,PRD-0058,2025-12-18,SALE,-5,Order,ORD-002079
MOV-0006445,PRD-0066,2025-12-18,SALE,-14,Order,ORD-002079
MOV-0006446,PRD-0052,2025-12-18,SALE,-1,Order,ORD-002079
MOV-0006447,PRD-0049,2025-04-01,SALE,-8,Order,ORD-002080
MOV-0006448,PRD-0066,2025-04-01,SALE,-13,Order,ORD-002080
MOV-0006449,PRD-0053,2025-04-01,SALE,-16,Order,ORD-002080
MOV-0006450,PRD-0016,2025-04-01,SALE,-5,Order,ORD-002080
MOV-0006451,PRD-0058,2025-04-01,SALE,-5,Order,ORD-002080
MOV-0006452,PRD-0061,2025-04-01,SALE,-16,Order,ORD-002080
MOV-0006453,PRD-0026,2025-04-01,SALE,-38,Order,ORD-002080
MOV-0006454,PRD-0013,2025-11-19,SALE,-54,Order,ORD-002081
MOV-0006455,PRD-0052,2025-11-19,SALE,-10,Order,ORD-002081
MOV-0006456,PRD-0058,2025-11-19,SALE,-10,Order,ORD-002081
MOV-0006457,PRD-0057,2025-11-19,SALE,-15,Order,ORD-002081
MOV-0006458,PRD-0008,2025-11-19,SALE,-10,Order,ORD-002081
MOV-0006459,PRD-0050,2025-11-19,SALE,-26,Order,ORD-002081
MOV-0006460,PRD-0038,2025-11-19,SALE,-15,Order,ORD-002081
MOV-0006461,PRD-0033,2026-03-16,SALE,-5,Order,ORD-002083
MOV-0006462,PRD-0007,2026-03-16,SALE,-4,Order,ORD-002083
MOV-0006463,PRD-0035,2026-03-16,SALE,-3,Order,ORD-002083
MOV-0006464,PRD-0011,2026-03-16,SALE,-4,Order,ORD-002083
MOV-0006465,PRD-0053,2025-05-21,SALE,-9,Order,ORD-002084
MOV-0006466,PRD-0005,2025-05-21,SALE,-23,Order,ORD-002084
MOV-0006467,PRD-0036,2025-05-21,SALE,-14,Order,ORD-002084
MOV-0006468,PRD-0031,2025-05-21,SALE,-20,Order,ORD-002084
MOV-0006469,PRD-0013,2025-05-21,SALE,-45,Order,ORD-002084
MOV-0006470,PRD-0011,2026-02-01,SALE,-6,Order,ORD-002085
MOV-0006471,PRD-0034,2026-02-01,SALE,-7,Order,ORD-002085
MOV-0006472,PRD-0069,2026-02-01,SALE,-5,Order,ORD-002085
MOV-0006473,PRD-0050,2026-05-19,SALE,-19,Order,ORD-002086
MOV-0006474,PRD-0049,2026-08-17,SALE,-29,Order,ORD-002087
MOV-0006475,PRD-0031,2026-08-17,SALE,-14,Order,ORD-002087
MOV-0006476,PRD-0005,2026-08-17,SALE,-51,Order,ORD-002087
MOV-0006477,PRD-0003,2026-08-17,SALE,-18,Order,ORD-002087
MOV-0006478,PRD-0011,2025-11-09,SALE,-12,Order,ORD-002088
MOV-0006479,PRD-0007,2025-11-09,SALE,-5,Order,ORD-002088
MOV-0006480,PRD-0009,2025-11-09,SALE,-9,Order,ORD-002088
MOV-0006481,PRD-0066,2025-11-09,SALE,-24,Order,ORD-002088
MOV-0006482,PRD-0054,2025-11-09,SALE,-7,Order,ORD-002088
MOV-0006483,PRD-0057,2025-09-21,SALE,-1,Order,ORD-002089
MOV-0006484,PRD-0021,2025-09-21,SALE,-4,Order,ORD-002089
MOV-0006485,PRD-0005,2025-09-21,SALE,-6,Order,ORD-002089
MOV-0006486,PRD-0069,2025-10-21,SALE,-2,Order,ORD-002090
MOV-0006487,PRD-0050,2025-10-21,SALE,-31,Order,ORD-002090
MOV-0006488,PRD-0060,2025-10-21,SALE,-10,Order,ORD-002090
MOV-0006489,PRD-0051,2025-10-21,SALE,-58,Order,ORD-002090
MOV-0006490,PRD-0066,2025-10-21,SALE,-12,Order,ORD-002090
MOV-0006491,PRD-0036,2025-10-21,SALE,-2,Order,ORD-002090
MOV-0006492,PRD-0053,2025-10-21,SALE,-7,Order,ORD-002090
MOV-0006493,PRD-0069,2026-05-16,SALE,-11,Order,ORD-002091
MOV-0006494,PRD-0034,2026-05-16,SALE,-4,Order,ORD-002091
MOV-0006495,PRD-0018,2025-03-08,SALE,-3,Order,ORD-002093
MOV-0006496,PRD-0003,2025-03-08,SALE,-3,Order,ORD-002093
MOV-0006497,PRD-0032,2025-03-08,SALE,-3,Order,ORD-002093
MOV-0006498,PRD-0007,2025-11-18,SALE,-6,Order,ORD-002094
MOV-0006499,PRD-0019,2025-11-18,SALE,-15,Order,ORD-002094
MOV-0006500,PRD-0034,2025-11-18,SALE,-6,Order,ORD-002094
MOV-0006501,PRD-0005,2025-11-18,SALE,-15,Order,ORD-002094
MOV-0006502,PRD-0032,2025-11-18,SALE,-2,Order,ORD-002094
MOV-0006503,PRD-0007,2025-04-23,SALE,-5,Order,ORD-002096
MOV-0006504,PRD-0040,2025-04-23,SALE,-7,Order,ORD-002096
MOV-0006505,PRD-0032,2025-04-23,SALE,-6,Order,ORD-002096
MOV-0006506,PRD-0070,2025-11-23,SALE,-11,Order,ORD-002097
MOV-0006507,PRD-0007,2025-11-23,SALE,-4,Order,ORD-002097
MOV-0006508,PRD-0044,2025-11-23,SALE,-41,Order,ORD-002097
MOV-0006509,PRD-0033,2025-11-23,SALE,-2,Order,ORD-002097
MOV-0006510,PRD-0064,2025-11-23,SALE,-4,Order,ORD-002097
MOV-0006511,PRD-0016,2025-11-23,SALE,-8,Order,ORD-002097
MOV-0006512,PRD-0059,2025-11-23,SALE,-19,Order,ORD-002097
MOV-0006513,PRD-0045,2026-03-25,SALE,-21,Order,ORD-002098
MOV-0006514,PRD-0012,2026-03-25,SALE,-11,Order,ORD-002098
MOV-0006515,PRD-0029,2026-03-25,SALE,-9,Order,ORD-002098
MOV-0006516,PRD-0027,2026-03-08,SALE,-45,Order,ORD-002099
MOV-0006517,PRD-0022,2026-03-08,SALE,-8,Order,ORD-002099
MOV-0006518,PRD-0011,2026-03-08,SALE,-4,Order,ORD-002099
MOV-0006519,PRD-0040,2026-03-08,SALE,-4,Order,ORD-002099
MOV-0006520,PRD-0008,2026-03-08,SALE,-23,Order,ORD-002099
MOV-0006521,PRD-0069,2026-03-08,SALE,-15,Order,ORD-002099
MOV-0006522,PRD-0058,2025-07-13,SALE,-3,Order,ORD-002101
MOV-0006523,PRD-0007,2025-08-06,SALE,-13,Order,ORD-002102
MOV-0006524,PRD-0007,2025-07-31,SALE,-4,Order,ORD-002103
MOV-0006525,PRD-0025,2025-07-31,SALE,-6,Order,ORD-002103
MOV-0006526,PRD-0053,2026-07-18,SALE,-5,Order,ORD-002104
MOV-0006527,PRD-0013,2026-05-02,SALE,-29,Order,ORD-002106
MOV-0006528,PRD-0060,2026-05-02,SALE,-2,Order,ORD-002106
MOV-0006529,PRD-0034,2026-05-02,SALE,-6,Order,ORD-002106
MOV-0006530,PRD-0040,2026-05-02,SALE,-6,Order,ORD-002106
MOV-0006531,PRD-0046,2026-05-02,SALE,-10,Order,ORD-002106
MOV-0006532,PRD-0023,2026-05-02,SALE,-2,Order,ORD-002106
MOV-0006533,PRD-0003,2026-05-02,SALE,-10,Order,ORD-002106
MOV-0006534,PRD-0015,2026-07-19,SALE,-14,Order,ORD-002107
MOV-0006535,PRD-0007,2026-07-19,SALE,-17,Order,ORD-002107
MOV-0006536,PRD-0027,2026-07-19,SALE,-31,Order,ORD-002107
MOV-0006537,PRD-0069,2026-07-19,SALE,-8,Order,ORD-002107
MOV-0006538,PRD-0004,2025-05-25,SALE,-22,Order,ORD-002108
MOV-0006539,PRD-0026,2025-05-25,SALE,-24,Order,ORD-002108
MOV-0006540,PRD-0013,2025-05-25,SALE,-15,Order,ORD-002108
MOV-0006541,PRD-0064,2025-05-25,SALE,-11,Order,ORD-002108
MOV-0006542,PRD-0005,2025-11-05,SALE,-25,Order,ORD-002109
MOV-0006543,PRD-0060,2025-11-05,SALE,-5,Order,ORD-002109
MOV-0006544,PRD-0017,2025-11-05,SALE,-7,Order,ORD-002109
MOV-0006545,PRD-0063,2025-05-18,SALE,-10,Order,ORD-002111
MOV-0006546,PRD-0033,2026-03-19,SALE,-4,Order,ORD-002112
MOV-0006547,PRD-0003,2026-03-19,SALE,-7,Order,ORD-002112
MOV-0006548,PRD-0036,2026-08-12,SALE,-10,Order,ORD-002113
MOV-0006549,PRD-0007,2025-10-31,SALE,-2,Order,ORD-002114
MOV-0006550,PRD-0038,2025-10-31,SALE,-10,Order,ORD-002114
MOV-0006551,PRD-0066,2025-10-31,SALE,-12,Order,ORD-002114
MOV-0006552,PRD-0021,2025-10-31,SALE,-2,Order,ORD-002114
MOV-0006553,PRD-0005,2025-10-31,SALE,-6,Order,ORD-002114
MOV-0006554,PRD-0046,2025-10-31,SALE,-2,Order,ORD-002114
MOV-0006555,PRD-0064,2025-10-31,SALE,-4,Order,ORD-002114
MOV-0006556,PRD-0036,2026-06-20,SALE,-10,Order,ORD-002115
MOV-0006557,PRD-0034,2026-04-29,SALE,-1,Order,ORD-002116
MOV-0006558,PRD-0008,2026-04-29,SALE,-4,Order,ORD-002116
MOV-0006559,PRD-0017,2026-04-29,SALE,-1,Order,ORD-002116
MOV-0006560,PRD-0069,2026-04-29,SALE,-6,Order,ORD-002116
MOV-0006561,PRD-0063,2026-07-13,SALE,-28,Order,ORD-002117
MOV-0006562,PRD-0043,2026-07-13,SALE,-9,Order,ORD-002117
MOV-0006563,PRD-0011,2026-07-13,SALE,-6,Order,ORD-002117
MOV-0006564,PRD-0056,2026-07-13,SALE,-7,Order,ORD-002117
MOV-0006565,PRD-0034,2025-11-11,SALE,-3,Order,ORD-002119
MOV-0006566,PRD-0023,2025-11-11,SALE,-6,Order,ORD-002119
MOV-0006567,PRD-0037,2026-06-22,SALE,-25,Order,ORD-002120
MOV-0006568,PRD-0045,2026-06-22,SALE,-27,Order,ORD-002120
MOV-0006569,PRD-0053,2026-06-22,SALE,-4,Order,ORD-002120
MOV-0006570,PRD-0067,2026-06-22,SALE,-8,Order,ORD-002120
MOV-0006571,PRD-0036,2026-06-22,SALE,-6,Order,ORD-002120
MOV-0006572,PRD-0028,2026-05-13,SALE,-32,Order,ORD-002121
MOV-0006573,PRD-0069,2026-05-13,SALE,-3,Order,ORD-002121
MOV-0006574,PRD-0030,2026-05-13,SALE,-35,Order,ORD-002121
MOV-0006575,PRD-0009,2026-05-13,SALE,-16,Order,ORD-002121
MOV-0006576,PRD-0013,2026-05-13,SALE,-48,Order,ORD-002121
MOV-0006577,PRD-0043,2026-05-13,SALE,-3,Order,ORD-002121
MOV-0006578,PRD-0069,2025-10-10,SALE,-12,Order,ORD-002123
MOV-0006579,PRD-0034,2025-07-10,SALE,-11,Order,ORD-002124
MOV-0006580,PRD-0005,2025-07-10,SALE,-15,Order,ORD-002124
MOV-0006581,PRD-0037,2025-07-10,SALE,-22,Order,ORD-002124
MOV-0006582,PRD-0053,2025-07-10,SALE,-4,Order,ORD-002124
MOV-0006583,PRD-0009,2025-07-10,SALE,-4,Order,ORD-002124
MOV-0006584,PRD-0040,2025-06-29,SALE,-4,Order,ORD-002126
MOV-0006585,PRD-0030,2025-06-29,SALE,-8,Order,ORD-002126
MOV-0006586,PRD-0045,2025-12-30,SALE,-19,Order,ORD-002127
MOV-0006587,PRD-0054,2025-12-30,SALE,-4,Order,ORD-002127
MOV-0006588,PRD-0004,2025-12-30,SALE,-4,Order,ORD-002127
MOV-0006589,PRD-0014,2026-06-20,SALE,-11,Order,ORD-002128
MOV-0006590,PRD-0015,2026-06-20,SALE,-22,Order,ORD-002128
MOV-0006591,PRD-0065,2026-06-20,SALE,-15,Order,ORD-002128
MOV-0006592,PRD-0013,2026-06-20,SALE,-41,Order,ORD-002128
MOV-0006593,PRD-0033,2026-06-20,SALE,-7,Order,ORD-002128
MOV-0006594,PRD-0005,2026-06-20,SALE,-15,Order,ORD-002128
MOV-0006595,PRD-0007,2026-07-24,SALE,-12,Order,ORD-002129
MOV-0006596,PRD-0022,2026-07-24,SALE,-8,Order,ORD-002129
MOV-0006597,PRD-0007,2026-04-09,SALE,-7,Order,ORD-002130
MOV-0006598,PRD-0050,2026-04-09,SALE,-49,Order,ORD-002130
MOV-0006599,PRD-0069,2026-04-09,SALE,-3,Order,ORD-002130
MOV-0006600,PRD-0005,2026-04-09,SALE,-49,Order,ORD-002130
MOV-0006601,PRD-0056,2026-04-09,SALE,-20,Order,ORD-002130
MOV-0006602,PRD-0062,2025-11-24,SALE,-9,Order,ORD-002132
MOV-0006603,PRD-0004,2025-11-24,SALE,-14,Order,ORD-002132
MOV-0006604,PRD-0003,2025-11-24,SALE,-7,Order,ORD-002132
MOV-0006605,PRD-0036,2025-07-26,SALE,-4,Order,ORD-002133
MOV-0006606,PRD-0021,2025-07-26,SALE,-20,Order,ORD-002133
MOV-0006607,PRD-0069,2025-07-26,SALE,-16,Order,ORD-002133
MOV-0006608,PRD-0030,2025-07-26,SALE,-28,Order,ORD-002133
MOV-0006609,PRD-0011,2025-07-26,SALE,-12,Order,ORD-002133
MOV-0006610,PRD-0003,2026-02-24,SALE,-10,Order,ORD-002134
MOV-0006611,PRD-0049,2026-03-28,SALE,-34,Order,ORD-002135
MOV-0006612,PRD-0064,2026-03-28,SALE,-13,Order,ORD-002135
MOV-0006613,PRD-0040,2026-03-28,SALE,-13,Order,ORD-002135
MOV-0006614,PRD-0058,2026-03-28,SALE,-3,Order,ORD-002135
MOV-0006615,PRD-0005,2025-10-25,SALE,-11,Order,ORD-002136
MOV-0006616,PRD-0056,2025-10-25,SALE,-4,Order,ORD-002136
MOV-0006617,PRD-0034,2025-10-25,SALE,-2,Order,ORD-002136
MOV-0006618,PRD-0069,2025-10-25,SALE,-8,Order,ORD-002136
MOV-0006619,PRD-0062,2026-06-01,SALE,-9,Order,ORD-002137
MOV-0006620,PRD-0030,2026-06-01,SALE,-23,Order,ORD-002137
MOV-0006621,PRD-0005,2026-06-01,SALE,-26,Order,ORD-002137
MOV-0006622,PRD-0048,2026-07-27,SALE,-2,Order,ORD-002138
MOV-0006623,PRD-0010,2026-07-27,SALE,-12,Order,ORD-002138
MOV-0006624,PRD-0004,2025-06-27,SALE,-14,Order,ORD-002140
MOV-0006625,PRD-0034,2025-06-27,SALE,-1,Order,ORD-002140
MOV-0006626,PRD-0005,2025-06-27,SALE,-11,Order,ORD-002140
MOV-0006627,PRD-0066,2026-08-14,SALE,-22,Order,ORD-002141
MOV-0006628,PRD-0034,2026-08-14,SALE,-2,Order,ORD-002141
MOV-0006629,PRD-0017,2026-08-14,SALE,-12,Order,ORD-002141
MOV-0006630,PRD-0016,2026-08-14,SALE,-2,Order,ORD-002141
MOV-0006631,PRD-0036,2026-08-14,SALE,-8,Order,ORD-002141
MOV-0006632,PRD-0009,2026-08-14,SALE,-6,Order,ORD-002141
MOV-0006633,PRD-0048,2026-03-15,SALE,-2,Order,ORD-002142
MOV-0006634,PRD-0005,2026-03-15,SALE,-11,Order,ORD-002142
MOV-0006635,PRD-0069,2026-03-15,SALE,-11,Order,ORD-002142
MOV-0006636,PRD-0023,2026-03-15,SALE,-9,Order,ORD-002142
MOV-0006637,PRD-0027,2026-03-15,SALE,-39,Order,ORD-002142
MOV-0006638,PRD-0069,2025-04-02,SALE,-4,Order,ORD-002143
MOV-0006639,PRD-0009,2025-04-02,SALE,-2,Order,ORD-002143
MOV-0006640,PRD-0010,2026-03-31,SALE,-9,Order,ORD-002144
MOV-0006641,PRD-0066,2026-03-31,SALE,-9,Order,ORD-002144
MOV-0006642,PRD-0013,2026-03-31,SALE,-43,Order,ORD-002144
MOV-0006643,PRD-0005,2026-03-31,SALE,-24,Order,ORD-002144
MOV-0006644,PRD-0058,2026-03-31,SALE,-4,Order,ORD-002144
MOV-0006645,PRD-0027,2025-08-19,SALE,-36,Order,ORD-002145
MOV-0006646,PRD-0066,2025-08-19,SALE,-43,Order,ORD-002145
MOV-0006647,PRD-0052,2025-08-19,SALE,-17,Order,ORD-002145
MOV-0006648,PRD-0034,2025-08-19,SALE,-17,Order,ORD-002145
MOV-0006649,PRD-0004,2025-08-22,SALE,-28,Order,ORD-002146
MOV-0006650,PRD-0037,2025-08-22,SALE,-69,Order,ORD-002146
MOV-0006651,PRD-0034,2025-08-22,SALE,-24,Order,ORD-002146
MOV-0006652,PRD-0031,2025-08-22,SALE,-53,Order,ORD-002146
MOV-0006653,PRD-0036,2025-08-22,SALE,-8,Order,ORD-002146
MOV-0006654,PRD-0012,2025-08-22,SALE,-12,Order,ORD-002146
MOV-0006655,PRD-0064,2025-08-22,SALE,-8,Order,ORD-002146
MOV-0006656,PRD-0063,2025-07-06,SALE,-19,Order,ORD-002147
MOV-0006657,PRD-0048,2025-07-06,SALE,-4,Order,ORD-002147
MOV-0006658,PRD-0053,2026-08-24,SALE,-6,Order,ORD-002148
MOV-0006659,PRD-0068,2026-08-24,SALE,-1,Order,ORD-002148
MOV-0006660,PRD-0049,2026-08-24,SALE,-21,Order,ORD-002148
MOV-0006661,PRD-0034,2026-08-24,SALE,-8,Order,ORD-002148
MOV-0006662,PRD-0014,2025-11-02,SALE,-1,Order,ORD-002149
MOV-0006663,PRD-0034,2026-02-24,SALE,-12,Order,ORD-002150
MOV-0006664,PRD-0045,2026-02-24,SALE,-25,Order,ORD-002150
MOV-0006665,PRD-0043,2026-02-24,SALE,-10,Order,ORD-002150
MOV-0006666,PRD-0040,2026-02-24,SALE,-2,Order,ORD-002150
MOV-0006667,PRD-0008,2026-02-24,SALE,-8,Order,ORD-002150
MOV-0006668,PRD-0057,2026-02-24,SALE,-4,Order,ORD-002150
MOV-0006669,PRD-0066,2026-02-24,SALE,-29,Order,ORD-002150
MOV-0006670,PRD-0021,2025-10-22,SALE,-13,Order,ORD-002151
MOV-0006671,PRD-0003,2025-10-22,SALE,-16,Order,ORD-002151
MOV-0006672,PRD-0005,2025-10-22,SALE,-19,Order,ORD-002151
MOV-0006673,PRD-0009,2025-10-22,SALE,-3,Order,ORD-002151
MOV-0006674,PRD-0027,2025-10-22,SALE,-19,Order,ORD-002151
MOV-0006675,PRD-0034,2025-10-22,SALE,-3,Order,ORD-002151
MOV-0006676,PRD-0045,2025-10-22,SALE,-10,Order,ORD-002151
MOV-0006677,PRD-0063,2026-08-20,SALE,-29,Order,ORD-002152
MOV-0006678,PRD-0013,2026-08-20,SALE,-86,Order,ORD-002152
MOV-0006679,PRD-0034,2026-08-20,SALE,-4,Order,ORD-002152
MOV-0006680,PRD-0040,2026-08-20,SALE,-7,Order,ORD-002152
MOV-0006681,PRD-0058,2026-08-20,SALE,-22,Order,ORD-002152
MOV-0006682,PRD-0007,2026-08-20,SALE,-4,Order,ORD-002152
MOV-0006683,PRD-0069,2026-08-20,SALE,-4,Order,ORD-002152
MOV-0006684,PRD-0042,2026-08-05,SALE,-25,Order,ORD-002153
MOV-0006685,PRD-0027,2026-08-05,SALE,-27,Order,ORD-002153
MOV-0006686,PRD-0033,2026-08-05,SALE,-6,Order,ORD-002153
MOV-0006687,PRD-0036,2026-08-05,SALE,-6,Order,ORD-002153
MOV-0006688,PRD-0015,2026-08-05,SALE,-10,Order,ORD-002153
MOV-0006689,PRD-0061,2026-08-05,SALE,-10,Order,ORD-002155
MOV-0006690,PRD-0012,2025-06-19,SALE,-4,Order,ORD-002156
MOV-0006691,PRD-0029,2025-06-19,SALE,-10,Order,ORD-002156
MOV-0006692,PRD-0010,2025-06-19,SALE,-12,Order,ORD-002156
MOV-0006693,PRD-0045,2025-06-19,SALE,-22,Order,ORD-002156
MOV-0006694,PRD-0002,2025-06-19,SALE,-14,Order,ORD-002156
MOV-0006695,PRD-0037,2025-06-19,SALE,-48,Order,ORD-002156
MOV-0006696,PRD-0030,2025-06-19,SALE,-18,Order,ORD-002156
MOV-0006697,PRD-0028,2025-10-30,SALE,-40,Order,ORD-002159
MOV-0006698,PRD-0007,2026-06-06,SALE,-4,Order,ORD-002160
MOV-0006699,PRD-0027,2026-06-06,SALE,-18,Order,ORD-002160
MOV-0006700,PRD-0045,2026-07-13,SALE,-8,Order,ORD-002161
MOV-0006701,PRD-0016,2026-07-13,SALE,-2,Order,ORD-002161
MOV-0006702,PRD-0034,2026-07-13,SALE,-2,Order,ORD-002161
MOV-0006703,PRD-0051,2025-03-28,SALE,-16,Order,ORD-002162
MOV-0006704,PRD-0045,2025-03-28,SALE,-21,Order,ORD-002162
MOV-0006705,PRD-0005,2025-03-28,SALE,-20,Order,ORD-002162
MOV-0006706,PRD-0049,2025-03-28,SALE,-12,Order,ORD-002162
MOV-0006707,PRD-0018,2026-09-02,SALE,-12,Order,ORD-002163
MOV-0006708,PRD-0054,2026-09-02,SALE,-18,Order,ORD-002163
MOV-0006709,PRD-0036,2026-09-02,SALE,-8,Order,ORD-002163
MOV-0006710,PRD-0032,2026-09-02,SALE,-8,Order,ORD-002163
MOV-0006711,PRD-0066,2025-09-23,SALE,-21,Order,ORD-002164
MOV-0006712,PRD-0008,2025-09-23,SALE,-4,Order,ORD-002164
MOV-0006713,PRD-0060,2025-09-23,SALE,-4,Order,ORD-002164
MOV-0006714,PRD-0034,2025-09-23,SALE,-2,Order,ORD-002164
MOV-0006715,PRD-0069,2026-06-07,SALE,-6,Order,ORD-002166
MOV-0006716,PRD-0049,2026-06-07,SALE,-26,Order,ORD-002166
MOV-0006717,PRD-0047,2026-02-10,SALE,-9,Order,ORD-002167
MOV-0006718,PRD-0052,2026-02-10,SALE,-9,Order,ORD-002167
MOV-0006719,PRD-0037,2026-02-10,SALE,-50,Order,ORD-002167
MOV-0006720,PRD-0053,2026-02-10,SALE,-13,Order,ORD-002167
MOV-0006721,PRD-0056,2026-02-10,SALE,-9,Order,ORD-002167
MOV-0006722,PRD-0060,2026-02-10,SALE,-16,Order,ORD-002167
MOV-0006723,PRD-0028,2026-02-10,SALE,-16,Order,ORD-002167
MOV-0006724,PRD-0053,2026-02-27,SALE,-4,Order,ORD-002168
MOV-0006725,PRD-0070,2026-02-27,SALE,-24,Order,ORD-002168
MOV-0006726,PRD-0045,2026-02-27,SALE,-20,Order,ORD-002168
MOV-0006727,PRD-0019,2026-02-27,SALE,-10,Order,ORD-002168
MOV-0006728,PRD-0054,2026-06-22,SALE,-13,Order,ORD-002169
MOV-0006729,PRD-0044,2026-06-22,SALE,-11,Order,ORD-002169
MOV-0006730,PRD-0066,2026-06-22,SALE,-27,Order,ORD-002169
MOV-0006731,PRD-0004,2026-06-22,SALE,-7,Order,ORD-002169
MOV-0006732,PRD-0032,2026-06-22,SALE,-7,Order,ORD-002169
MOV-0006733,PRD-0030,2026-06-22,SALE,-29,Order,ORD-002169
MOV-0006734,PRD-0026,2026-06-22,SALE,-27,Order,ORD-002169
MOV-0006735,PRD-0034,2026-01-08,SALE,-2,Order,ORD-002170
MOV-0006736,PRD-0026,2026-01-08,SALE,-8,Order,ORD-002170
MOV-0006737,PRD-0038,2026-07-25,SALE,-19,Order,ORD-002173
MOV-0006738,PRD-0004,2026-07-25,SALE,-28,Order,ORD-002173
MOV-0006739,PRD-0059,2025-08-19,SALE,-5,Order,ORD-002174
MOV-0006740,PRD-0034,2026-05-13,SALE,-17,Order,ORD-002175
MOV-0006741,PRD-0022,2026-05-13,SALE,-12,Order,ORD-002175
MOV-0006742,PRD-0069,2026-05-13,SALE,-12,Order,ORD-002175
MOV-0006743,PRD-0045,2026-05-13,SALE,-23,Order,ORD-002175
MOV-0006744,PRD-0033,2026-05-13,SALE,-14,Order,ORD-002175
MOV-0006745,PRD-0028,2026-05-19,SALE,-19,Order,ORD-002178
MOV-0006746,PRD-0069,2026-05-19,SALE,-4,Order,ORD-002178
MOV-0006747,PRD-0059,2025-08-15,SALE,-30,Order,ORD-002179
MOV-0006748,PRD-0068,2025-08-15,SALE,-2,Order,ORD-002179
MOV-0006749,PRD-0045,2025-07-29,SALE,-16,Order,ORD-002180
MOV-0006750,PRD-0043,2025-07-29,SALE,-1,Order,ORD-002180
MOV-0006751,PRD-0058,2025-07-29,SALE,-9,Order,ORD-002180
MOV-0006752,PRD-0031,2025-12-13,SALE,-52,Order,ORD-002181
MOV-0006753,PRD-0053,2025-12-13,SALE,-20,Order,ORD-002181
MOV-0006754,PRD-0043,2025-12-13,SALE,-12,Order,ORD-002181
MOV-0006755,PRD-0059,2025-12-13,SALE,-12,Order,ORD-002181
MOV-0006756,PRD-0066,2025-12-13,SALE,-36,Order,ORD-002181
MOV-0006757,PRD-0022,2025-12-13,SALE,-20,Order,ORD-002181
MOV-0006758,PRD-0037,2025-08-26,SALE,-40,Order,ORD-002182
MOV-0006759,PRD-0048,2025-08-26,SALE,-3,Order,ORD-002182
MOV-0006760,PRD-0058,2025-08-26,SALE,-3,Order,ORD-002182
MOV-0006761,PRD-0006,2025-08-26,SALE,-11,Order,ORD-002182
MOV-0006762,PRD-0033,2025-08-26,SALE,-11,Order,ORD-002182
MOV-0006763,PRD-0066,2025-11-04,SALE,-35,Order,ORD-002183
MOV-0006764,PRD-0054,2025-11-04,SALE,-35,Order,ORD-002183
MOV-0006765,PRD-0011,2025-11-04,SALE,-19,Order,ORD-002183
MOV-0006766,PRD-0027,2026-07-20,SALE,-43,Order,ORD-002184
MOV-0006767,PRD-0011,2026-05-25,SALE,-6,Order,ORD-002186
MOV-0006768,PRD-0038,2026-05-25,SALE,-6,Order,ORD-002186
MOV-0006769,PRD-0057,2025-03-24,SALE,-7,Order,ORD-002187
MOV-0006770,PRD-0052,2025-03-24,SALE,-4,Order,ORD-002187
MOV-0006771,PRD-0009,2025-03-24,SALE,-2,Order,ORD-002187
MOV-0006772,PRD-0021,2025-03-24,SALE,-13,Order,ORD-002187
MOV-0006773,PRD-0027,2025-03-24,SALE,-40,Order,ORD-002187
MOV-0006774,PRD-0005,2026-06-22,SALE,-20,Order,ORD-002188
MOV-0006775,PRD-0060,2026-06-22,SALE,-3,Order,ORD-002188
MOV-0006776,PRD-0009,2026-07-21,SALE,-6,Order,ORD-002189
MOV-0006777,PRD-0066,2026-07-21,SALE,-32,Order,ORD-002189
MOV-0006778,PRD-0034,2026-07-21,SALE,-17,Order,ORD-002189
MOV-0006779,PRD-0022,2026-07-21,SALE,-6,Order,ORD-002189
MOV-0006780,PRD-0065,2026-07-21,SALE,-35,Order,ORD-002189
MOV-0006781,PRD-0052,2025-08-29,SALE,-14,Order,ORD-002190
MOV-0006782,PRD-0005,2026-06-25,SALE,-10,Order,ORD-002191
MOV-0006783,PRD-0048,2026-06-25,SALE,-2,Order,ORD-002191
MOV-0006784,PRD-0013,2026-06-25,SALE,-4,Order,ORD-002191
MOV-0006785,PRD-0043,2026-06-25,SALE,-4,Order,ORD-002191
MOV-0006786,PRD-0011,2026-04-12,SALE,-3,Order,ORD-002192
MOV-0006787,PRD-0045,2026-04-12,SALE,-7,Order,ORD-002192
MOV-0006788,PRD-0019,2026-04-12,SALE,-6,Order,ORD-002192
MOV-0006789,PRD-0017,2026-07-25,SALE,-6,Order,ORD-002193
MOV-0006790,PRD-0032,2026-07-25,SALE,-8,Order,ORD-002193
MOV-0006791,PRD-0063,2026-07-19,SALE,-11,Order,ORD-002194
MOV-0006792,PRD-0005,2026-07-19,SALE,-8,Order,ORD-002194
MOV-0006793,PRD-0059,2026-07-19,SALE,-9,Order,ORD-002194
MOV-0006794,PRD-0034,2025-06-04,SALE,-11,Order,ORD-002195
MOV-0006795,PRD-0030,2025-06-04,SALE,-18,Order,ORD-002195
MOV-0006796,PRD-0064,2025-06-04,SALE,-9,Order,ORD-002195
MOV-0006797,PRD-0033,2026-07-05,SALE,-2,Order,ORD-002196
MOV-0006798,PRD-0032,2026-07-05,SALE,-14,Order,ORD-002196
MOV-0006799,PRD-0051,2025-07-10,SALE,-41,Order,ORD-002197
MOV-0006800,PRD-0030,2025-12-19,SALE,-6,Order,ORD-002198
MOV-0006801,PRD-0053,2026-07-22,SALE,-12,Order,ORD-002199
MOV-0006802,PRD-0052,2026-07-22,SALE,-2,Order,ORD-002199
MOV-0006803,PRD-0037,2026-07-22,SALE,-37,Order,ORD-002199
MOV-0006804,PRD-0070,2025-09-10,SALE,-20,Order,ORD-002200
MOV-0006805,PRD-0001,2026-08-30,SALE,-3,Order,ORD-002201
MOV-0006806,PRD-0060,2026-08-30,SALE,-4,Order,ORD-002201
MOV-0006807,PRD-0037,2026-02-11,SALE,-22,Order,ORD-002202
MOV-0006808,PRD-0005,2026-02-11,SALE,-9,Order,ORD-002202
MOV-0006809,PRD-0014,2026-02-11,SALE,-6,Order,ORD-002202
MOV-0006810,PRD-0025,2026-02-11,SALE,-6,Order,ORD-002202
MOV-0006811,PRD-0053,2025-07-02,SALE,-15,Order,ORD-002203
MOV-0006812,PRD-0048,2025-07-02,SALE,-12,Order,ORD-002203
MOV-0006813,PRD-0066,2025-07-02,SALE,-40,Order,ORD-002203
MOV-0006814,PRD-0005,2025-07-02,SALE,-9,Order,ORD-002203
MOV-0006815,PRD-0063,2025-10-22,SALE,-17,Order,ORD-002204
MOV-0006816,PRD-0008,2025-10-22,SALE,-17,Order,ORD-002204
MOV-0006817,PRD-0053,2026-01-23,SALE,-2,Order,ORD-002205
MOV-0006818,PRD-0052,2026-01-23,SALE,-11,Order,ORD-002205
MOV-0006819,PRD-0003,2026-01-23,SALE,-6,Order,ORD-002205
MOV-0006820,PRD-0032,2026-01-23,SALE,-13,Order,ORD-002205
MOV-0006821,PRD-0038,2026-01-23,SALE,-2,Order,ORD-002205
MOV-0006822,PRD-0008,2025-04-20,SALE,-4,Order,ORD-002206
MOV-0006823,PRD-0047,2025-04-20,SALE,-11,Order,ORD-002206
MOV-0006824,PRD-0063,2025-04-20,SALE,-29,Order,ORD-002206
MOV-0006825,PRD-0031,2025-04-20,SALE,-13,Order,ORD-002206
MOV-0006826,PRD-0003,2025-04-20,SALE,-4,Order,ORD-002206
MOV-0006827,PRD-0045,2025-08-21,SALE,-12,Order,ORD-002207
MOV-0006828,PRD-0025,2026-04-13,SALE,-7,Order,ORD-002209
MOV-0006829,PRD-0032,2025-07-25,SALE,-4,Order,ORD-002210
MOV-0006830,PRD-0005,2025-07-25,SALE,-24,Order,ORD-002210
MOV-0006831,PRD-0062,2025-07-25,SALE,-32,Order,ORD-002210
MOV-0006832,PRD-0027,2026-09-01,SALE,-20,Order,ORD-002211
MOV-0006833,PRD-0045,2026-09-01,SALE,-10,Order,ORD-002211
MOV-0006834,PRD-0066,2026-09-01,SALE,-22,Order,ORD-002211
MOV-0006835,PRD-0030,2026-07-29,SALE,-20,Order,ORD-002212
MOV-0006836,PRD-0007,2026-07-29,SALE,-6,Order,ORD-002212
MOV-0006837,PRD-0069,2026-07-29,SALE,-3,Order,ORD-002212
MOV-0006838,PRD-0040,2026-07-29,SALE,-9,Order,ORD-002212
MOV-0006839,PRD-0027,2026-07-29,SALE,-28,Order,ORD-002212
MOV-0006840,PRD-0007,2025-12-07,SALE,-3,Order,ORD-002213
MOV-0006841,PRD-0024,2025-12-07,SALE,-7,Order,ORD-002213
MOV-0006842,PRD-0069,2026-06-22,SALE,-6,Order,ORD-002214
MOV-0006843,PRD-0036,2026-06-22,SALE,-4,Order,ORD-002214
MOV-0006844,PRD-0032,2026-06-22,SALE,-6,Order,ORD-002214
MOV-0006845,PRD-0031,2026-06-22,SALE,-12,Order,ORD-002214
MOV-0006846,PRD-0043,2025-11-14,SALE,-11,Order,ORD-002215
MOV-0006847,PRD-0062,2025-11-14,SALE,-23,Order,ORD-002215
MOV-0006848,PRD-0033,2025-09-10,SALE,-11,Order,ORD-002216
MOV-0006849,PRD-0058,2025-09-10,SALE,-11,Order,ORD-002216
MOV-0006850,PRD-0030,2025-09-10,SALE,-23,Order,ORD-002216
MOV-0006851,PRD-0045,2025-09-10,SALE,-13,Order,ORD-002216
MOV-0006852,PRD-0031,2025-09-10,SALE,-25,Order,ORD-002216
MOV-0006853,PRD-0007,2025-12-01,SALE,-7,Order,ORD-002217
MOV-0006854,PRD-0017,2025-12-01,SALE,-4,Order,ORD-002217
MOV-0006855,PRD-0028,2025-12-01,SALE,-47,Order,ORD-002217
MOV-0006856,PRD-0050,2025-12-01,SALE,-47,Order,ORD-002217
MOV-0006857,PRD-0030,2025-12-01,SALE,-50,Order,ORD-002217
MOV-0006858,PRD-0005,2025-07-03,SALE,-32,Order,ORD-002219
MOV-0006859,PRD-0029,2025-07-03,SALE,-7,Order,ORD-002219
MOV-0006860,PRD-0034,2025-07-03,SALE,-4,Order,ORD-002219
MOV-0006861,PRD-0049,2025-07-03,SALE,-46,Order,ORD-002219
MOV-0006862,PRD-0045,2025-07-03,SALE,-11,Order,ORD-002219
MOV-0006863,PRD-0027,2025-07-03,SALE,-21,Order,ORD-002219
MOV-0006864,PRD-0058,2025-07-03,SALE,-4,Order,ORD-002219
MOV-0006865,PRD-0004,2026-01-28,SALE,-26,Order,ORD-002221
MOV-0006866,PRD-0045,2026-01-28,SALE,-16,Order,ORD-002221
MOV-0006867,PRD-0063,2026-01-28,SALE,-50,Order,ORD-002221
MOV-0006868,PRD-0007,2025-11-04,SALE,-9,Order,ORD-002222
MOV-0006869,PRD-0069,2025-11-04,SALE,-16,Order,ORD-002222
MOV-0006870,PRD-0055,2025-11-04,SALE,-12,Order,ORD-002222
MOV-0006871,PRD-0027,2025-11-04,SALE,-28,Order,ORD-002222
MOV-0006872,PRD-0050,2025-11-04,SALE,-9,Order,ORD-002222
MOV-0006873,PRD-0034,2025-11-04,SALE,-16,Order,ORD-002222
MOV-0006874,PRD-0031,2026-03-31,SALE,-48,Order,ORD-002223
MOV-0006875,PRD-0036,2026-03-31,SALE,-16,Order,ORD-002223
MOV-0006876,PRD-0052,2026-03-31,SALE,-16,Order,ORD-002223
MOV-0006877,PRD-0005,2026-03-31,SALE,-16,Order,ORD-002223
MOV-0006878,PRD-0065,2026-03-31,SALE,-32,Order,ORD-002223
MOV-0006879,PRD-0009,2026-03-31,SALE,-13,Order,ORD-002223
MOV-0006880,PRD-0026,2026-03-31,SALE,-38,Order,ORD-002223
MOV-0006881,PRD-0032,2026-01-04,SALE,-3,Order,ORD-002224
MOV-0006882,PRD-0038,2026-01-04,SALE,-3,Order,ORD-002224
MOV-0006883,PRD-0007,2026-01-04,SALE,-8,Order,ORD-002224
MOV-0006884,PRD-0007,2026-06-29,SALE,-25,Order,ORD-002225
MOV-0006885,PRD-0004,2026-06-29,SALE,-16,Order,ORD-002225
MOV-0006886,PRD-0005,2026-06-29,SALE,-37,Order,ORD-002225
MOV-0006887,PRD-0045,2026-06-29,SALE,-41,Order,ORD-002225
MOV-0006888,PRD-0037,2025-09-09,SALE,-24,Order,ORD-002226
MOV-0006889,PRD-0036,2025-09-09,SALE,-8,Order,ORD-002226
MOV-0006890,PRD-0037,2025-05-10,SALE,-58,Order,ORD-002231
MOV-0006891,PRD-0007,2025-05-10,SALE,-7,Order,ORD-002231
MOV-0006892,PRD-0033,2025-05-10,SALE,-7,Order,ORD-002231
MOV-0006893,PRD-0009,2025-05-10,SALE,-14,Order,ORD-002231
MOV-0006894,PRD-0031,2025-05-10,SALE,-27,Order,ORD-002231
MOV-0006895,PRD-0043,2026-03-11,SALE,-7,Order,ORD-002232
MOV-0006896,PRD-0050,2026-03-11,SALE,-48,Order,ORD-002232
MOV-0006897,PRD-0022,2026-03-11,SALE,-22,Order,ORD-002232
MOV-0006898,PRD-0023,2025-03-08,SALE,-19,Order,ORD-002234
MOV-0006899,PRD-0007,2025-03-08,SALE,-10,Order,ORD-002234
MOV-0006900,PRD-0066,2025-03-08,SALE,-23,Order,ORD-002234
MOV-0006901,PRD-0040,2025-03-08,SALE,-6,Order,ORD-002234
MOV-0006902,PRD-0008,2025-03-08,SALE,-13,Order,ORD-002234
MOV-0006903,PRD-0035,2025-03-08,SALE,-16,Order,ORD-002234
MOV-0006904,PRD-0034,2025-03-08,SALE,-3,Order,ORD-002234
MOV-0006905,PRD-0031,2026-06-13,SALE,-19,Order,ORD-002236
MOV-0006906,PRD-0034,2026-06-13,SALE,-2,Order,ORD-002236
MOV-0006907,PRD-0058,2026-03-24,SALE,-12,Order,ORD-002237
MOV-0006908,PRD-0033,2026-03-24,SALE,-2,Order,ORD-002237
MOV-0006909,PRD-0070,2025-05-08,SALE,-16,Order,ORD-002238
MOV-0006910,PRD-0066,2026-06-14,SALE,-42,Order,ORD-002239
MOV-0006911,PRD-0049,2026-06-14,SALE,-27,Order,ORD-002239
MOV-0006912,PRD-0031,2026-06-14,SALE,-46,Order,ORD-002239
MOV-0006913,PRD-0011,2026-06-14,SALE,-11,Order,ORD-002239
MOV-0006914,PRD-0050,2026-07-15,SALE,-31,Order,ORD-002241
MOV-0006915,PRD-0053,2026-07-15,SALE,-2,Order,ORD-002241
MOV-0006916,PRD-0049,2026-07-15,SALE,-31,Order,ORD-002241
MOV-0006917,PRD-0050,2025-07-18,SALE,-16,Order,ORD-002242
MOV-0006918,PRD-0038,2025-07-18,SALE,-5,Order,ORD-002242
MOV-0006919,PRD-0002,2025-07-18,SALE,-14,Order,ORD-002242
MOV-0006920,PRD-0005,2025-08-24,SALE,-8,Order,ORD-002243
MOV-0006921,PRD-0043,2025-08-24,SALE,-2,Order,ORD-002243
MOV-0006922,PRD-0039,2025-04-06,SALE,-30,Order,ORD-002244
MOV-0006923,PRD-0035,2025-04-06,SALE,-9,Order,ORD-002244
MOV-0006924,PRD-0036,2025-04-06,SALE,-6,Order,ORD-002244
MOV-0006925,PRD-0030,2026-05-01,SALE,-22,Order,ORD-002245
MOV-0006926,PRD-0034,2026-05-01,SALE,-10,Order,ORD-002245
MOV-0006927,PRD-0005,2025-11-12,SALE,-15,Order,ORD-002248
MOV-0006928,PRD-0050,2025-11-12,SALE,-21,Order,ORD-002248
MOV-0006929,PRD-0034,2025-11-12,SALE,-6,Order,ORD-002248
MOV-0006930,PRD-0010,2025-11-12,SALE,-8,Order,ORD-002248
MOV-0006931,PRD-0055,2026-05-29,SALE,-4,Order,ORD-002249
MOV-0006932,PRD-0019,2026-05-29,SALE,-9,Order,ORD-002249
MOV-0006933,PRD-0008,2026-05-29,SALE,-7,Order,ORD-002249
MOV-0006934,PRD-0017,2026-05-29,SALE,-1,Order,ORD-002249
MOV-0006935,PRD-0031,2026-05-29,SALE,-4,Order,ORD-002249
MOV-0006936,PRD-0005,2025-03-21,SALE,-3,Order,ORD-002251
MOV-0006937,PRD-0053,2025-03-21,SALE,-4,Order,ORD-002251
MOV-0006938,PRD-0007,2026-04-21,SALE,-8,Order,ORD-002253
MOV-0006939,PRD-0053,2025-07-24,SALE,-5,Order,ORD-002254
MOV-0006940,PRD-0015,2025-10-04,SALE,-10,Order,ORD-002255
MOV-0006941,PRD-0069,2025-10-04,SALE,-2,Order,ORD-002255
MOV-0006942,PRD-0005,2025-10-04,SALE,-10,Order,ORD-002255
MOV-0006943,PRD-0017,2025-09-25,SALE,-8,Order,ORD-002256
MOV-0006944,PRD-0066,2025-09-25,SALE,-13,Order,ORD-002256
MOV-0006945,PRD-0009,2025-09-25,SALE,-5,Order,ORD-002256
MOV-0006946,PRD-0021,2025-09-25,SALE,-3,Order,ORD-002256
MOV-0006947,PRD-0019,2025-12-06,SALE,-3,Order,ORD-002257
MOV-0006948,PRD-0034,2025-11-07,SALE,-3,Order,ORD-002258
MOV-0006949,PRD-0058,2025-11-07,SALE,-16,Order,ORD-002258
MOV-0006950,PRD-0056,2025-11-07,SALE,-5,Order,ORD-002258
MOV-0006951,PRD-0011,2025-11-07,SALE,-16,Order,ORD-002258
MOV-0006952,PRD-0040,2025-11-07,SALE,-5,Order,ORD-002258
MOV-0006953,PRD-0049,2025-11-07,SALE,-14,Order,ORD-002258
MOV-0006954,PRD-0060,2026-05-16,SALE,-10,Order,ORD-002259
MOV-0006955,PRD-0005,2026-05-16,SALE,-31,Order,ORD-002259
MOV-0006956,PRD-0035,2025-12-13,SALE,-8,Order,ORD-002260
MOV-0006957,PRD-0030,2026-05-26,SALE,-9,Order,ORD-002262
MOV-0006958,PRD-0064,2026-05-26,SALE,-1,Order,ORD-002262
MOV-0006959,PRD-0006,2026-07-11,SALE,-1,Order,ORD-002263
MOV-0006960,PRD-0040,2026-08-16,SALE,-5,Order,ORD-002264
MOV-0006961,PRD-0039,2026-08-16,SALE,-8,Order,ORD-002264
MOV-0006962,PRD-0007,2025-04-11,SALE,-16,Order,ORD-002265
MOV-0006963,PRD-0045,2025-04-11,SALE,-35,Order,ORD-002265
MOV-0006964,PRD-0033,2025-09-20,SALE,-13,Order,ORD-002266
MOV-0006965,PRD-0009,2025-09-20,SALE,-13,Order,ORD-002266
MOV-0006966,PRD-0046,2026-04-17,SALE,-13,Order,ORD-002267
MOV-0006967,PRD-0027,2026-04-17,SALE,-47,Order,ORD-002267
MOV-0006968,PRD-0007,2026-04-17,SALE,-3,Order,ORD-002267
MOV-0006969,PRD-0066,2026-04-17,SALE,-26,Order,ORD-002267
MOV-0006970,PRD-0032,2026-04-17,SALE,-11,Order,ORD-002267
MOV-0006971,PRD-0025,2026-06-05,SALE,-3,Order,ORD-002268
MOV-0006972,PRD-0023,2026-06-05,SALE,-2,Order,ORD-002268
MOV-0006973,PRD-0004,2026-06-05,SALE,-7,Order,ORD-002268
MOV-0006974,PRD-0065,2025-06-23,SALE,-37,Order,ORD-002269
MOV-0006975,PRD-0032,2025-06-23,SALE,-16,Order,ORD-002269
MOV-0006976,PRD-0028,2025-06-23,SALE,-62,Order,ORD-002269
MOV-0006977,PRD-0039,2025-06-23,SALE,-37,Order,ORD-002269
MOV-0006978,PRD-0036,2025-06-23,SALE,-19,Order,ORD-002269
MOV-0006979,PRD-0029,2025-06-23,SALE,-3,Order,ORD-002269
MOV-0006980,PRD-0045,2025-06-23,SALE,-34,Order,ORD-002269
MOV-0006981,PRD-0030,2026-07-23,SALE,-12,Order,ORD-002270
MOV-0006982,PRD-0017,2026-07-23,SALE,-5,Order,ORD-002270
MOV-0006983,PRD-0006,2026-07-23,SALE,-10,Order,ORD-002270
MOV-0006984,PRD-0059,2026-07-23,SALE,-14,Order,ORD-002270
MOV-0006985,PRD-0052,2025-12-22,SALE,-2,Order,ORD-002271
MOV-0006986,PRD-0031,2025-12-22,SALE,-6,Order,ORD-002271
MOV-0006987,PRD-0027,2025-12-22,SALE,-26,Order,ORD-002271
MOV-0006988,PRD-0033,2025-07-04,SALE,-5,Order,ORD-002272
MOV-0006989,PRD-0034,2026-09-02,SALE,-9,Order,ORD-002273
MOV-0006990,PRD-0058,2026-09-02,SALE,-5,Order,ORD-002273
MOV-0006991,PRD-0039,2026-09-02,SALE,-21,Order,ORD-002273
MOV-0006992,PRD-0010,2026-09-02,SALE,-3,Order,ORD-002273
MOV-0006993,PRD-0058,2026-07-28,SALE,-4,Order,ORD-002274
MOV-0006994,PRD-0026,2026-07-28,SALE,-37,Order,ORD-002274
MOV-0006995,PRD-0028,2026-07-28,SALE,-39,Order,ORD-002274
MOV-0006996,PRD-0017,2025-05-04,SALE,-7,Order,ORD-002275
MOV-0006997,PRD-0034,2026-06-24,SALE,-16,Order,ORD-002276
MOV-0006998,PRD-0028,2026-06-24,SALE,-19,Order,ORD-002276
MOV-0006999,PRD-0053,2025-10-30,SALE,-9,Order,ORD-002277
MOV-0007000,PRD-0050,2025-04-15,SALE,-21,Order,ORD-002278
MOV-0007001,PRD-0021,2025-04-15,SALE,-10,Order,ORD-002278
MOV-0007002,PRD-0018,2026-05-13,SALE,-14,Order,ORD-002279
MOV-0007003,PRD-0037,2026-05-13,SALE,-69,Order,ORD-002279
MOV-0007004,PRD-0009,2026-05-13,SALE,-17,Order,ORD-002279
MOV-0007005,PRD-0040,2026-05-13,SALE,-10,Order,ORD-002279
MOV-0007006,PRD-0007,2026-05-13,SALE,-14,Order,ORD-002279
MOV-0007007,PRD-0030,2026-05-28,SALE,-33,Order,ORD-002280
MOV-0007008,PRD-0062,2026-05-28,SALE,-16,Order,ORD-002280
MOV-0007009,PRD-0008,2026-05-28,SALE,-13,Order,ORD-002280
MOV-0007010,PRD-0007,2026-05-28,SALE,-13,Order,ORD-002280
MOV-0007011,PRD-0053,2026-05-28,SALE,-11,Order,ORD-002280
MOV-0007012,PRD-0014,2026-05-28,SALE,-13,Order,ORD-002280
MOV-0007013,PRD-0047,2026-05-28,SALE,-9,Order,ORD-002280
MOV-0007014,PRD-0008,2026-05-25,SALE,-7,Order,ORD-002281
MOV-0007015,PRD-0011,2026-05-25,SALE,-2,Order,ORD-002281
MOV-0007016,PRD-0007,2026-05-25,SALE,-14,Order,ORD-002281
MOV-0007017,PRD-0031,2026-05-13,SALE,-27,Order,ORD-002282
MOV-0007018,PRD-0037,2026-05-13,SALE,-52,Order,ORD-002282
MOV-0007019,PRD-0052,2026-05-13,SALE,-2,Order,ORD-002282
MOV-0007020,PRD-0023,2026-05-13,SALE,-2,Order,ORD-002282
MOV-0007021,PRD-0034,2026-02-20,SALE,-10,Order,ORD-002283
MOV-0007022,PRD-0026,2026-02-20,SALE,-36,Order,ORD-002283
MOV-0007023,PRD-0038,2026-02-20,SALE,-10,Order,ORD-002283
MOV-0007024,PRD-0050,2025-08-20,SALE,-18,Order,ORD-002284
MOV-0007025,PRD-0049,2025-08-20,SALE,-16,Order,ORD-002284
MOV-0007026,PRD-0007,2025-08-20,SALE,-7,Order,ORD-002284
MOV-0007027,PRD-0032,2026-06-25,SALE,-8,Order,ORD-002285
MOV-0007028,PRD-0034,2025-04-21,SALE,-8,Order,ORD-002286
MOV-0007029,PRD-0045,2025-04-21,SALE,-29,Order,ORD-002286
MOV-0007030,PRD-0069,2025-04-21,SALE,-8,Order,ORD-002286
MOV-0007031,PRD-0037,2025-04-21,SALE,-16,Order,ORD-002286
MOV-0007032,PRD-0009,2025-04-21,SALE,-13,Order,ORD-002286
MOV-0007033,PRD-0006,2025-04-21,SALE,-8,Order,ORD-002286
MOV-0007034,PRD-0027,2026-02-19,SALE,-64,Order,ORD-002287
MOV-0007035,PRD-0069,2026-02-19,SALE,-10,Order,ORD-002287
MOV-0007036,PRD-0008,2026-02-19,SALE,-13,Order,ORD-002287
MOV-0007037,PRD-0057,2026-02-19,SALE,-20,Order,ORD-002287
MOV-0007038,PRD-0032,2026-02-19,SALE,-20,Order,ORD-002287
MOV-0007039,PRD-0034,2026-02-19,SALE,-20,Order,ORD-002287
MOV-0007040,PRD-0064,2026-02-19,SALE,-20,Order,ORD-002287
MOV-0007041,PRD-0009,2025-07-08,SALE,-12,Order,ORD-002288
MOV-0007042,PRD-0030,2025-07-08,SALE,-12,Order,ORD-002288
MOV-0007043,PRD-0022,2025-07-08,SALE,-14,Order,ORD-002288
MOV-0007044,PRD-0058,2025-07-08,SALE,-7,Order,ORD-002288
MOV-0007045,PRD-0007,2025-07-08,SALE,-5,Order,ORD-002288
MOV-0007046,PRD-0034,2026-01-30,SALE,-4,Order,ORD-002289
MOV-0007047,PRD-0058,2026-03-15,SALE,-11,Order,ORD-002290
MOV-0007048,PRD-0037,2026-03-15,SALE,-22,Order,ORD-002290
MOV-0007049,PRD-0005,2026-08-22,SALE,-19,Order,ORD-002291
MOV-0007050,PRD-0049,2026-08-22,SALE,-39,Order,ORD-002291
MOV-0007051,PRD-0013,2026-08-22,SALE,-26,Order,ORD-002291
MOV-0007052,PRD-0011,2026-08-22,SALE,-3,Order,ORD-002291
MOV-0007053,PRD-0007,2026-04-06,SALE,-2,Order,ORD-002292
MOV-0007054,PRD-0016,2026-04-06,SALE,-2,Order,ORD-002292
MOV-0007055,PRD-0048,2026-04-06,SALE,-2,Order,ORD-002292
MOV-0007056,PRD-0039,2026-04-06,SALE,-14,Order,ORD-002292
MOV-0007057,PRD-0034,2025-06-24,SALE,-2,Order,ORD-002293
MOV-0007058,PRD-0004,2025-06-24,SALE,-8,Order,ORD-002293
MOV-0007059,PRD-0027,2025-06-24,SALE,-49,Order,ORD-002293
MOV-0007060,PRD-0045,2025-03-22,SALE,-7,Order,ORD-002294
MOV-0007061,PRD-0037,2025-03-22,SALE,-7,Order,ORD-002294
MOV-0007062,PRD-0009,2026-04-30,SALE,-1,Order,ORD-002295
MOV-0007063,PRD-0037,2025-11-10,SALE,-23,Order,ORD-002296
MOV-0007064,PRD-0014,2025-11-10,SALE,-2,Order,ORD-002296
MOV-0007065,PRD-0060,2025-05-06,SALE,-4,Order,ORD-002297
MOV-0007066,PRD-0034,2025-05-06,SALE,-7,Order,ORD-002297
MOV-0007067,PRD-0005,2026-04-25,SALE,-4,Order,ORD-002298
MOV-0007068,PRD-0037,2026-04-25,SALE,-7,Order,ORD-002298
MOV-0007069,PRD-0033,2026-04-25,SALE,-6,Order,ORD-002298
MOV-0007070,PRD-0045,2026-03-25,SALE,-35,Order,ORD-002299
MOV-0007071,PRD-0050,2026-03-25,SALE,-27,Order,ORD-002299
MOV-0007072,PRD-0066,2026-04-26,SALE,-8,Order,ORD-002300
MOV-0007073,PRD-0015,2026-04-26,SALE,-14,Order,ORD-002300
MOV-0007074,PRD-0007,2026-04-26,SALE,-8,Order,ORD-002300
MOV-0007075,PRD-0060,2026-04-26,SALE,-3,Order,ORD-002300
MOV-0007076,PRD-0007,2026-03-20,SALE,-1,Order,ORD-002301
MOV-0007077,PRD-0006,2026-03-20,SALE,-6,Order,ORD-002301
MOV-0007078,PRD-0047,2026-03-20,SALE,-7,Order,ORD-002301
MOV-0007079,PRD-0053,2026-03-20,SALE,-7,Order,ORD-002301
MOV-0007080,PRD-0034,2025-09-07,SALE,-4,Order,ORD-002302
MOV-0007081,PRD-0066,2025-12-18,SALE,-10,Order,ORD-002304
MOV-0007082,PRD-0010,2025-12-18,SALE,-8,Order,ORD-002304
MOV-0007083,PRD-0005,2025-12-18,SALE,-14,Order,ORD-002304
MOV-0007084,PRD-0034,2025-12-18,SALE,-3,Order,ORD-002304
MOV-0007085,PRD-0030,2026-01-13,SALE,-13,Order,ORD-002305
MOV-0007086,PRD-0040,2026-01-13,SALE,-5,Order,ORD-002305
MOV-0007087,PRD-0057,2025-11-21,SALE,-20,Order,ORD-002306
MOV-0007088,PRD-0037,2025-11-21,SALE,-83,Order,ORD-002306
MOV-0007089,PRD-0034,2025-11-21,SALE,-17,Order,ORD-002306
MOV-0007090,PRD-0005,2025-11-21,SALE,-26,Order,ORD-002306
MOV-0007091,PRD-0032,2025-11-21,SALE,-3,Order,ORD-002306
MOV-0007092,PRD-0066,2025-09-22,SALE,-17,Order,ORD-002307
MOV-0007093,PRD-0026,2025-09-20,SALE,-47,Order,ORD-002308
MOV-0007094,PRD-0065,2025-11-09,SALE,-31,Order,ORD-002309
MOV-0007095,PRD-0009,2025-11-09,SALE,-8,Order,ORD-002309
MOV-0007096,PRD-0060,2025-11-09,SALE,-4,Order,ORD-002309
MOV-0007097,PRD-0023,2026-03-20,SALE,-1,Order,ORD-002310
MOV-0007098,PRD-0051,2026-03-20,SALE,-27,Order,ORD-002310
MOV-0007099,PRD-0016,2025-12-19,SALE,-6,Order,ORD-002311
MOV-0007100,PRD-0003,2026-04-16,SALE,-5,Order,ORD-002312
MOV-0007101,PRD-0038,2026-04-16,SALE,-7,Order,ORD-002312
MOV-0007102,PRD-0003,2025-04-20,SALE,-7,Order,ORD-002313
MOV-0007103,PRD-0004,2025-04-20,SALE,-9,Order,ORD-002313
MOV-0007104,PRD-0014,2025-04-20,SALE,-9,Order,ORD-002313
MOV-0007105,PRD-0026,2025-04-20,SALE,-47,Order,ORD-002313
MOV-0007106,PRD-0045,2025-04-20,SALE,-35,Order,ORD-002313
MOV-0007107,PRD-0008,2026-05-03,SALE,-5,Order,ORD-002314
MOV-0007108,PRD-0005,2026-05-03,SALE,-3,Order,ORD-002314
MOV-0007109,PRD-0017,2026-04-07,SALE,-25,Order,ORD-002315
MOV-0007110,PRD-0013,2026-04-07,SALE,-58,Order,ORD-002315
MOV-0007111,PRD-0027,2026-04-07,SALE,-74,Order,ORD-002315
MOV-0007112,PRD-0063,2026-04-24,SALE,-30,Order,ORD-002316
MOV-0007113,PRD-0053,2026-04-24,SALE,-8,Order,ORD-002316
MOV-0007114,PRD-0069,2026-07-03,SALE,-7,Order,ORD-002317
MOV-0007115,PRD-0007,2026-03-12,SALE,-19,Order,ORD-002318
MOV-0007116,PRD-0001,2026-03-12,SALE,-12,Order,ORD-002318
MOV-0007117,PRD-0009,2026-06-03,SALE,-8,Order,ORD-002319
MOV-0007118,PRD-0034,2026-06-03,SALE,-8,Order,ORD-002319
MOV-0007119,PRD-0012,2025-03-31,SALE,-3,Order,ORD-002320
MOV-0007120,PRD-0027,2026-08-18,SALE,-42,Order,ORD-002321
MOV-0007121,PRD-0069,2026-08-18,SALE,-18,Order,ORD-002321
MOV-0007122,PRD-0034,2026-08-18,SALE,-9,Order,ORD-002321
MOV-0007123,PRD-0037,2026-08-18,SALE,-57,Order,ORD-002321
MOV-0007124,PRD-0036,2026-08-18,SALE,-15,Order,ORD-002321
MOV-0007125,PRD-0033,2026-08-18,SALE,-18,Order,ORD-002321
MOV-0007126,PRD-0006,2026-08-18,SALE,-12,Order,ORD-002321
MOV-0007127,PRD-0007,2026-06-06,SALE,-5,Order,ORD-002322
MOV-0007128,PRD-0005,2026-06-06,SALE,-15,Order,ORD-002322
MOV-0007129,PRD-0007,2025-09-20,SALE,-1,Order,ORD-002323
MOV-0007130,PRD-0005,2026-04-13,SALE,-9,Order,ORD-002324
MOV-0007131,PRD-0036,2026-04-13,SALE,-13,Order,ORD-002324
MOV-0007132,PRD-0034,2026-04-13,SALE,-4,Order,ORD-002324
MOV-0007133,PRD-0021,2026-04-13,SALE,-13,Order,ORD-002324
MOV-0007134,PRD-0031,2026-04-13,SALE,-20,Order,ORD-002324
MOV-0007135,PRD-0052,2026-04-13,SALE,-4,Order,ORD-002324
MOV-0007136,PRD-0034,2025-03-14,SALE,-3,Order,ORD-002325
MOV-0007137,PRD-0010,2025-12-12,SALE,-6,Order,ORD-002326
MOV-0007138,PRD-0007,2025-12-12,SALE,-9,Order,ORD-002326
MOV-0007139,PRD-0059,2025-12-12,SALE,-9,Order,ORD-002326
MOV-0007140,PRD-0066,2025-08-31,SALE,-16,Order,ORD-002327
MOV-0007141,PRD-0031,2025-08-31,SALE,-17,Order,ORD-002327
MOV-0007142,PRD-0067,2025-08-31,SALE,-4,Order,ORD-002327
MOV-0007143,PRD-0027,2025-08-31,SALE,-25,Order,ORD-002327
MOV-0007144,PRD-0017,2025-08-31,SALE,-7,Order,ORD-002327
MOV-0007145,PRD-0032,2026-06-10,SALE,-5,Order,ORD-002328
MOV-0007146,PRD-0054,2026-06-10,SALE,-35,Order,ORD-002328
MOV-0007147,PRD-0023,2026-06-10,SALE,-5,Order,ORD-002328
MOV-0007148,PRD-0063,2026-06-10,SALE,-38,Order,ORD-002328
MOV-0007149,PRD-0052,2026-06-10,SALE,-14,Order,ORD-002328
MOV-0007150,PRD-0045,2026-06-10,SALE,-14,Order,ORD-002328
MOV-0007151,PRD-0069,2026-06-10,SALE,-14,Order,ORD-002328
MOV-0007152,PRD-0018,2025-05-08,SALE,-20,Order,ORD-002329
MOV-0007153,PRD-0034,2025-05-08,SALE,-12,Order,ORD-002329
MOV-0007154,PRD-0050,2025-05-08,SALE,-33,Order,ORD-002329
MOV-0007155,PRD-0064,2025-05-08,SALE,-20,Order,ORD-002329
MOV-0007156,PRD-0060,2025-05-08,SALE,-16,Order,ORD-002329
MOV-0007157,PRD-0034,2026-05-14,SALE,-9,Order,ORD-002332
MOV-0007158,PRD-0027,2026-05-14,SALE,-56,Order,ORD-002332
MOV-0007159,PRD-0053,2026-05-14,SALE,-6,Order,ORD-002332
MOV-0007160,PRD-0004,2025-12-31,SALE,-8,Order,ORD-002333
MOV-0007161,PRD-0036,2025-11-20,SALE,-7,Order,ORD-002334
MOV-0007162,PRD-0009,2025-11-20,SALE,-9,Order,ORD-002334
MOV-0007163,PRD-0006,2026-02-19,SALE,-2,Order,ORD-002335
MOV-0007164,PRD-0036,2026-02-19,SALE,-7,Order,ORD-002335
MOV-0007165,PRD-0048,2026-02-19,SALE,-5,Order,ORD-002335
MOV-0007166,PRD-0045,2026-02-19,SALE,-25,Order,ORD-002335
MOV-0007167,PRD-0058,2025-12-25,SALE,-2,Order,ORD-002336
MOV-0007168,PRD-0037,2025-12-25,SALE,-21,Order,ORD-002336
MOV-0007169,PRD-0040,2025-12-25,SALE,-4,Order,ORD-002336
MOV-0007170,PRD-0008,2026-02-09,SALE,-9,Order,ORD-002337
MOV-0007171,PRD-0030,2026-02-09,SALE,-31,Order,ORD-002337
MOV-0007172,PRD-0007,2026-02-09,SALE,-15,Order,ORD-002337
MOV-0007173,PRD-0050,2026-02-09,SALE,-43,Order,ORD-002337
MOV-0007174,PRD-0058,2026-02-09,SALE,-3,Order,ORD-002337
MOV-0007175,PRD-0046,2026-02-09,SALE,-12,Order,ORD-002337
MOV-0007176,PRD-0066,2025-08-25,SALE,-36,Order,ORD-002338
MOV-0007177,PRD-0045,2025-08-25,SALE,-30,Order,ORD-002338
MOV-0007178,PRD-0007,2025-08-25,SALE,-3,Order,ORD-002338
MOV-0007179,PRD-0068,2025-08-25,SALE,-10,Order,ORD-002338
MOV-0007180,PRD-0043,2025-08-25,SALE,-7,Order,ORD-002338
MOV-0007181,PRD-0040,2026-05-18,SALE,-1,Order,ORD-002340
MOV-0007182,PRD-0005,2026-05-18,SALE,-13,Order,ORD-002340
MOV-0007183,PRD-0069,2025-11-19,SALE,-3,Order,ORD-002341
MOV-0007184,PRD-0005,2025-11-19,SALE,-13,Order,ORD-002341
MOV-0007185,PRD-0029,2025-11-19,SALE,-10,Order,ORD-002341
MOV-0007186,PRD-0009,2025-11-19,SALE,-20,Order,ORD-002341
MOV-0007187,PRD-0022,2025-11-19,SALE,-10,Order,ORD-002341
MOV-0007188,PRD-0052,2026-06-23,SALE,-8,Order,ORD-002342
MOV-0007189,PRD-0059,2025-06-12,SALE,-24,Order,ORD-002343
MOV-0007190,PRD-0063,2025-06-12,SALE,-15,Order,ORD-002343
MOV-0007191,PRD-0034,2025-06-12,SALE,-4,Order,ORD-002343
MOV-0007192,PRD-0030,2025-06-12,SALE,-21,Order,ORD-002343
MOV-0007193,PRD-0069,2025-06-12,SALE,-4,Order,ORD-002343
MOV-0007194,PRD-0047,2025-06-12,SALE,-9,Order,ORD-002343
MOV-0007195,PRD-0049,2025-06-12,SALE,-8,Order,ORD-002343
MOV-0007196,PRD-0058,2026-01-05,SALE,-18,Order,ORD-002344
MOV-0007197,PRD-0009,2026-01-05,SALE,-12,Order,ORD-002344
MOV-0007198,PRD-0014,2026-01-05,SALE,-9,Order,ORD-002344
MOV-0007199,PRD-0066,2026-01-05,SALE,-36,Order,ORD-002344
MOV-0007200,PRD-0034,2026-01-05,SALE,-15,Order,ORD-002344
MOV-0007201,PRD-0065,2026-01-05,SALE,-39,Order,ORD-002344
MOV-0007202,PRD-0030,2026-04-20,SALE,-4,Order,ORD-002346
MOV-0007203,PRD-0053,2026-04-20,SALE,-5,Order,ORD-002346
MOV-0007204,PRD-0067,2026-04-20,SALE,-12,Order,ORD-002346
MOV-0007205,PRD-0045,2026-03-07,SALE,-32,Order,ORD-002347
MOV-0007206,PRD-0031,2026-03-07,SALE,-48,Order,ORD-002347
MOV-0007207,PRD-0043,2026-03-07,SALE,-8,Order,ORD-002347
MOV-0007208,PRD-0016,2026-03-07,SALE,-24,Order,ORD-002347
MOV-0007209,PRD-0011,2026-03-07,SALE,-12,Order,ORD-002347
MOV-0007210,PRD-0037,2026-03-07,SALE,-81,Order,ORD-002347
MOV-0007211,PRD-0052,2025-06-10,SALE,-14,Order,ORD-002348
MOV-0007212,PRD-0038,2025-06-10,SALE,-3,Order,ORD-002348
MOV-0007213,PRD-0066,2025-06-10,SALE,-24,Order,ORD-002348
MOV-0007214,PRD-0050,2025-06-10,SALE,-27,Order,ORD-002348
MOV-0007215,PRD-0045,2025-06-10,SALE,-17,Order,ORD-002348
MOV-0007216,PRD-0058,2025-06-10,SALE,-17,Order,ORD-002348
MOV-0007217,PRD-0036,2025-12-19,SALE,-8,Order,ORD-002349
MOV-0007218,PRD-0037,2025-12-19,SALE,-17,Order,ORD-002349
MOV-0007219,PRD-0017,2026-08-12,SALE,-2,Order,ORD-002350
MOV-0007220,PRD-0026,2026-04-03,SALE,-17,Order,ORD-002352
MOV-0007221,PRD-0021,2025-05-26,SALE,-6,Order,ORD-002353
MOV-0007222,PRD-0034,2025-05-26,SALE,-6,Order,ORD-002353
MOV-0007223,PRD-0051,2025-05-26,SALE,-10,Order,ORD-002353
MOV-0007224,PRD-0061,2026-02-14,SALE,-15,Order,ORD-002354
MOV-0007225,PRD-0069,2026-02-14,SALE,-9,Order,ORD-002354
MOV-0007226,PRD-0063,2026-02-14,SALE,-51,Order,ORD-002354
MOV-0007227,PRD-0057,2026-02-14,SALE,-13,Order,ORD-002354
MOV-0007228,PRD-0023,2025-07-05,SALE,-9,Order,ORD-002357
MOV-0007229,PRD-0037,2025-07-05,SALE,-52,Order,ORD-002357
MOV-0007230,PRD-0057,2025-07-05,SALE,-5,Order,ORD-002357
MOV-0007231,PRD-0005,2025-07-05,SALE,-23,Order,ORD-002357
MOV-0007232,PRD-0007,2026-07-25,SALE,-4,Order,ORD-002358
MOV-0007233,PRD-0038,2025-06-01,SALE,-21,Order,ORD-002359
MOV-0007234,PRD-0034,2025-06-01,SALE,-18,Order,ORD-002359
MOV-0007235,PRD-0034,2025-08-28,SALE,-4,Order,ORD-002360
MOV-0007236,PRD-0020,2025-08-28,SALE,-6,Order,ORD-002360
MOV-0007237,PRD-0048,2025-08-28,SALE,-11,Order,ORD-002360
MOV-0007238,PRD-0005,2025-08-28,SALE,-26,Order,ORD-002360
MOV-0007239,PRD-0069,2025-08-28,SALE,-11,Order,ORD-002360
MOV-0007240,PRD-0009,2025-08-28,SALE,-6,Order,ORD-002360
MOV-0007241,PRD-0034,2026-05-02,SALE,-8,Order,ORD-002361
MOV-0007242,PRD-0063,2026-05-02,SALE,-50,Order,ORD-002361
MOV-0007243,PRD-0004,2026-05-02,SALE,-31,Order,ORD-002361
MOV-0007244,PRD-0059,2026-05-14,SALE,-10,Order,ORD-002362
MOV-0007245,PRD-0056,2026-05-14,SALE,-5,Order,ORD-002362
MOV-0007246,PRD-0027,2026-05-14,SALE,-8,Order,ORD-002362
MOV-0007247,PRD-0060,2025-12-19,SALE,-2,Order,ORD-002363
MOV-0007248,PRD-0058,2025-12-19,SALE,-13,Order,ORD-002363
MOV-0007249,PRD-0066,2025-12-19,SALE,-28,Order,ORD-002363
MOV-0007250,PRD-0032,2026-01-24,SALE,-12,Order,ORD-002365
MOV-0007251,PRD-0004,2026-01-24,SALE,-6,Order,ORD-002365
MOV-0007252,PRD-0013,2026-01-24,SALE,-29,Order,ORD-002365
MOV-0007253,PRD-0034,2026-02-05,SALE,-6,Order,ORD-002366
MOV-0007254,PRD-0032,2026-02-05,SALE,-12,Order,ORD-002366
MOV-0007255,PRD-0005,2026-02-05,SALE,-37,Order,ORD-002366
MOV-0007256,PRD-0007,2026-02-05,SALE,-18,Order,ORD-002366
MOV-0007257,PRD-0037,2026-02-05,SALE,-61,Order,ORD-002366
MOV-0007258,PRD-0030,2026-02-05,SALE,-43,Order,ORD-002366
MOV-0007259,PRD-0069,2026-02-05,SALE,-6,Order,ORD-002366
MOV-0007260,PRD-0005,2026-03-27,SALE,-10,Order,ORD-002367
MOV-0007261,PRD-0007,2026-03-27,SALE,-4,Order,ORD-002367
MOV-0007262,PRD-0023,2026-03-27,SALE,-7,Order,ORD-002367
MOV-0007263,PRD-0060,2026-03-27,SALE,-3,Order,ORD-002367
MOV-0007264,PRD-0009,2026-08-22,SALE,-3,Order,ORD-002368
MOV-0007265,PRD-0034,2026-03-03,SALE,-4,Order,ORD-002369
MOV-0007266,PRD-0058,2026-03-03,SALE,-18,Order,ORD-002369
MOV-0007267,PRD-0027,2026-03-03,SALE,-39,Order,ORD-002369
MOV-0007268,PRD-0015,2026-03-03,SALE,-21,Order,ORD-002369
MOV-0007269,PRD-0066,2026-03-03,SALE,-46,Order,ORD-002369
MOV-0007270,PRD-0009,2026-03-03,SALE,-11,Order,ORD-002369
MOV-0007271,PRD-0028,2025-09-14,SALE,-46,Order,ORD-002372
MOV-0007272,PRD-0009,2025-09-14,SALE,-19,Order,ORD-002372
MOV-0007273,PRD-0013,2025-09-14,SALE,-49,Order,ORD-002372
MOV-0007274,PRD-0034,2025-09-14,SALE,-19,Order,ORD-002372
MOV-0007275,PRD-0005,2025-09-14,SALE,-38,Order,ORD-002372
MOV-0007276,PRD-0040,2025-09-14,SALE,-8,Order,ORD-002372
MOV-0007277,PRD-0066,2025-04-18,SALE,-36,Order,ORD-002373
MOV-0007278,PRD-0031,2025-04-18,SALE,-33,Order,ORD-002373
MOV-0007279,PRD-0030,2025-04-18,SALE,-15,Order,ORD-002373
MOV-0007280,PRD-0039,2025-04-18,SALE,-36,Order,ORD-002373
MOV-0007281,PRD-0058,2025-04-18,SALE,-8,Order,ORD-002373
MOV-0007282,PRD-0005,2025-04-18,SALE,-31,Order,ORD-002373
MOV-0007283,PRD-0001,2025-08-25,SALE,-16,Order,ORD-002374
MOV-0007284,PRD-0069,2025-08-25,SALE,-16,Order,ORD-002374
MOV-0007285,PRD-0004,2025-08-25,SALE,-14,Order,ORD-002374
MOV-0007286,PRD-0034,2025-08-25,SALE,-11,Order,ORD-002374
MOV-0007287,PRD-0032,2025-08-25,SALE,-3,Order,ORD-002374
MOV-0007288,PRD-0025,2025-08-25,SALE,-8,Order,ORD-002374
MOV-0007289,PRD-0046,2025-09-12,SALE,-12,Order,ORD-002375
MOV-0007290,PRD-0007,2025-09-12,SALE,-12,Order,ORD-002375
MOV-0007291,PRD-0007,2025-08-29,SALE,-7,Order,ORD-002376
MOV-0007292,PRD-0030,2025-08-29,SALE,-44,Order,ORD-002376
MOV-0007293,PRD-0031,2025-08-29,SALE,-22,Order,ORD-002376
MOV-0007294,PRD-0009,2025-08-29,SALE,-4,Order,ORD-002376
MOV-0007295,PRD-0027,2025-08-29,SALE,-76,Order,ORD-002376
MOV-0007296,PRD-0057,2025-08-29,SALE,-22,Order,ORD-002376
MOV-0007297,PRD-0014,2025-08-29,SALE,-4,Order,ORD-002376
MOV-0007298,PRD-0058,2025-08-16,SALE,-3,Order,ORD-002377
MOV-0007299,PRD-0069,2025-08-16,SALE,-6,Order,ORD-002377
MOV-0007300,PRD-0037,2025-08-16,SALE,-26,Order,ORD-002377
MOV-0007301,PRD-0049,2026-06-20,SALE,-3,Order,ORD-002378
MOV-0007302,PRD-0034,2026-06-20,SALE,-4,Order,ORD-002378
MOV-0007303,PRD-0040,2026-06-20,SALE,-6,Order,ORD-002378
MOV-0007304,PRD-0052,2026-06-20,SALE,-1,Order,ORD-002378
MOV-0007305,PRD-0053,2025-08-20,SALE,-8,Order,ORD-002379
MOV-0007306,PRD-0048,2025-08-20,SALE,-7,Order,ORD-002379
MOV-0007307,PRD-0034,2025-08-20,SALE,-5,Order,ORD-002379
MOV-0007308,PRD-0058,2025-08-20,SALE,-10,Order,ORD-002379
MOV-0007309,PRD-0005,2025-08-20,SALE,-11,Order,ORD-002379
MOV-0007310,PRD-0034,2025-09-04,SALE,-4,Order,ORD-002380
MOV-0007311,PRD-0018,2025-09-04,SALE,-3,Order,ORD-002380
MOV-0007312,PRD-0037,2025-09-04,SALE,-16,Order,ORD-002380
MOV-0007313,PRD-0057,2025-09-04,SALE,-3,Order,ORD-002380
MOV-0007314,PRD-0005,2025-09-04,SALE,-12,Order,ORD-002380
MOV-0007315,PRD-0034,2025-06-22,SALE,-7,Order,ORD-002381
MOV-0007316,PRD-0030,2025-11-22,SALE,-8,Order,ORD-002382
MOV-0007317,PRD-0009,2025-11-22,SALE,-7,Order,ORD-002382
MOV-0007318,PRD-0034,2025-11-22,SALE,-4,Order,ORD-002382
MOV-0007319,PRD-0016,2025-11-22,SALE,-6,Order,ORD-002382
MOV-0007320,PRD-0052,2025-11-22,SALE,-5,Order,ORD-002382
MOV-0007321,PRD-0021,2025-12-16,SALE,-8,Order,ORD-002383
MOV-0007322,PRD-0013,2025-12-16,SALE,-28,Order,ORD-002383
MOV-0007323,PRD-0007,2025-12-16,SALE,-1,Order,ORD-002383
MOV-0007324,PRD-0066,2025-12-16,SALE,-11,Order,ORD-002383
MOV-0007325,PRD-0027,2025-12-16,SALE,-21,Order,ORD-002383
MOV-0007326,PRD-0003,2025-12-17,SALE,-13,Order,ORD-002384
MOV-0007327,PRD-0017,2025-06-08,SALE,-8,Order,ORD-002386
MOV-0007328,PRD-0027,2025-06-08,SALE,-22,Order,ORD-002386
MOV-0007329,PRD-0050,2025-06-08,SALE,-18,Order,ORD-002386
MOV-0007330,PRD-0013,2025-06-08,SALE,-47,Order,ORD-002386
MOV-0007331,PRD-0005,2025-06-08,SALE,-18,Order,ORD-002386
MOV-0007332,PRD-0010,2026-01-08,SALE,-12,Order,ORD-002387
MOV-0007333,PRD-0027,2026-01-08,SALE,-49,Order,ORD-002387
MOV-0007334,PRD-0002,2026-01-08,SALE,-25,Order,ORD-002387
MOV-0007335,PRD-0007,2026-01-08,SALE,-2,Order,ORD-002387
MOV-0007336,PRD-0038,2026-01-08,SALE,-10,Order,ORD-002387
MOV-0007337,PRD-0049,2026-02-25,SALE,-7,Order,ORD-002389
MOV-0007338,PRD-0066,2026-02-25,SALE,-7,Order,ORD-002389
MOV-0007339,PRD-0069,2026-02-25,SALE,-3,Order,ORD-002389
MOV-0007340,PRD-0029,2026-05-19,SALE,-2,Order,ORD-002391
MOV-0007341,PRD-0037,2026-05-19,SALE,-9,Order,ORD-002391
MOV-0007342,PRD-0054,2026-05-19,SALE,-14,Order,ORD-002391
MOV-0007343,PRD-0013,2026-05-19,SALE,-24,Order,ORD-002391
MOV-0007344,PRD-0031,2026-08-14,SALE,-22,Order,ORD-002392
MOV-0007345,PRD-0023,2026-08-14,SALE,-14,Order,ORD-002392
MOV-0007346,PRD-0034,2026-07-04,SALE,-12,Order,ORD-002393
MOV-0007347,PRD-0005,2026-07-04,SALE,-12,Order,ORD-002393
MOV-0007348,PRD-0009,2026-07-04,SALE,-12,Order,ORD-002393
MOV-0007349,PRD-0054,2026-07-04,SALE,-22,Order,ORD-002393
MOV-0007350,PRD-0045,2026-07-04,SALE,-27,Order,ORD-002393
MOV-0007351,PRD-0007,2026-07-04,SALE,-12,Order,ORD-002393
MOV-0007352,PRD-0045,2026-03-25,SALE,-13,Order,ORD-002394
MOV-0007353,PRD-0050,2026-03-25,SALE,-9,Order,ORD-002394
MOV-0007354,PRD-0023,2026-03-25,SALE,-6,Order,ORD-002394
MOV-0007355,PRD-0031,2026-05-27,SALE,-10,Order,ORD-002396
MOV-0007356,PRD-0034,2026-05-27,SALE,-16,Order,ORD-002396
MOV-0007357,PRD-0032,2026-05-27,SALE,-6,Order,ORD-002396
MOV-0007358,PRD-0037,2026-05-27,SALE,-80,Order,ORD-002396
MOV-0007359,PRD-0021,2026-05-27,SALE,-3,Order,ORD-002396
MOV-0007360,PRD-0045,2026-07-25,SALE,-6,Order,ORD-002398
MOV-0007361,PRD-0011,2026-07-25,SALE,-1,Order,ORD-002398
MOV-0007362,PRD-0066,2026-07-25,SALE,-5,Order,ORD-002398
MOV-0007363,PRD-0046,2026-07-25,SALE,-4,Order,ORD-002398
MOV-0007364,PRD-0046,2026-01-15,SALE,-3,Order,ORD-002400
MOV-0007365,PRD-0053,2026-01-15,SALE,-17,Order,ORD-002400
MOV-0007366,PRD-0009,2026-01-15,SALE,-10,Order,ORD-002400
MOV-0007367,PRD-0047,2026-01-15,SALE,-10,Order,ORD-002400
MOV-0007368,PRD-0045,2026-01-15,SALE,-17,Order,ORD-002400
MOV-0007369,PRD-0032,2026-01-15,SALE,-10,Order,ORD-002400
MOV-0007370,PRD-0053,2025-07-25,SALE,-2,Order,ORD-002401
MOV-0007371,PRD-0005,2025-07-25,SALE,-26,Order,ORD-002401
MOV-0007372,PRD-0045,2025-07-25,SALE,-18,Order,ORD-002401
MOV-0007373,PRD-0052,2026-04-15,SALE,-5,Order,ORD-002402
MOV-0007374,PRD-0034,2026-04-15,SALE,-14,Order,ORD-002402
MOV-0007375,PRD-0048,2026-04-15,SALE,-11,Order,ORD-002402
MOV-0007376,PRD-0053,2026-02-06,SALE,-7,Order,ORD-002403
MOV-0007377,PRD-0040,2025-12-26,SALE,-16,Order,ORD-002404
MOV-0007378,PRD-0066,2025-12-26,SALE,-41,Order,ORD-002404
MOV-0007379,PRD-0007,2025-12-26,SALE,-14,Order,ORD-002404
MOV-0007380,PRD-0069,2025-12-26,SALE,-16,Order,ORD-002404
MOV-0007381,PRD-0034,2025-12-26,SALE,-5,Order,ORD-002404
MOV-0007382,PRD-0066,2026-03-20,SALE,-16,Order,ORD-002405
MOV-0007383,PRD-0032,2026-03-20,SALE,-2,Order,ORD-002405
MOV-0007384,PRD-0004,2026-03-20,SALE,-9,Order,ORD-002405
MOV-0007385,PRD-0036,2026-03-20,SALE,-2,Order,ORD-002405
MOV-0007386,PRD-0011,2026-03-20,SALE,-4,Order,ORD-002405
MOV-0007387,PRD-0014,2025-04-27,SALE,-15,Order,ORD-002406
MOV-0007388,PRD-0036,2025-04-27,SALE,-13,Order,ORD-002406
MOV-0007389,PRD-0038,2025-04-27,SALE,-5,Order,ORD-002406
MOV-0007390,PRD-0057,2025-04-27,SALE,-10,Order,ORD-002406
MOV-0007391,PRD-0032,2025-05-10,SALE,-14,Order,ORD-002408
MOV-0007392,PRD-0054,2025-05-10,SALE,-33,Order,ORD-002408
MOV-0007393,PRD-0045,2025-05-10,SALE,-14,Order,ORD-002408
MOV-0007394,PRD-0069,2025-05-10,SALE,-5,Order,ORD-002408
MOV-0007395,PRD-0047,2025-05-10,SALE,-14,Order,ORD-002408
MOV-0007396,PRD-0013,2026-02-12,SALE,-18,Order,ORD-002409
MOV-0007397,PRD-0014,2026-02-12,SALE,-3,Order,ORD-002409
MOV-0007398,PRD-0009,2025-10-08,SALE,-6,Order,ORD-002410
MOV-0007399,PRD-0049,2025-10-08,SALE,-10,Order,ORD-002410
MOV-0007400,PRD-0051,2025-10-08,SALE,-12,Order,ORD-002410
MOV-0007401,PRD-0060,2025-09-28,SALE,-6,Order,ORD-002412
MOV-0007402,PRD-0045,2025-09-28,SALE,-9,Order,ORD-002412
MOV-0007403,PRD-0040,2025-09-28,SALE,-5,Order,ORD-002412
MOV-0007404,PRD-0066,2026-05-25,SALE,-7,Order,ORD-002413
MOV-0007405,PRD-0034,2026-05-25,SALE,-1,Order,ORD-002413
MOV-0007406,PRD-0007,2026-05-25,SALE,-1,Order,ORD-002413
MOV-0007407,PRD-0063,2026-05-25,SALE,-14,Order,ORD-002413
MOV-0007408,PRD-0037,2026-05-25,SALE,-24,Order,ORD-002413
MOV-0007409,PRD-0036,2025-11-27,SALE,-4,Order,ORD-002415
MOV-0007410,PRD-0045,2025-11-27,SALE,-4,Order,ORD-002415
MOV-0007411,PRD-0063,2025-11-27,SALE,-4,Order,ORD-002415
MOV-0007412,PRD-0005,2026-06-28,SALE,-17,Order,ORD-002416
MOV-0007413,PRD-0060,2025-07-24,SALE,-14,Order,ORD-002417
MOV-0007414,PRD-0065,2025-07-24,SALE,-14,Order,ORD-002417
MOV-0007415,PRD-0009,2025-07-24,SALE,-17,Order,ORD-002417
MOV-0007416,PRD-0058,2025-07-24,SALE,-10,Order,ORD-002417
MOV-0007417,PRD-0036,2026-07-24,SALE,-6,Order,ORD-002418
MOV-0007418,PRD-0036,2025-11-02,SALE,-6,Order,ORD-002419
MOV-0007419,PRD-0016,2025-04-01,SALE,-13,Order,ORD-002422
MOV-0007420,PRD-0007,2025-04-01,SALE,-2,Order,ORD-002422
MOV-0007421,PRD-0038,2025-04-01,SALE,-6,Order,ORD-002422
MOV-0007422,PRD-0023,2025-04-01,SALE,-9,Order,ORD-002422
MOV-0007423,PRD-0030,2025-04-01,SALE,-11,Order,ORD-002422
MOV-0007424,PRD-0027,2025-04-01,SALE,-45,Order,ORD-002422
MOV-0007425,PRD-0052,2025-04-01,SALE,-11,Order,ORD-002422
MOV-0007426,PRD-0007,2026-01-21,SALE,-14,Order,ORD-002424
MOV-0007427,PRD-0031,2026-01-21,SALE,-16,Order,ORD-002424
MOV-0007428,PRD-0011,2026-01-21,SALE,-7,Order,ORD-002424
MOV-0007429,PRD-0066,2026-01-21,SALE,-27,Order,ORD-002424
MOV-0007430,PRD-0053,2026-04-17,SALE,-9,Order,ORD-002425
MOV-0007431,PRD-0031,2026-04-17,SALE,-23,Order,ORD-002425
MOV-0007432,PRD-0054,2026-04-17,SALE,-7,Order,ORD-002425
MOV-0007433,PRD-0066,2026-04-17,SALE,-14,Order,ORD-002425
MOV-0007434,PRD-0045,2026-04-17,SALE,-7,Order,ORD-002425
MOV-0007435,PRD-0024,2025-07-23,SALE,-17,Order,ORD-002429
MOV-0007436,PRD-0009,2025-07-23,SALE,-4,Order,ORD-002429
MOV-0007437,PRD-0069,2025-07-23,SALE,-2,Order,ORD-002429
MOV-0007438,PRD-0034,2025-07-23,SALE,-5,Order,ORD-002429
MOV-0007439,PRD-0007,2025-07-23,SALE,-6,Order,ORD-002429
MOV-0007440,PRD-0066,2026-03-31,SALE,-16,Order,ORD-002431
MOV-0007441,PRD-0028,2026-04-13,SALE,-32,Order,ORD-002433
MOV-0007442,PRD-0069,2026-04-13,SALE,-14,Order,ORD-002433
MOV-0007443,PRD-0022,2026-04-13,SALE,-12,Order,ORD-002433
MOV-0007444,PRD-0066,2026-04-13,SALE,-29,Order,ORD-002433
MOV-0007445,PRD-0009,2026-04-13,SALE,-12,Order,ORD-002433
MOV-0007446,PRD-0040,2026-04-13,SALE,-17,Order,ORD-002433
MOV-0007447,PRD-0005,2026-04-13,SALE,-12,Order,ORD-002433
MOV-0007448,PRD-0053,2026-01-22,SALE,-22,Order,ORD-002435
MOV-0007449,PRD-0069,2026-01-22,SALE,-18,Order,ORD-002435
MOV-0007450,PRD-0026,2026-01-22,SALE,-80,Order,ORD-002435
MOV-0007451,PRD-0034,2026-01-22,SALE,-4,Order,ORD-002435
MOV-0007452,PRD-0045,2026-01-22,SALE,-18,Order,ORD-002435
MOV-0007453,PRD-0005,2026-01-22,SALE,-47,Order,ORD-002435
MOV-0007454,PRD-0066,2026-01-22,SALE,-15,Order,ORD-002435
MOV-0007455,PRD-0007,2026-02-03,SALE,-3,Order,ORD-002437
MOV-0007456,PRD-0011,2026-02-03,SALE,-17,Order,ORD-002437
MOV-0007457,PRD-0051,2025-06-27,SALE,-42,Order,ORD-002438
MOV-0007458,PRD-0026,2025-06-27,SALE,-88,Order,ORD-002438
MOV-0007459,PRD-0007,2025-06-27,SALE,-11,Order,ORD-002438
MOV-0007460,PRD-0027,2025-06-27,SALE,-19,Order,ORD-002438
MOV-0007461,PRD-0014,2025-06-27,SALE,-19,Order,ORD-002438
MOV-0007462,PRD-0034,2026-07-14,SALE,-1,Order,ORD-002439
MOV-0007463,PRD-0049,2026-07-14,SALE,-11,Order,ORD-002439
MOV-0007464,PRD-0034,2026-08-02,SALE,-7,Order,ORD-002440
MOV-0007465,PRD-0011,2026-08-02,SALE,-14,Order,ORD-002440
MOV-0007466,PRD-0054,2026-08-02,SALE,-23,Order,ORD-002440
MOV-0007467,PRD-0031,2026-08-02,SALE,-30,Order,ORD-002440
MOV-0007468,PRD-0030,2026-08-02,SALE,-21,Order,ORD-002440
MOV-0007469,PRD-0005,2026-08-02,SALE,-18,Order,ORD-002440
MOV-0007470,PRD-0007,2026-08-02,SALE,-11,Order,ORD-002440
MOV-0007471,PRD-0063,2026-02-19,SALE,-58,Order,ORD-002442
MOV-0007472,PRD-0008,2026-02-19,SALE,-25,Order,ORD-002442
MOV-0007473,PRD-0022,2026-02-19,SALE,-8,Order,ORD-002442
MOV-0007474,PRD-0005,2026-02-19,SALE,-50,Order,ORD-002442
MOV-0007475,PRD-0032,2026-02-19,SALE,-17,Order,ORD-002442
MOV-0007476,PRD-0034,2026-08-25,SALE,-11,Order,ORD-002443
MOV-0007477,PRD-0019,2026-08-25,SALE,-40,Order,ORD-002443
MOV-0007478,PRD-0036,2026-08-25,SALE,-11,Order,ORD-002443
MOV-0007479,PRD-0032,2026-08-25,SALE,-13,Order,ORD-002443
MOV-0007480,PRD-0069,2026-08-25,SALE,-13,Order,ORD-002443
MOV-0007481,PRD-0045,2026-08-25,SALE,-32,Order,ORD-002443
MOV-0007482,PRD-0037,2026-08-25,SALE,-61,Order,ORD-002443
MOV-0007483,PRD-0009,2026-01-13,SALE,-5,Order,ORD-002444
MOV-0007484,PRD-0024,2026-01-13,SALE,-13,Order,ORD-002444
MOV-0007485,PRD-0033,2026-01-13,SALE,-11,Order,ORD-002444
MOV-0007486,PRD-0023,2026-07-21,SALE,-6,Order,ORD-002448
MOV-0007487,PRD-0012,2026-07-21,SALE,-3,Order,ORD-002448
MOV-0007488,PRD-0057,2025-09-13,SALE,-7,Order,ORD-002449
MOV-0007489,PRD-0053,2025-09-13,SALE,-12,Order,ORD-002449
MOV-0007490,PRD-0050,2025-09-18,SALE,-15,Order,ORD-002450
MOV-0007491,PRD-0038,2025-09-18,SALE,-5,Order,ORD-002450
MOV-0007492,PRD-0005,2025-09-18,SALE,-24,Order,ORD-002450
MOV-0007493,PRD-0066,2025-09-18,SALE,-15,Order,ORD-002450
MOV-0007494,PRD-0023,2025-11-19,SALE,-5,Order,ORD-002451
MOV-0007495,PRD-0058,2025-11-19,SALE,-7,Order,ORD-002451
MOV-0007496,PRD-0024,2025-06-14,SALE,-25,Order,ORD-002453
MOV-0007497,PRD-0034,2025-06-14,SALE,-4,Order,ORD-002453
MOV-0007498,PRD-0048,2025-12-09,SALE,-7,Order,ORD-002458
MOV-0007499,PRD-0007,2025-12-09,SALE,-10,Order,ORD-002458
MOV-0007500,PRD-0005,2025-09-14,SALE,-7,Order,ORD-002459
MOV-0007501,PRD-0007,2025-09-14,SALE,-12,Order,ORD-002459
MOV-0007502,PRD-0034,2025-09-14,SALE,-9,Order,ORD-002459
MOV-0007503,PRD-0009,2025-08-06,SALE,-5,Order,ORD-002460
MOV-0007504,PRD-0021,2025-08-06,SALE,-8,Order,ORD-002460
MOV-0007505,PRD-0026,2025-08-06,SALE,-37,Order,ORD-002460
MOV-0007506,PRD-0033,2025-08-06,SALE,-2,Order,ORD-002460
MOV-0007507,PRD-0034,2025-08-06,SALE,-2,Order,ORD-002460
MOV-0007508,PRD-0063,2025-12-02,SALE,-27,Order,ORD-002461
MOV-0007509,PRD-0045,2025-12-02,SALE,-18,Order,ORD-002461
MOV-0007510,PRD-0027,2025-12-02,SALE,-35,Order,ORD-002461
MOV-0007511,PRD-0064,2025-12-24,SALE,-2,Order,ORD-002462
MOV-0007512,PRD-0066,2025-12-24,SALE,-22,Order,ORD-002462
MOV-0007513,PRD-0052,2025-12-24,SALE,-3,Order,ORD-002462
MOV-0007514,PRD-0033,2025-12-24,SALE,-5,Order,ORD-002462
MOV-0007515,PRD-0031,2025-08-27,SALE,-44,Order,ORD-002463
MOV-0007516,PRD-0034,2025-08-27,SALE,-11,Order,ORD-002463
MOV-0007517,PRD-0046,2025-08-27,SALE,-4,Order,ORD-002463
MOV-0007518,PRD-0057,2025-08-27,SALE,-7,Order,ORD-002463
MOV-0007519,PRD-0005,2025-08-27,SALE,-11,Order,ORD-002463
MOV-0007520,PRD-0045,2025-08-27,SALE,-26,Order,ORD-002463
MOV-0007521,PRD-0021,2025-08-27,SALE,-18,Order,ORD-002463
MOV-0007522,PRD-0036,2026-07-26,SALE,-7,Order,ORD-002464
MOV-0007523,PRD-0017,2026-07-26,SALE,-7,Order,ORD-002464
MOV-0007524,PRD-0021,2026-07-26,SALE,-3,Order,ORD-002464
MOV-0007525,PRD-0040,2026-07-26,SALE,-6,Order,ORD-002464
MOV-0007526,PRD-0056,2026-07-15,SALE,-4,Order,ORD-002465
MOV-0007527,PRD-0058,2026-07-15,SALE,-13,Order,ORD-002465
MOV-0007528,PRD-0017,2025-08-13,SALE,-11,Order,ORD-002466
MOV-0007529,PRD-0045,2025-08-13,SALE,-14,Order,ORD-002466
MOV-0007530,PRD-0052,2025-08-13,SALE,-14,Order,ORD-002466
MOV-0007531,PRD-0004,2025-08-13,SALE,-14,Order,ORD-002466
MOV-0007532,PRD-0014,2025-08-13,SALE,-9,Order,ORD-002466
MOV-0007533,PRD-0036,2025-08-13,SALE,-14,Order,ORD-002466
MOV-0007534,PRD-0037,2025-08-13,SALE,-16,Order,ORD-002466
MOV-0007535,PRD-0053,2025-10-27,SALE,-9,Order,ORD-002468
MOV-0007536,PRD-0005,2025-10-27,SALE,-33,Order,ORD-002468
MOV-0007537,PRD-0057,2025-10-27,SALE,-9,Order,ORD-002468
MOV-0007538,PRD-0036,2025-10-27,SALE,-2,Order,ORD-002468
MOV-0007539,PRD-0058,2026-02-22,SALE,-2,Order,ORD-002469
MOV-0007540,PRD-0037,2026-02-22,SALE,-44,Order,ORD-002469
MOV-0007541,PRD-0069,2026-02-22,SALE,-4,Order,ORD-002469
MOV-0007542,PRD-0037,2025-08-01,SALE,-27,Order,ORD-002470
MOV-0007543,PRD-0035,2025-08-01,SALE,-8,Order,ORD-002470
MOV-0007544,PRD-0069,2025-08-01,SALE,-4,Order,ORD-002470
MOV-0007545,PRD-0034,2025-08-01,SALE,-4,Order,ORD-002470
MOV-0007546,PRD-0060,2025-06-18,SALE,-4,Order,ORD-002471
MOV-0007547,PRD-0037,2025-06-04,SALE,-10,Order,ORD-002473
MOV-0007548,PRD-0049,2025-10-18,SALE,-28,Order,ORD-002474
MOV-0007549,PRD-0008,2025-10-18,SALE,-6,Order,ORD-002474
MOV-0007550,PRD-0029,2025-10-18,SALE,-4,Order,ORD-002474
MOV-0007551,PRD-0034,2025-11-28,SALE,-4,Order,ORD-002476
MOV-0007552,PRD-0016,2025-11-28,SALE,-4,Order,ORD-002476
MOV-0007553,PRD-0023,2026-02-07,SALE,-16,Order,ORD-002477
MOV-0007554,PRD-0029,2026-02-07,SALE,-24,Order,ORD-002477
MOV-0007555,PRD-0050,2026-02-07,SALE,-52,Order,ORD-002477
MOV-0007556,PRD-0046,2026-02-07,SALE,-20,Order,ORD-002477
MOV-0007557,PRD-0027,2025-12-12,SALE,-41,Order,ORD-002478
MOV-0007558,PRD-0069,2025-12-12,SALE,-7,Order,ORD-002478
MOV-0007559,PRD-0058,2025-12-12,SALE,-2,Order,ORD-002478
MOV-0007560,PRD-0032,2026-01-26,SALE,-5,Order,ORD-002479
MOV-0007561,PRD-0009,2026-01-26,SALE,-1,Order,ORD-002479
MOV-0007562,PRD-0013,2025-10-07,SALE,-44,Order,ORD-002480
MOV-0007563,PRD-0005,2025-10-07,SALE,-6,Order,ORD-002480
MOV-0007564,PRD-0058,2025-10-07,SALE,-4,Order,ORD-002480
MOV-0007565,PRD-0003,2025-10-07,SALE,-10,Order,ORD-002480
MOV-0007566,PRD-0053,2025-05-31,SALE,-5,Order,ORD-002481
MOV-0007567,PRD-0022,2025-05-31,SALE,-3,Order,ORD-002481
MOV-0007568,PRD-0037,2025-05-31,SALE,-19,Order,ORD-002481
MOV-0007569,PRD-0028,2026-01-28,SALE,-8,Order,ORD-002482
MOV-0007570,PRD-0017,2026-01-28,SALE,-1,Order,ORD-002482
MOV-0007571,PRD-0013,2026-01-28,SALE,-4,Order,ORD-002482
MOV-0007572,PRD-0007,2026-01-28,SALE,-1,Order,ORD-002482
MOV-0007573,PRD-0034,2025-10-17,SALE,-7,Order,ORD-002483
MOV-0007574,PRD-0032,2025-10-17,SALE,-1,Order,ORD-002483
MOV-0007575,PRD-0066,2025-05-15,SALE,-30,Order,ORD-002484
MOV-0007576,PRD-0045,2025-05-15,SALE,-6,Order,ORD-002484
MOV-0007577,PRD-0034,2025-05-15,SALE,-4,Order,ORD-002484
MOV-0007578,PRD-0030,2026-04-22,SALE,-18,Order,ORD-002486
MOV-0007579,PRD-0008,2026-04-22,SALE,-8,Order,ORD-002486
MOV-0007580,PRD-0005,2026-04-22,SALE,-12,Order,ORD-002486
MOV-0007581,PRD-0066,2025-03-13,SALE,-15,Order,ORD-002487
MOV-0007582,PRD-0025,2025-07-05,SALE,-1,Order,ORD-002488
MOV-0007583,PRD-0058,2025-07-05,SALE,-3,Order,ORD-002488
MOV-0007584,PRD-0009,2025-07-05,SALE,-6,Order,ORD-002488
MOV-0007585,PRD-0031,2025-07-05,SALE,-4,Order,ORD-002488
MOV-0007586,PRD-0045,2025-05-17,SALE,-28,Order,ORD-002490
MOV-0007587,PRD-0066,2025-05-17,SALE,-35,Order,ORD-002490
MOV-0007588,PRD-0052,2025-05-17,SALE,-18,Order,ORD-002490
MOV-0007589,PRD-0009,2025-05-17,SALE,-11,Order,ORD-002490
MOV-0007590,PRD-0036,2025-05-17,SALE,-4,Order,ORD-002490
MOV-0007591,PRD-0023,2025-05-17,SALE,-4,Order,ORD-002490
MOV-0007592,PRD-0046,2025-05-17,SALE,-11,Order,ORD-002490
MOV-0007593,PRD-0049,2026-05-26,SALE,-42,Order,ORD-002491
MOV-0007594,PRD-0005,2026-05-26,SALE,-23,Order,ORD-002491
MOV-0007595,PRD-0036,2026-05-26,SALE,-8,Order,ORD-002491
MOV-0007596,PRD-0007,2025-08-14,SALE,-5,Order,ORD-002492
MOV-0007597,PRD-0014,2025-08-14,SALE,-7,Order,ORD-002492
MOV-0007598,PRD-0066,2025-08-14,SALE,-7,Order,ORD-002492
MOV-0007599,PRD-0005,2025-08-14,SALE,-16,Order,ORD-002492
MOV-0007600,PRD-0034,2025-07-20,SALE,-9,Order,ORD-002493
MOV-0007601,PRD-0009,2025-07-20,SALE,-5,Order,ORD-002493
MOV-0007602,PRD-0005,2025-07-20,SALE,-7,Order,ORD-002493
MOV-0007603,PRD-0063,2025-07-20,SALE,-33,Order,ORD-002493
MOV-0007604,PRD-0040,2025-07-20,SALE,-11,Order,ORD-002493
MOV-0007605,PRD-0052,2026-06-30,SALE,-2,Order,ORD-002494
MOV-0007606,PRD-0034,2026-08-10,SALE,-5,Order,ORD-002496
MOV-0007607,PRD-0030,2026-08-10,SALE,-7,Order,ORD-002496
MOV-0007608,PRD-0033,2026-08-10,SALE,-5,Order,ORD-002496
MOV-0007609,PRD-0053,2025-06-15,SALE,-2,Order,ORD-002497
MOV-0007610,PRD-0069,2025-11-16,SALE,-1,Order,ORD-002499
MOV-0007611,PRD-0056,2025-11-16,SALE,-2,Order,ORD-002499
MOV-0007612,PRD-0011,2026-08-27,SALE,-17,Order,ORD-002501
MOV-0007613,PRD-0057,2026-08-27,SALE,-4,Order,ORD-002501
MOV-0007614,PRD-0010,2026-08-27,SALE,-8,Order,ORD-002501
MOV-0007615,PRD-0027,2026-03-31,SALE,-34,Order,ORD-002502
MOV-0007616,PRD-0057,2026-03-31,SALE,-3,Order,ORD-002502
MOV-0007617,PRD-0053,2026-03-31,SALE,-6,Order,ORD-002502
MOV-0007618,PRD-0061,2026-03-31,SALE,-17,Order,ORD-002502
MOV-0007619,PRD-0066,2026-03-09,SALE,-13,Order,ORD-002503
MOV-0007620,PRD-0022,2026-03-09,SALE,-7,Order,ORD-002503
MOV-0007621,PRD-0011,2026-03-09,SALE,-1,Order,ORD-002503
MOV-0007622,PRD-0069,2026-03-09,SALE,-5,Order,ORD-002503
MOV-0007623,PRD-0016,2026-02-14,SALE,-4,Order,ORD-002506
MOV-0007624,PRD-0068,2026-02-14,SALE,-23,Order,ORD-002506
MOV-0007625,PRD-0066,2026-02-14,SALE,-57,Order,ORD-002506
MOV-0007626,PRD-0030,2026-02-14,SALE,-34,Order,ORD-002506
MOV-0007627,PRD-0030,2026-01-26,SALE,-37,Order,ORD-002507
MOV-0007628,PRD-0006,2026-01-26,SALE,-20,Order,ORD-002507
MOV-0007629,PRD-0034,2025-03-28,SALE,-4,Order,ORD-002508
MOV-0007630,PRD-0053,2025-03-28,SALE,-4,Order,ORD-002508
MOV-0007631,PRD-0021,2026-08-13,SALE,-6,Order,ORD-002509
MOV-0007632,PRD-0066,2026-08-13,SALE,-24,Order,ORD-002509
MOV-0007633,PRD-0032,2025-12-13,SALE,-6,Order,ORD-002510
MOV-0007634,PRD-0027,2025-12-13,SALE,-24,Order,ORD-002510
MOV-0007635,PRD-0070,2025-12-13,SALE,-13,Order,ORD-002510
MOV-0007636,PRD-0007,2025-12-07,SALE,-4,Order,ORD-002511
MOV-0007637,PRD-0045,2025-12-07,SALE,-28,Order,ORD-002511
MOV-0007638,PRD-0030,2025-12-07,SALE,-30,Order,ORD-002511
MOV-0007639,PRD-0036,2025-12-07,SALE,-9,Order,ORD-002511
MOV-0007640,PRD-0048,2025-12-07,SALE,-4,Order,ORD-002511
MOV-0007641,PRD-0011,2025-12-07,SALE,-13,Order,ORD-002511
MOV-0007642,PRD-0021,2025-12-07,SALE,-2,Order,ORD-002511
MOV-0007643,PRD-0043,2025-12-12,SALE,-2,Order,ORD-002512
MOV-0007644,PRD-0021,2026-08-27,SALE,-9,Order,ORD-002516
MOV-0007645,PRD-0007,2026-08-27,SALE,-18,Order,ORD-002516
MOV-0007646,PRD-0066,2025-12-12,SALE,-11,Order,ORD-002517
MOV-0007647,PRD-0005,2025-12-12,SALE,-27,Order,ORD-002517
MOV-0007648,PRD-0036,2025-12-12,SALE,-4,Order,ORD-002517
MOV-0007649,PRD-0037,2026-07-12,SALE,-43,Order,ORD-002518
MOV-0007650,PRD-0007,2026-07-12,SALE,-14,Order,ORD-002518
MOV-0007651,PRD-0052,2026-07-12,SALE,-14,Order,ORD-002518
MOV-0007652,PRD-0006,2026-01-05,SALE,-13,Order,ORD-002519
MOV-0007653,PRD-0009,2026-01-05,SALE,-5,Order,ORD-002519
MOV-0007654,PRD-0037,2026-01-05,SALE,-24,Order,ORD-002519
MOV-0007655,PRD-0069,2026-01-05,SALE,-16,Order,ORD-002519
MOV-0007656,PRD-0066,2026-01-05,SALE,-35,Order,ORD-002519
MOV-0007657,PRD-0066,2025-06-21,SALE,-11,Order,ORD-002520
MOV-0007658,PRD-0053,2025-06-21,SALE,-7,Order,ORD-002520
MOV-0007659,PRD-0030,2025-09-14,SALE,-6,Order,ORD-002521
MOV-0007660,PRD-0039,2025-09-14,SALE,-19,Order,ORD-002521
MOV-0007661,PRD-0064,2025-03-13,SALE,-3,Order,ORD-002522
MOV-0007662,PRD-0011,2025-03-13,SALE,-2,Order,ORD-002522
MOV-0007663,PRD-0053,2025-03-13,SALE,-1,Order,ORD-002522
MOV-0007664,PRD-0034,2026-02-20,SALE,-4,Order,ORD-002523
MOV-0007665,PRD-0045,2026-02-20,SALE,-13,Order,ORD-002523
MOV-0007666,PRD-0013,2025-04-17,SALE,-20,Order,ORD-002524
MOV-0007667,PRD-0041,2025-04-17,SALE,-9,Order,ORD-002524
MOV-0007668,PRD-0052,2025-04-19,SALE,-13,Order,ORD-002525
MOV-0007669,PRD-0011,2025-04-19,SALE,-13,Order,ORD-002525
MOV-0007670,PRD-0027,2025-04-19,SALE,-13,Order,ORD-002525
MOV-0007671,PRD-0026,2025-04-19,SALE,-29,Order,ORD-002525
MOV-0007672,PRD-0033,2025-04-19,SALE,-4,Order,ORD-002525
MOV-0007673,PRD-0037,2025-04-19,SALE,-13,Order,ORD-002525
MOV-0007674,PRD-0005,2026-03-28,SALE,-34,Order,ORD-002526
MOV-0007675,PRD-0044,2026-03-28,SALE,-34,Order,ORD-002526
MOV-0007676,PRD-0011,2026-03-28,SALE,-11,Order,ORD-002526
MOV-0007677,PRD-0052,2025-08-23,SALE,-2,Order,ORD-002527
MOV-0007678,PRD-0033,2025-05-26,SALE,-2,Order,ORD-002528
MOV-0007679,PRD-0017,2025-05-26,SALE,-2,Order,ORD-002528
MOV-0007680,PRD-0034,2025-05-26,SALE,-2,Order,ORD-002528
MOV-0007681,PRD-0049,2025-05-26,SALE,-10,Order,ORD-002528
MOV-0007682,PRD-0027,2026-03-25,SALE,-39,Order,ORD-002529
MOV-0007683,PRD-0060,2026-03-25,SALE,-7,Order,ORD-002529
MOV-0007684,PRD-0053,2026-03-25,SALE,-14,Order,ORD-002529
MOV-0007685,PRD-0007,2026-03-25,SALE,-11,Order,ORD-002529
MOV-0007686,PRD-0037,2026-03-25,SALE,-41,Order,ORD-002529
MOV-0007687,PRD-0033,2026-03-25,SALE,-14,Order,ORD-002529
MOV-0007688,PRD-0004,2025-08-14,SALE,-19,Order,ORD-002530
MOV-0007689,PRD-0017,2025-08-14,SALE,-5,Order,ORD-002530
MOV-0007690,PRD-0007,2025-08-14,SALE,-9,Order,ORD-002530
MOV-0007691,PRD-0068,2025-08-14,SALE,-3,Order,ORD-002530
MOV-0007692,PRD-0009,2025-08-14,SALE,-3,Order,ORD-002530
MOV-0007693,PRD-0066,2026-02-08,SALE,-13,Order,ORD-002533
MOV-0007694,PRD-0045,2026-02-08,SALE,-6,Order,ORD-002533
MOV-0007695,PRD-0053,2026-03-28,SALE,-2,Order,ORD-002534
MOV-0007696,PRD-0007,2026-03-28,SALE,-2,Order,ORD-002534
MOV-0007697,PRD-0069,2026-03-28,SALE,-11,Order,ORD-002534
MOV-0007698,PRD-0038,2026-03-28,SALE,-9,Order,ORD-002534
MOV-0007699,PRD-0054,2025-10-19,SALE,-15,Order,ORD-002535
MOV-0007700,PRD-0045,2026-07-28,SALE,-27,Order,ORD-002536
MOV-0007701,PRD-0037,2026-07-28,SALE,-57,Order,ORD-002536
MOV-0007702,PRD-0040,2026-07-28,SALE,-5,Order,ORD-002536
MOV-0007703,PRD-0027,2026-07-28,SALE,-41,Order,ORD-002536
MOV-0007704,PRD-0007,2026-07-28,SALE,-14,Order,ORD-002536
MOV-0007705,PRD-0052,2026-07-28,SALE,-16,Order,ORD-002536
MOV-0007706,PRD-0066,2026-07-28,SALE,-27,Order,ORD-002536
MOV-0007707,PRD-0060,2026-02-24,SALE,-4,Order,ORD-002537
MOV-0007708,PRD-0050,2026-02-24,SALE,-18,Order,ORD-002537
MOV-0007709,PRD-0022,2025-10-19,SALE,-15,Order,ORD-002538
MOV-0007710,PRD-0013,2025-10-19,SALE,-39,Order,ORD-002538
MOV-0007711,PRD-0021,2025-10-19,SALE,-12,Order,ORD-002538
MOV-0007712,PRD-0058,2025-12-19,SALE,-3,Order,ORD-002539
MOV-0007713,PRD-0024,2026-02-04,SALE,-24,Order,ORD-002540
MOV-0007714,PRD-0066,2026-02-04,SALE,-12,Order,ORD-002540
MOV-0007715,PRD-0008,2026-07-05,SALE,-8,Order,ORD-002541
MOV-0007716,PRD-0009,2026-07-05,SALE,-15,Order,ORD-002541
MOV-0007717,PRD-0047,2026-07-05,SALE,-4,Order,ORD-002541
MOV-0007718,PRD-0011,2026-07-05,SALE,-4,Order,ORD-002541
MOV-0007719,PRD-0033,2026-07-05,SALE,-4,Order,ORD-002541
MOV-0007720,PRD-0009,2026-04-12,SALE,-21,Order,ORD-002542
MOV-0007721,PRD-0005,2026-04-12,SALE,-54,Order,ORD-002542
MOV-0007722,PRD-0069,2026-04-12,SALE,-17,Order,ORD-002542
MOV-0007723,PRD-0027,2026-04-12,SALE,-92,Order,ORD-002542
MOV-0007724,PRD-0013,2026-04-12,SALE,-67,Order,ORD-002542
MOV-0007725,PRD-0014,2026-04-12,SALE,-4,Order,ORD-002542
MOV-0007726,PRD-0048,2026-04-12,SALE,-8,Order,ORD-002542
MOV-0007727,PRD-0033,2026-01-23,SALE,-19,Order,ORD-002543
MOV-0007728,PRD-0068,2026-01-23,SALE,-11,Order,ORD-002543
MOV-0007729,PRD-0058,2026-01-23,SALE,-8,Order,ORD-002543
MOV-0007730,PRD-0031,2026-03-22,SALE,-22,Order,ORD-002544
MOV-0007731,PRD-0034,2026-03-22,SALE,-7,Order,ORD-002544
MOV-0007732,PRD-0023,2026-08-31,SALE,-1,Order,ORD-002545
MOV-0007733,PRD-0060,2026-08-31,SALE,-1,Order,ORD-002545
MOV-0007734,PRD-0025,2026-08-31,SALE,-2,Order,ORD-002545
MOV-0007735,PRD-0045,2026-08-31,SALE,-13,Order,ORD-002545
MOV-0007736,PRD-0037,2026-08-31,SALE,-21,Order,ORD-002545
MOV-0007737,PRD-0013,2025-03-08,SALE,-24,Order,ORD-002546
MOV-0007738,PRD-0062,2026-05-22,SALE,-7,Order,ORD-002547
MOV-0007739,PRD-0013,2026-05-22,SALE,-16,Order,ORD-002547
MOV-0007740,PRD-0007,2025-09-05,SALE,-15,Order,ORD-002548
MOV-0007741,PRD-0003,2025-09-05,SALE,-6,Order,ORD-002548
MOV-0007742,PRD-0053,2025-09-05,SALE,-9,Order,ORD-002548
MOV-0007743,PRD-0019,2025-09-05,SALE,-27,Order,ORD-002548
MOV-0007744,PRD-0023,2025-09-05,SALE,-9,Order,ORD-002548
MOV-0007745,PRD-0058,2026-05-03,SALE,-4,Order,ORD-002549
MOV-0007746,PRD-0034,2026-05-03,SALE,-7,Order,ORD-002549
MOV-0007747,PRD-0030,2026-05-03,SALE,-5,Order,ORD-002549
MOV-0007748,PRD-0005,2026-05-03,SALE,-16,Order,ORD-002549
MOV-0007749,PRD-0066,2026-05-03,SALE,-9,Order,ORD-002549
MOV-0007750,PRD-0053,2026-02-05,SALE,-10,Order,ORD-002550
MOV-0007751,PRD-0040,2026-02-05,SALE,-3,Order,ORD-002550
MOV-0007752,PRD-0051,2026-02-05,SALE,-25,Order,ORD-002550
MOV-0007753,PRD-0043,2026-02-05,SALE,-10,Order,ORD-002550
MOV-0007754,PRD-0034,2026-02-05,SALE,-5,Order,ORD-002550
MOV-0007755,PRD-0033,2025-05-05,SALE,-14,Order,ORD-002551
MOV-0007756,PRD-0016,2025-05-05,SALE,-17,Order,ORD-002551
MOV-0007757,PRD-0009,2025-05-05,SALE,-20,Order,ORD-002551
MOV-0007758,PRD-0007,2025-05-05,SALE,-7,Order,ORD-002551
MOV-0007759,PRD-0014,2025-05-05,SALE,-17,Order,ORD-002551
MOV-0007760,PRD-0034,2025-05-05,SALE,-17,Order,ORD-002551
MOV-0007761,PRD-0061,2025-11-30,SALE,-14,Order,ORD-002552
MOV-0007762,PRD-0059,2025-11-30,SALE,-15,Order,ORD-002552
MOV-0007763,PRD-0005,2025-11-30,SALE,-13,Order,ORD-002552
MOV-0007764,PRD-0026,2025-09-16,SALE,-56,Order,ORD-002553
MOV-0007765,PRD-0067,2025-09-16,SALE,-23,Order,ORD-002553
MOV-0007766,PRD-0011,2026-04-19,SALE,-2,Order,ORD-002554
MOV-0007767,PRD-0027,2026-04-19,SALE,-24,Order,ORD-002554
MOV-0007768,PRD-0037,2025-07-18,SALE,-11,Order,ORD-002555
MOV-0007769,PRD-0066,2025-07-18,SALE,-16,Order,ORD-002555
MOV-0007770,PRD-0045,2025-07-18,SALE,-16,Order,ORD-002555
MOV-0007771,PRD-0048,2025-07-18,SALE,-4,Order,ORD-002555
MOV-0007772,PRD-0037,2026-05-05,SALE,-15,Order,ORD-002556
MOV-0007773,PRD-0032,2026-02-28,SALE,-11,Order,ORD-002557
MOV-0007774,PRD-0004,2026-02-28,SALE,-8,Order,ORD-002557
MOV-0007775,PRD-0007,2026-02-28,SALE,-11,Order,ORD-002557
MOV-0007776,PRD-0033,2026-04-20,SALE,-2,Order,ORD-002560
MOV-0007777,PRD-0008,2026-08-17,SALE,-14,Order,ORD-002562
MOV-0007778,PRD-0009,2026-08-17,SALE,-11,Order,ORD-002562
MOV-0007779,PRD-0047,2026-08-17,SALE,-17,Order,ORD-002562
MOV-0007780,PRD-0017,2025-07-29,SALE,-3,Order,ORD-002563
MOV-0007781,PRD-0008,2025-07-29,SALE,-4,Order,ORD-002563
MOV-0007782,PRD-0034,2025-07-29,SALE,-1,Order,ORD-002563
MOV-0007783,PRD-0006,2025-07-29,SALE,-1,Order,ORD-002563
MOV-0007784,PRD-0014,2026-04-14,SALE,-2,Order,ORD-002564
MOV-0007785,PRD-0029,2026-04-14,SALE,-5,Order,ORD-002564
MOV-0007786,PRD-0034,2025-04-27,SALE,-11,Order,ORD-002565
MOV-0007787,PRD-0040,2025-04-27,SALE,-15,Order,ORD-002565
MOV-0007788,PRD-0039,2025-04-27,SALE,-23,Order,ORD-002565
MOV-0007789,PRD-0027,2025-04-27,SALE,-64,Order,ORD-002565
MOV-0007790,PRD-0059,2025-04-27,SALE,-26,Order,ORD-002565
MOV-0007791,PRD-0008,2025-04-27,SALE,-23,Order,ORD-002565
MOV-0007792,PRD-0050,2025-04-27,SALE,-49,Order,ORD-002565
MOV-0007793,PRD-0053,2025-12-07,SALE,-6,Order,ORD-002566
MOV-0007794,PRD-0036,2025-12-07,SALE,-7,Order,ORD-002566
MOV-0007795,PRD-0022,2025-12-07,SALE,-2,Order,ORD-002566
MOV-0007796,PRD-0069,2025-12-07,SALE,-7,Order,ORD-002566
MOV-0007797,PRD-0034,2025-12-07,SALE,-6,Order,ORD-002566
MOV-0007798,PRD-0006,2025-10-23,SALE,-5,Order,ORD-002567
MOV-0007799,PRD-0013,2025-10-23,SALE,-25,Order,ORD-002567
MOV-0007800,PRD-0045,2025-10-23,SALE,-19,Order,ORD-002567
MOV-0007801,PRD-0050,2026-05-15,SALE,-10,Order,ORD-002571
MOV-0007802,PRD-0005,2026-05-15,SALE,-27,Order,ORD-002571
MOV-0007803,PRD-0066,2026-05-15,SALE,-23,Order,ORD-002571
MOV-0007804,PRD-0063,2026-05-15,SALE,-10,Order,ORD-002571
MOV-0007805,PRD-0027,2025-03-15,SALE,-26,Order,ORD-002572
MOV-0007806,PRD-0034,2025-03-15,SALE,-8,Order,ORD-002572
MOV-0007807,PRD-0033,2026-02-03,SALE,-6,Order,ORD-002573
MOV-0007808,PRD-0064,2026-02-03,SALE,-3,Order,ORD-002573
MOV-0007809,PRD-0028,2026-02-24,SALE,-27,Order,ORD-002575
MOV-0007810,PRD-0045,2026-02-24,SALE,-13,Order,ORD-002575
MOV-0007811,PRD-0005,2026-02-24,SALE,-7,Order,ORD-002575
MOV-0007812,PRD-0009,2025-04-22,SALE,-11,Order,ORD-002576
MOV-0007813,PRD-0033,2025-04-22,SALE,-11,Order,ORD-002576
MOV-0007814,PRD-0047,2025-04-22,SALE,-7,Order,ORD-002576
MOV-0007815,PRD-0027,2025-12-06,SALE,-36,Order,ORD-002577
MOV-0007816,PRD-0029,2025-12-06,SALE,-12,Order,ORD-002577
MOV-0007817,PRD-0022,2025-12-06,SALE,-18,Order,ORD-002577
MOV-0007818,PRD-0030,2026-09-01,SALE,-6,Order,ORD-002578
MOV-0007819,PRD-0037,2026-09-01,SALE,-35,Order,ORD-002578
MOV-0007820,PRD-0060,2026-09-01,SALE,-2,Order,ORD-002578
MOV-0007821,PRD-0004,2026-09-01,SALE,-7,Order,ORD-002578
MOV-0007822,PRD-0057,2026-09-01,SALE,-11,Order,ORD-002578
MOV-0007823,PRD-0005,2026-07-17,SALE,-24,Order,ORD-002579
MOV-0007824,PRD-0021,2026-07-17,SALE,-10,Order,ORD-002579
MOV-0007825,PRD-0048,2026-07-17,SALE,-3,Order,ORD-002579
MOV-0007826,PRD-0069,2026-07-17,SALE,-10,Order,ORD-002579
MOV-0007827,PRD-0037,2026-07-17,SALE,-81,Order,ORD-002579
MOV-0007828,PRD-0053,2026-07-17,SALE,-10,Order,ORD-002579
MOV-0007829,PRD-0013,2026-07-17,SALE,-30,Order,ORD-002579
MOV-0007830,PRD-0048,2025-03-13,SALE,-5,Order,ORD-002580
MOV-0007831,PRD-0032,2025-03-13,SALE,-7,Order,ORD-002580
MOV-0007832,PRD-0068,2025-03-13,SALE,-15,Order,ORD-002580
MOV-0007833,PRD-0055,2025-03-13,SALE,-5,Order,ORD-002580
MOV-0007834,PRD-0005,2025-03-13,SALE,-17,Order,ORD-002580
MOV-0007835,PRD-0065,2025-06-17,SALE,-17,Order,ORD-002581
MOV-0007836,PRD-0030,2025-06-17,SALE,-15,Order,ORD-002581
MOV-0007837,PRD-0011,2025-06-17,SALE,-9,Order,ORD-002581
MOV-0007838,PRD-0037,2025-06-17,SALE,-24,Order,ORD-002581
MOV-0007839,PRD-0007,2026-07-18,SALE,-8,Order,ORD-002582
MOV-0007840,PRD-0069,2026-06-04,SALE,-12,Order,ORD-002583
MOV-0007841,PRD-0067,2026-06-04,SALE,-16,Order,ORD-002583
MOV-0007842,PRD-0030,2026-06-04,SALE,-27,Order,ORD-002583
MOV-0007843,PRD-0017,2025-12-08,SALE,-13,Order,ORD-002584
MOV-0007844,PRD-0007,2025-12-08,SALE,-2,Order,ORD-002584
MOV-0007845,PRD-0050,2026-05-18,SALE,-22,Order,ORD-002585
MOV-0007846,PRD-0027,2026-05-18,SALE,-47,Order,ORD-002585
MOV-0007847,PRD-0006,2026-05-18,SALE,-9,Order,ORD-002585
MOV-0007848,PRD-0005,2026-05-18,SALE,-40,Order,ORD-002585
MOV-0007849,PRD-0013,2026-05-18,SALE,-65,Order,ORD-002585
MOV-0007850,PRD-0005,2025-08-11,SALE,-35,Order,ORD-002586
MOV-0007851,PRD-0061,2025-08-11,SALE,-32,Order,ORD-002586
MOV-0007852,PRD-0066,2025-08-11,SALE,-21,Order,ORD-002586
MOV-0007853,PRD-0046,2025-08-11,SALE,-4,Order,ORD-002586
MOV-0007854,PRD-0006,2025-08-11,SALE,-14,Order,ORD-002586
MOV-0007855,PRD-0012,2025-08-11,SALE,-14,Order,ORD-002586
MOV-0007856,PRD-0003,2025-06-15,SALE,-6,Order,ORD-002587
MOV-0007857,PRD-0005,2025-06-15,SALE,-17,Order,ORD-002587
MOV-0007858,PRD-0028,2025-08-03,SALE,-26,Order,ORD-002588
MOV-0007859,PRD-0034,2025-08-03,SALE,-4,Order,ORD-002588
MOV-0007860,PRD-0013,2025-08-03,SALE,-35,Order,ORD-002588
MOV-0007861,PRD-0049,2025-08-03,SALE,-12,Order,ORD-002588
MOV-0007862,PRD-0050,2025-08-03,SALE,-4,Order,ORD-002588
MOV-0007863,PRD-0024,2026-02-26,SALE,-53,Order,ORD-002589
MOV-0007864,PRD-0037,2026-02-26,SALE,-65,Order,ORD-002589
MOV-0007865,PRD-0007,2026-02-26,SALE,-3,Order,ORD-002589
MOV-0007866,PRD-0038,2026-02-26,SALE,-3,Order,ORD-002589
MOV-0007867,PRD-0034,2026-02-26,SALE,-9,Order,ORD-002589
MOV-0007868,PRD-0065,2026-02-26,SALE,-19,Order,ORD-002589
MOV-0007869,PRD-0069,2026-01-22,SALE,-12,Order,ORD-002590
MOV-0007870,PRD-0040,2026-01-22,SALE,-5,Order,ORD-002590
MOV-0007871,PRD-0058,2026-01-22,SALE,-10,Order,ORD-002590
MOV-0007872,PRD-0039,2025-11-07,SALE,-7,Order,ORD-002591
MOV-0007873,PRD-0045,2025-11-07,SALE,-7,Order,ORD-002591
MOV-0007874,PRD-0069,2025-11-07,SALE,-2,Order,ORD-002591
MOV-0007875,PRD-0030,2025-11-07,SALE,-7,Order,ORD-002591
MOV-0007876,PRD-0005,2025-11-07,SALE,-4,Order,ORD-002591
MOV-0007877,PRD-0032,2026-08-31,SALE,-16,Order,ORD-002593
MOV-0007878,PRD-0007,2026-08-31,SALE,-16,Order,ORD-002593
MOV-0007879,PRD-0023,2026-08-31,SALE,-16,Order,ORD-002593
MOV-0007880,PRD-0069,2026-08-31,SALE,-13,Order,ORD-002593
MOV-0007881,PRD-0037,2026-01-02,SALE,-40,Order,ORD-002595
MOV-0007882,PRD-0008,2026-01-02,SALE,-20,Order,ORD-002595
MOV-0007883,PRD-0009,2026-01-02,SALE,-20,Order,ORD-002595
MOV-0007884,PRD-0066,2026-01-02,SALE,-28,Order,ORD-002595
MOV-0007885,PRD-0057,2026-08-13,SALE,-16,Order,ORD-002596
MOV-0007886,PRD-0038,2026-08-13,SALE,-9,Order,ORD-002596
MOV-0007887,PRD-0005,2026-08-13,SALE,-31,Order,ORD-002596
MOV-0007888,PRD-0069,2026-08-13,SALE,-16,Order,ORD-002596
MOV-0007889,PRD-0034,2026-08-13,SALE,-3,Order,ORD-002596
MOV-0007890,PRD-0046,2026-08-13,SALE,-3,Order,ORD-002596
MOV-0007891,PRD-0016,2026-08-13,SALE,-3,Order,ORD-002596
MOV-0007892,PRD-0034,2026-08-15,SALE,-6,Order,ORD-002598
MOV-0007893,PRD-0007,2026-07-25,SALE,-3,Order,ORD-002599
MOV-0007894,PRD-0027,2026-07-25,SALE,-20,Order,ORD-002599
MOV-0007895,PRD-0045,2026-07-25,SALE,-4,Order,ORD-002599
MOV-0007896,PRD-0014,2026-07-25,SALE,-8,Order,ORD-002599
MOV-0007897,PRD-0028,2026-07-25,SALE,-10,Order,ORD-002599
MOV-0007898,PRD-0034,2025-03-14,SALE,-14,Order,ORD-002601
MOV-0007899,PRD-0060,2025-03-14,SALE,-14,Order,ORD-002601
MOV-0007900,PRD-0005,2026-07-12,SALE,-25,Order,ORD-002602
MOV-0007901,PRD-0033,2025-05-15,SALE,-14,Order,ORD-002604
MOV-0007902,PRD-0060,2025-05-15,SALE,-14,Order,ORD-002604
MOV-0007903,PRD-0031,2025-05-15,SALE,-22,Order,ORD-002604
MOV-0007904,PRD-0008,2025-03-30,SALE,-14,Order,ORD-002606
MOV-0007905,PRD-0017,2025-03-30,SALE,-14,Order,ORD-002606
MOV-0007906,PRD-0065,2026-08-20,SALE,-9,Order,ORD-002607
MOV-0007907,PRD-0049,2025-07-30,SALE,-9,Order,ORD-002608
MOV-0007908,PRD-0012,2025-07-30,SALE,-11,Order,ORD-002608
MOV-0007909,PRD-0040,2025-07-30,SALE,-14,Order,ORD-002608
MOV-0007910,PRD-0016,2025-07-30,SALE,-6,Order,ORD-002608
MOV-0007911,PRD-0043,2025-07-30,SALE,-11,Order,ORD-002608
MOV-0007912,PRD-0027,2025-07-30,SALE,-37,Order,ORD-002608
MOV-0007913,PRD-0029,2025-07-30,SALE,-9,Order,ORD-002608
MOV-0007914,PRD-0007,2025-10-04,SALE,-8,Order,ORD-002609
MOV-0007915,PRD-0005,2025-10-04,SALE,-44,Order,ORD-002609
MOV-0007916,PRD-0031,2025-10-04,SALE,-16,Order,ORD-002609
MOV-0007917,PRD-0021,2025-10-04,SALE,-20,Order,ORD-002609
MOV-0007918,PRD-0009,2025-12-19,SALE,-2,Order,ORD-002610
MOV-0007919,PRD-0005,2025-12-19,SALE,-18,Order,ORD-002610
MOV-0007920,PRD-0065,2026-01-07,SALE,-18,Order,ORD-002611
MOV-0007921,PRD-0066,2026-01-07,SALE,-15,Order,ORD-002611
MOV-0007922,PRD-0031,2026-01-07,SALE,-8,Order,ORD-002611
MOV-0007923,PRD-0021,2025-08-07,SALE,-3,Order,ORD-002613
MOV-0007924,PRD-0006,2025-08-07,SALE,-8,Order,ORD-002613
MOV-0007925,PRD-0047,2025-08-07,SALE,-14,Order,ORD-002613
MOV-0007926,PRD-0045,2025-08-07,SALE,-11,Order,ORD-002613
MOV-0007927,PRD-0068,2025-08-07,SALE,-16,Order,ORD-002613
MOV-0007928,PRD-0058,2025-06-23,SALE,-4,Order,ORD-002615
MOV-0007929,PRD-0037,2025-06-23,SALE,-22,Order,ORD-002615
MOV-0007930,PRD-0032,2025-07-23,SALE,-7,Order,ORD-002616
MOV-0007931,PRD-0069,2025-11-04,SALE,-1,Order,ORD-002617
MOV-0007932,PRD-0003,2025-11-04,SALE,-2,Order,ORD-002617
MOV-0007933,PRD-0045,2025-11-04,SALE,-4,Order,ORD-002617
MOV-0007934,PRD-0048,2026-08-13,SALE,-7,Order,ORD-002620
MOV-0007935,PRD-0013,2026-08-13,SALE,-41,Order,ORD-002620
MOV-0007936,PRD-0056,2026-08-13,SALE,-9,Order,ORD-002620
MOV-0007937,PRD-0005,2026-08-13,SALE,-13,Order,ORD-002620
MOV-0007938,PRD-0053,2026-08-13,SALE,-9,Order,ORD-002620
MOV-0007939,PRD-0017,2026-08-13,SALE,-2,Order,ORD-002620
MOV-0007940,PRD-0058,2026-08-13,SALE,-11,Order,ORD-002620
MOV-0007941,PRD-0005,2026-08-25,SALE,-6,Order,ORD-002621
MOV-0007942,PRD-0005,2026-03-27,SALE,-12,Order,ORD-002622
MOV-0007943,PRD-0030,2026-03-27,SALE,-12,Order,ORD-002622
MOV-0007944,PRD-0015,2026-03-27,SALE,-5,Order,ORD-002622
MOV-0007945,PRD-0063,2026-03-27,SALE,-44,Order,ORD-002622
MOV-0007946,PRD-0052,2026-03-27,SALE,-14,Order,ORD-002622
MOV-0007947,PRD-0031,2026-03-27,SALE,-7,Order,ORD-002622
MOV-0007948,PRD-0050,2026-03-27,SALE,-14,Order,ORD-002622
MOV-0007949,PRD-0036,2025-05-29,SALE,-19,Order,ORD-002623
MOV-0007950,PRD-0018,2025-05-29,SALE,-10,Order,ORD-002623
MOV-0007951,PRD-0048,2025-05-29,SALE,-6,Order,ORD-002623
MOV-0007952,PRD-0051,2025-05-29,SALE,-81,Order,ORD-002623
MOV-0007953,PRD-0069,2025-05-29,SALE,-16,Order,ORD-002623
MOV-0007954,PRD-0033,2025-05-29,SALE,-6,Order,ORD-002623
MOV-0007955,PRD-0031,2025-05-29,SALE,-13,Order,ORD-002623
MOV-0007956,PRD-0065,2025-10-17,SALE,-5,Order,ORD-002624
MOV-0007957,PRD-0005,2025-10-17,SALE,-8,Order,ORD-002624
MOV-0007958,PRD-0052,2025-10-17,SALE,-2,Order,ORD-002624
MOV-0007959,PRD-0039,2026-08-22,SALE,-28,Order,ORD-002627
MOV-0007960,PRD-0066,2025-10-16,SALE,-30,Order,ORD-002629
MOV-0007961,PRD-0034,2025-10-16,SALE,-6,Order,ORD-002629
MOV-0007962,PRD-0014,2025-10-16,SALE,-2,Order,ORD-002629
MOV-0007963,PRD-0036,2026-04-21,SALE,-12,Order,ORD-002630
MOV-0007964,PRD-0023,2026-04-21,SALE,-4,Order,ORD-002630
MOV-0007965,PRD-0069,2026-02-26,SALE,-10,Order,ORD-002631
MOV-0007966,PRD-0007,2026-02-26,SALE,-16,Order,ORD-002631
MOV-0007967,PRD-0048,2026-02-26,SALE,-13,Order,ORD-002631
MOV-0007968,PRD-0060,2026-02-26,SALE,-10,Order,ORD-002631
MOV-0007969,PRD-0045,2026-02-26,SALE,-32,Order,ORD-002631
MOV-0007970,PRD-0030,2025-04-17,SALE,-12,Order,ORD-002632
MOV-0007971,PRD-0057,2026-08-18,SALE,-8,Order,ORD-002633
MOV-0007972,PRD-0037,2026-08-18,SALE,-33,Order,ORD-002633
MOV-0007973,PRD-0008,2026-08-18,SALE,-5,Order,ORD-002633
MOV-0007974,PRD-0048,2026-08-18,SALE,-5,Order,ORD-002633
MOV-0007975,PRD-0069,2026-08-18,SALE,-11,Order,ORD-002633
MOV-0007976,PRD-0046,2025-12-09,SALE,-24,Order,ORD-002634
MOV-0007977,PRD-0022,2025-12-09,SALE,-4,Order,ORD-002634
MOV-0007978,PRD-0010,2025-12-09,SALE,-4,Order,ORD-002634
MOV-0007979,PRD-0034,2025-12-09,SALE,-4,Order,ORD-002634
MOV-0007980,PRD-0030,2025-12-09,SALE,-37,Order,ORD-002634
MOV-0007981,PRD-0052,2025-12-09,SALE,-12,Order,ORD-002634
MOV-0007982,PRD-0037,2025-12-09,SALE,-73,Order,ORD-002634
MOV-0007983,PRD-0030,2025-09-01,SALE,-14,Order,ORD-002636
MOV-0007984,PRD-0005,2025-09-01,SALE,-22,Order,ORD-002636
MOV-0007985,PRD-0034,2025-09-01,SALE,-4,Order,ORD-002636
MOV-0007986,PRD-0037,2025-09-01,SALE,-39,Order,ORD-002636
MOV-0007987,PRD-0025,2025-09-01,SALE,-12,Order,ORD-002636
MOV-0007988,PRD-0052,2026-03-19,SALE,-9,Order,ORD-002637
MOV-0007989,PRD-0036,2026-03-19,SALE,-18,Order,ORD-002637
MOV-0007990,PRD-0032,2026-04-16,SALE,-8,Order,ORD-002639
MOV-0007991,PRD-0026,2025-09-09,SALE,-39,Order,ORD-002640
MOV-0007992,PRD-0005,2026-05-31,SALE,-32,Order,ORD-002641
MOV-0007993,PRD-0027,2026-05-31,SALE,-21,Order,ORD-002641
MOV-0007994,PRD-0038,2026-05-31,SALE,-13,Order,ORD-002641
MOV-0007995,PRD-0007,2026-05-31,SALE,-2,Order,ORD-002641
MOV-0007996,PRD-0034,2026-08-29,SALE,-12,Order,ORD-002642
MOV-0007997,PRD-0024,2026-08-29,SALE,-35,Order,ORD-002642
MOV-0007998,PRD-0027,2026-08-29,SALE,-10,Order,ORD-002642
MOV-0007999,PRD-0058,2026-08-29,SALE,-4,Order,ORD-002642
MOV-0008000,PRD-0065,2026-08-29,SALE,-25,Order,ORD-002642
MOV-0008001,PRD-0034,2026-04-17,SALE,-2,Order,ORD-002643
MOV-0008002,PRD-0007,2026-04-17,SALE,-7,Order,ORD-002643
MOV-0008003,PRD-0040,2026-04-17,SALE,-5,Order,ORD-002643
MOV-0008004,PRD-0045,2026-04-17,SALE,-35,Order,ORD-002643
MOV-0008005,PRD-0005,2025-07-16,SALE,-15,Order,ORD-002644
MOV-0008006,PRD-0007,2026-01-26,SALE,-3,Order,ORD-002645
MOV-0008007,PRD-0014,2026-01-26,SALE,-17,Order,ORD-002645
MOV-0008008,PRD-0034,2026-08-01,SALE,-4,Order,ORD-002646
MOV-0008009,PRD-0037,2026-08-01,SALE,-11,Order,ORD-002646
MOV-0008010,PRD-0005,2026-08-01,SALE,-24,Order,ORD-002646
MOV-0008011,PRD-0016,2025-11-05,SALE,-17,Order,ORD-002647
MOV-0008012,PRD-0003,2025-11-05,SALE,-25,Order,ORD-002647
MOV-0008013,PRD-0027,2025-11-05,SALE,-50,Order,ORD-002647
MOV-0008014,PRD-0004,2025-11-05,SALE,-38,Order,ORD-002647
MOV-0008015,PRD-0005,2025-11-05,SALE,-38,Order,ORD-002647
MOV-0008016,PRD-0017,2025-11-05,SALE,-21,Order,ORD-002647
MOV-0008017,PRD-0015,2026-02-22,SALE,-11,Order,ORD-002648
MOV-0008018,PRD-0004,2026-02-22,SALE,-32,Order,ORD-002648
MOV-0008019,PRD-0011,2026-02-22,SALE,-2,Order,ORD-002648
MOV-0008020,PRD-0070,2026-02-22,SALE,-30,Order,ORD-002648
MOV-0008021,PRD-0069,2025-07-16,SALE,-4,Order,ORD-002649
MOV-0008022,PRD-0017,2025-07-16,SALE,-19,Order,ORD-002649
MOV-0008023,PRD-0005,2025-07-16,SALE,-41,Order,ORD-002649
MOV-0008024,PRD-0026,2025-07-16,SALE,-90,Order,ORD-002649
MOV-0008025,PRD-0008,2025-07-16,SALE,-11,Order,ORD-002649
MOV-0008026,PRD-0057,2025-07-16,SALE,-15,Order,ORD-002649
MOV-0008027,PRD-0034,2025-11-06,SALE,-3,Order,ORD-002650
MOV-0008028,PRD-0030,2025-11-06,SALE,-32,Order,ORD-002650
MOV-0008029,PRD-0007,2026-04-04,SALE,-14,Order,ORD-002651
MOV-0008030,PRD-0034,2026-05-08,SALE,-3,Order,ORD-002653
MOV-0008031,PRD-0023,2026-05-08,SALE,-5,Order,ORD-002653
MOV-0008032,PRD-0044,2026-08-19,SALE,-28,Order,ORD-002655
MOV-0008033,PRD-0040,2026-01-03,SALE,-9,Order,ORD-002656
MOV-0008034,PRD-0069,2026-01-03,SALE,-4,Order,ORD-002656
MOV-0008035,PRD-0026,2026-01-03,SALE,-18,Order,ORD-002656
MOV-0008036,PRD-0005,2026-04-08,SALE,-20,Order,ORD-002657
MOV-0008037,PRD-0025,2025-09-02,SALE,-19,Order,ORD-002658
MOV-0008038,PRD-0013,2025-09-02,SALE,-16,Order,ORD-002658
MOV-0008039,PRD-0007,2025-09-02,SALE,-6,Order,ORD-002658
MOV-0008040,PRD-0026,2025-09-02,SALE,-61,Order,ORD-002658
MOV-0008041,PRD-0037,2025-09-02,SALE,-58,Order,ORD-002658
MOV-0008042,PRD-0040,2025-09-02,SALE,-16,Order,ORD-002658
MOV-0008043,PRD-0047,2026-08-29,SALE,-19,Order,ORD-002660
MOV-0008044,PRD-0007,2026-08-29,SALE,-19,Order,ORD-002660
MOV-0008045,PRD-0037,2026-08-29,SALE,-39,Order,ORD-002660
MOV-0008046,PRD-0054,2026-08-29,SALE,-27,Order,ORD-002660
MOV-0008047,PRD-0007,2026-01-19,SALE,-5,Order,ORD-002661
MOV-0008048,PRD-0048,2026-01-19,SALE,-1,Order,ORD-002661
MOV-0008049,PRD-0016,2025-03-17,SALE,-9,Order,ORD-002662
MOV-0008050,PRD-0030,2025-12-13,SALE,-23,Order,ORD-002664
MOV-0008051,PRD-0005,2025-12-13,SALE,-12,Order,ORD-002664
MOV-0008052,PRD-0012,2025-11-15,SALE,-11,Order,ORD-002665
MOV-0008053,PRD-0034,2025-11-15,SALE,-6,Order,ORD-002665
MOV-0008054,PRD-0005,2025-11-15,SALE,-17,Order,ORD-002665
MOV-0008055,PRD-0069,2025-11-15,SALE,-9,Order,ORD-002665
MOV-0008056,PRD-0053,2025-11-15,SALE,-11,Order,ORD-002665
MOV-0008057,PRD-0066,2025-11-15,SALE,-20,Order,ORD-002665
MOV-0008058,PRD-0034,2025-07-29,SALE,-2,Order,ORD-002666
MOV-0008059,PRD-0005,2025-07-29,SALE,-36,Order,ORD-002666
MOV-0008060,PRD-0026,2025-11-11,SALE,-36,Order,ORD-002669
MOV-0008061,PRD-0051,2025-11-11,SALE,-89,Order,ORD-002669
MOV-0008062,PRD-0003,2025-07-14,SALE,-7,Order,ORD-002670
MOV-0008063,PRD-0064,2025-07-14,SALE,-9,Order,ORD-002670
MOV-0008064,PRD-0007,2025-07-14,SALE,-13,Order,ORD-002670
MOV-0008065,PRD-0030,2026-08-08,SALE,-23,Order,ORD-002672
MOV-0008066,PRD-0010,2026-08-08,SALE,-19,Order,ORD-002672
MOV-0008067,PRD-0035,2026-08-08,SALE,-15,Order,ORD-002672
MOV-0008068,PRD-0034,2026-08-08,SALE,-19,Order,ORD-002672
MOV-0008069,PRD-0007,2026-08-08,SALE,-11,Order,ORD-002672
MOV-0008070,PRD-0011,2026-08-08,SALE,-8,Order,ORD-002672
MOV-0008071,PRD-0053,2026-08-08,SALE,-11,Order,ORD-002672
MOV-0008072,PRD-0059,2025-09-21,SALE,-26,Order,ORD-002673
MOV-0008073,PRD-0040,2025-09-21,SALE,-11,Order,ORD-002673
MOV-0008074,PRD-0030,2025-09-21,SALE,-26,Order,ORD-002673
MOV-0008075,PRD-0037,2026-08-30,SALE,-17,Order,ORD-002674
MOV-0008076,PRD-0007,2026-08-30,SALE,-1,Order,ORD-002674
MOV-0008077,PRD-0044,2025-08-24,SALE,-63,Order,ORD-002675
MOV-0008078,PRD-0009,2025-08-24,SALE,-20,Order,ORD-002675
MOV-0008079,PRD-0038,2025-08-24,SALE,-17,Order,ORD-002675
MOV-0008080,PRD-0010,2025-08-24,SALE,-7,Order,ORD-002675
MOV-0008081,PRD-0007,2026-05-15,SALE,-5,Order,ORD-002678
MOV-0008082,PRD-0030,2026-05-15,SALE,-15,Order,ORD-002678
MOV-0008083,PRD-0045,2026-05-15,SALE,-13,Order,ORD-002678
MOV-0008084,PRD-0050,2026-05-15,SALE,-17,Order,ORD-002678
MOV-0008085,PRD-0034,2026-05-15,SALE,-7,Order,ORD-002678
MOV-0008086,PRD-0032,2025-12-22,SALE,-1,Order,ORD-002680
MOV-0008087,PRD-0029,2025-12-22,SALE,-5,Order,ORD-002680
MOV-0008088,PRD-0047,2025-12-22,SALE,-6,Order,ORD-002680
MOV-0008089,PRD-0027,2025-12-22,SALE,-29,Order,ORD-002680
MOV-0008090,PRD-0053,2026-08-18,SALE,-3,Order,ORD-002681
MOV-0008091,PRD-0050,2025-10-12,SALE,-22,Order,ORD-002682
MOV-0008092,PRD-0056,2025-10-12,SALE,-6,Order,ORD-002682
MOV-0008093,PRD-0011,2026-08-08,SALE,-3,Order,ORD-002683
MOV-0008094,PRD-0045,2026-08-08,SALE,-19,Order,ORD-002683
MOV-0008095,PRD-0005,2026-08-08,SALE,-19,Order,ORD-002683
MOV-0008096,PRD-0005,2026-08-04,SALE,-21,Order,ORD-002684
MOV-0008097,PRD-0060,2026-08-04,SALE,-13,Order,ORD-002684
MOV-0008098,PRD-0045,2026-08-04,SALE,-24,Order,ORD-002684
MOV-0008099,PRD-0048,2026-08-04,SALE,-11,Order,ORD-002684
MOV-0008100,PRD-0026,2026-08-04,SALE,-53,Order,ORD-002684
MOV-0008101,PRD-0038,2026-08-04,SALE,-16,Order,ORD-002684
MOV-0008102,PRD-0030,2026-08-04,SALE,-26,Order,ORD-002684
MOV-0008103,PRD-0005,2025-09-28,SALE,-31,Order,ORD-002685
MOV-0008104,PRD-0031,2025-09-28,SALE,-31,Order,ORD-002685
MOV-0008105,PRD-0043,2025-06-15,SALE,-5,Order,ORD-002687
MOV-0008106,PRD-0015,2025-06-15,SALE,-2,Order,ORD-002687
MOV-0008107,PRD-0003,2025-06-15,SALE,-2,Order,ORD-002687
MOV-0008108,PRD-0069,2026-03-02,SALE,-1,Order,ORD-002688
MOV-0008109,PRD-0045,2026-03-02,SALE,-16,Order,ORD-002688
MOV-0008110,PRD-0009,2026-03-02,SALE,-9,Order,ORD-002688
MOV-0008111,PRD-0066,2026-03-02,SALE,-9,Order,ORD-002688
MOV-0008112,PRD-0065,2026-07-29,SALE,-38,Order,ORD-002689
MOV-0008113,PRD-0058,2026-07-29,SALE,-4,Order,ORD-002689
MOV-0008114,PRD-0056,2026-07-29,SALE,-25,Order,ORD-002689
MOV-0008115,PRD-0064,2025-06-22,SALE,-13,Order,ORD-002690
MOV-0008116,PRD-0009,2025-06-22,SALE,-5,Order,ORD-002690
MOV-0008117,PRD-0040,2025-06-22,SALE,-8,Order,ORD-002690
MOV-0008118,PRD-0065,2025-06-22,SALE,-26,Order,ORD-002690
MOV-0008119,PRD-0045,2025-06-22,SALE,-18,Order,ORD-002690
MOV-0008120,PRD-0011,2025-06-22,SALE,-5,Order,ORD-002690
MOV-0008121,PRD-0005,2025-06-22,SALE,-36,Order,ORD-002690
MOV-0008122,PRD-0004,2026-03-05,SALE,-17,Order,ORD-002691
MOV-0008123,PRD-0052,2026-03-05,SALE,-2,Order,ORD-002691
MOV-0008124,PRD-0049,2025-09-16,SALE,-27,Order,ORD-002692
MOV-0008125,PRD-0037,2025-09-16,SALE,-78,Order,ORD-002692
MOV-0008126,PRD-0030,2025-05-13,SALE,-26,Order,ORD-002694
MOV-0008127,PRD-0034,2025-05-13,SALE,-2,Order,ORD-002694
MOV-0008128,PRD-0026,2025-05-13,SALE,-19,Order,ORD-002694
MOV-0008129,PRD-0004,2025-05-13,SALE,-19,Order,ORD-002694
MOV-0008130,PRD-0011,2026-05-22,SALE,-8,Order,ORD-002695
MOV-0008131,PRD-0004,2026-05-22,SALE,-15,Order,ORD-002695
MOV-0008132,PRD-0007,2026-05-22,SALE,-7,Order,ORD-002695
MOV-0008133,PRD-0011,2026-01-12,SALE,-8,Order,ORD-002696
MOV-0008134,PRD-0058,2026-01-12,SALE,-5,Order,ORD-002696
MOV-0008135,PRD-0009,2026-02-16,SALE,-23,Order,ORD-002697
MOV-0008136,PRD-0008,2026-02-16,SALE,-23,Order,ORD-002697
MOV-0008137,PRD-0058,2026-02-16,SALE,-12,Order,ORD-002697
MOV-0008138,PRD-0066,2026-02-16,SALE,-47,Order,ORD-002697
MOV-0008139,PRD-0060,2025-11-10,SALE,-6,Order,ORD-002699
MOV-0008140,PRD-0045,2025-11-10,SALE,-9,Order,ORD-002699
MOV-0008141,PRD-0011,2025-06-19,SALE,-3,Order,ORD-002700
MOV-0008142,PRD-0034,2025-06-19,SALE,-6,Order,ORD-002700
MOV-0008143,PRD-0067,2025-06-19,SALE,-5,Order,ORD-002700
MOV-0008144,PRD-0037,2026-03-22,SALE,-22,Order,ORD-002701
MOV-0008145,PRD-0005,2026-03-22,SALE,-16,Order,ORD-002701
MOV-0008146,PRD-0025,2026-03-22,SALE,-2,Order,ORD-002701
MOV-0008147,PRD-0040,2026-03-22,SALE,-6,Order,ORD-002701
MOV-0008148,PRD-0022,2026-03-22,SALE,-8,Order,ORD-002701
MOV-0008149,PRD-0029,2026-01-09,SALE,-4,Order,ORD-002702
MOV-0008150,PRD-0007,2026-01-09,SALE,-5,Order,ORD-002702
MOV-0008151,PRD-0045,2026-01-09,SALE,-18,Order,ORD-002702
MOV-0008152,PRD-0034,2026-01-09,SALE,-4,Order,ORD-002702
MOV-0008153,PRD-0014,2026-01-09,SALE,-8,Order,ORD-002702
MOV-0008154,PRD-0034,2026-06-22,SALE,-7,Order,ORD-002704
MOV-0008155,PRD-0009,2026-06-22,SALE,-10,Order,ORD-002704
MOV-0008156,PRD-0031,2026-06-22,SALE,-7,Order,ORD-002704
MOV-0008157,PRD-0045,2026-06-22,SALE,-12,Order,ORD-002704
MOV-0008158,PRD-0025,2025-09-12,SALE,-4,Order,ORD-002705
MOV-0008159,PRD-0047,2025-09-12,SALE,-6,Order,ORD-002705
MOV-0008160,PRD-0034,2025-09-12,SALE,-10,Order,ORD-002705
MOV-0008161,PRD-0011,2025-09-12,SALE,-12,Order,ORD-002705
MOV-0008162,PRD-0007,2025-09-12,SALE,-10,Order,ORD-002705
MOV-0008163,PRD-0040,2025-09-12,SALE,-8,Order,ORD-002705
MOV-0008164,PRD-0066,2026-07-15,SALE,-19,Order,ORD-002706
MOV-0008165,PRD-0029,2026-07-15,SALE,-6,Order,ORD-002706
MOV-0008166,PRD-0007,2026-07-15,SALE,-8,Order,ORD-002706
MOV-0008167,PRD-0050,2026-04-24,SALE,-9,Order,ORD-002707
MOV-0008168,PRD-0009,2026-07-26,SALE,-1,Order,ORD-002708
MOV-0008169,PRD-0046,2026-07-26,SALE,-7,Order,ORD-002708
MOV-0008170,PRD-0030,2025-06-29,SALE,-13,Order,ORD-002709
MOV-0008171,PRD-0067,2025-06-29,SALE,-47,Order,ORD-002709
MOV-0008172,PRD-0017,2025-06-29,SALE,-17,Order,ORD-002709
MOV-0008173,PRD-0026,2025-06-29,SALE,-70,Order,ORD-002709
MOV-0008174,PRD-0049,2025-06-29,SALE,-50,Order,ORD-002709
MOV-0008175,PRD-0013,2025-06-29,SALE,-54,Order,ORD-002709
MOV-0008176,PRD-0045,2026-04-11,SALE,-10,Order,ORD-002710
MOV-0008177,PRD-0013,2026-04-11,SALE,-87,Order,ORD-002710
MOV-0008178,PRD-0040,2026-04-11,SALE,-7,Order,ORD-002710
MOV-0008179,PRD-0010,2026-04-11,SALE,-10,Order,ORD-002710
MOV-0008180,PRD-0009,2026-04-25,SALE,-8,Order,ORD-002711
MOV-0008181,PRD-0023,2026-04-25,SALE,-8,Order,ORD-002711
MOV-0008182,PRD-0010,2026-04-25,SALE,-6,Order,ORD-002711
MOV-0008183,PRD-0008,2026-04-25,SALE,-4,Order,ORD-002711
MOV-0008184,PRD-0030,2026-04-25,SALE,-12,Order,ORD-002711
MOV-0008185,PRD-0009,2025-07-07,SALE,-16,Order,ORD-002712
MOV-0008186,PRD-0007,2025-07-07,SALE,-13,Order,ORD-002712
MOV-0008187,PRD-0047,2025-07-07,SALE,-5,Order,ORD-002712
MOV-0008188,PRD-0053,2026-06-04,SALE,-11,Order,ORD-002713
MOV-0008189,PRD-0029,2026-06-04,SALE,-9,Order,ORD-002713
MOV-0008190,PRD-0060,2026-06-04,SALE,-11,Order,ORD-002713
MOV-0008191,PRD-0005,2026-06-04,SALE,-13,Order,ORD-002713
MOV-0008192,PRD-0066,2026-06-04,SALE,-24,Order,ORD-002713
MOV-0008193,PRD-0007,2025-11-02,SALE,-20,Order,ORD-002714
MOV-0008194,PRD-0034,2025-11-02,SALE,-10,Order,ORD-002714
MOV-0008195,PRD-0028,2025-11-02,SALE,-79,Order,ORD-002714
MOV-0008196,PRD-0027,2025-11-02,SALE,-53,Order,ORD-002714
MOV-0008197,PRD-0005,2025-11-02,SALE,-46,Order,ORD-002714
MOV-0008198,PRD-0021,2025-11-02,SALE,-7,Order,ORD-002714
MOV-0008199,PRD-0060,2025-11-02,SALE,-13,Order,ORD-002714
MOV-0008200,PRD-0047,2025-03-20,SALE,-4,Order,ORD-002715
MOV-0008201,PRD-0016,2025-03-20,SALE,-6,Order,ORD-002715
MOV-0008202,PRD-0060,2025-03-20,SALE,-12,Order,ORD-002715
MOV-0008203,PRD-0002,2025-03-20,SALE,-12,Order,ORD-002715
MOV-0008204,PRD-0034,2025-03-20,SALE,-2,Order,ORD-002715
MOV-0008205,PRD-0058,2026-03-17,SALE,-2,Order,ORD-002716
MOV-0008206,PRD-0069,2026-03-17,SALE,-14,Order,ORD-002716
MOV-0008207,PRD-0006,2026-03-17,SALE,-9,Order,ORD-002716
MOV-0008208,PRD-0032,2026-03-17,SALE,-12,Order,ORD-002716
MOV-0008209,PRD-0022,2026-03-17,SALE,-7,Order,ORD-002716
MOV-0008210,PRD-0031,2025-07-25,SALE,-25,Order,ORD-002717
MOV-0008211,PRD-0045,2025-07-25,SALE,-11,Order,ORD-002717
MOV-0008212,PRD-0049,2025-07-25,SALE,-50,Order,ORD-002717
MOV-0008213,PRD-0066,2025-07-25,SALE,-21,Order,ORD-002717
MOV-0008214,PRD-0005,2025-07-25,SALE,-28,Order,ORD-002717
MOV-0008215,PRD-0033,2025-07-25,SALE,-14,Order,ORD-002717
MOV-0008216,PRD-0009,2025-07-25,SALE,-18,Order,ORD-002717
MOV-0008217,PRD-0036,2026-05-11,SALE,-14,Order,ORD-002718
MOV-0008218,PRD-0031,2025-09-15,SALE,-13,Order,ORD-002719
MOV-0008219,PRD-0055,2025-09-15,SALE,-3,Order,ORD-002719
MOV-0008220,PRD-0050,2026-01-22,SALE,-12,Order,ORD-002720
MOV-0008221,PRD-0013,2026-01-22,SALE,-29,Order,ORD-002720
MOV-0008222,PRD-0027,2025-08-22,SALE,-37,Order,ORD-002721
MOV-0008223,PRD-0070,2025-08-22,SALE,-10,Order,ORD-002721
MOV-0008224,PRD-0030,2025-08-22,SALE,-15,Order,ORD-002721
MOV-0008225,PRD-0052,2025-08-22,SALE,-2,Order,ORD-002721
MOV-0008226,PRD-0053,2025-08-22,SALE,-5,Order,ORD-002721
MOV-0008227,PRD-0002,2026-02-02,SALE,-18,Order,ORD-002722
MOV-0008228,PRD-0045,2025-12-01,SALE,-11,Order,ORD-002723
MOV-0008229,PRD-0009,2025-12-01,SALE,-6,Order,ORD-002723
MOV-0008230,PRD-0050,2026-05-11,SALE,-33,Order,ORD-002724
MOV-0008231,PRD-0069,2026-05-11,SALE,-13,Order,ORD-002724
MOV-0008232,PRD-0024,2025-03-25,SALE,-47,Order,ORD-002725
MOV-0008233,PRD-0027,2025-03-25,SALE,-14,Order,ORD-002725
MOV-0008234,PRD-0006,2025-03-25,SALE,-10,Order,ORD-002725
MOV-0008235,PRD-0034,2025-03-25,SALE,-8,Order,ORD-002725
MOV-0008236,PRD-0040,2025-03-25,SALE,-12,Order,ORD-002725
MOV-0008237,PRD-0045,2025-03-25,SALE,-16,Order,ORD-002725
MOV-0008238,PRD-0046,2025-03-25,SALE,-2,Order,ORD-002725
MOV-0008239,PRD-0005,2025-06-06,SALE,-14,Order,ORD-002726
MOV-0008240,PRD-0033,2025-12-27,SALE,-11,Order,ORD-002727
MOV-0008241,PRD-0034,2025-12-27,SALE,-7,Order,ORD-002727
MOV-0008242,PRD-0003,2025-12-27,SALE,-11,Order,ORD-002727
MOV-0008243,PRD-0066,2025-07-08,SALE,-13,Order,ORD-002728
MOV-0008244,PRD-0062,2025-07-08,SALE,-12,Order,ORD-002728
MOV-0008245,PRD-0053,2026-01-13,SALE,-4,Order,ORD-002730
MOV-0008246,PRD-0066,2026-01-13,SALE,-17,Order,ORD-002730
MOV-0008247,PRD-0067,2026-06-01,SALE,-22,Order,ORD-002733
MOV-0008248,PRD-0018,2026-06-01,SALE,-9,Order,ORD-002733
MOV-0008249,PRD-0069,2025-05-18,SALE,-4,Order,ORD-002735
MOV-0008250,PRD-0003,2025-05-18,SALE,-4,Order,ORD-002735
MOV-0008251,PRD-0064,2025-05-18,SALE,-20,Order,ORD-002735
MOV-0008252,PRD-0032,2025-05-18,SALE,-16,Order,ORD-002735
MOV-0008253,PRD-0030,2025-05-18,SALE,-41,Order,ORD-002735
MOV-0008254,PRD-0039,2025-05-18,SALE,-53,Order,ORD-002735
MOV-0008255,PRD-0009,2025-05-18,SALE,-16,Order,ORD-002735
MOV-0008256,PRD-0054,2026-01-12,SALE,-8,Order,ORD-002736
MOV-0008257,PRD-0008,2026-06-06,SALE,-13,Order,ORD-002737
MOV-0008258,PRD-0005,2026-06-06,SALE,-25,Order,ORD-002737
MOV-0008259,PRD-0052,2026-06-06,SALE,-7,Order,ORD-002737
MOV-0008260,PRD-0027,2026-06-06,SALE,-36,Order,ORD-002737
MOV-0008261,PRD-0013,2025-05-18,SALE,-28,Order,ORD-002738
MOV-0008262,PRD-0030,2025-05-18,SALE,-11,Order,ORD-002738
MOV-0008263,PRD-0027,2025-05-18,SALE,-25,Order,ORD-002738
MOV-0008264,PRD-0053,2025-05-18,SALE,-4,Order,ORD-002738
MOV-0008265,PRD-0011,2026-01-23,SALE,-2,Order,ORD-002739
MOV-0008266,PRD-0048,2026-08-23,SALE,-7,Order,ORD-002740
MOV-0008267,PRD-0028,2026-08-23,SALE,-21,Order,ORD-002740
MOV-0008268,PRD-0045,2026-08-23,SALE,-12,Order,ORD-002740
MOV-0008269,PRD-0005,2026-08-23,SALE,-14,Order,ORD-002740
MOV-0008270,PRD-0053,2026-08-23,SALE,-9,Order,ORD-002740
MOV-0008271,PRD-0052,2026-03-15,SALE,-10,Order,ORD-002741
MOV-0008272,PRD-0069,2026-03-15,SALE,-19,Order,ORD-002741
MOV-0008273,PRD-0036,2026-03-15,SALE,-10,Order,ORD-002741
MOV-0008274,PRD-0008,2026-07-15,SALE,-8,Order,ORD-002742
MOV-0008275,PRD-0007,2025-03-21,SALE,-12,Order,ORD-002743
MOV-0008276,PRD-0059,2025-03-21,SALE,-20,Order,ORD-002743
MOV-0008277,PRD-0039,2025-03-21,SALE,-12,Order,ORD-002743
MOV-0008278,PRD-0013,2025-06-11,SALE,-81,Order,ORD-002744
MOV-0008279,PRD-0053,2025-06-11,SALE,-10,Order,ORD-002744
MOV-0008280,PRD-0052,2025-06-11,SALE,-3,Order,ORD-002744
MOV-0008281,PRD-0053,2025-12-09,SALE,-23,Order,ORD-002745
MOV-0008282,PRD-0047,2025-12-09,SALE,-11,Order,ORD-002745
MOV-0008283,PRD-0030,2025-08-22,SALE,-8,Order,ORD-002747
MOV-0008284,PRD-0045,2025-08-22,SALE,-12,Order,ORD-002747
MOV-0008285,PRD-0005,2026-02-27,SALE,-21,Order,ORD-002748
MOV-0008286,PRD-0009,2026-02-27,SALE,-9,Order,ORD-002748
MOV-0008287,PRD-0049,2026-02-27,SALE,-18,Order,ORD-002748
MOV-0008288,PRD-0049,2026-01-14,SALE,-34,Order,ORD-002749
MOV-0008289,PRD-0053,2026-01-14,SALE,-7,Order,ORD-002749
MOV-0008290,PRD-0056,2026-01-14,SALE,-15,Order,ORD-002749
MOV-0008291,PRD-0050,2026-08-01,SALE,-26,Order,ORD-002750
MOV-0008292,PRD-0040,2026-08-01,SALE,-3,Order,ORD-002750
MOV-0008293,PRD-0013,2026-08-01,SALE,-75,Order,ORD-002750
MOV-0008294,PRD-0026,2025-10-06,SALE,-25,Order,ORD-002751
MOV-0008295,PRD-0011,2025-10-06,SALE,-4,Order,ORD-002751
MOV-0008296,PRD-0007,2025-10-06,SALE,-6,Order,ORD-002751
MOV-0008297,PRD-0043,2025-10-26,SALE,-1,Order,ORD-002752
MOV-0008298,PRD-0016,2025-10-26,SALE,-9,Order,ORD-002752
MOV-0008299,PRD-0045,2025-10-26,SALE,-6,Order,ORD-002752
MOV-0008300,PRD-0029,2025-10-26,SALE,-4,Order,ORD-002752
MOV-0008301,PRD-0025,2026-05-30,SALE,-6,Order,ORD-002753
MOV-0008302,PRD-0040,2026-05-30,SALE,-2,Order,ORD-002753
MOV-0008303,PRD-0033,2026-05-30,SALE,-1,Order,ORD-002753
MOV-0008304,PRD-0053,2025-06-26,SALE,-24,Order,ORD-002754
MOV-0008305,PRD-0016,2025-06-26,SALE,-4,Order,ORD-002754
MOV-0008306,PRD-0014,2025-06-26,SALE,-12,Order,ORD-002754
MOV-0008307,PRD-0005,2025-06-26,SALE,-57,Order,ORD-002754
MOV-0008308,PRD-0060,2026-01-18,SALE,-7,Order,ORD-002755
MOV-0008309,PRD-0007,2026-01-18,SALE,-20,Order,ORD-002755
MOV-0008310,PRD-0038,2025-04-13,SALE,-15,Order,ORD-002756
MOV-0008311,PRD-0008,2025-04-13,SALE,-3,Order,ORD-002756
MOV-0008312,PRD-0019,2025-04-13,SALE,-35,Order,ORD-002756
MOV-0008313,PRD-0007,2025-04-13,SALE,-6,Order,ORD-002756
MOV-0008314,PRD-0024,2025-04-13,SALE,-15,Order,ORD-002756
MOV-0008315,PRD-0013,2025-04-13,SALE,-50,Order,ORD-002756
MOV-0008316,PRD-0030,2025-04-13,SALE,-23,Order,ORD-002756
MOV-0008317,PRD-0050,2026-06-13,SALE,-30,Order,ORD-002757
MOV-0008318,PRD-0028,2026-06-13,SALE,-15,Order,ORD-002757
MOV-0008319,PRD-0044,2026-06-13,SALE,-15,Order,ORD-002757
MOV-0008320,PRD-0049,2026-06-13,SALE,-30,Order,ORD-002757
MOV-0008321,PRD-0036,2026-06-13,SALE,-15,Order,ORD-002757
MOV-0008322,PRD-0069,2025-05-15,SALE,-2,Order,ORD-002758
MOV-0008323,PRD-0033,2025-05-15,SALE,-7,Order,ORD-002758
MOV-0008324,PRD-0021,2026-06-07,SALE,-21,Order,ORD-002759
MOV-0008325,PRD-0050,2026-06-07,SALE,-25,Order,ORD-002759
MOV-0008326,PRD-0038,2026-06-07,SALE,-7,Order,ORD-002759
MOV-0008327,PRD-0049,2026-06-07,SALE,-11,Order,ORD-002759
MOV-0008328,PRD-0005,2026-06-07,SALE,-36,Order,ORD-002759
MOV-0008329,PRD-0040,2026-06-07,SALE,-4,Order,ORD-002759
MOV-0008330,PRD-0004,2026-06-07,SALE,-21,Order,ORD-002759
MOV-0008331,PRD-0045,2026-03-17,SALE,-49,Order,ORD-002760
MOV-0008332,PRD-0013,2026-03-17,SALE,-80,Order,ORD-002760
MOV-0008333,PRD-0005,2026-03-17,SALE,-45,Order,ORD-002760
MOV-0008334,PRD-0020,2026-03-17,SALE,-10,Order,ORD-002760
MOV-0008335,PRD-0034,2026-06-20,SALE,-16,Order,ORD-002764
MOV-0008336,PRD-0032,2026-06-20,SALE,-19,Order,ORD-002764
MOV-0008337,PRD-0070,2025-12-20,SALE,-15,Order,ORD-002765
MOV-0008338,PRD-0003,2025-08-26,SALE,-7,Order,ORD-002766
MOV-0008339,PRD-0040,2025-08-26,SALE,-7,Order,ORD-002766
MOV-0008340,PRD-0066,2025-08-26,SALE,-27,Order,ORD-002766
MOV-0008341,PRD-0046,2025-08-26,SALE,-4,Order,ORD-002766
MOV-0008342,PRD-0030,2025-08-26,SALE,-24,Order,ORD-002766
MOV-0008343,PRD-0059,2026-07-08,SALE,-16,Order,ORD-002767
MOV-0008344,PRD-0021,2026-07-08,SALE,-12,Order,ORD-002767
MOV-0008345,PRD-0013,2026-07-08,SALE,-73,Order,ORD-002767
MOV-0008346,PRD-0005,2026-07-08,SALE,-57,Order,ORD-002767
MOV-0008347,PRD-0066,2026-06-08,SALE,-4,Order,ORD-002768
MOV-0008348,PRD-0029,2026-06-08,SALE,-4,Order,ORD-002768
MOV-0008349,PRD-0016,2026-06-08,SALE,-4,Order,ORD-002768
MOV-0008350,PRD-0036,2026-06-08,SALE,-1,Order,ORD-002768
MOV-0008351,PRD-0005,2026-01-08,SALE,-16,Order,ORD-002769
MOV-0008352,PRD-0066,2026-01-08,SALE,-25,Order,ORD-002769
MOV-0008353,PRD-0045,2026-01-08,SALE,-12,Order,ORD-002769
MOV-0008354,PRD-0052,2026-01-08,SALE,-21,Order,ORD-002769
MOV-0008355,PRD-0027,2026-01-08,SALE,-53,Order,ORD-002769
MOV-0008356,PRD-0069,2026-07-06,SALE,-3,Order,ORD-002770
MOV-0008357,PRD-0060,2026-07-06,SALE,-10,Order,ORD-002770
MOV-0008358,PRD-0014,2026-07-06,SALE,-7,Order,ORD-002770
MOV-0008359,PRD-0037,2025-05-29,SALE,-27,Order,ORD-002772
MOV-0008360,PRD-0065,2025-05-29,SALE,-27,Order,ORD-002772
MOV-0008361,PRD-0003,2025-05-29,SALE,-7,Order,ORD-002772
MOV-0008362,PRD-0050,2025-05-29,SALE,-15,Order,ORD-002772
MOV-0008363,PRD-0056,2025-05-29,SALE,-15,Order,ORD-002772
MOV-0008364,PRD-0045,2025-05-23,SALE,-7,Order,ORD-002773
MOV-0008365,PRD-0026,2025-05-22,SALE,-12,Order,ORD-002774
MOV-0008366,PRD-0003,2025-05-22,SALE,-2,Order,ORD-002774
MOV-0008367,PRD-0011,2025-05-22,SALE,-6,Order,ORD-002774
MOV-0008368,PRD-0049,2025-05-22,SALE,-22,Order,ORD-002774
MOV-0008369,PRD-0053,2025-05-22,SALE,-2,Order,ORD-002774
MOV-0008370,PRD-0052,2026-04-06,SALE,-4,Order,ORD-002775
MOV-0008371,PRD-0016,2026-04-06,SALE,-2,Order,ORD-002775
MOV-0008372,PRD-0060,2026-04-06,SALE,-7,Order,ORD-002775
MOV-0008373,PRD-0007,2026-04-06,SALE,-4,Order,ORD-002775
MOV-0008374,PRD-0034,2026-07-23,SALE,-10,Order,ORD-002777
MOV-0008375,PRD-0061,2026-07-23,SALE,-15,Order,ORD-002777
MOV-0008376,PRD-0025,2026-07-23,SALE,-15,Order,ORD-002777
MOV-0008377,PRD-0016,2026-07-23,SALE,-7,Order,ORD-002777
MOV-0008378,PRD-0036,2026-01-10,SALE,-9,Order,ORD-002778
MOV-0008379,PRD-0003,2026-01-10,SALE,-5,Order,ORD-002778
MOV-0008380,PRD-0069,2026-01-10,SALE,-7,Order,ORD-002778
MOV-0008381,PRD-0053,2026-01-10,SALE,-7,Order,ORD-002778
MOV-0008382,PRD-0040,2026-06-23,SALE,-2,Order,ORD-002779
MOV-0008383,PRD-0003,2026-06-23,SALE,-7,Order,ORD-002779
MOV-0008384,PRD-0045,2026-06-23,SALE,-10,Order,ORD-002779
MOV-0008385,PRD-0004,2026-06-23,SALE,-14,Order,ORD-002779
MOV-0008386,PRD-0034,2025-09-07,SALE,-5,Order,ORD-002780
MOV-0008387,PRD-0050,2025-04-23,SALE,-20,Order,ORD-002781
MOV-0008388,PRD-0003,2025-04-23,SALE,-3,Order,ORD-002781
MOV-0008389,PRD-0036,2025-04-23,SALE,-7,Order,ORD-002781
MOV-0008390,PRD-0066,2025-04-23,SALE,-15,Order,ORD-002781
MOV-0008391,PRD-0031,2025-04-23,SALE,-5,Order,ORD-002781
MOV-0008392,PRD-0034,2026-05-04,SALE,-9,Order,ORD-002783
MOV-0008393,PRD-0039,2026-05-04,SALE,-15,Order,ORD-002783
MOV-0008394,PRD-0047,2026-05-04,SALE,-13,Order,ORD-002783
MOV-0008395,PRD-0024,2026-05-04,SALE,-41,Order,ORD-002783
MOV-0008396,PRD-0049,2026-05-04,SALE,-15,Order,ORD-002783
MOV-0008397,PRD-0023,2026-01-05,SALE,-9,Order,ORD-002785
MOV-0008398,PRD-0009,2026-01-05,SALE,-6,Order,ORD-002785
MOV-0008399,PRD-0066,2026-01-05,SALE,-5,Order,ORD-002785
MOV-0008400,PRD-0030,2026-01-05,SALE,-23,Order,ORD-002785
MOV-0008401,PRD-0069,2026-01-05,SALE,-5,Order,ORD-002785
MOV-0008402,PRD-0062,2026-08-29,SALE,-36,Order,ORD-002786
MOV-0008403,PRD-0034,2026-08-29,SALE,-11,Order,ORD-002786
MOV-0008404,PRD-0002,2026-08-29,SALE,-47,Order,ORD-002786
MOV-0008405,PRD-0027,2026-08-29,SALE,-55,Order,ORD-002786
MOV-0008406,PRD-0067,2025-08-23,SALE,-37,Order,ORD-002787
MOV-0008407,PRD-0060,2025-08-23,SALE,-2,Order,ORD-002787
MOV-0008408,PRD-0045,2025-08-23,SALE,-22,Order,ORD-002787
MOV-0008409,PRD-0066,2025-04-20,SALE,-26,Order,ORD-002788
MOV-0008410,PRD-0022,2025-04-20,SALE,-6,Order,ORD-002788
MOV-0008411,PRD-0069,2026-08-04,SALE,-4,Order,ORD-002789
MOV-0008412,PRD-0031,2026-08-04,SALE,-22,Order,ORD-002789
MOV-0008413,PRD-0011,2026-08-04,SALE,-6,Order,ORD-002789
MOV-0008414,PRD-0066,2026-02-20,SALE,-25,Order,ORD-002790
MOV-0008415,PRD-0070,2026-02-20,SALE,-42,Order,ORD-002790
MOV-0008416,PRD-0047,2026-02-20,SALE,-11,Order,ORD-002790
MOV-0008417,PRD-0016,2026-02-20,SALE,-18,Order,ORD-002790
MOV-0008418,PRD-0005,2026-02-20,SALE,-14,Order,ORD-002790
MOV-0008419,PRD-0059,2026-02-20,SALE,-14,Order,ORD-002790
MOV-0008420,PRD-0037,2025-11-04,SALE,-13,Order,ORD-002792
MOV-0008421,PRD-0016,2025-11-04,SALE,-2,Order,ORD-002792
MOV-0008422,PRD-0063,2025-11-04,SALE,-37,Order,ORD-002792
MOV-0008423,PRD-0013,2025-11-04,SALE,-39,Order,ORD-002792
MOV-0008424,PRD-0045,2025-11-04,SALE,-28,Order,ORD-002792
MOV-0008425,PRD-0034,2025-11-04,SALE,-4,Order,ORD-002792
MOV-0008426,PRD-0057,2026-02-08,SALE,-2,Order,ORD-002793
MOV-0008427,PRD-0064,2026-02-08,SALE,-9,Order,ORD-002793
MOV-0008428,PRD-0005,2026-02-08,SALE,-15,Order,ORD-002793
MOV-0008429,PRD-0034,2026-04-18,SALE,-8,Order,ORD-002794
MOV-0008430,PRD-0021,2026-04-18,SALE,-1,Order,ORD-002794
MOV-0008431,PRD-0021,2026-07-11,SALE,-7,Order,ORD-002795
MOV-0008432,PRD-0066,2026-07-11,SALE,-20,Order,ORD-002795
MOV-0008433,PRD-0054,2026-07-11,SALE,-7,Order,ORD-002795
MOV-0008434,PRD-0030,2026-07-11,SALE,-17,Order,ORD-002795
MOV-0008435,PRD-0053,2026-07-11,SALE,-9,Order,ORD-002795
MOV-0008436,PRD-0036,2026-07-11,SALE,-2,Order,ORD-002795
MOV-0008437,PRD-0050,2026-03-07,SALE,-58,Order,ORD-002796
MOV-0008438,PRD-0045,2026-03-07,SALE,-35,Order,ORD-002796
MOV-0008439,PRD-0053,2026-03-07,SALE,-23,Order,ORD-002796
MOV-0008440,PRD-0032,2026-03-07,SALE,-23,Order,ORD-002796
MOV-0008441,PRD-0069,2026-03-07,SALE,-23,Order,ORD-002796
MOV-0008442,PRD-0034,2026-03-07,SALE,-8,Order,ORD-002796
MOV-0008443,PRD-0034,2026-03-07,SALE,-10,Order,ORD-002797
MOV-0008444,PRD-0069,2026-03-07,SALE,-2,Order,ORD-002797
MOV-0008445,PRD-0065,2026-03-07,SALE,-16,Order,ORD-002797
MOV-0008446,PRD-0069,2026-08-20,SALE,-6,Order,ORD-002798
MOV-0008447,PRD-0011,2026-08-20,SALE,-9,Order,ORD-002798
MOV-0008448,PRD-0034,2026-08-20,SALE,-6,Order,ORD-002798
MOV-0008449,PRD-0038,2026-08-20,SALE,-6,Order,ORD-002798
MOV-0008450,PRD-0053,2026-08-20,SALE,-3,Order,ORD-002798
MOV-0008451,PRD-0050,2026-08-20,SALE,-34,Order,ORD-002798
MOV-0008452,PRD-0029,2026-08-20,SALE,-15,Order,ORD-002798
MOV-0008453,PRD-0028,2025-10-26,SALE,-18,Order,ORD-002800
MOV-0008454,PRD-0024,2025-10-26,SALE,-29,Order,ORD-002800
MOV-0008455,PRD-0026,2025-10-26,SALE,-18,Order,ORD-002800
MOV-0008456,PRD-0008,2025-10-26,SALE,-5,Order,ORD-002800
MOV-0008457,PRD-0037,2025-10-26,SALE,-17,Order,ORD-002800
MOV-0008458,PRD-0036,2026-04-30,SALE,-5,Order,ORD-002801
MOV-0008459,PRD-0023,2025-08-09,SALE,-4,Order,ORD-002805
MOV-0008460,PRD-0032,2025-08-09,SALE,-2,Order,ORD-002805
MOV-0008461,PRD-0049,2025-08-09,SALE,-17,Order,ORD-002805
MOV-0008462,PRD-0066,2025-08-09,SALE,-9,Order,ORD-002805
MOV-0008463,PRD-0026,2026-03-03,SALE,-26,Order,ORD-002806
MOV-0008464,PRD-0045,2025-12-31,SALE,-12,Order,ORD-002808
MOV-0008465,PRD-0033,2025-12-31,SALE,-12,Order,ORD-002808
MOV-0008466,PRD-0005,2026-04-18,SALE,-18,Order,ORD-002809
MOV-0008467,PRD-0053,2026-04-18,SALE,-11,Order,ORD-002809
MOV-0008468,PRD-0066,2026-06-16,SALE,-35,Order,ORD-002810
MOV-0008469,PRD-0034,2026-06-16,SALE,-10,Order,ORD-002810
MOV-0008470,PRD-0066,2026-05-09,SALE,-5,Order,ORD-002811
MOV-0008471,PRD-0058,2026-07-05,SALE,-10,Order,ORD-002813
MOV-0008472,PRD-0005,2026-07-05,SALE,-13,Order,ORD-002813
MOV-0008473,PRD-0048,2026-07-05,SALE,-5,Order,ORD-002813
MOV-0008474,PRD-0062,2026-07-05,SALE,-8,Order,ORD-002813
MOV-0008475,PRD-0031,2026-07-05,SALE,-8,Order,ORD-002813
MOV-0008476,PRD-0034,2026-07-05,SALE,-16,Order,ORD-002813
MOV-0008477,PRD-0056,2026-07-05,SALE,-8,Order,ORD-002813
MOV-0008478,PRD-0050,2026-05-22,SALE,-20,Order,ORD-002814
MOV-0008479,PRD-0013,2026-05-22,SALE,-44,Order,ORD-002814
MOV-0008480,PRD-0064,2026-06-02,SALE,-7,Order,ORD-002815
MOV-0008481,PRD-0066,2026-04-27,SALE,-31,Order,ORD-002816
MOV-0008482,PRD-0030,2026-04-27,SALE,-21,Order,ORD-002816
MOV-0008483,PRD-0034,2026-04-27,SALE,-12,Order,ORD-002816
MOV-0008484,PRD-0053,2026-04-27,SALE,-6,Order,ORD-002816
MOV-0008485,PRD-0030,2025-12-20,SALE,-23,Order,ORD-002817
MOV-0008486,PRD-0006,2025-12-20,SALE,-8,Order,ORD-002817
MOV-0008487,PRD-0009,2025-12-20,SALE,-4,Order,ORD-002817
MOV-0008488,PRD-0065,2025-12-20,SALE,-13,Order,ORD-002817
MOV-0008489,PRD-0010,2026-01-01,SALE,-17,Order,ORD-002818
MOV-0008490,PRD-0068,2026-01-01,SALE,-17,Order,ORD-002818
MOV-0008491,PRD-0018,2026-01-01,SALE,-17,Order,ORD-002818
MOV-0008492,PRD-0005,2025-10-11,SALE,-26,Order,ORD-002819
MOV-0008493,PRD-0021,2025-10-11,SALE,-8,Order,ORD-002819
MOV-0008494,PRD-0024,2025-10-11,SALE,-41,Order,ORD-002819
MOV-0008495,PRD-0063,2025-10-11,SALE,-30,Order,ORD-002819
MOV-0008496,PRD-0031,2025-10-11,SALE,-19,Order,ORD-002819
MOV-0008497,PRD-0005,2025-08-07,SALE,-22,Order,ORD-002820
MOV-0008498,PRD-0037,2025-08-07,SALE,-36,Order,ORD-002820
MOV-0008499,PRD-0006,2025-08-07,SALE,-5,Order,ORD-002820
MOV-0008500,PRD-0066,2025-08-07,SALE,-5,Order,ORD-002820
MOV-0008501,PRD-0033,2025-08-07,SALE,-8,Order,ORD-002820
MOV-0008502,PRD-0005,2026-02-24,SALE,-6,Order,ORD-002821
MOV-0008503,PRD-0006,2026-02-24,SALE,-4,Order,ORD-002821
MOV-0008504,PRD-0057,2026-02-24,SALE,-5,Order,ORD-002821
MOV-0008505,PRD-0034,2026-07-11,SALE,-8,Order,ORD-002822
MOV-0008506,PRD-0005,2026-07-11,SALE,-16,Order,ORD-002822
MOV-0008507,PRD-0065,2026-07-11,SALE,-18,Order,ORD-002822
MOV-0008508,PRD-0048,2026-07-11,SALE,-5,Order,ORD-002822
MOV-0008509,PRD-0007,2026-07-20,SALE,-11,Order,ORD-002823
MOV-0008510,PRD-0058,2026-07-20,SALE,-18,Order,ORD-002823
MOV-0008511,PRD-0002,2026-07-20,SALE,-22,Order,ORD-002823
MOV-0008512,PRD-0066,2026-07-20,SALE,-47,Order,ORD-002823
MOV-0008513,PRD-0045,2026-07-20,SALE,-40,Order,ORD-002823
MOV-0008514,PRD-0049,2026-07-20,SALE,-29,Order,ORD-002823
MOV-0008515,PRD-0034,2026-07-20,SALE,-18,Order,ORD-002823
MOV-0008516,PRD-0032,2025-06-28,SALE,-16,Order,ORD-002825
MOV-0008517,PRD-0034,2025-06-28,SALE,-25,Order,ORD-002825
MOV-0008518,PRD-0067,2025-06-28,SALE,-41,Order,ORD-002825
MOV-0008519,PRD-0005,2026-02-26,SALE,-11,Order,ORD-002826
MOV-0008520,PRD-0045,2026-02-26,SALE,-4,Order,ORD-002826
MOV-0008521,PRD-0040,2026-01-27,SALE,-3,Order,ORD-002827
MOV-0008522,PRD-0069,2026-01-27,SALE,-7,Order,ORD-002827
MOV-0008523,PRD-0006,2026-06-13,SALE,-8,Order,ORD-002828
MOV-0008524,PRD-0037,2026-06-13,SALE,-29,Order,ORD-002828
MOV-0008525,PRD-0030,2026-06-13,SALE,-29,Order,ORD-002828
MOV-0008526,PRD-0034,2026-06-13,SALE,-8,Order,ORD-002828
MOV-0008527,PRD-0005,2026-04-24,SALE,-24,Order,ORD-002829
MOV-0008528,PRD-0069,2026-04-24,SALE,-8,Order,ORD-002829
MOV-0008529,PRD-0034,2026-04-24,SALE,-10,Order,ORD-002829
MOV-0008530,PRD-0013,2026-04-24,SALE,-8,Order,ORD-002829
MOV-0008531,PRD-0011,2026-03-29,SALE,-11,Order,ORD-002830
MOV-0008532,PRD-0052,2026-03-29,SALE,-11,Order,ORD-002830
MOV-0008533,PRD-0048,2026-08-07,SALE,-5,Order,ORD-002831
MOV-0008534,PRD-0033,2026-06-07,SALE,-14,Order,ORD-002832
MOV-0008535,PRD-0055,2026-06-07,SALE,-14,Order,ORD-002832
MOV-0008536,PRD-0037,2026-06-07,SALE,-68,Order,ORD-002832
MOV-0008537,PRD-0038,2026-06-07,SALE,-7,Order,ORD-002832
MOV-0008538,PRD-0037,2025-09-26,SALE,-16,Order,ORD-002833
MOV-0008539,PRD-0005,2025-09-26,SALE,-18,Order,ORD-002833
MOV-0008540,PRD-0045,2025-09-26,SALE,-8,Order,ORD-002833
MOV-0008541,PRD-0030,2025-09-26,SALE,-30,Order,ORD-002833
MOV-0008542,PRD-0046,2025-09-26,SALE,-6,Order,ORD-002833
MOV-0008543,PRD-0022,2025-08-18,SALE,-2,Order,ORD-002834
MOV-0008544,PRD-0049,2025-08-18,SALE,-2,Order,ORD-002834
MOV-0008545,PRD-0005,2025-08-18,SALE,-4,Order,ORD-002834
MOV-0008546,PRD-0025,2025-07-15,SALE,-9,Order,ORD-002835
MOV-0008547,PRD-0064,2025-07-15,SALE,-8,Order,ORD-002835
MOV-0008548,PRD-0026,2025-07-15,SALE,-24,Order,ORD-002835
MOV-0008549,PRD-0003,2025-07-15,SALE,-5,Order,ORD-002835
MOV-0008550,PRD-0014,2025-07-15,SALE,-6,Order,ORD-002835
MOV-0008551,PRD-0045,2025-09-15,SALE,-8,Order,ORD-002836
MOV-0008552,PRD-0017,2025-09-15,SALE,-4,Order,ORD-002836
MOV-0008553,PRD-0007,2025-09-15,SALE,-2,Order,ORD-002836
MOV-0008554,PRD-0028,2025-09-15,SALE,-15,Order,ORD-002836
MOV-0008555,PRD-0007,2025-07-31,SALE,-12,Order,ORD-002837
MOV-0008556,PRD-0036,2025-07-31,SALE,-12,Order,ORD-002837
MOV-0008557,PRD-0052,2025-07-31,SALE,-12,Order,ORD-002837
MOV-0008558,PRD-0036,2026-06-23,SALE,-7,Order,ORD-002838
MOV-0008559,PRD-0005,2026-08-15,SALE,-13,Order,ORD-002840
MOV-0008560,PRD-0027,2026-08-15,SALE,-19,Order,ORD-002840
MOV-0008561,PRD-0007,2026-08-15,SALE,-6,Order,ORD-002840
MOV-0008562,PRD-0022,2026-08-15,SALE,-7,Order,ORD-002840
MOV-0008563,PRD-0026,2026-07-26,SALE,-24,Order,ORD-002842
MOV-0008564,PRD-0002,2026-07-26,SALE,-52,Order,ORD-002842
MOV-0008565,PRD-0069,2026-07-26,SALE,-17,Order,ORD-002842
MOV-0008566,PRD-0013,2026-07-26,SALE,-62,Order,ORD-002842
MOV-0008567,PRD-0009,2026-07-26,SALE,-3,Order,ORD-002842
MOV-0008568,PRD-0061,2026-07-26,SALE,-42,Order,ORD-002842
MOV-0008569,PRD-0037,2026-07-26,SALE,-69,Order,ORD-002842
MOV-0008570,PRD-0011,2025-06-29,SALE,-4,Order,ORD-002845
MOV-0008571,PRD-0066,2025-06-29,SALE,-17,Order,ORD-002845
MOV-0008572,PRD-0007,2025-06-29,SALE,-8,Order,ORD-002845
MOV-0008573,PRD-0032,2026-01-06,SALE,-8,Order,ORD-002847
MOV-0008574,PRD-0031,2026-05-25,SALE,-22,Order,ORD-002848
MOV-0008575,PRD-0007,2026-05-25,SALE,-4,Order,ORD-002848
MOV-0008576,PRD-0017,2026-05-25,SALE,-11,Order,ORD-002848
MOV-0008577,PRD-0008,2026-05-25,SALE,-5,Order,ORD-002848
MOV-0008578,PRD-0037,2025-04-17,SALE,-83,Order,ORD-002849
MOV-0008579,PRD-0023,2025-04-17,SALE,-11,Order,ORD-002849
MOV-0008580,PRD-0049,2025-04-17,SALE,-18,Order,ORD-002849
MOV-0008581,PRD-0053,2026-05-27,SALE,-10,Order,ORD-002850
MOV-0008582,PRD-0035,2026-05-27,SALE,-15,Order,ORD-002850
MOV-0008583,PRD-0006,2026-05-27,SALE,-3,Order,ORD-002850
MOV-0008584,PRD-0053,2026-06-23,SALE,-3,Order,ORD-002851
MOV-0008585,PRD-0057,2026-06-23,SALE,-6,Order,ORD-002851
MOV-0008586,PRD-0034,2026-06-23,SALE,-2,Order,ORD-002851
MOV-0008587,PRD-0045,2026-06-23,SALE,-10,Order,ORD-002851
MOV-0008588,PRD-0029,2025-07-15,SALE,-14,Order,ORD-002852
MOV-0008589,PRD-0049,2025-07-15,SALE,-25,Order,ORD-002852
MOV-0008590,PRD-0064,2025-07-15,SALE,-11,Order,ORD-002852
MOV-0008591,PRD-0030,2025-11-06,SALE,-29,Order,ORD-002854
MOV-0008592,PRD-0053,2025-11-06,SALE,-10,Order,ORD-002854
MOV-0008593,PRD-0005,2025-11-06,SALE,-23,Order,ORD-002854
MOV-0008594,PRD-0048,2025-08-16,SALE,-7,Order,ORD-002855
MOV-0008595,PRD-0005,2025-08-16,SALE,-17,Order,ORD-002855
MOV-0008596,PRD-0066,2026-06-11,SALE,-16,Order,ORD-002857
MOV-0008597,PRD-0028,2026-06-11,SALE,-18,Order,ORD-002857
MOV-0008598,PRD-0053,2025-09-03,SALE,-2,Order,ORD-002861
MOV-0008599,PRD-0058,2025-09-03,SALE,-5,Order,ORD-002861
MOV-0008600,PRD-0049,2025-09-03,SALE,-3,Order,ORD-002861
MOV-0008601,PRD-0006,2025-09-03,SALE,-6,Order,ORD-002861
MOV-0008602,PRD-0013,2026-06-25,SALE,-22,Order,ORD-002862
MOV-0008603,PRD-0026,2026-06-25,SALE,-16,Order,ORD-002862
MOV-0008604,PRD-0066,2026-06-25,SALE,-6,Order,ORD-002862
MOV-0008605,PRD-0005,2026-06-25,SALE,-8,Order,ORD-002862
MOV-0008606,PRD-0059,2026-02-06,SALE,-6,Order,ORD-002863
MOV-0008607,PRD-0011,2026-02-06,SALE,-7,Order,ORD-002863
MOV-0008608,PRD-0068,2025-09-12,SALE,-12,Order,ORD-002865
MOV-0008609,PRD-0057,2025-09-12,SALE,-8,Order,ORD-002865
MOV-0008610,PRD-0032,2025-09-12,SALE,-4,Order,ORD-002865
MOV-0008611,PRD-0064,2025-09-12,SALE,-6,Order,ORD-002865
MOV-0008612,PRD-0030,2025-09-12,SALE,-24,Order,ORD-002865
MOV-0008613,PRD-0011,2026-01-30,SALE,-14,Order,ORD-002866
MOV-0008614,PRD-0048,2026-01-30,SALE,-7,Order,ORD-002866
MOV-0008615,PRD-0069,2026-01-30,SALE,-12,Order,ORD-002866
MOV-0008616,PRD-0003,2026-01-30,SALE,-9,Order,ORD-002866
MOV-0008617,PRD-0063,2026-01-30,SALE,-23,Order,ORD-002866
MOV-0008618,PRD-0045,2026-03-28,SALE,-14,Order,ORD-002867
MOV-0008619,PRD-0001,2026-03-07,SALE,-14,Order,ORD-002868
MOV-0008620,PRD-0023,2026-03-07,SALE,-9,Order,ORD-002868
MOV-0008621,PRD-0030,2025-12-18,SALE,-12,Order,ORD-002869
MOV-0008622,PRD-0065,2025-12-18,SALE,-21,Order,ORD-002869
MOV-0008623,PRD-0022,2025-12-18,SALE,-6,Order,ORD-002869
MOV-0008624,PRD-0034,2025-12-18,SALE,-8,Order,ORD-002869
MOV-0008625,PRD-0004,2026-08-15,SALE,-7,Order,ORD-002871
MOV-0008626,PRD-0034,2026-08-15,SALE,-2,Order,ORD-002871
MOV-0008627,PRD-0046,2025-09-20,SALE,-13,Order,ORD-002872
MOV-0008628,PRD-0058,2025-09-20,SALE,-3,Order,ORD-002872
MOV-0008629,PRD-0052,2025-09-20,SALE,-11,Order,ORD-002872
MOV-0008630,PRD-0066,2025-09-20,SALE,-34,Order,ORD-002872
MOV-0008631,PRD-0045,2025-09-20,SALE,-13,Order,ORD-002872
MOV-0008632,PRD-0060,2025-09-20,SALE,-5,Order,ORD-002872
MOV-0008633,PRD-0049,2025-09-20,SALE,-37,Order,ORD-002872
MOV-0008634,PRD-0053,2026-01-18,SALE,-10,Order,ORD-002874
MOV-0008635,PRD-0013,2026-01-18,SALE,-12,Order,ORD-002874
MOV-0008636,PRD-0030,2026-08-22,SALE,-11,Order,ORD-002875
MOV-0008637,PRD-0016,2026-08-22,SALE,-5,Order,ORD-002875
MOV-0008638,PRD-0066,2026-08-22,SALE,-6,Order,ORD-002875
MOV-0008639,PRD-0007,2026-08-22,SALE,-1,Order,ORD-002875
MOV-0008640,PRD-0005,2025-04-09,SALE,-13,Order,ORD-002876
MOV-0008641,PRD-0018,2025-12-09,SALE,-3,Order,ORD-002877
MOV-0008642,PRD-0049,2025-12-09,SALE,-9,Order,ORD-002877
MOV-0008643,PRD-0018,2026-04-21,SALE,-7,Order,ORD-002878
MOV-0008644,PRD-0060,2026-08-28,SALE,-5,Order,ORD-002879
MOV-0008645,PRD-0034,2025-08-15,SALE,-11,Order,ORD-002880
MOV-0008646,PRD-0009,2025-08-15,SALE,-18,Order,ORD-002880
MOV-0008647,PRD-0023,2025-08-15,SALE,-22,Order,ORD-002880
MOV-0008648,PRD-0022,2025-08-15,SALE,-4,Order,ORD-002880
MOV-0008649,PRD-0057,2025-08-15,SALE,-7,Order,ORD-002880
MOV-0008650,PRD-0007,2025-08-15,SALE,-15,Order,ORD-002880
MOV-0008651,PRD-0065,2025-08-15,SALE,-22,Order,ORD-002880
MOV-0008652,PRD-0040,2026-07-20,SALE,-2,Order,ORD-002881
MOV-0008653,PRD-0069,2026-07-20,SALE,-6,Order,ORD-002881
MOV-0008654,PRD-0053,2025-08-08,SALE,-4,Order,ORD-002883
MOV-0008655,PRD-0069,2026-03-08,SALE,-2,Order,ORD-002884
MOV-0008656,PRD-0011,2026-03-08,SALE,-10,Order,ORD-002884
MOV-0008657,PRD-0068,2026-03-08,SALE,-2,Order,ORD-002884
MOV-0008658,PRD-0003,2026-03-08,SALE,-2,Order,ORD-002884
MOV-0008659,PRD-0036,2026-08-18,SALE,-9,Order,ORD-002885
MOV-0008660,PRD-0067,2026-08-18,SALE,-5,Order,ORD-002885
MOV-0008661,PRD-0066,2026-08-18,SALE,-18,Order,ORD-002885
MOV-0008662,PRD-0010,2026-08-18,SALE,-4,Order,ORD-002885
MOV-0008663,PRD-0007,2026-03-26,SALE,-12,Order,ORD-002886
MOV-0008664,PRD-0064,2026-03-26,SALE,-14,Order,ORD-002886
MOV-0008665,PRD-0021,2026-03-26,SALE,-6,Order,ORD-002886
MOV-0008666,PRD-0005,2026-05-14,SALE,-38,Order,ORD-002888
MOV-0008667,PRD-0031,2026-05-14,SALE,-16,Order,ORD-002888
MOV-0008668,PRD-0052,2026-09-02,SALE,-11,Order,ORD-002889
MOV-0008669,PRD-0034,2026-09-02,SALE,-7,Order,ORD-002889
MOV-0008670,PRD-0031,2026-09-02,SALE,-14,Order,ORD-002889
MOV-0008671,PRD-0038,2026-09-02,SALE,-11,Order,ORD-002889
MOV-0008672,PRD-0058,2026-09-02,SALE,-14,Order,ORD-002889
MOV-0008673,PRD-0034,2025-05-01,SALE,-12,Order,ORD-002890
MOV-0008674,PRD-0028,2025-05-01,SALE,-20,Order,ORD-002890
MOV-0008675,PRD-0049,2025-05-01,SALE,-23,Order,ORD-002890
MOV-0008676,PRD-0050,2025-05-01,SALE,-23,Order,ORD-002890
MOV-0008677,PRD-0066,2025-05-01,SALE,-23,Order,ORD-002890
MOV-0008678,PRD-0013,2026-06-28,SALE,-46,Order,ORD-002891
MOV-0008679,PRD-0040,2026-05-17,SALE,-7,Order,ORD-002892
MOV-0008680,PRD-0045,2026-05-17,SALE,-15,Order,ORD-002892
MOV-0008681,PRD-0047,2025-12-15,SALE,-7,Order,ORD-002893
MOV-0008682,PRD-0005,2025-12-15,SALE,-5,Order,ORD-002893
MOV-0008683,PRD-0045,2025-12-15,SALE,-7,Order,ORD-002893
MOV-0008684,PRD-0021,2025-12-15,SALE,-5,Order,ORD-002893
MOV-0008685,PRD-0050,2026-01-01,SALE,-13,Order,ORD-002894
MOV-0008686,PRD-0066,2026-01-01,SALE,-7,Order,ORD-002894
MOV-0008687,PRD-0034,2026-06-05,SALE,-10,Order,ORD-002895
MOV-0008688,PRD-0033,2026-03-25,SALE,-9,Order,ORD-002896
MOV-0008689,PRD-0069,2026-03-25,SALE,-9,Order,ORD-002896
MOV-0008690,PRD-0009,2026-01-29,SALE,-11,Order,ORD-002897
MOV-0008691,PRD-0018,2026-01-29,SALE,-11,Order,ORD-002897
MOV-0008692,PRD-0060,2026-03-12,SALE,-16,Order,ORD-002898
MOV-0008693,PRD-0069,2026-03-12,SALE,-19,Order,ORD-002898
MOV-0008694,PRD-0046,2026-03-12,SALE,-9,Order,ORD-002898
MOV-0008695,PRD-0057,2026-03-12,SALE,-19,Order,ORD-002898
MOV-0008696,PRD-0007,2025-06-13,SALE,-8,Order,ORD-002899
MOV-0008697,PRD-0013,2025-06-13,SALE,-17,Order,ORD-002899
MOV-0008698,PRD-0063,2025-08-03,SALE,-40,Order,ORD-002900
MOV-0008699,PRD-0069,2025-08-03,SALE,-11,Order,ORD-002900
MOV-0008700,PRD-0013,2025-08-03,SALE,-40,Order,ORD-002900
MOV-0008701,PRD-0055,2025-08-03,SALE,-11,Order,ORD-002900
MOV-0008702,PRD-0052,2025-06-14,SALE,-17,Order,ORD-002901
MOV-0008703,PRD-0013,2025-06-14,SALE,-55,Order,ORD-002901
MOV-0008704,PRD-0031,2025-06-14,SALE,-31,Order,ORD-002901
MOV-0008705,PRD-0058,2026-02-14,SALE,-5,Order,ORD-002902
MOV-0008706,PRD-0001,2026-02-14,SALE,-11,Order,ORD-002902
MOV-0008707,PRD-0008,2026-02-14,SALE,-4,Order,ORD-002902
MOV-0008708,PRD-0066,2026-02-14,SALE,-25,Order,ORD-002902
MOV-0008709,PRD-0029,2026-02-14,SALE,-2,Order,ORD-002902
MOV-0008710,PRD-0069,2026-03-13,SALE,-3,Order,ORD-002903
MOV-0008711,PRD-0045,2026-03-13,SALE,-31,Order,ORD-002903
MOV-0008712,PRD-0022,2026-03-13,SALE,-3,Order,ORD-002903
MOV-0008713,PRD-0044,2026-03-13,SALE,-72,Order,ORD-002903
MOV-0008714,PRD-0023,2026-03-13,SALE,-16,Order,ORD-002903
MOV-0008715,PRD-0047,2026-03-13,SALE,-12,Order,ORD-002903
MOV-0008716,PRD-0009,2026-03-13,SALE,-19,Order,ORD-002903
MOV-0008717,PRD-0057,2025-04-12,SALE,-6,Order,ORD-002905
MOV-0008718,PRD-0017,2025-04-12,SALE,-9,Order,ORD-002905
MOV-0008719,PRD-0007,2025-04-12,SALE,-18,Order,ORD-002905
MOV-0008720,PRD-0045,2025-04-12,SALE,-9,Order,ORD-002905
MOV-0008721,PRD-0005,2025-04-12,SALE,-34,Order,ORD-002905
MOV-0008722,PRD-0037,2025-04-12,SALE,-61,Order,ORD-002905
MOV-0008723,PRD-0015,2025-04-12,SALE,-6,Order,ORD-002905
MOV-0008724,PRD-0053,2026-05-11,SALE,-18,Order,ORD-002906
MOV-0008725,PRD-0039,2026-05-11,SALE,-40,Order,ORD-002906
MOV-0008726,PRD-0021,2026-05-11,SALE,-12,Order,ORD-002906
MOV-0008727,PRD-0007,2026-05-11,SALE,-9,Order,ORD-002906
MOV-0008728,PRD-0006,2026-05-11,SALE,-12,Order,ORD-002906
MOV-0008729,PRD-0050,2025-03-27,SALE,-16,Order,ORD-002909
MOV-0008730,PRD-0042,2025-08-26,SALE,-58,Order,ORD-002910
MOV-0008731,PRD-0038,2025-08-26,SALE,-21,Order,ORD-002910
MOV-0008732,PRD-0057,2025-08-26,SALE,-12,Order,ORD-002910
MOV-0008733,PRD-0069,2025-08-26,SALE,-21,Order,ORD-002910
MOV-0008734,PRD-0027,2025-08-26,SALE,-49,Order,ORD-002910
MOV-0008735,PRD-0030,2025-08-26,SALE,-16,Order,ORD-002910
MOV-0008736,PRD-0064,2025-03-08,SALE,-4,Order,ORD-002911
MOV-0008737,PRD-0050,2025-03-08,SALE,-8,Order,ORD-002911
MOV-0008738,PRD-0065,2026-03-28,SALE,-5,Order,ORD-002912
MOV-0008739,PRD-0066,2026-03-28,SALE,-7,Order,ORD-002912
MOV-0008740,PRD-0066,2025-06-04,SALE,-51,Order,ORD-002913
MOV-0008741,PRD-0058,2025-06-04,SALE,-7,Order,ORD-002913
MOV-0008742,PRD-0021,2025-06-04,SALE,-4,Order,ORD-002913
MOV-0008743,PRD-0069,2025-06-04,SALE,-22,Order,ORD-002913
MOV-0008744,PRD-0030,2025-06-04,SALE,-51,Order,ORD-002913
MOV-0008745,PRD-0009,2025-06-04,SALE,-18,Order,ORD-002913
MOV-0008746,PRD-0009,2025-07-05,SALE,-2,Order,ORD-002914
MOV-0008747,PRD-0034,2026-01-13,SALE,-1,Order,ORD-002915
MOV-0008748,PRD-0066,2026-01-13,SALE,-9,Order,ORD-002915
MOV-0008749,PRD-0037,2025-07-31,SALE,-11,Order,ORD-002917
MOV-0008750,PRD-0033,2025-07-31,SALE,-4,Order,ORD-002917
MOV-0008751,PRD-0017,2025-07-31,SALE,-4,Order,ORD-002917
MOV-0008752,PRD-0009,2025-06-10,SALE,-2,Order,ORD-002918
MOV-0008753,PRD-0032,2025-06-10,SALE,-10,Order,ORD-002918
MOV-0008754,PRD-0049,2025-06-10,SALE,-15,Order,ORD-002918
MOV-0008755,PRD-0033,2025-06-10,SALE,-7,Order,ORD-002918
MOV-0008756,PRD-0069,2025-07-17,SALE,-4,Order,ORD-002919
MOV-0008757,PRD-0066,2025-12-02,SALE,-13,Order,ORD-002920
MOV-0008758,PRD-0026,2025-08-25,SALE,-24,Order,ORD-002921
MOV-0008759,PRD-0005,2025-08-25,SALE,-10,Order,ORD-002921
MOV-0008760,PRD-0066,2025-06-20,SALE,-10,Order,ORD-002922
MOV-0008761,PRD-0023,2025-06-20,SALE,-4,Order,ORD-002922
MOV-0008762,PRD-0019,2025-06-20,SALE,-8,Order,ORD-002922
MOV-0008763,PRD-0066,2025-12-27,SALE,-20,Order,ORD-002923
MOV-0008764,PRD-0031,2025-12-27,SALE,-9,Order,ORD-002923
MOV-0008765,PRD-0054,2026-08-30,SALE,-33,Order,ORD-002924
MOV-0008766,PRD-0027,2026-08-30,SALE,-61,Order,ORD-002924
MOV-0008767,PRD-0053,2026-08-30,SALE,-20,Order,ORD-002924
MOV-0008768,PRD-0014,2026-08-30,SALE,-16,Order,ORD-002924
MOV-0008769,PRD-0045,2026-08-30,SALE,-49,Order,ORD-002924
MOV-0008770,PRD-0032,2026-08-30,SALE,-4,Order,ORD-002924
MOV-0008771,PRD-0016,2025-12-26,SALE,-2,Order,ORD-002925
MOV-0008772,PRD-0034,2025-12-26,SALE,-9,Order,ORD-002925
MOV-0008773,PRD-0033,2025-12-26,SALE,-6,Order,ORD-002925
MOV-0008774,PRD-0064,2025-12-26,SALE,-6,Order,ORD-002925
MOV-0008775,PRD-0060,2025-12-26,SALE,-9,Order,ORD-002925
MOV-0008776,PRD-0058,2026-05-23,SALE,-9,Order,ORD-002926
MOV-0008777,PRD-0030,2026-05-23,SALE,-11,Order,ORD-002926
MOV-0008778,PRD-0015,2026-05-23,SALE,-2,Order,ORD-002926
MOV-0008779,PRD-0024,2026-05-23,SALE,-31,Order,ORD-002926
MOV-0008780,PRD-0026,2026-05-23,SALE,-40,Order,ORD-002926
MOV-0008781,PRD-0053,2026-03-11,SALE,-3,Order,ORD-002927
MOV-0008782,PRD-0050,2025-11-04,SALE,-23,Order,ORD-002928
MOV-0008783,PRD-0023,2025-11-04,SALE,-9,Order,ORD-002928
MOV-0008784,PRD-0032,2025-11-04,SALE,-12,Order,ORD-002928
MOV-0008785,PRD-0053,2025-11-04,SALE,-2,Order,ORD-002928
MOV-0008786,PRD-0028,2025-11-04,SALE,-28,Order,ORD-002928
MOV-0008787,PRD-0069,2025-11-18,SALE,-8,Order,ORD-002929
MOV-0008788,PRD-0022,2025-11-18,SALE,-12,Order,ORD-002929
MOV-0008789,PRD-0010,2025-08-03,SALE,-6,Order,ORD-002930
MOV-0008790,PRD-0007,2025-08-03,SALE,-12,Order,ORD-002930
MOV-0008791,PRD-0066,2025-08-03,SALE,-24,Order,ORD-002930
MOV-0008792,PRD-0048,2025-08-03,SALE,-3,Order,ORD-002930
MOV-0008793,PRD-0034,2025-08-03,SALE,-12,Order,ORD-002930
MOV-0008794,PRD-0030,2025-08-03,SALE,-15,Order,ORD-002930
MOV-0008795,PRD-0044,2025-08-03,SALE,-56,Order,ORD-002930
MOV-0008796,PRD-0005,2025-06-28,SALE,-3,Order,ORD-002932
MOV-0008797,PRD-0053,2025-06-28,SALE,-3,Order,ORD-002932
MOV-0008798,PRD-0013,2025-09-18,SALE,-29,Order,ORD-002933
MOV-0008799,PRD-0010,2025-09-18,SALE,-8,Order,ORD-002933
MOV-0008800,PRD-0053,2026-07-10,SALE,-8,Order,ORD-002935
MOV-0008801,PRD-0045,2026-07-10,SALE,-7,Order,ORD-002935
MOV-0008802,PRD-0011,2026-07-10,SALE,-1,Order,ORD-002935
MOV-0008803,PRD-0069,2025-11-01,SALE,-2,Order,ORD-002937
MOV-0008804,PRD-0066,2026-06-07,SALE,-28,Order,ORD-002938
MOV-0008805,PRD-0045,2026-06-07,SALE,-38,Order,ORD-002938
MOV-0008806,PRD-0013,2026-06-07,SALE,-54,Order,ORD-002938
MOV-0008807,PRD-0027,2026-08-23,SALE,-13,Order,ORD-002939
MOV-0008808,PRD-0055,2026-08-23,SALE,-5,Order,ORD-002939
MOV-0008809,PRD-0032,2026-08-23,SALE,-6,Order,ORD-002939
MOV-0008810,PRD-0022,2026-08-23,SALE,-2,Order,ORD-002939
MOV-0008811,PRD-0007,2025-11-19,SALE,-2,Order,ORD-002940
MOV-0008812,PRD-0060,2026-05-27,SALE,-1,Order,ORD-002941
MOV-0008813,PRD-0030,2026-07-24,SALE,-35,Order,ORD-002942
MOV-0008814,PRD-0069,2026-07-24,SALE,-8,Order,ORD-002942
MOV-0008815,PRD-0036,2025-11-09,SALE,-24,Order,ORD-002943
MOV-0008816,PRD-0048,2025-11-09,SALE,-12,Order,ORD-002943
MOV-0008817,PRD-0030,2025-11-09,SALE,-44,Order,ORD-002943
MOV-0008818,PRD-0011,2025-11-09,SALE,-16,Order,ORD-002943
MOV-0008819,PRD-0013,2025-11-09,SALE,-92,Order,ORD-002943
MOV-0008820,PRD-0030,2026-05-07,SALE,-15,Order,ORD-002944
MOV-0008821,PRD-0008,2026-05-07,SALE,-5,Order,ORD-002944
MOV-0008822,PRD-0052,2026-02-26,SALE,-2,Order,ORD-002945
MOV-0008823,PRD-0034,2026-02-26,SALE,-5,Order,ORD-002945
MOV-0008824,PRD-0007,2026-02-26,SALE,-3,Order,ORD-002945
MOV-0008825,PRD-0023,2026-02-26,SALE,-4,Order,ORD-002945
MOV-0008826,PRD-0049,2026-02-26,SALE,-14,Order,ORD-002945
MOV-0008827,PRD-0046,2026-05-23,SALE,-20,Order,ORD-002946
MOV-0008828,PRD-0037,2026-05-23,SALE,-40,Order,ORD-002946
MOV-0008829,PRD-0021,2026-05-23,SALE,-17,Order,ORD-002946
MOV-0008830,PRD-0012,2026-05-23,SALE,-10,Order,ORD-002946
MOV-0008831,PRD-0011,2025-08-03,SALE,-8,Order,ORD-002947
MOV-0008832,PRD-0033,2025-08-03,SALE,-12,Order,ORD-002947
MOV-0008833,PRD-0027,2025-08-03,SALE,-30,Order,ORD-002947
MOV-0008834,PRD-0036,2025-08-03,SALE,-12,Order,ORD-002947
MOV-0008835,PRD-0032,2025-08-03,SALE,-12,Order,ORD-002947
MOV-0008836,PRD-0037,2025-06-04,SALE,-64,Order,ORD-002948
MOV-0008837,PRD-0062,2025-06-04,SALE,-24,Order,ORD-002948
MOV-0008838,PRD-0047,2025-06-04,SALE,-12,Order,ORD-002948
MOV-0008839,PRD-0052,2025-06-04,SALE,-24,Order,ORD-002948
MOV-0008840,PRD-0017,2025-06-04,SALE,-24,Order,ORD-002948
MOV-0008841,PRD-0045,2025-06-04,SALE,-44,Order,ORD-002948
MOV-0008842,PRD-0033,2025-06-04,SALE,-16,Order,ORD-002948
MOV-0008843,PRD-0049,2025-03-07,SALE,-16,Order,ORD-002949
MOV-0008844,PRD-0040,2025-03-07,SALE,-4,Order,ORD-002949
MOV-0008845,PRD-0033,2025-03-07,SALE,-2,Order,ORD-002949
MOV-0008846,PRD-0009,2026-03-20,SALE,-11,Order,ORD-002950
MOV-0008847,PRD-0046,2026-03-20,SALE,-4,Order,ORD-002950
MOV-0008848,PRD-0065,2025-03-16,SALE,-27,Order,ORD-002951
MOV-0008849,PRD-0064,2025-03-16,SALE,-9,Order,ORD-002951
MOV-0008850,PRD-0049,2025-03-16,SALE,-9,Order,ORD-002951
MOV-0008851,PRD-0036,2025-03-16,SALE,-9,Order,ORD-002951
MOV-0008852,PRD-0007,2025-03-16,SALE,-5,Order,ORD-002951
MOV-0008853,PRD-0034,2025-09-03,SALE,-2,Order,ORD-002952
MOV-0008854,PRD-0040,2025-09-03,SALE,-5,Order,ORD-002952
MOV-0008855,PRD-0053,2025-09-03,SALE,-8,Order,ORD-002952
MOV-0008856,PRD-0048,2025-09-03,SALE,-8,Order,ORD-002952
MOV-0008857,PRD-0005,2025-09-03,SALE,-7,Order,ORD-002952
MOV-0008858,PRD-0007,2025-05-31,SALE,-4,Order,ORD-002953
MOV-0008859,PRD-0048,2025-05-31,SALE,-4,Order,ORD-002953
MOV-0008860,PRD-0009,2025-10-09,SALE,-4,Order,ORD-002954
MOV-0008861,PRD-0039,2025-10-09,SALE,-4,Order,ORD-002954
MOV-0008862,PRD-0050,2025-10-09,SALE,-4,Order,ORD-002954
MOV-0008863,PRD-0034,2025-11-28,SALE,-11,Order,ORD-002956
MOV-0008864,PRD-0037,2025-11-28,SALE,-32,Order,ORD-002956
MOV-0008865,PRD-0062,2025-11-28,SALE,-30,Order,ORD-002956
MOV-0008866,PRD-0022,2026-05-29,SALE,-4,Order,ORD-002957
MOV-0008867,PRD-0052,2026-05-29,SALE,-3,Order,ORD-002957
MOV-0008868,PRD-0053,2026-05-29,SALE,-4,Order,ORD-002957
MOV-0008869,PRD-0011,2026-05-29,SALE,-4,Order,ORD-002957
MOV-0008870,PRD-0049,2025-03-18,SALE,-24,Order,ORD-002959
MOV-0008871,PRD-0002,2025-03-18,SALE,-16,Order,ORD-002959
MOV-0008872,PRD-0045,2025-03-18,SALE,-20,Order,ORD-002959
MOV-0008873,PRD-0001,2025-03-18,SALE,-4,Order,ORD-002959
MOV-0008874,PRD-0069,2026-05-30,SALE,-11,Order,ORD-002960
MOV-0008875,PRD-0037,2026-05-30,SALE,-62,Order,ORD-002960
MOV-0008876,PRD-0007,2026-05-30,SALE,-7,Order,ORD-002960
MOV-0008877,PRD-0047,2026-05-30,SALE,-7,Order,ORD-002960
MOV-0008878,PRD-0048,2025-05-31,SALE,-14,Order,ORD-002961
MOV-0008879,PRD-0037,2025-05-31,SALE,-77,Order,ORD-002961
MOV-0008880,PRD-0008,2025-05-31,SALE,-18,Order,ORD-002961
MOV-0008881,PRD-0045,2025-05-31,SALE,-28,Order,ORD-002961
MOV-0008882,PRD-0066,2025-10-10,SALE,-22,Order,ORD-002962
MOV-0008883,PRD-0028,2025-10-10,SALE,-14,Order,ORD-002962
MOV-0008884,PRD-0055,2026-06-16,SALE,-4,Order,ORD-002963
MOV-0008885,PRD-0051,2026-06-16,SALE,-42,Order,ORD-002963
MOV-0008886,PRD-0049,2026-07-21,SALE,-28,Order,ORD-002964
MOV-0008887,PRD-0063,2026-07-21,SALE,-21,Order,ORD-002964
MOV-0008888,PRD-0024,2026-07-21,SALE,-35,Order,ORD-002964
MOV-0008889,PRD-0052,2026-07-21,SALE,-4,Order,ORD-002964
MOV-0008890,PRD-0048,2026-07-21,SALE,-18,Order,ORD-002964
MOV-0008891,PRD-0030,2026-07-21,SALE,-32,Order,ORD-002964
MOV-0008892,PRD-0034,2025-09-17,SALE,-5,Order,ORD-002965
MOV-0008893,PRD-0007,2025-11-28,SALE,-5,Order,ORD-002967
MOV-0008894,PRD-0066,2025-11-28,SALE,-4,Order,ORD-002967
MOV-0008895,PRD-0027,2025-11-28,SALE,-25,Order,ORD-002967
MOV-0008896,PRD-0005,2025-10-17,SALE,-46,Order,ORD-002968
MOV-0008897,PRD-0069,2025-10-17,SALE,-8,Order,ORD-002968
MOV-0008898,PRD-0034,2026-03-02,SALE,-12,Order,ORD-002969
MOV-0008899,PRD-0021,2026-03-02,SALE,-2,Order,ORD-002969
MOV-0008900,PRD-0036,2025-07-28,SALE,-11,Order,ORD-002970
MOV-0008901,PRD-0050,2025-07-28,SALE,-14,Order,ORD-002970
MOV-0008902,PRD-0024,2025-07-28,SALE,-25,Order,ORD-002970
MOV-0008903,PRD-0005,2025-07-28,SALE,-36,Order,ORD-002970
MOV-0008904,PRD-0053,2026-04-03,SALE,-12,Order,ORD-002971
MOV-0008905,PRD-0016,2026-04-03,SALE,-20,Order,ORD-002971
MOV-0008906,PRD-0007,2026-04-03,SALE,-4,Order,ORD-002971
MOV-0008907,PRD-0043,2026-04-03,SALE,-24,Order,ORD-002971
MOV-0008908,PRD-0026,2026-04-03,SALE,-52,Order,ORD-002971
MOV-0008909,PRD-0015,2026-01-11,SALE,-1,Order,ORD-002972
MOV-0008910,PRD-0017,2026-01-11,SALE,-5,Order,ORD-002972
MOV-0008911,PRD-0060,2026-01-11,SALE,-2,Order,ORD-002972
MOV-0008912,PRD-0023,2026-01-11,SALE,-2,Order,ORD-002972
MOV-0008913,PRD-0003,2025-11-12,SALE,-10,Order,ORD-002973
MOV-0008914,PRD-0007,2025-11-12,SALE,-7,Order,ORD-002973
MOV-0008915,PRD-0021,2026-04-08,SALE,-11,Order,ORD-002974
MOV-0008916,PRD-0043,2026-04-08,SALE,-2,Order,ORD-002974
MOV-0008917,PRD-0031,2025-12-12,SALE,-40,Order,ORD-002975
MOV-0008918,PRD-0066,2025-12-12,SALE,-33,Order,ORD-002975
MOV-0008919,PRD-0005,2025-12-12,SALE,-40,Order,ORD-002975
MOV-0008920,PRD-0054,2025-12-12,SALE,-51,Order,ORD-002975
MOV-0008921,PRD-0026,2025-12-12,SALE,-44,Order,ORD-002975
MOV-0008922,PRD-0034,2025-12-27,SALE,-6,Order,ORD-002976
MOV-0008923,PRD-0069,2025-12-27,SALE,-8,Order,ORD-002976
MOV-0008924,PRD-0048,2025-12-27,SALE,-8,Order,ORD-002976
MOV-0008925,PRD-0032,2025-12-27,SALE,-11,Order,ORD-002976
MOV-0008926,PRD-0023,2026-01-10,SALE,-5,Order,ORD-002977
MOV-0008927,PRD-0032,2026-01-10,SALE,-4,Order,ORD-002977
MOV-0008928,PRD-0049,2026-07-23,SALE,-34,Order,ORD-002978
MOV-0008929,PRD-0005,2026-07-23,SALE,-36,Order,ORD-002978
MOV-0008930,PRD-0037,2025-04-25,SALE,-34,Order,ORD-002979
MOV-0008931,PRD-0034,2025-04-25,SALE,-5,Order,ORD-002979
MOV-0008932,PRD-0005,2025-04-25,SALE,-24,Order,ORD-002979
MOV-0008933,PRD-0068,2025-04-25,SALE,-5,Order,ORD-002979
MOV-0008934,PRD-0069,2025-04-25,SALE,-5,Order,ORD-002979
MOV-0008935,PRD-0001,2025-07-01,SALE,-9,Order,ORD-002980
MOV-0008936,PRD-0057,2025-07-01,SALE,-9,Order,ORD-002980
MOV-0008937,PRD-0034,2025-07-01,SALE,-9,Order,ORD-002980
MOV-0008938,PRD-0031,2025-08-04,SALE,-20,Order,ORD-002981
MOV-0008939,PRD-0021,2025-08-04,SALE,-9,Order,ORD-002981
MOV-0008940,PRD-0003,2025-08-04,SALE,-11,Order,ORD-002981
MOV-0008941,PRD-0024,2025-08-04,SALE,-37,Order,ORD-002981
MOV-0008942,PRD-0034,2025-08-04,SALE,-2,Order,ORD-002981
MOV-0008943,PRD-0027,2026-08-16,SALE,-15,Order,ORD-002982
MOV-0008944,PRD-0031,2026-08-16,SALE,-5,Order,ORD-002982
MOV-0008945,PRD-0005,2026-08-16,SALE,-11,Order,ORD-002982
MOV-0008946,PRD-0014,2026-08-16,SALE,-3,Order,ORD-002982
MOV-0008947,PRD-0040,2025-08-19,SALE,-7,Order,ORD-002983
MOV-0008948,PRD-0007,2025-08-19,SALE,-5,Order,ORD-002983
MOV-0008949,PRD-0069,2026-07-17,SALE,-21,Order,ORD-002984
MOV-0008950,PRD-0045,2026-07-17,SALE,-35,Order,ORD-002984
MOV-0008951,PRD-0053,2026-07-17,SALE,-7,Order,ORD-002984
MOV-0008952,PRD-0021,2026-07-17,SALE,-14,Order,ORD-002984
MOV-0008953,PRD-0041,2026-07-17,SALE,-7,Order,ORD-002984
MOV-0008954,PRD-0034,2026-07-17,SALE,-4,Order,ORD-002984
MOV-0008955,PRD-0036,2026-07-27,SALE,-8,Order,ORD-002987
MOV-0008956,PRD-0058,2026-07-27,SALE,-25,Order,ORD-002987
MOV-0008957,PRD-0044,2025-07-29,SALE,-29,Order,ORD-002988
MOV-0008958,PRD-0066,2025-07-29,SALE,-29,Order,ORD-002988
MOV-0008959,PRD-0034,2025-09-29,SALE,-3,Order,ORD-002990
MOV-0008960,PRD-0066,2025-09-29,SALE,-18,Order,ORD-002990
MOV-0008961,PRD-0007,2025-09-29,SALE,-6,Order,ORD-002990
MOV-0008962,PRD-0046,2025-09-29,SALE,-9,Order,ORD-002990
MOV-0008963,PRD-0057,2025-09-29,SALE,-9,Order,ORD-002990
MOV-0008964,PRD-0011,2025-09-28,SALE,-4,Order,ORD-002991
MOV-0008965,PRD-0045,2025-08-29,SALE,-22,Order,ORD-002992
MOV-0008966,PRD-0053,2025-08-29,SALE,-11,Order,ORD-002992
MOV-0008967,PRD-0050,2025-08-29,SALE,-16,Order,ORD-002992
MOV-0008968,PRD-0004,2025-08-29,SALE,-7,Order,ORD-002992
MOV-0008969,PRD-0015,2025-08-29,SALE,-2,Order,ORD-002992
MOV-0008970,PRD-0045,2026-08-12,SALE,-4,Order,ORD-002993
MOV-0008971,PRD-0037,2026-08-12,SALE,-22,Order,ORD-002993
MOV-0008972,PRD-0063,2026-01-27,SALE,-12,Order,ORD-002995
MOV-0008973,PRD-0053,2026-06-15,SALE,-4,Order,ORD-002996
MOV-0008974,PRD-0008,2026-06-15,SALE,-7,Order,ORD-002996
MOV-0008975,PRD-0034,2026-06-15,SALE,-18,Order,ORD-002996
MOV-0008976,PRD-0025,2026-06-15,SALE,-11,Order,ORD-002996
MOV-0008977,PRD-0045,2026-06-15,SALE,-32,Order,ORD-002996
MOV-0008978,PRD-0034,2025-11-03,SALE,-7,Order,ORD-002997
MOV-0008979,PRD-0005,2025-11-03,SALE,-25,Order,ORD-002997
MOV-0008980,PRD-0014,2025-11-03,SALE,-9,Order,ORD-002997
MOV-0008981,PRD-0050,2025-11-03,SALE,-14,Order,ORD-002997
MOV-0008982,PRD-0007,2025-11-03,SALE,-14,Order,ORD-002997
MOV-0008983,PRD-0022,2026-07-30,SALE,-5,Order,ORD-002998
MOV-0008984,PRD-0034,2026-07-30,SALE,-5,Order,ORD-002998
MOV-0008985,PRD-0050,2026-07-30,SALE,-12,Order,ORD-002998
MOV-0008986,PRD-0013,2025-12-06,SALE,-26,Order,ORD-002999
MOV-0008987,PRD-0053,2025-12-06,SALE,-10,Order,ORD-002999
MOV-0008988,PRD-0007,2026-05-15,SALE,-16,Order,ORD-003001
MOV-0008989,PRD-0068,2026-05-15,SALE,-3,Order,ORD-003001
MOV-0008990,PRD-0021,2026-05-15,SALE,-13,Order,ORD-003001
MOV-0008991,PRD-0065,2025-11-18,SALE,-9,Order,ORD-003002
MOV-0008992,PRD-0005,2025-11-18,SALE,-22,Order,ORD-003002
MOV-0008993,PRD-0036,2025-11-18,SALE,-11,Order,ORD-003002
MOV-0008994,PRD-0008,2025-11-18,SALE,-9,Order,ORD-003002
MOV-0008995,PRD-0017,2025-11-18,SALE,-11,Order,ORD-003002
MOV-0008996,PRD-0069,2025-11-18,SALE,-9,Order,ORD-003002
MOV-0008997,PRD-0069,2025-06-03,SALE,-5,Order,ORD-003004
MOV-0008998,PRD-0006,2025-06-03,SALE,-8,Order,ORD-003004
MOV-0008999,PRD-0031,2025-06-03,SALE,-8,Order,ORD-003004
MOV-0009000,PRD-0040,2026-08-27,SALE,-5,Order,ORD-003005
MOV-0009001,PRD-0034,2026-08-27,SALE,-15,Order,ORD-003005
MOV-0009002,PRD-0066,2026-08-27,SALE,-22,Order,ORD-003005
MOV-0009003,PRD-0065,2026-08-27,SALE,-22,Order,ORD-003005
MOV-0009004,PRD-0063,2026-08-27,SALE,-27,Order,ORD-003005
MOV-0009005,PRD-0005,2026-08-27,SALE,-15,Order,ORD-003005
MOV-0009006,PRD-0007,2025-08-06,SALE,-5,Order,ORD-003007
MOV-0009007,PRD-0009,2025-08-06,SALE,-2,Order,ORD-003007
MOV-0009008,PRD-0050,2025-08-06,SALE,-17,Order,ORD-003007
MOV-0009009,PRD-0069,2025-08-06,SALE,-10,Order,ORD-003007
MOV-0009010,PRD-0060,2025-08-06,SALE,-8,Order,ORD-003007
MOV-0009011,PRD-0011,2025-07-04,SALE,-7,Order,ORD-003008
MOV-0009012,PRD-0030,2025-07-04,SALE,-8,Order,ORD-003008
MOV-0009013,PRD-0019,2025-06-13,SALE,-7,Order,ORD-003009
MOV-0009014,PRD-0036,2025-06-13,SALE,-3,Order,ORD-003009
MOV-0009015,PRD-0023,2025-06-13,SALE,-2,Order,ORD-003009
MOV-0009016,PRD-0069,2025-06-13,SALE,-1,Order,ORD-003009
MOV-0009017,PRD-0066,2026-02-02,SALE,-48,Order,ORD-003011
MOV-0009018,PRD-0008,2026-02-02,SALE,-11,Order,ORD-003011
MOV-0009019,PRD-0006,2026-02-02,SALE,-7,Order,ORD-003011
MOV-0009020,PRD-0048,2026-02-02,SALE,-15,Order,ORD-003011
MOV-0009021,PRD-0051,2026-01-04,SALE,-73,Order,ORD-003012
MOV-0009022,PRD-0034,2026-01-04,SALE,-16,Order,ORD-003012
MOV-0009023,PRD-0057,2026-01-04,SALE,-16,Order,ORD-003012
MOV-0009024,PRD-0033,2025-05-16,SALE,-15,Order,ORD-003014
MOV-0009025,PRD-0005,2025-05-16,SALE,-35,Order,ORD-003014
MOV-0009026,PRD-0034,2025-05-16,SALE,-4,Order,ORD-003014
MOV-0009027,PRD-0003,2025-05-16,SALE,-23,Order,ORD-003014
MOV-0009028,PRD-0066,2025-07-12,SALE,-32,Order,ORD-003015
MOV-0009029,PRD-0033,2025-07-12,SALE,-18,Order,ORD-003015
MOV-0009030,PRD-0005,2025-07-12,SALE,-42,Order,ORD-003015
MOV-0009031,PRD-0061,2025-07-12,SALE,-42,Order,ORD-003015
MOV-0009032,PRD-0034,2025-07-12,SALE,-21,Order,ORD-003015
MOV-0009033,PRD-0048,2025-07-12,SALE,-11,Order,ORD-003015
MOV-0009034,PRD-0006,2025-07-12,SALE,-18,Order,ORD-003015
MOV-0009035,PRD-0053,2025-12-08,SALE,-6,Order,ORD-003016
MOV-0009036,PRD-0045,2025-12-08,SALE,-6,Order,ORD-003016
MOV-0009037,PRD-0018,2025-12-08,SALE,-6,Order,ORD-003016
MOV-0009038,PRD-0013,2025-12-08,SALE,-40,Order,ORD-003016
MOV-0009039,PRD-0054,2025-12-08,SALE,-18,Order,ORD-003016
MOV-0009040,PRD-0036,2025-12-08,SALE,-10,Order,ORD-003016
MOV-0009041,PRD-0049,2025-12-08,SALE,-28,Order,ORD-003016
MOV-0009042,PRD-0011,2025-12-24,SALE,-6,Order,ORD-003017
MOV-0009043,PRD-0039,2025-12-24,SALE,-7,Order,ORD-003017
MOV-0009044,PRD-0053,2026-01-21,SALE,-12,Order,ORD-003018
MOV-0009045,PRD-0037,2026-01-21,SALE,-40,Order,ORD-003018
MOV-0009046,PRD-0017,2026-01-21,SALE,-14,Order,ORD-003018
MOV-0009047,PRD-0066,2026-01-21,SALE,-21,Order,ORD-003018
MOV-0009048,PRD-0009,2026-01-21,SALE,-7,Order,ORD-003018
MOV-0009049,PRD-0053,2025-04-27,SALE,-11,Order,ORD-003020
MOV-0009050,PRD-0045,2026-07-06,SALE,-32,Order,ORD-003021
MOV-0009051,PRD-0002,2026-07-06,SALE,-9,Order,ORD-003021
MOV-0009052,PRD-0034,2026-07-06,SALE,-5,Order,ORD-003021
MOV-0009053,PRD-0069,2026-03-24,SALE,-2,Order,ORD-003022
MOV-0009054,PRD-0066,2026-03-24,SALE,-9,Order,ORD-003022
MOV-0009055,PRD-0007,2026-03-24,SALE,-8,Order,ORD-003022
MOV-0009056,PRD-0029,2026-03-24,SALE,-3,Order,ORD-003022
MOV-0009057,PRD-0050,2026-03-24,SALE,-9,Order,ORD-003022
MOV-0009058,PRD-0002,2025-04-16,SALE,-13,Order,ORD-003024
MOV-0009059,PRD-0054,2026-03-06,SALE,-11,Order,ORD-003025
MOV-0009060,PRD-0037,2026-03-06,SALE,-27,Order,ORD-003025
MOV-0009061,PRD-0067,2025-07-16,SALE,-12,Order,ORD-003026
MOV-0009062,PRD-0036,2025-07-16,SALE,-4,Order,ORD-003026
MOV-0009063,PRD-0028,2025-07-16,SALE,-25,Order,ORD-003026
MOV-0009064,PRD-0048,2026-03-03,SALE,-7,Order,ORD-003027
MOV-0009065,PRD-0034,2026-03-03,SALE,-18,Order,ORD-003027
MOV-0009066,PRD-0031,2026-03-03,SALE,-29,Order,ORD-003027
MOV-0009067,PRD-0005,2026-03-03,SALE,-55,Order,ORD-003027
MOV-0009068,PRD-0028,2026-03-03,SALE,-59,Order,ORD-003027
MOV-0009069,PRD-0023,2026-03-03,SALE,-22,Order,ORD-003027
MOV-0009070,PRD-0052,2026-03-03,SALE,-7,Order,ORD-003027
MOV-0009071,PRD-0033,2026-02-18,SALE,-4,Order,ORD-003029
MOV-0009072,PRD-0020,2026-02-04,SALE,-19,Order,ORD-003030
MOV-0009073,PRD-0034,2026-02-04,SALE,-10,Order,ORD-003030
MOV-0009074,PRD-0060,2026-02-04,SALE,-6,Order,ORD-003030
MOV-0009075,PRD-0057,2026-02-04,SALE,-13,Order,ORD-003030
MOV-0009076,PRD-0003,2026-02-04,SALE,-3,Order,ORD-003030
MOV-0009077,PRD-0067,2026-02-04,SALE,-39,Order,ORD-003030
MOV-0009078,PRD-0061,2026-02-04,SALE,-19,Order,ORD-003030
MOV-0009079,PRD-0027,2025-07-17,SALE,-54,Order,ORD-003031
MOV-0009080,PRD-0007,2025-07-17,SALE,-9,Order,ORD-003031
MOV-0009081,PRD-0009,2025-07-17,SALE,-11,Order,ORD-003031
MOV-0009082,PRD-0035,2025-07-17,SALE,-17,Order,ORD-003031
MOV-0009083,PRD-0065,2025-07-17,SALE,-28,Order,ORD-003031
MOV-0009084,PRD-0037,2026-08-04,SALE,-40,Order,ORD-003032
MOV-0009085,PRD-0066,2026-08-04,SALE,-27,Order,ORD-003032
MOV-0009086,PRD-0065,2026-08-04,SALE,-9,Order,ORD-003032
MOV-0009087,PRD-0058,2026-08-04,SALE,-15,Order,ORD-003032
MOV-0009088,PRD-0045,2026-08-04,SALE,-9,Order,ORD-003032
MOV-0009089,PRD-0025,2026-08-04,SALE,-12,Order,ORD-003032
MOV-0009090,PRD-0032,2026-08-04,SALE,-6,Order,ORD-003032
MOV-0009091,PRD-0024,2026-08-07,SALE,-11,Order,ORD-003034
MOV-0009092,PRD-0037,2026-08-07,SALE,-47,Order,ORD-003034
MOV-0009093,PRD-0049,2026-08-07,SALE,-27,Order,ORD-003034
MOV-0009094,PRD-0053,2026-08-07,SALE,-2,Order,ORD-003034
MOV-0009095,PRD-0005,2026-08-07,SALE,-34,Order,ORD-003034
MOV-0009096,PRD-0034,2026-08-07,SALE,-11,Order,ORD-003034
MOV-0009097,PRD-0067,2026-08-07,SALE,-34,Order,ORD-003034
MOV-0009098,PRD-0068,2025-04-27,SALE,-9,Order,ORD-003035
MOV-0009099,PRD-0058,2025-04-27,SALE,-9,Order,ORD-003035
MOV-0009100,PRD-0057,2025-04-27,SALE,-15,Order,ORD-003035
MOV-0009101,PRD-0050,2025-04-27,SALE,-15,Order,ORD-003035
MOV-0009102,PRD-0036,2025-04-27,SALE,-12,Order,ORD-003035
MOV-0009103,PRD-0066,2025-04-27,SALE,-15,Order,ORD-003035
MOV-0009104,PRD-0034,2025-04-27,SALE,-19,Order,ORD-003035
MOV-0009105,PRD-0066,2026-05-26,SALE,-13,Order,ORD-003037
MOV-0009106,PRD-0059,2026-05-26,SALE,-8,Order,ORD-003037
MOV-0009107,PRD-0031,2026-05-26,SALE,-4,Order,ORD-003037
MOV-0009108,PRD-0009,2026-04-28,SALE,-9,Order,ORD-003038
MOV-0009109,PRD-0052,2026-04-28,SALE,-11,Order,ORD-003038
MOV-0009110,PRD-0040,2026-04-28,SALE,-13,Order,ORD-003038
MOV-0009111,PRD-0058,2026-04-28,SALE,-11,Order,ORD-003038
MOV-0009112,PRD-0027,2026-04-28,SALE,-44,Order,ORD-003038
MOV-0009113,PRD-0005,2026-03-10,SALE,-12,Order,ORD-003041
MOV-0009114,PRD-0058,2026-03-10,SALE,-1,Order,ORD-003041
MOV-0009115,PRD-0032,2026-03-10,SALE,-4,Order,ORD-003041
MOV-0009116,PRD-0009,2025-06-10,SALE,-7,Order,ORD-003042
MOV-0009117,PRD-0025,2025-06-10,SALE,-7,Order,ORD-003042
MOV-0009118,PRD-0063,2025-06-10,SALE,-35,Order,ORD-003042
MOV-0009119,PRD-0066,2025-06-10,SALE,-35,Order,ORD-003042
MOV-0009120,PRD-0057,2025-06-10,SALE,-7,Order,ORD-003042
MOV-0009121,PRD-0034,2025-06-10,SALE,-7,Order,ORD-003042
MOV-0009122,PRD-0005,2025-06-10,SALE,-9,Order,ORD-003042
MOV-0009123,PRD-0057,2026-02-10,SALE,-3,Order,ORD-003043
MOV-0009124,PRD-0016,2025-07-27,SALE,-9,Order,ORD-003044
MOV-0009125,PRD-0046,2025-07-27,SALE,-5,Order,ORD-003044
MOV-0009126,PRD-0034,2025-07-27,SALE,-5,Order,ORD-003044
MOV-0009127,PRD-0007,2025-07-27,SALE,-10,Order,ORD-003044
MOV-0009128,PRD-0058,2025-07-27,SALE,-10,Order,ORD-003044
MOV-0009129,PRD-0060,2025-12-17,SALE,-22,Order,ORD-003045
MOV-0009130,PRD-0032,2025-12-17,SALE,-11,Order,ORD-003045
MOV-0009131,PRD-0040,2025-12-17,SALE,-15,Order,ORD-003045
MOV-0009132,PRD-0009,2025-12-17,SALE,-18,Order,ORD-003045
MOV-0009133,PRD-0021,2025-12-17,SALE,-18,Order,ORD-003045
MOV-0009134,PRD-0064,2025-12-17,SALE,-22,Order,ORD-003045
MOV-0009135,PRD-0016,2025-12-17,SALE,-4,Order,ORD-003045
MOV-0009136,PRD-0060,2026-04-12,SALE,-3,Order,ORD-003046
MOV-0009137,PRD-0019,2026-04-12,SALE,-30,Order,ORD-003046
MOV-0009138,PRD-0007,2026-04-12,SALE,-12,Order,ORD-003046
MOV-0009139,PRD-0044,2026-01-26,SALE,-23,Order,ORD-003047
MOV-0009140,PRD-0034,2026-01-26,SALE,-3,Order,ORD-003047
MOV-0009141,PRD-0045,2026-01-26,SALE,-40,Order,ORD-003047
MOV-0009142,PRD-0033,2026-01-26,SALE,-14,Order,ORD-003047
MOV-0009143,PRD-0053,2026-01-26,SALE,-17,Order,ORD-003047
MOV-0009144,PRD-0052,2026-01-26,SALE,-17,Order,ORD-003047
MOV-0009145,PRD-0031,2025-06-05,SALE,-14,Order,ORD-003048
MOV-0009146,PRD-0065,2025-06-05,SALE,-17,Order,ORD-003048
MOV-0009147,PRD-0045,2025-06-05,SALE,-48,Order,ORD-003048
MOV-0009148,PRD-0011,2025-06-05,SALE,-10,Order,ORD-003048
MOV-0009149,PRD-0027,2026-05-11,SALE,-22,Order,ORD-003049
MOV-0009150,PRD-0026,2026-05-11,SALE,-8,Order,ORD-003049
MOV-0009151,PRD-0069,2026-02-08,SALE,-6,Order,ORD-003051
MOV-0009152,PRD-0014,2026-02-08,SALE,-7,Order,ORD-003051
MOV-0009153,PRD-0034,2026-02-08,SALE,-7,Order,ORD-003051
MOV-0009154,PRD-0031,2026-06-22,SALE,-23,Order,ORD-003052
MOV-0009155,PRD-0007,2026-06-22,SALE,-11,Order,ORD-003052
MOV-0009156,PRD-0039,2026-04-09,SALE,-19,Order,ORD-003053
MOV-0009157,PRD-0009,2026-04-09,SALE,-8,Order,ORD-003053
MOV-0009158,PRD-0047,2026-08-03,SALE,-2,Order,ORD-003054
MOV-0009159,PRD-0036,2026-08-03,SALE,-6,Order,ORD-003054
MOV-0009160,PRD-0063,2026-08-03,SALE,-51,Order,ORD-003054
MOV-0009161,PRD-0013,2026-05-23,SALE,-16,Order,ORD-003056
MOV-0009162,PRD-0003,2026-05-23,SALE,-4,Order,ORD-003056
MOV-0009163,PRD-0034,2026-05-23,SALE,-5,Order,ORD-003056
MOV-0009164,PRD-0042,2026-05-23,SALE,-5,Order,ORD-003056
MOV-0009165,PRD-0066,2025-06-18,SALE,-13,Order,ORD-003057
MOV-0009166,PRD-0069,2025-06-18,SALE,-4,Order,ORD-003057
MOV-0009167,PRD-0057,2026-08-09,SALE,-18,Order,ORD-003059
MOV-0009168,PRD-0053,2026-08-09,SALE,-4,Order,ORD-003059
MOV-0009169,PRD-0034,2026-08-09,SALE,-18,Order,ORD-003059
MOV-0009170,PRD-0026,2026-08-09,SALE,-79,Order,ORD-003059
MOV-0009171,PRD-0048,2026-08-09,SALE,-14,Order,ORD-003059
MOV-0009172,PRD-0036,2026-08-09,SALE,-18,Order,ORD-003059
MOV-0009173,PRD-0022,2026-08-09,SALE,-14,Order,ORD-003059
MOV-0009174,PRD-0069,2025-12-27,SALE,-6,Order,ORD-003060
MOV-0009175,PRD-0037,2025-12-27,SALE,-24,Order,ORD-003060
MOV-0009176,PRD-0031,2025-12-27,SALE,-16,Order,ORD-003060
MOV-0009177,PRD-0032,2025-12-27,SALE,-1,Order,ORD-003060
MOV-0009178,PRD-0066,2025-06-30,SALE,-17,Order,ORD-003061
MOV-0009179,PRD-0070,2025-06-30,SALE,-26,Order,ORD-003061
MOV-0009180,PRD-0034,2025-06-30,SALE,-9,Order,ORD-003061
MOV-0009181,PRD-0030,2025-06-30,SALE,-13,Order,ORD-003061
MOV-0009182,PRD-0058,2025-06-30,SALE,-2,Order,ORD-003061
MOV-0009183,PRD-0040,2026-05-02,SALE,-7,Order,ORD-003062
MOV-0009184,PRD-0005,2026-05-02,SALE,-16,Order,ORD-003062
MOV-0009185,PRD-0065,2025-07-30,SALE,-13,Order,ORD-003063
MOV-0009186,PRD-0043,2025-07-30,SALE,-9,Order,ORD-003063
MOV-0009187,PRD-0027,2026-04-26,SALE,-15,Order,ORD-003064
MOV-0009188,PRD-0052,2026-04-26,SALE,-13,Order,ORD-003064
MOV-0009189,PRD-0058,2026-04-26,SALE,-13,Order,ORD-003064
MOV-0009190,PRD-0063,2026-04-26,SALE,-18,Order,ORD-003064
MOV-0009191,PRD-0053,2026-06-05,SALE,-3,Order,ORD-003066
MOV-0009192,PRD-0034,2026-06-05,SALE,-6,Order,ORD-003066
MOV-0009193,PRD-0052,2026-06-05,SALE,-12,Order,ORD-003066
MOV-0009194,PRD-0008,2026-06-05,SALE,-12,Order,ORD-003066
MOV-0009195,PRD-0007,2026-06-24,SALE,-7,Order,ORD-003067
MOV-0009196,PRD-0032,2026-06-24,SALE,-4,Order,ORD-003067
MOV-0009197,PRD-0006,2026-06-24,SALE,-2,Order,ORD-003067
MOV-0009198,PRD-0034,2026-06-24,SALE,-5,Order,ORD-003067
MOV-0009199,PRD-0027,2026-02-06,SALE,-18,Order,ORD-003070
MOV-0009200,PRD-0066,2026-02-06,SALE,-29,Order,ORD-003070
MOV-0009201,PRD-0038,2026-02-06,SALE,-8,Order,ORD-003070
MOV-0009202,PRD-0005,2026-02-06,SALE,-21,Order,ORD-003070
MOV-0009203,PRD-0037,2026-02-06,SALE,-29,Order,ORD-003070
MOV-0009204,PRD-0048,2026-02-06,SALE,-8,Order,ORD-003070
MOV-0009205,PRD-0030,2026-04-06,SALE,-22,Order,ORD-003071
MOV-0009206,PRD-0011,2026-04-06,SALE,-9,Order,ORD-003071
MOV-0009207,PRD-0031,2026-04-06,SALE,-28,Order,ORD-003071
MOV-0009208,PRD-0005,2026-04-06,SALE,-38,Order,ORD-003071
MOV-0009209,PRD-0022,2026-05-08,SALE,-11,Order,ORD-003072
MOV-0009210,PRD-0023,2026-05-08,SALE,-11,Order,ORD-003072
MOV-0009211,PRD-0005,2026-05-08,SALE,-20,Order,ORD-003072
MOV-0009212,PRD-0003,2026-05-08,SALE,-17,Order,ORD-003072
MOV-0009213,PRD-0027,2026-02-21,SALE,-55,Order,ORD-003075
MOV-0009214,PRD-0045,2026-02-21,SALE,-36,Order,ORD-003075
MOV-0009215,PRD-0067,2025-11-02,SALE,-32,Order,ORD-003076
MOV-0009216,PRD-0052,2025-11-02,SALE,-4,Order,ORD-003076
MOV-0009217,PRD-0043,2025-11-02,SALE,-8,Order,ORD-003076
MOV-0009218,PRD-0009,2025-11-02,SALE,-11,Order,ORD-003076
MOV-0009219,PRD-0012,2025-11-02,SALE,-13,Order,ORD-003076
MOV-0009220,PRD-0058,2026-06-07,SALE,-2,Order,ORD-003077
MOV-0009221,PRD-0069,2026-06-07,SALE,-3,Order,ORD-003077
MOV-0009222,PRD-0009,2026-01-01,SALE,-10,Order,ORD-003078
MOV-0009223,PRD-0040,2026-01-01,SALE,-2,Order,ORD-003078
MOV-0009224,PRD-0050,2026-01-01,SALE,-19,Order,ORD-003078
MOV-0009225,PRD-0007,2025-06-13,SALE,-7,Order,ORD-003079
MOV-0009226,PRD-0013,2025-06-13,SALE,-24,Order,ORD-003079
MOV-0009227,PRD-0038,2026-04-25,SALE,-2,Order,ORD-003082
MOV-0009228,PRD-0036,2026-04-25,SALE,-7,Order,ORD-003082
MOV-0009229,PRD-0036,2025-03-21,SALE,-2,Order,ORD-003083
MOV-0009230,PRD-0040,2026-02-20,SALE,-2,Order,ORD-003086
MOV-0009231,PRD-0005,2026-02-20,SALE,-10,Order,ORD-003086
MOV-0009232,PRD-0034,2026-02-07,SALE,-13,Order,ORD-003087
MOV-0009233,PRD-0053,2026-02-07,SALE,-17,Order,ORD-003087
MOV-0009234,PRD-0004,2026-02-07,SALE,-29,Order,ORD-003087
MOV-0009235,PRD-0021,2026-02-07,SALE,-8,Order,ORD-003087
MOV-0009236,PRD-0023,2025-07-25,SALE,-8,Order,ORD-003088
MOV-0009237,PRD-0069,2025-07-25,SALE,-15,Order,ORD-003088
MOV-0009238,PRD-0036,2025-07-25,SALE,-13,Order,ORD-003088
MOV-0009239,PRD-0045,2025-07-25,SALE,-23,Order,ORD-003088
MOV-0009240,PRD-0040,2026-01-29,SALE,-11,Order,ORD-003089
MOV-0009241,PRD-0027,2026-01-29,SALE,-13,Order,ORD-003089
MOV-0009242,PRD-0005,2026-01-29,SALE,-11,Order,ORD-003089
MOV-0009243,PRD-0007,2026-03-26,SALE,-6,Order,ORD-003090
MOV-0009244,PRD-0068,2026-03-26,SALE,-4,Order,ORD-003090
MOV-0009245,PRD-0030,2026-03-26,SALE,-4,Order,ORD-003090
MOV-0009246,PRD-0063,2026-07-14,SALE,-64,Order,ORD-003091
MOV-0009247,PRD-0005,2026-07-14,SALE,-25,Order,ORD-003091
MOV-0009248,PRD-0025,2026-07-14,SALE,-6,Order,ORD-003091
MOV-0009249,PRD-0023,2026-07-14,SALE,-19,Order,ORD-003091
MOV-0009250,PRD-0056,2026-02-08,SALE,-9,Order,ORD-003093
MOV-0009251,PRD-0053,2026-02-08,SALE,-9,Order,ORD-003093
MOV-0009252,PRD-0035,2026-04-09,SALE,-17,Order,ORD-003094
MOV-0009253,PRD-0053,2026-04-09,SALE,-6,Order,ORD-003094
MOV-0009254,PRD-0013,2026-04-09,SALE,-61,Order,ORD-003094
MOV-0009255,PRD-0050,2026-04-09,SALE,-35,Order,ORD-003094
MOV-0009256,PRD-0007,2026-04-09,SALE,-6,Order,ORD-003094
MOV-0009257,PRD-0021,2026-04-09,SALE,-9,Order,ORD-003094
MOV-0009258,PRD-0070,2026-04-09,SALE,-32,Order,ORD-003094
MOV-0009259,PRD-0005,2026-03-05,SALE,-32,Order,ORD-003095
MOV-0009260,PRD-0063,2026-03-05,SALE,-13,Order,ORD-003095
MOV-0009261,PRD-0052,2026-03-05,SALE,-4,Order,ORD-003095
MOV-0009262,PRD-0003,2025-12-13,SALE,-15,Order,ORD-003096
MOV-0009263,PRD-0025,2025-12-13,SALE,-8,Order,ORD-003096
MOV-0009264,PRD-0069,2025-12-13,SALE,-8,Order,ORD-003096
MOV-0009265,PRD-0060,2025-12-13,SALE,-13,Order,ORD-003096
MOV-0009266,PRD-0045,2025-06-07,SALE,-25,Order,ORD-003097
MOV-0009267,PRD-0044,2025-06-07,SALE,-81,Order,ORD-003097
MOV-0009268,PRD-0006,2025-06-07,SALE,-11,Order,ORD-003097
MOV-0009269,PRD-0047,2025-06-07,SALE,-18,Order,ORD-003097
MOV-0009270,PRD-0005,2025-06-07,SALE,-21,Order,ORD-003097
MOV-0009271,PRD-0009,2025-06-07,SALE,-21,Order,ORD-003097
MOV-0009272,PRD-0034,2025-06-07,SALE,-21,Order,ORD-003097
MOV-0009273,PRD-0031,2025-12-24,SALE,-20,Order,ORD-003098
MOV-0009274,PRD-0048,2025-12-24,SALE,-20,Order,ORD-003098
MOV-0009275,PRD-0007,2025-12-24,SALE,-20,Order,ORD-003098
MOV-0009276,PRD-0058,2025-12-24,SALE,-20,Order,ORD-003098
MOV-0009277,PRD-0034,2025-12-24,SALE,-16,Order,ORD-003098
MOV-0009278,PRD-0010,2025-04-02,SALE,-6,Order,ORD-003099
MOV-0009279,PRD-0037,2025-04-02,SALE,-18,Order,ORD-003099
MOV-0009280,PRD-0052,2025-04-02,SALE,-1,Order,ORD-003099
MOV-0009281,PRD-0007,2025-04-02,SALE,-1,Order,ORD-003099
MOV-0009282,PRD-0023,2025-04-02,SALE,-6,Order,ORD-003099
MOV-0009283,PRD-0034,2026-04-24,SALE,-6,Order,ORD-003100
MOV-0009284,PRD-0069,2025-04-24,SALE,-6,Order,ORD-003101
MOV-0009285,PRD-0040,2025-04-24,SALE,-2,Order,ORD-003101
MOV-0009286,PRD-0052,2026-06-11,SALE,-4,Order,ORD-003102
MOV-0009287,PRD-0005,2026-06-11,SALE,-26,Order,ORD-003102
MOV-0009288,PRD-0052,2026-01-05,SALE,-12,Order,ORD-003103
MOV-0009289,PRD-0011,2026-01-05,SALE,-6,Order,ORD-003103
MOV-0009290,PRD-0066,2026-01-05,SALE,-16,Order,ORD-003103
MOV-0009291,PRD-0063,2026-01-05,SALE,-37,Order,ORD-003103
MOV-0009292,PRD-0052,2025-06-03,SALE,-1,Order,ORD-003104
MOV-0009293,PRD-0006,2025-06-03,SALE,-4,Order,ORD-003104
MOV-0009294,PRD-0065,2025-06-03,SALE,-9,Order,ORD-003104
MOV-0009295,PRD-0066,2026-08-10,SALE,-8,Order,ORD-003105
MOV-0009296,PRD-0011,2026-05-24,SALE,-8,Order,ORD-003106
MOV-0009297,PRD-0053,2026-05-24,SALE,-9,Order,ORD-003106
MOV-0009298,PRD-0031,2026-05-24,SALE,-11,Order,ORD-003106
MOV-0009299,PRD-0056,2026-05-24,SALE,-9,Order,ORD-003106
MOV-0009300,PRD-0034,2026-03-27,SALE,-6,Order,ORD-003107
MOV-0009301,PRD-0053,2026-03-27,SALE,-2,Order,ORD-003107
MOV-0009302,PRD-0066,2026-03-27,SALE,-14,Order,ORD-003107
MOV-0009303,PRD-0007,2025-03-20,SALE,-18,Order,ORD-003108
MOV-0009304,PRD-0030,2025-03-20,SALE,-46,Order,ORD-003108
MOV-0009305,PRD-0066,2025-03-20,SALE,-18,Order,ORD-003108
MOV-0009306,PRD-0043,2025-03-20,SALE,-18,Order,ORD-003108
MOV-0009307,PRD-0031,2026-03-16,SALE,-47,Order,ORD-003109
MOV-0009308,PRD-0005,2026-03-16,SALE,-13,Order,ORD-003109
MOV-0009309,PRD-0017,2026-03-16,SALE,-20,Order,ORD-003109
MOV-0009310,PRD-0024,2026-03-16,SALE,-40,Order,ORD-003109
MOV-0009311,PRD-0004,2026-03-16,SALE,-51,Order,ORD-003109
MOV-0009312,PRD-0005,2026-02-06,SALE,-24,Order,ORD-003110
MOV-0009313,PRD-0007,2026-02-06,SALE,-4,Order,ORD-003110
MOV-0009314,PRD-0034,2026-02-06,SALE,-12,Order,ORD-003110
MOV-0009315,PRD-0018,2026-02-06,SALE,-12,Order,ORD-003110
MOV-0009316,PRD-0022,2025-11-23,SALE,-2,Order,ORD-003111
MOV-0009317,PRD-0037,2025-11-23,SALE,-42,Order,ORD-003111
MOV-0009318,PRD-0063,2025-11-23,SALE,-54,Order,ORD-003111
MOV-0009319,PRD-0003,2025-07-09,SALE,-8,Order,ORD-003112
MOV-0009320,PRD-0049,2025-06-10,SALE,-16,Order,ORD-003113
MOV-0009321,PRD-0069,2026-03-08,SALE,-3,Order,ORD-003114
MOV-0009322,PRD-0027,2026-03-08,SALE,-27,Order,ORD-003114
MOV-0009323,PRD-0061,2026-03-21,SALE,-59,Order,ORD-003115
MOV-0009324,PRD-0034,2026-03-21,SALE,-20,Order,ORD-003115
MOV-0009325,PRD-0005,2026-03-21,SALE,-47,Order,ORD-003115
MOV-0009326,PRD-0027,2026-03-21,SALE,-35,Order,ORD-003115
MOV-0009327,PRD-0069,2026-03-21,SALE,-8,Order,ORD-003115
MOV-0009328,PRD-0050,2026-02-18,SALE,-40,Order,ORD-003117
MOV-0009329,PRD-0005,2026-02-18,SALE,-12,Order,ORD-003117
MOV-0009330,PRD-0066,2026-02-18,SALE,-12,Order,ORD-003117
MOV-0009331,PRD-0004,2026-02-18,SALE,-48,Order,ORD-003117
MOV-0009332,PRD-0065,2026-06-29,SALE,-32,Order,ORD-003118
MOV-0009333,PRD-0023,2026-06-29,SALE,-10,Order,ORD-003118
MOV-0009334,PRD-0021,2025-10-24,SALE,-15,Order,ORD-003121
MOV-0009335,PRD-0026,2025-10-24,SALE,-46,Order,ORD-003121
MOV-0009336,PRD-0021,2025-07-19,SALE,-6,Order,ORD-003122
MOV-0009337,PRD-0007,2025-07-19,SALE,-8,Order,ORD-003122
MOV-0009338,PRD-0053,2025-07-19,SALE,-4,Order,ORD-003122
MOV-0009339,PRD-0040,2025-07-19,SALE,-8,Order,ORD-003122
MOV-0009340,PRD-0040,2025-05-27,SALE,-7,Order,ORD-003123
MOV-0009341,PRD-0025,2025-05-27,SALE,-7,Order,ORD-003123
MOV-0009342,PRD-0027,2025-05-27,SALE,-12,Order,ORD-003123
MOV-0009343,PRD-0033,2025-05-27,SALE,-1,Order,ORD-003123
MOV-0009344,PRD-0069,2026-07-28,SALE,-7,Order,ORD-003124
MOV-0009345,PRD-0055,2026-07-28,SALE,-7,Order,ORD-003124
MOV-0009346,PRD-0004,2026-07-28,SALE,-24,Order,ORD-003124
MOV-0009347,PRD-0005,2026-07-28,SALE,-20,Order,ORD-003124
MOV-0009348,PRD-0031,2026-07-28,SALE,-24,Order,ORD-003124
MOV-0009349,PRD-0017,2026-07-28,SALE,-2,Order,ORD-003124
MOV-0009350,PRD-0007,2026-07-28,SALE,-4,Order,ORD-003124
MOV-0009351,PRD-0045,2026-06-16,SALE,-8,Order,ORD-003125
MOV-0009352,PRD-0005,2026-04-23,SALE,-11,Order,ORD-003127
MOV-0009353,PRD-0027,2026-04-23,SALE,-15,Order,ORD-003127
MOV-0009354,PRD-0003,2026-04-23,SALE,-1,Order,ORD-003127
MOV-0009355,PRD-0021,2025-10-22,SALE,-2,Order,ORD-003128
MOV-0009356,PRD-0036,2025-10-22,SALE,-9,Order,ORD-003128
MOV-0009357,PRD-0040,2026-05-05,SALE,-4,Order,ORD-003130
MOV-0009358,PRD-0069,2026-05-05,SALE,-16,Order,ORD-003130
MOV-0009359,PRD-0026,2026-05-05,SALE,-28,Order,ORD-003130
MOV-0009360,PRD-0023,2026-02-02,SALE,-6,Order,ORD-003131
MOV-0009361,PRD-0049,2026-02-02,SALE,-31,Order,ORD-003131
MOV-0009362,PRD-0013,2026-02-02,SALE,-45,Order,ORD-003131
MOV-0009363,PRD-0066,2026-02-02,SALE,-8,Order,ORD-003131
MOV-0009364,PRD-0043,2026-02-02,SALE,-6,Order,ORD-003131
MOV-0009365,PRD-0021,2026-05-07,SALE,-2,Order,ORD-003132
MOV-0009366,PRD-0019,2026-05-07,SALE,-12,Order,ORD-003132
MOV-0009367,PRD-0053,2026-05-07,SALE,-7,Order,ORD-003132
MOV-0009368,PRD-0066,2026-06-21,SALE,-26,Order,ORD-003134
MOV-0009369,PRD-0016,2026-06-21,SALE,-20,Order,ORD-003134
MOV-0009370,PRD-0052,2026-06-21,SALE,-16,Order,ORD-003134
MOV-0009371,PRD-0040,2026-06-21,SALE,-7,Order,ORD-003134
MOV-0009372,PRD-0050,2026-06-21,SALE,-43,Order,ORD-003134
MOV-0009373,PRD-0033,2026-06-21,SALE,-10,Order,ORD-003134
MOV-0009374,PRD-0005,2026-02-11,SALE,-18,Order,ORD-003135
MOV-0009375,PRD-0023,2026-02-11,SALE,-3,Order,ORD-003135
MOV-0009376,PRD-0007,2026-02-11,SALE,-1,Order,ORD-003135
MOV-0009377,PRD-0053,2026-02-11,SALE,-8,Order,ORD-003135
MOV-0009378,PRD-0013,2026-06-23,SALE,-14,Order,ORD-003136
MOV-0009379,PRD-0045,2026-06-23,SALE,-7,Order,ORD-003136
MOV-0009380,PRD-0037,2026-06-23,SALE,-13,Order,ORD-003136
MOV-0009381,PRD-0026,2026-06-23,SALE,-18,Order,ORD-003136
MOV-0009382,PRD-0013,2025-07-25,SALE,-32,Order,ORD-003137
MOV-0009383,PRD-0045,2025-07-25,SALE,-57,Order,ORD-003137
MOV-0009384,PRD-0037,2025-07-25,SALE,-41,Order,ORD-003137
MOV-0009385,PRD-0064,2025-07-25,SALE,-4,Order,ORD-003137
MOV-0009386,PRD-0022,2025-07-25,SALE,-20,Order,ORD-003137
MOV-0009387,PRD-0063,2025-07-25,SALE,-85,Order,ORD-003137
MOV-0009388,PRD-0009,2025-07-25,SALE,-16,Order,ORD-003137
MOV-0009389,PRD-0009,2026-09-03,SALE,-6,Order,ORD-003138
MOV-0009390,PRD-0066,2026-09-03,SALE,-16,Order,ORD-003138
MOV-0009391,PRD-0066,2026-07-16,SALE,-35,Order,ORD-003139
MOV-0009392,PRD-0069,2026-07-16,SALE,-23,Order,ORD-003139
MOV-0009393,PRD-0028,2026-07-16,SALE,-78,Order,ORD-003139
MOV-0009394,PRD-0034,2026-07-16,SALE,-20,Order,ORD-003139
MOV-0009395,PRD-0023,2026-07-16,SALE,-16,Order,ORD-003139
MOV-0009396,PRD-0036,2026-06-18,SALE,-14,Order,ORD-003141
MOV-0009397,PRD-0042,2026-06-18,SALE,-10,Order,ORD-003141
MOV-0009398,PRD-0034,2026-06-18,SALE,-7,Order,ORD-003141
MOV-0009399,PRD-0005,2025-06-19,SALE,-17,Order,ORD-003142
MOV-0009400,PRD-0034,2025-06-19,SALE,-3,Order,ORD-003142
MOV-0009401,PRD-0053,2025-06-19,SALE,-8,Order,ORD-003142
MOV-0009402,PRD-0017,2025-06-19,SALE,-7,Order,ORD-003142
MOV-0009403,PRD-0006,2025-08-22,SALE,-6,Order,ORD-003143
MOV-0009404,PRD-0060,2025-08-22,SALE,-9,Order,ORD-003143
MOV-0009405,PRD-0005,2025-08-22,SALE,-14,Order,ORD-003143
MOV-0009406,PRD-0036,2025-08-22,SALE,-11,Order,ORD-003143
MOV-0009407,PRD-0009,2026-07-19,SALE,-2,Order,ORD-003145
MOV-0009408,PRD-0021,2026-07-19,SALE,-4,Order,ORD-003145
MOV-0009409,PRD-0067,2026-07-19,SALE,-4,Order,ORD-003145
MOV-0009410,PRD-0023,2026-07-19,SALE,-2,Order,ORD-003145
MOV-0009411,PRD-0052,2026-07-31,SALE,-8,Order,ORD-003146
MOV-0009412,PRD-0033,2026-07-31,SALE,-2,Order,ORD-003146
MOV-0009413,PRD-0053,2026-07-31,SALE,-6,Order,ORD-003146
MOV-0009414,PRD-0066,2026-03-31,SALE,-40,Order,ORD-003147
MOV-0009415,PRD-0057,2026-03-31,SALE,-3,Order,ORD-003147
MOV-0009416,PRD-0034,2026-03-31,SALE,-3,Order,ORD-003147
MOV-0009417,PRD-0028,2026-03-31,SALE,-67,Order,ORD-003147
MOV-0009418,PRD-0038,2026-03-31,SALE,-12,Order,ORD-003147
MOV-0009419,PRD-0011,2026-03-31,SALE,-9,Order,ORD-003147
MOV-0009420,PRD-0063,2026-03-31,SALE,-67,Order,ORD-003147
MOV-0009421,PRD-0058,2025-03-12,SALE,-1,Order,ORD-003148
MOV-0009422,PRD-0030,2026-05-27,SALE,-17,Order,ORD-003149
MOV-0009423,PRD-0009,2026-05-27,SALE,-14,Order,ORD-003149
MOV-0009424,PRD-0049,2026-05-27,SALE,-11,Order,ORD-003149
MOV-0009425,PRD-0007,2026-05-27,SALE,-11,Order,ORD-003149
MOV-0009426,PRD-0034,2026-05-27,SALE,-11,Order,ORD-003149
MOV-0009427,PRD-0010,2026-05-27,SALE,-6,Order,ORD-003149
MOV-0009428,PRD-0052,2026-03-08,SALE,-6,Order,ORD-003150
MOV-0009429,PRD-0005,2026-03-08,SALE,-6,Order,ORD-003150
MOV-0009430,PRD-0035,2026-03-08,SALE,-8,Order,ORD-003150
MOV-0009431,PRD-0053,2026-03-08,SALE,-2,Order,ORD-003150
MOV-0009432,PRD-0064,2026-03-08,SALE,-10,Order,ORD-003150
MOV-0009433,PRD-0033,2026-03-08,SALE,-4,Order,ORD-003150
MOV-0009434,PRD-0048,2025-08-02,SALE,-4,Order,ORD-003152
MOV-0009435,PRD-0007,2025-08-02,SALE,-2,Order,ORD-003152
MOV-0009436,PRD-0052,2025-08-02,SALE,-4,Order,ORD-003152
MOV-0009437,PRD-0060,2025-08-02,SALE,-2,Order,ORD-003152
MOV-0009438,PRD-0022,2025-12-04,SALE,-9,Order,ORD-003154
MOV-0009439,PRD-0045,2025-12-04,SALE,-14,Order,ORD-003154
MOV-0009440,PRD-0006,2025-12-04,SALE,-17,Order,ORD-003154
MOV-0009441,PRD-0007,2026-08-11,SALE,-1,Order,ORD-003155
MOV-0009442,PRD-0050,2026-08-11,SALE,-18,Order,ORD-003155
MOV-0009443,PRD-0045,2026-08-11,SALE,-20,Order,ORD-003155
MOV-0009444,PRD-0066,2026-08-11,SALE,-18,Order,ORD-003155
MOV-0009445,PRD-0013,2026-05-01,SALE,-25,Order,ORD-003156
MOV-0009446,PRD-0060,2026-07-14,SALE,-6,Order,ORD-003157
MOV-0009447,PRD-0033,2026-07-14,SALE,-6,Order,ORD-003157
MOV-0009448,PRD-0066,2026-07-14,SALE,-28,Order,ORD-003157
MOV-0009449,PRD-0048,2026-07-14,SALE,-4,Order,ORD-003157
MOV-0009450,PRD-0034,2025-11-25,SALE,-9,Order,ORD-003160
MOV-0009451,PRD-0053,2025-11-25,SALE,-9,Order,ORD-003160
MOV-0009452,PRD-0030,2025-11-25,SALE,-27,Order,ORD-003160
MOV-0009453,PRD-0037,2025-11-25,SALE,-52,Order,ORD-003160
MOV-0009454,PRD-0052,2025-11-05,SALE,-14,Order,ORD-003161
MOV-0009455,PRD-0016,2025-11-05,SALE,-5,Order,ORD-003161
MOV-0009456,PRD-0018,2025-11-05,SALE,-11,Order,ORD-003161
MOV-0009457,PRD-0003,2025-11-05,SALE,-11,Order,ORD-003161
MOV-0009458,PRD-0034,2025-11-05,SALE,-5,Order,ORD-003161
MOV-0009459,PRD-0048,2025-11-05,SALE,-11,Order,ORD-003161
MOV-0009460,PRD-0070,2026-02-20,SALE,-37,Order,ORD-003162
MOV-0009461,PRD-0003,2026-02-20,SALE,-10,Order,ORD-003162
MOV-0009462,PRD-0066,2026-02-20,SALE,-10,Order,ORD-003162
MOV-0009463,PRD-0007,2026-06-15,SALE,-11,Order,ORD-003164
MOV-0009464,PRD-0017,2026-06-15,SALE,-17,Order,ORD-003164
MOV-0009465,PRD-0037,2026-06-15,SALE,-69,Order,ORD-003164
MOV-0009466,PRD-0067,2026-06-15,SALE,-8,Order,ORD-003164
MOV-0009467,PRD-0053,2026-06-15,SALE,-3,Order,ORD-003164
MOV-0009468,PRD-0030,2026-06-15,SALE,-30,Order,ORD-003164
MOV-0009469,PRD-0067,2026-04-28,SALE,-29,Order,ORD-003165
MOV-0009470,PRD-0038,2026-04-28,SALE,-4,Order,ORD-003165
MOV-0009471,PRD-0017,2026-04-28,SALE,-8,Order,ORD-003165
MOV-0009472,PRD-0032,2026-03-29,SALE,-22,Order,ORD-003167
MOV-0009473,PRD-0066,2026-03-29,SALE,-22,Order,ORD-003167
MOV-0009474,PRD-0027,2026-03-29,SALE,-62,Order,ORD-003167
MOV-0009475,PRD-0057,2025-05-11,SALE,-6,Order,ORD-003168
MOV-0009476,PRD-0007,2025-05-11,SALE,-1,Order,ORD-003168
MOV-0009477,PRD-0027,2025-05-11,SALE,-13,Order,ORD-003168
MOV-0009478,PRD-0034,2025-08-08,SALE,-1,Order,ORD-003169
MOV-0009479,PRD-0045,2025-08-08,SALE,-13,Order,ORD-003169
MOV-0009480,PRD-0031,2025-11-04,SALE,-14,Order,ORD-003170
MOV-0009481,PRD-0023,2025-11-04,SALE,-6,Order,ORD-003170
MOV-0009482,PRD-0028,2025-11-04,SALE,-28,Order,ORD-003170
MOV-0009483,PRD-0013,2026-05-28,SALE,-24,Order,ORD-003172
MOV-0009484,PRD-0052,2026-05-28,SALE,-11,Order,ORD-003172
MOV-0009485,PRD-0031,2025-12-19,SALE,-37,Order,ORD-003173
MOV-0009486,PRD-0007,2025-12-19,SALE,-8,Order,ORD-003173
MOV-0009487,PRD-0069,2026-07-31,SALE,-1,Order,ORD-003174
MOV-0009488,PRD-0016,2026-07-31,SALE,-5,Order,ORD-003174
MOV-0009489,PRD-0027,2026-03-22,SALE,-3,Order,ORD-003175
MOV-0009490,PRD-0034,2026-03-22,SALE,-2,Order,ORD-003175
MOV-0009491,PRD-0052,2026-03-22,SALE,-3,Order,ORD-003175
MOV-0009492,PRD-0032,2025-09-03,SALE,-19,Order,ORD-003176
MOV-0009493,PRD-0050,2025-09-03,SALE,-41,Order,ORD-003176
MOV-0009494,PRD-0019,2025-09-03,SALE,-41,Order,ORD-003176
MOV-0009495,PRD-0027,2025-09-03,SALE,-72,Order,ORD-003176
MOV-0009496,PRD-0041,2025-09-03,SALE,-16,Order,ORD-003176
MOV-0009497,PRD-0047,2025-09-03,SALE,-6,Order,ORD-003176
MOV-0009498,PRD-0045,2025-09-03,SALE,-34,Order,ORD-003176
MOV-0009499,PRD-0034,2026-08-09,SALE,-11,Order,ORD-003177
MOV-0009500,PRD-0059,2026-08-09,SALE,-47,Order,ORD-003177
MOV-0009501,PRD-0050,2026-08-09,SALE,-47,Order,ORD-003177
MOV-0009502,PRD-0022,2026-08-09,SALE,-4,Order,ORD-003177
MOV-0009503,PRD-0013,2026-08-09,SALE,-25,Order,ORD-003177
MOV-0009504,PRD-0058,2026-08-09,SALE,-22,Order,ORD-003177
MOV-0009505,PRD-0052,2026-08-09,SALE,-11,Order,ORD-003177
MOV-0009506,PRD-0040,2026-04-30,SALE,-13,Order,ORD-003178
MOV-0009507,PRD-0049,2026-04-30,SALE,-20,Order,ORD-003178
MOV-0009508,PRD-0005,2026-04-30,SALE,-17,Order,ORD-003178
MOV-0009509,PRD-0045,2026-04-30,SALE,-20,Order,ORD-003178
MOV-0009510,PRD-0024,2026-04-30,SALE,-30,Order,ORD-003178
MOV-0009511,PRD-0042,2025-03-09,SALE,-8,Order,ORD-003179
MOV-0009512,PRD-0060,2025-03-09,SALE,-9,Order,ORD-003179
MOV-0009513,PRD-0050,2025-09-01,SALE,-13,Order,ORD-003180
MOV-0009514,PRD-0034,2025-09-01,SALE,-5,Order,ORD-003180
MOV-0009515,PRD-0007,2025-09-01,SALE,-9,Order,ORD-003180
MOV-0009516,PRD-0048,2026-06-02,SALE,-18,Order,ORD-003181
MOV-0009517,PRD-0036,2026-06-02,SALE,-18,Order,ORD-003181
MOV-0009518,PRD-0029,2025-06-13,SALE,-5,Order,ORD-003182
MOV-0009519,PRD-0053,2026-02-28,SALE,-18,Order,ORD-003183
MOV-0009520,PRD-0043,2026-02-28,SALE,-15,Order,ORD-003183
MOV-0009521,PRD-0028,2026-02-28,SALE,-25,Order,ORD-003183
MOV-0009522,PRD-0037,2026-02-28,SALE,-34,Order,ORD-003183
MOV-0009523,PRD-0069,2026-02-28,SALE,-6,Order,ORD-003183
MOV-0009524,PRD-0004,2026-02-28,SALE,-43,Order,ORD-003183
MOV-0009525,PRD-0034,2025-04-20,SALE,-1,Order,ORD-003184
MOV-0009526,PRD-0009,2025-04-20,SALE,-2,Order,ORD-003184
MOV-0009527,PRD-0066,2026-06-18,SALE,-18,Order,ORD-003185
MOV-0009528,PRD-0023,2025-10-13,SALE,-12,Order,ORD-003187
MOV-0009529,PRD-0053,2025-10-13,SALE,-20,Order,ORD-003187
MOV-0009530,PRD-0019,2025-10-13,SALE,-59,Order,ORD-003187
MOV-0009531,PRD-0034,2025-10-13,SALE,-4,Order,ORD-003187
MOV-0009532,PRD-0011,2025-10-13,SALE,-24,Order,ORD-003187
MOV-0009533,PRD-0043,2025-10-13,SALE,-12,Order,ORD-003187
MOV-0009534,PRD-0049,2025-11-13,SALE,-6,Order,ORD-003188
MOV-0009535,PRD-0037,2025-11-13,SALE,-9,Order,ORD-003188
MOV-0009536,PRD-0009,2025-11-13,SALE,-3,Order,ORD-003188
MOV-0009537,PRD-0034,2025-12-19,SALE,-2,Order,ORD-003190
MOV-0009538,PRD-0030,2025-12-19,SALE,-19,Order,ORD-003190
MOV-0009539,PRD-0069,2025-12-19,SALE,-7,Order,ORD-003190
MOV-0009540,PRD-0054,2025-12-19,SALE,-34,Order,ORD-003190
MOV-0009541,PRD-0026,2025-12-19,SALE,-36,Order,ORD-003190
MOV-0009542,PRD-0060,2025-12-19,SALE,-2,Order,ORD-003190
MOV-0009543,PRD-0006,2025-12-19,SALE,-7,Order,ORD-003190
MOV-0009544,PRD-0066,2025-08-29,SALE,-29,Order,ORD-003191
MOV-0009545,PRD-0001,2025-08-29,SALE,-7,Order,ORD-003191
MOV-0009546,PRD-0030,2025-08-29,SALE,-29,Order,ORD-003191
MOV-0009547,PRD-0003,2025-08-29,SALE,-9,Order,ORD-003191
MOV-0009548,PRD-0067,2025-08-29,SALE,-9,Order,ORD-003191
MOV-0009549,PRD-0019,2025-08-29,SALE,-9,Order,ORD-003191
MOV-0009550,PRD-0032,2026-05-30,SALE,-1,Order,ORD-003192
MOV-0009551,PRD-0015,2026-05-30,SALE,-6,Order,ORD-003192
MOV-0009552,PRD-0005,2026-05-30,SALE,-7,Order,ORD-003192
MOV-0009553,PRD-0024,2026-05-30,SALE,-13,Order,ORD-003192
MOV-0009554,PRD-0030,2026-05-20,SALE,-41,Order,ORD-003194
MOV-0009555,PRD-0037,2026-05-20,SALE,-50,Order,ORD-003194
MOV-0009556,PRD-0013,2026-05-20,SALE,-19,Order,ORD-003194
MOV-0009557,PRD-0024,2026-05-20,SALE,-17,Order,ORD-003194
MOV-0009558,PRD-0066,2026-05-20,SALE,-14,Order,ORD-003194
MOV-0009559,PRD-0004,2026-03-16,SALE,-26,Order,ORD-003195
MOV-0009560,PRD-0032,2026-03-16,SALE,-3,Order,ORD-003195
MOV-0009561,PRD-0050,2026-03-16,SALE,-26,Order,ORD-003195
MOV-0009562,PRD-0024,2025-11-05,SALE,-44,Order,ORD-003196
MOV-0009563,PRD-0031,2025-11-05,SALE,-26,Order,ORD-003196
MOV-0009564,PRD-0033,2025-11-05,SALE,-15,Order,ORD-003196
MOV-0009565,PRD-0034,2025-11-05,SALE,-5,Order,ORD-003196
MOV-0009566,PRD-0049,2025-11-05,SALE,-28,Order,ORD-003196
MOV-0009567,PRD-0007,2026-02-01,SALE,-3,Order,ORD-003197
MOV-0009568,PRD-0065,2026-02-01,SALE,-25,Order,ORD-003197
MOV-0009569,PRD-0053,2025-11-06,SALE,-5,Order,ORD-003198
MOV-0009570,PRD-0036,2025-08-08,SALE,-10,Order,ORD-003199
MOV-0009571,PRD-0034,2025-08-08,SALE,-15,Order,ORD-003199
MOV-0009572,PRD-0027,2025-08-08,SALE,-18,Order,ORD-003199
MOV-0009573,PRD-0011,2026-01-14,SALE,-1,Order,ORD-003200
MOV-0009574,PRD-0007,2026-01-14,SALE,-3,Order,ORD-003200
MOV-0009575,PRD-0052,2026-01-14,SALE,-1,Order,ORD-003200
MOV-0009576,PRD-0033,2025-12-16,CUSTOMER_RETURN,3,Return,RET-00001
MOV-0009577,PRD-0006,2025-12-13,CUSTOMER_RETURN,4,Return,RET-00002
MOV-0009578,PRD-0065,2025-12-13,CUSTOMER_RETURN,12,Return,RET-00003
MOV-0009579,PRD-0069,2026-01-15,CUSTOMER_RETURN,5,Return,RET-00004
MOV-0009580,PRD-0040,2026-01-12,CUSTOMER_RETURN,5,Return,RET-00005
MOV-0009581,PRD-0023,2026-03-26,CUSTOMER_RETURN,7,Return,RET-00006
MOV-0009582,PRD-0066,2026-03-26,CUSTOMER_RETURN,50,Return,RET-00007
MOV-0009583,PRD-0036,2026-03-22,CUSTOMER_RETURN,10,Return,RET-00008
MOV-0009584,PRD-0056,2026-03-06,CUSTOMER_RETURN,8,Return,RET-00009
MOV-0009585,PRD-0054,2025-09-30,CUSTOMER_RETURN,6,Return,RET-00010
MOV-0009586,PRD-0034,2025-09-24,CUSTOMER_RETURN,1,Return,RET-00011
MOV-0009587,PRD-0046,2025-09-11,CUSTOMER_RETURN,3,Return,RET-00012
MOV-0009588,PRD-0060,2026-05-04,CUSTOMER_RETURN,4,Return,RET-00013
MOV-0009589,PRD-0056,2026-05-17,CUSTOMER_RETURN,1,Return,RET-00014
MOV-0009590,PRD-0069,2026-02-10,CUSTOMER_RETURN,1,Return,RET-00015
MOV-0009591,PRD-0009,2026-02-10,CUSTOMER_RETURN,4,Return,RET-00016
MOV-0009592,PRD-0038,2026-06-16,CUSTOMER_RETURN,1,Return,RET-00017
MOV-0009593,PRD-0013,2026-06-12,CUSTOMER_RETURN,49,Return,RET-00018
MOV-0009594,PRD-0021,2026-05-31,CUSTOMER_RETURN,2,Return,RET-00019
MOV-0009595,PRD-0031,2026-06-22,CUSTOMER_RETURN,27,Return,RET-00020
MOV-0009596,PRD-0032,2025-10-12,CUSTOMER_RETURN,1,Return,RET-00021
MOV-0009597,PRD-0048,2026-07-12,CUSTOMER_RETURN,11,Return,RET-00022
MOV-0009598,PRD-0022,2026-07-10,CUSTOMER_RETURN,9,Return,RET-00023
MOV-0009599,PRD-0007,2026-07-25,CUSTOMER_RETURN,4,Return,RET-00024
MOV-0009600,PRD-0049,2026-07-31,CUSTOMER_RETURN,9,Return,RET-00025
MOV-0009601,PRD-0033,2026-05-05,CUSTOMER_RETURN,1,Return,RET-00026
MOV-0009602,PRD-0034,2026-04-28,CUSTOMER_RETURN,2,Return,RET-00027
MOV-0009603,PRD-0033,2026-03-08,CUSTOMER_RETURN,3,Return,RET-00028
MOV-0009604,PRD-0005,2026-05-19,CUSTOMER_RETURN,26,Return,RET-00029
MOV-0009605,PRD-0007,2026-06-16,CUSTOMER_RETURN,6,Return,RET-00030
MOV-0009606,PRD-0008,2026-06-07,CUSTOMER_RETURN,6,Return,RET-00031
MOV-0009607,PRD-0052,2026-07-12,CUSTOMER_RETURN,1,Return,RET-00032
MOV-0009608,PRD-0005,2025-12-12,CUSTOMER_RETURN,1,Return,RET-00033
MOV-0009609,PRD-0008,2025-12-26,CUSTOMER_RETURN,3,Return,RET-00034
MOV-0009610,PRD-0005,2025-10-19,CUSTOMER_RETURN,7,Return,RET-00035
MOV-0009611,PRD-0013,2025-10-02,CUSTOMER_RETURN,7,Return,RET-00036
MOV-0009612,PRD-0027,2025-12-03,CUSTOMER_RETURN,24,Return,RET-00037
MOV-0009613,PRD-0053,2025-09-10,CUSTOMER_RETURN,5,Return,RET-00038
MOV-0009614,PRD-0007,2025-09-13,CUSTOMER_RETURN,2,Return,RET-00039
MOV-0009615,PRD-0030,2025-12-03,CUSTOMER_RETURN,32,Return,RET-00040
MOV-0009616,PRD-0047,2026-07-27,CUSTOMER_RETURN,10,Return,RET-00041
MOV-0009617,PRD-0052,2026-07-06,CUSTOMER_RETURN,4,Return,RET-00042
MOV-0009618,PRD-0045,2026-01-17,CUSTOMER_RETURN,6,Return,RET-00043
MOV-0009619,PRD-0010,2026-04-24,CUSTOMER_RETURN,1,Return,RET-00044
MOV-0009620,PRD-0058,2026-06-01,CUSTOMER_RETURN,11,Return,RET-00045
MOV-0009621,PRD-0007,2026-05-10,CUSTOMER_RETURN,4,Return,RET-00046
MOV-0009622,PRD-0027,2026-05-09,CUSTOMER_RETURN,35,Return,RET-00047
MOV-0009623,PRD-0001,2026-05-17,CUSTOMER_RETURN,3,Return,RET-00048
MOV-0009624,PRD-0049,2026-04-23,CUSTOMER_RETURN,48,Return,RET-00049
MOV-0009625,PRD-0034,2026-04-28,CUSTOMER_RETURN,6,Return,RET-00050
MOV-0009626,PRD-0022,2026-04-23,CUSTOMER_RETURN,19,Return,RET-00051
MOV-0009627,PRD-0007,2026-05-06,CUSTOMER_RETURN,6,Return,RET-00052
MOV-0009628,PRD-0045,2026-05-19,CUSTOMER_RETURN,41,Return,RET-00053
MOV-0009629,PRD-0040,2026-01-26,CUSTOMER_RETURN,15,Return,RET-00054
MOV-0009630,PRD-0028,2026-01-14,CUSTOMER_RETURN,7,Return,RET-00055
MOV-0009631,PRD-0011,2025-12-19,CUSTOMER_RETURN,1,Return,RET-00056
MOV-0009632,PRD-0005,2025-12-10,CUSTOMER_RETURN,6,Return,RET-00057
MOV-0009633,PRD-0061,2025-06-03,CUSTOMER_RETURN,3,Return,RET-00058
MOV-0009634,PRD-0007,2025-05-26,CUSTOMER_RETURN,2,Return,RET-00059
MOV-0009635,PRD-0036,2026-03-20,CUSTOMER_RETURN,2,Return,RET-00060
MOV-0009636,PRD-0049,2026-03-11,CUSTOMER_RETURN,1,Return,RET-00061
MOV-0009637,PRD-0007,2025-08-27,CUSTOMER_RETURN,8,Return,RET-00062
MOV-0009638,PRD-0034,2025-08-09,CUSTOMER_RETURN,8,Return,RET-00063
MOV-0009639,PRD-0053,2025-08-24,CUSTOMER_RETURN,16,Return,RET-00064
MOV-0009640,PRD-0058,2025-08-21,CUSTOMER_RETURN,8,Return,RET-00065
MOV-0009641,PRD-0024,2025-08-20,CUSTOMER_RETURN,45,Return,RET-00066
MOV-0009642,PRD-0005,2025-08-23,CUSTOMER_RETURN,26,Return,RET-00067
MOV-0009643,PRD-0006,2025-10-25,CUSTOMER_RETURN,10,Return,RET-00068
MOV-0009644,PRD-0065,2026-01-24,CUSTOMER_RETURN,6,Return,RET-00069
MOV-0009645,PRD-0007,2026-01-28,CUSTOMER_RETURN,1,Return,RET-00070
MOV-0009646,PRD-0034,2025-05-10,CUSTOMER_RETURN,9,Return,RET-00071
MOV-0009647,PRD-0008,2025-07-31,CUSTOMER_RETURN,11,Return,RET-00072
MOV-0009648,PRD-0040,2025-07-28,CUSTOMER_RETURN,2,Return,RET-00073
MOV-0009649,PRD-0066,2026-01-17,CUSTOMER_RETURN,8,Return,RET-00074
MOV-0009650,PRD-0057,2025-04-07,CUSTOMER_RETURN,2,Return,RET-00075
MOV-0009651,PRD-0060,2026-05-02,CUSTOMER_RETURN,6,Return,RET-00076
MOV-0009652,PRD-0005,2026-05-10,CUSTOMER_RETURN,14,Return,RET-00077
MOV-0009653,PRD-0048,2026-05-20,CUSTOMER_RETURN,4,Return,RET-00078
MOV-0009654,PRD-0013,2026-05-17,CUSTOMER_RETURN,23,Return,RET-00079
MOV-0009655,PRD-0034,2025-05-11,CUSTOMER_RETURN,3,Return,RET-00080
MOV-0009656,PRD-0066,2025-05-11,CUSTOMER_RETURN,16,Return,RET-00081
MOV-0009657,PRD-0026,2025-05-01,CUSTOMER_RETURN,33,Return,RET-00082
MOV-0009658,PRD-0004,2025-11-12,CUSTOMER_RETURN,19,Return,RET-00083
MOV-0009659,PRD-0067,2025-11-27,CUSTOMER_RETURN,24,Return,RET-00084
MOV-0009660,PRD-0038,2025-11-12,CUSTOMER_RETURN,5,Return,RET-00085
MOV-0009661,PRD-0005,2025-11-18,CUSTOMER_RETURN,11,Return,RET-00086
MOV-0009662,PRD-0063,2025-06-29,CUSTOMER_RETURN,7,Return,RET-00087
MOV-0009663,PRD-0057,2025-06-24,CUSTOMER_RETURN,2,Return,RET-00088
MOV-0009664,PRD-0023,2026-07-31,CUSTOMER_RETURN,3,Return,RET-00089
MOV-0009665,PRD-0070,2026-08-15,CUSTOMER_RETURN,10,Return,RET-00090
MOV-0009666,PRD-0005,2026-08-18,CUSTOMER_RETURN,6,Return,RET-00091
MOV-0009667,PRD-0047,2026-08-04,CUSTOMER_RETURN,2,Return,RET-00092
MOV-0009668,PRD-0021,2026-08-09,CUSTOMER_RETURN,6,Return,RET-00093
MOV-0009669,PRD-0034,2026-06-10,CUSTOMER_RETURN,3,Return,RET-00094
MOV-0009670,PRD-0040,2026-06-19,CUSTOMER_RETURN,21,Return,RET-00095
MOV-0009671,PRD-0069,2026-06-10,CUSTOMER_RETURN,3,Return,RET-00096
MOV-0009672,PRD-0057,2026-06-14,CUSTOMER_RETURN,7,Return,RET-00097
MOV-0009673,PRD-0038,2026-06-01,CUSTOMER_RETURN,10,Return,RET-00098
MOV-0009674,PRD-0005,2026-05-24,CUSTOMER_RETURN,5,Return,RET-00099
MOV-0009675,PRD-0036,2026-05-14,CUSTOMER_RETURN,6,Return,RET-00100
MOV-0009676,PRD-0022,2026-05-15,CUSTOMER_RETURN,7,Return,RET-00101
MOV-0009677,PRD-0066,2025-05-26,CUSTOMER_RETURN,15,Return,RET-00102
MOV-0009678,PRD-0045,2025-06-23,CUSTOMER_RETURN,12,Return,RET-00103
MOV-0009679,PRD-0045,2025-09-27,CUSTOMER_RETURN,17,Return,RET-00104
MOV-0009680,PRD-0052,2025-11-30,CUSTOMER_RETURN,3,Return,RET-00105
MOV-0009681,PRD-0046,2025-11-11,CUSTOMER_RETURN,3,Return,RET-00106
MOV-0009682,PRD-0030,2025-09-20,CUSTOMER_RETURN,14,Return,RET-00107
MOV-0009683,PRD-0049,2025-09-03,CUSTOMER_RETURN,27,Return,RET-00108
MOV-0009684,PRD-0005,2025-09-12,CUSTOMER_RETURN,11,Return,RET-00109
MOV-0009685,PRD-0058,2025-08-31,CUSTOMER_RETURN,5,Return,RET-00110
MOV-0009686,PRD-0013,2025-09-13,CUSTOMER_RETURN,20,Return,RET-00111
MOV-0009687,PRD-0001,2026-07-19,CUSTOMER_RETURN,1,Return,RET-00112
MOV-0009688,PRD-0066,2026-07-11,CUSTOMER_RETURN,20,Return,RET-00113
MOV-0009689,PRD-0046,2026-07-23,CUSTOMER_RETURN,5,Return,RET-00114
MOV-0009690,PRD-0005,2025-08-06,CUSTOMER_RETURN,6,Return,RET-00115
MOV-0009691,PRD-0027,2025-08-17,CUSTOMER_RETURN,4,Return,RET-00116
MOV-0009692,PRD-0006,2025-09-06,CUSTOMER_RETURN,2,Return,RET-00117
MOV-0009693,PRD-0050,2026-08-28,CUSTOMER_RETURN,13,Return,RET-00118
MOV-0009694,PRD-0045,2026-03-18,CUSTOMER_RETURN,1,Return,RET-00119
MOV-0009695,PRD-0034,2025-06-20,CUSTOMER_RETURN,1,Return,RET-00120
MOV-0009696,PRD-0063,2026-03-21,CUSTOMER_RETURN,49,Return,RET-00121
MOV-0009697,PRD-0003,2026-03-29,CUSTOMER_RETURN,24,Return,RET-00122
MOV-0009698,PRD-0053,2026-03-22,CUSTOMER_RETURN,16,Return,RET-00123
MOV-0009699,PRD-0036,2026-03-21,CUSTOMER_RETURN,8,Return,RET-00124
MOV-0009700,PRD-0058,2026-03-26,CUSTOMER_RETURN,8,Return,RET-00125
MOV-0009701,PRD-0023,2026-04-01,CUSTOMER_RETURN,20,Return,RET-00126
MOV-0009702,PRD-0045,2026-03-30,CUSTOMER_RETURN,57,Return,RET-00127
MOV-0009703,PRD-0045,2026-03-21,CUSTOMER_RETURN,9,Return,RET-00128
MOV-0009704,PRD-0065,2026-03-31,CUSTOMER_RETURN,21,Return,RET-00129
MOV-0009705,PRD-0027,2026-03-16,CUSTOMER_RETURN,12,Return,RET-00130
MOV-0009706,PRD-0049,2026-04-04,CUSTOMER_RETURN,23,Return,RET-00131
MOV-0009707,PRD-0050,2026-06-29,CUSTOMER_RETURN,13,Return,RET-00132
MOV-0009708,PRD-0064,2026-06-30,CUSTOMER_RETURN,1,Return,RET-00133
MOV-0009709,PRD-0034,2026-05-24,CUSTOMER_RETURN,3,Return,RET-00134
MOV-0009710,PRD-0045,2026-05-24,CUSTOMER_RETURN,33,Return,RET-00135
MOV-0009711,PRD-0038,2026-06-01,CUSTOMER_RETURN,3,Return,RET-00136
MOV-0009712,PRD-0066,2026-05-27,CUSTOMER_RETURN,36,Return,RET-00137
MOV-0009713,PRD-0066,2026-08-01,CUSTOMER_RETURN,23,Return,RET-00138
MOV-0009714,PRD-0019,2026-08-01,CUSTOMER_RETURN,25,Return,RET-00139
MOV-0009715,PRD-0005,2026-07-12,CUSTOMER_RETURN,34,Return,RET-00140
MOV-0009716,PRD-0049,2026-08-01,CUSTOMER_RETURN,16,Return,RET-00141
MOV-0009717,PRD-0037,2026-09-01,CUSTOMER_RETURN,17,Return,RET-00142
MOV-0009718,PRD-0013,2026-09-01,CUSTOMER_RETURN,5,Return,RET-00143
MOV-0009719,PRD-0040,2026-07-16,CUSTOMER_RETURN,6,Return,RET-00144
MOV-0009720,PRD-0035,2026-07-17,CUSTOMER_RETURN,2,Return,RET-00145
MOV-0009721,PRD-0022,2026-07-22,CUSTOMER_RETURN,7,Return,RET-00146
MOV-0009722,PRD-0032,2026-06-06,CUSTOMER_RETURN,12,Return,RET-00147
MOV-0009723,PRD-0027,2026-05-14,CUSTOMER_RETURN,79,Return,RET-00148
MOV-0009724,PRD-0003,2025-12-24,CUSTOMER_RETURN,5,Return,RET-00149
MOV-0009725,PRD-0005,2026-01-21,CUSTOMER_RETURN,12,Return,RET-00150
MOV-0009726,PRD-0050,2025-12-26,CUSTOMER_RETURN,4,Return,RET-00151
MOV-0009727,PRD-0032,2025-12-29,CUSTOMER_RETURN,2,Return,RET-00152
MOV-0009728,PRD-0069,2026-04-29,CUSTOMER_RETURN,4,Return,RET-00153
MOV-0009729,PRD-0024,2025-12-05,CUSTOMER_RETURN,36,Return,RET-00154
MOV-0009730,PRD-0053,2025-12-21,CUSTOMER_RETURN,9,Return,RET-00155
MOV-0009731,PRD-0025,2026-07-02,CUSTOMER_RETURN,5,Return,RET-00156
MOV-0009732,PRD-0007,2026-07-24,CUSTOMER_RETURN,2,Return,RET-00157
MOV-0009733,PRD-0052,2025-06-20,CUSTOMER_RETURN,8,Return,RET-00158
MOV-0009734,PRD-0045,2025-06-24,CUSTOMER_RETURN,33,Return,RET-00159
MOV-0009735,PRD-0005,2025-06-24,CUSTOMER_RETURN,33,Return,RET-00160
MOV-0009736,PRD-0069,2026-07-07,CUSTOMER_RETURN,4,Return,RET-00161
MOV-0009737,PRD-0034,2026-07-24,CUSTOMER_RETURN,4,Return,RET-00162
MOV-0009738,PRD-0043,2026-07-01,CUSTOMER_RETURN,4,Return,RET-00163
MOV-0009739,PRD-0021,2026-07-04,CUSTOMER_RETURN,4,Return,RET-00164
MOV-0009740,PRD-0002,2026-07-29,CUSTOMER_RETURN,15,Return,RET-00165
MOV-0009741,PRD-0007,2025-05-03,CUSTOMER_RETURN,1,Return,RET-00166
MOV-0009742,PRD-0050,2025-04-20,CUSTOMER_RETURN,5,Return,RET-00167
MOV-0009743,PRD-0056,2025-06-11,CUSTOMER_RETURN,13,Return,RET-00168
MOV-0009744,PRD-0017,2025-06-16,CUSTOMER_RETURN,6,Return,RET-00169
MOV-0009745,PRD-0066,2025-06-06,CUSTOMER_RETURN,47,Return,RET-00170
MOV-0009746,PRD-0034,2025-05-31,CUSTOMER_RETURN,16,Return,RET-00171
MOV-0009747,PRD-0038,2026-04-16,CUSTOMER_RETURN,10,Return,RET-00172
MOV-0009748,PRD-0011,2026-04-05,CUSTOMER_RETURN,5,Return,RET-00173
MOV-0009749,PRD-0030,2026-03-04,CUSTOMER_RETURN,6,Return,RET-00174
MOV-0009750,PRD-0066,2026-05-11,CUSTOMER_RETURN,4,Return,RET-00175
MOV-0009751,PRD-0040,2025-03-30,CUSTOMER_RETURN,1,Return,RET-00176
MOV-0009752,PRD-0066,2025-03-30,CUSTOMER_RETURN,17,Return,RET-00177
MOV-0009753,PRD-0058,2026-03-04,CUSTOMER_RETURN,1,Return,RET-00178
MOV-0009754,PRD-0064,2026-03-07,CUSTOMER_RETURN,9,Return,RET-00179
MOV-0009755,PRD-0033,2026-08-23,CUSTOMER_RETURN,4,Return,RET-00180
MOV-0009756,PRD-0044,2026-08-29,CUSTOMER_RETURN,33,Return,RET-00181
MOV-0009757,PRD-0067,2026-09-01,CUSTOMER_RETURN,25,Return,RET-00182
MOV-0009758,PRD-0017,2026-01-31,CUSTOMER_RETURN,1,Return,RET-00183
MOV-0009759,PRD-0035,2026-07-02,CUSTOMER_RETURN,12,Return,RET-00184
MOV-0009760,PRD-0043,2026-07-08,CUSTOMER_RETURN,15,Return,RET-00185
MOV-0009761,PRD-0070,2026-06-26,CUSTOMER_RETURN,30,Return,RET-00186
MOV-0009762,PRD-0009,2026-07-10,CUSTOMER_RETURN,9,Return,RET-00187
MOV-0009763,PRD-0021,2026-06-20,CUSTOMER_RETURN,9,Return,RET-00188
MOV-0009764,PRD-0045,2026-07-05,CUSTOMER_RETURN,39,Return,RET-00189
MOV-0009765,PRD-0028,2025-12-30,CUSTOMER_RETURN,14,Return,RET-00190
MOV-0009766,PRD-0034,2026-09-01,CUSTOMER_RETURN,7,Return,RET-00191
MOV-0009767,PRD-0038,2025-04-02,CUSTOMER_RETURN,12,Return,RET-00192
MOV-0009768,PRD-0049,2025-04-02,CUSTOMER_RETURN,34,Return,RET-00193
MOV-0009769,PRD-0034,2025-04-02,CUSTOMER_RETURN,6,Return,RET-00194
MOV-0009770,PRD-0005,2025-03-25,CUSTOMER_RETURN,12,Return,RET-00195
MOV-0009771,PRD-0007,2025-04-04,CUSTOMER_RETURN,6,Return,RET-00196
MOV-0009772,PRD-0064,2025-03-23,CUSTOMER_RETURN,9,Return,RET-00197
MOV-0009773,PRD-0009,2026-06-15,CUSTOMER_RETURN,9,Return,RET-00198
MOV-0009774,PRD-0034,2026-06-15,CUSTOMER_RETURN,6,Return,RET-00199
MOV-0009775,PRD-0007,2026-06-13,CUSTOMER_RETURN,12,Return,RET-00200
MOV-0009776,PRD-0032,2026-06-09,CUSTOMER_RETURN,3,Return,RET-00201
MOV-0009777,PRD-0038,2026-06-18,CUSTOMER_RETURN,6,Return,RET-00202
MOV-0009778,PRD-0021,2025-10-25,CUSTOMER_RETURN,2,Return,RET-00203
MOV-0009779,PRD-0003,2025-11-10,CUSTOMER_RETURN,3,Return,RET-00204
MOV-0009780,PRD-0038,2026-09-01,CUSTOMER_RETURN,12,Return,RET-00205
MOV-0009781,PRD-0013,2026-09-01,CUSTOMER_RETURN,8,Return,RET-00206
MOV-0009782,PRD-0045,2026-09-01,CUSTOMER_RETURN,16,Return,RET-00207
MOV-0009783,PRD-0058,2026-09-01,CUSTOMER_RETURN,5,Return,RET-00208
MOV-0009784,PRD-0034,2026-03-27,CUSTOMER_RETURN,6,Return,RET-00209
MOV-0009785,PRD-0032,2026-03-25,CUSTOMER_RETURN,12,Return,RET-00210
MOV-0009786,PRD-0013,2026-03-08,CUSTOMER_RETURN,51,Return,RET-00211
MOV-0009787,PRD-0063,2026-03-28,CUSTOMER_RETURN,33,Return,RET-00212
MOV-0009788,PRD-0007,2025-04-27,CUSTOMER_RETURN,1,Return,RET-00213
MOV-0009789,PRD-0040,2025-05-11,CUSTOMER_RETURN,6,Return,RET-00214
MOV-0009790,PRD-0013,2026-05-16,CUSTOMER_RETURN,29,Return,RET-00215
MOV-0009791,PRD-0060,2026-05-21,CUSTOMER_RETURN,2,Return,RET-00216
MOV-0009792,PRD-0034,2026-05-29,CUSTOMER_RETURN,6,Return,RET-00217
MOV-0009793,PRD-0040,2026-05-09,CUSTOMER_RETURN,6,Return,RET-00218
MOV-0009794,PRD-0046,2026-05-25,CUSTOMER_RETURN,10,Return,RET-00219
MOV-0009795,PRD-0023,2026-05-12,CUSTOMER_RETURN,2,Return,RET-00220
MOV-0009796,PRD-0003,2026-05-17,CUSTOMER_RETURN,10,Return,RET-00221
MOV-0009797,PRD-0011,2026-06-04,CUSTOMER_RETURN,6,Return,RET-00222
MOV-0009798,PRD-0038,2026-06-01,CUSTOMER_RETURN,6,Return,RET-00223
MOV-0009799,PRD-0007,2025-12-28,CUSTOMER_RETURN,3,Return,RET-00224
MOV-0009800,PRD-0024,2025-12-28,CUSTOMER_RETURN,7,Return,RET-00225
MOV-0009801,PRD-0037,2026-06-04,CUSTOMER_RETURN,19,Return,RET-00226
MOV-0009802,PRD-0023,2026-06-03,CUSTOMER_RETURN,1,Return,RET-00227
MOV-0009803,PRD-0007,2025-09-18,CUSTOMER_RETURN,3,Return,RET-00228
MOV-0009804,PRD-0004,2025-04-26,CUSTOMER_RETURN,3,Return,RET-00229
MOV-0009805,PRD-0003,2025-05-18,CUSTOMER_RETURN,7,Return,RET-00230
MOV-0009806,PRD-0063,2026-05-02,CUSTOMER_RETURN,30,Return,RET-00231
MOV-0009807,PRD-0053,2026-05-17,CUSTOMER_RETURN,8,Return,RET-00232
MOV-0009808,PRD-0066,2025-09-04,CUSTOMER_RETURN,4,Return,RET-00233
MOV-0009809,PRD-0031,2025-09-12,CUSTOMER_RETURN,13,Return,RET-00234
MOV-0009810,PRD-0060,2026-01-06,CUSTOMER_RETURN,2,Return,RET-00235
MOV-0009811,PRD-0058,2026-01-10,CUSTOMER_RETURN,13,Return,RET-00236
MOV-0009812,PRD-0066,2026-01-18,CUSTOMER_RETURN,28,Return,RET-00237
MOV-0009813,PRD-0001,2025-09-19,CUSTOMER_RETURN,13,Return,RET-00238
MOV-0009814,PRD-0066,2026-03-16,CUSTOMER_RETURN,5,Return,RET-00239
MOV-0009815,PRD-0069,2026-03-14,CUSTOMER_RETURN,3,Return,RET-00240
MOV-0009816,PRD-0053,2025-08-11,CUSTOMER_RETURN,2,Return,RET-00241
MOV-0009817,PRD-0005,2025-08-02,CUSTOMER_RETURN,4,Return,RET-00242
MOV-0009818,PRD-0066,2026-04-14,CUSTOMER_RETURN,16,Return,RET-00243
MOV-0009819,PRD-0034,2026-07-25,CUSTOMER_RETURN,1,Return,RET-00244
MOV-0009820,PRD-0032,2026-09-01,CUSTOMER_RETURN,13,Return,RET-00245
MOV-0009821,PRD-0037,2026-09-01,CUSTOMER_RETURN,38,Return,RET-00246
MOV-0009822,PRD-0006,2026-01-26,CUSTOMER_RETURN,2,Return,RET-00247
MOV-0009823,PRD-0030,2026-02-04,CUSTOMER_RETURN,25,Return,RET-00248
MOV-0009824,PRD-0032,2026-01-05,CUSTOMER_RETURN,5,Return,RET-00249
MOV-0009825,PRD-0070,2025-12-21,CUSTOMER_RETURN,9,Return,RET-00250
MOV-0009826,PRD-0006,2026-01-14,CUSTOMER_RETURN,13,Return,RET-00251
MOV-0009827,PRD-0009,2026-01-18,CUSTOMER_RETURN,5,Return,RET-00252
MOV-0009828,PRD-0037,2026-01-10,CUSTOMER_RETURN,24,Return,RET-00253
MOV-0009829,PRD-0069,2026-02-02,CUSTOMER_RETURN,16,Return,RET-00254
MOV-0009830,PRD-0066,2026-01-25,CUSTOMER_RETURN,35,Return,RET-00255
MOV-0009831,PRD-0014,2026-04-29,CUSTOMER_RETURN,2,Return,RET-00256
MOV-0009832,PRD-0009,2025-05-09,CUSTOMER_RETURN,6,Return,RET-00257
MOV-0009833,PRD-0007,2026-08-19,CUSTOMER_RETURN,8,Return,RET-00258
MOV-0009834,PRD-0050,2026-05-27,CUSTOMER_RETURN,7,Return,RET-00259
MOV-0009835,PRD-0005,2026-04-19,CUSTOMER_RETURN,12,Return,RET-00260
MOV-0009836,PRD-0030,2026-04-09,CUSTOMER_RETURN,12,Return,RET-00261
MOV-0009837,PRD-0015,2026-04-04,CUSTOMER_RETURN,5,Return,RET-00262
MOV-0009838,PRD-0063,2026-04-02,CUSTOMER_RETURN,44,Return,RET-00263
MOV-0009839,PRD-0052,2026-04-07,CUSTOMER_RETURN,14,Return,RET-00264
MOV-0009840,PRD-0031,2026-04-14,CUSTOMER_RETURN,7,Return,RET-00265
MOV-0009841,PRD-0050,2026-04-15,CUSTOMER_RETURN,14,Return,RET-00266
MOV-0009842,PRD-0058,2026-09-01,CUSTOMER_RETURN,1,Return,RET-00267
MOV-0009843,PRD-0034,2026-05-26,CUSTOMER_RETURN,3,Return,RET-00268
MOV-0009844,PRD-0023,2026-05-29,CUSTOMER_RETURN,5,Return,RET-00269
MOV-0009845,PRD-0050,2025-10-26,CUSTOMER_RETURN,6,Return,RET-00270
MOV-0009846,PRD-0056,2025-11-11,CUSTOMER_RETURN,1,Return,RET-00271
MOV-0009847,PRD-0009,2026-03-08,CUSTOMER_RETURN,23,Return,RET-00272
MOV-0009848,PRD-0008,2026-03-05,CUSTOMER_RETURN,23,Return,RET-00273
MOV-0009849,PRD-0058,2026-03-06,CUSTOMER_RETURN,12,Return,RET-00274
MOV-0009850,PRD-0066,2026-03-06,CUSTOMER_RETURN,47,Return,RET-00275
MOV-0009851,PRD-0011,2025-06-26,CUSTOMER_RETURN,3,Return,RET-00276
MOV-0009852,PRD-0034,2025-07-05,CUSTOMER_RETURN,6,Return,RET-00277
MOV-0009853,PRD-0067,2025-07-02,CUSTOMER_RETURN,5,Return,RET-00278
MOV-0009854,PRD-0034,2026-06-30,CUSTOMER_RETURN,7,Return,RET-00279
MOV-0009855,PRD-0009,2026-06-24,CUSTOMER_RETURN,10,Return,RET-00280
MOV-0009856,PRD-0031,2026-07-09,CUSTOMER_RETURN,7,Return,RET-00281
MOV-0009857,PRD-0045,2026-06-25,CUSTOMER_RETURN,12,Return,RET-00282
MOV-0009858,PRD-0030,2026-05-14,CUSTOMER_RETURN,1,Return,RET-00283
MOV-0009859,PRD-0036,2026-06-06,CUSTOMER_RETURN,14,Return,RET-00284
MOV-0009860,PRD-0067,2026-06-03,CUSTOMER_RETURN,16,Return,RET-00285
MOV-0009861,PRD-0007,2025-04-10,CUSTOMER_RETURN,5,Return,RET-00286
MOV-0009862,PRD-0060,2026-01-25,CUSTOMER_RETURN,7,Return,RET-00287
MOV-0009863,PRD-0007,2026-01-27,CUSTOMER_RETURN,20,Return,RET-00288
MOV-0009864,PRD-0066,2026-01-22,CUSTOMER_RETURN,7,Return,RET-00289
MOV-0009865,PRD-0045,2026-01-29,CUSTOMER_RETURN,1,Return,RET-00290
MOV-0009866,PRD-0024,2026-05-05,CUSTOMER_RETURN,12,Return,RET-00291
MOV-0009867,PRD-0049,2026-05-28,CUSTOMER_RETURN,12,Return,RET-00292
MOV-0009868,PRD-0066,2026-05-12,CUSTOMER_RETURN,23,Return,RET-00293
MOV-0009869,PRD-0030,2026-05-22,CUSTOMER_RETURN,9,Return,RET-00294
MOV-0009870,PRD-0032,2025-07-02,CUSTOMER_RETURN,10,Return,RET-00295
MOV-0009871,PRD-0022,2025-09-09,CUSTOMER_RETURN,2,Return,RET-00296
MOV-0009872,PRD-0007,2025-09-02,CUSTOMER_RETURN,10,Return,RET-00297
MOV-0009873,PRD-0036,2025-08-14,CUSTOMER_RETURN,3,Return,RET-00298
MOV-0009874,PRD-0030,2025-12-29,CUSTOMER_RETURN,7,Return,RET-00299
MOV-0009875,PRD-0065,2026-01-08,CUSTOMER_RETURN,21,Return,RET-00300
MOV-0009876,PRD-0033,2026-03-31,CUSTOMER_RETURN,9,Return,RET-00301
MOV-0009877,PRD-0069,2026-04-26,CUSTOMER_RETURN,9,Return,RET-00302
MOV-0009878,PRD-0012,2026-06-23,CUSTOMER_RETURN,8,Return,RET-00303
MOV-0009879,PRD-0007,2026-05-28,CUSTOMER_RETURN,16,Return,RET-00304
MOV-0009880,PRD-0068,2026-05-22,CUSTOMER_RETURN,3,Return,RET-00305
MOV-0009881,PRD-0021,2026-05-31,CUSTOMER_RETURN,13,Return,RET-00306
MOV-0009882,PRD-0039,2026-01-18,CUSTOMER_RETURN,3,Return,RET-00307
MOV-0009883,PRD-0011,2025-12-25,CUSTOMER_RETURN,1,Return,RET-00308
MOV-0009884,PRD-0044,2026-02-03,CUSTOMER_RETURN,23,Return,RET-00309
MOV-0009885,PRD-0034,2026-02-12,CUSTOMER_RETURN,3,Return,RET-00310
MOV-0009886,PRD-0045,2026-02-18,CUSTOMER_RETURN,40,Return,RET-00311
MOV-0009887,PRD-0033,2026-01-31,CUSTOMER_RETURN,14,Return,RET-00312
MOV-0009888,PRD-0053,2026-01-31,CUSTOMER_RETURN,17,Return,RET-00313
MOV-0009889,PRD-0052,2026-02-05,CUSTOMER_RETURN,17,Return,RET-00314
MOV-0009890,PRD-0069,2025-07-17,CUSTOMER_RETURN,1,Return,RET-00315
MOV-0009891,PRD-0006,2025-06-28,CUSTOMER_RETURN,2,Return,RET-00316
MOV-0009892,PRD-0065,2025-06-19,CUSTOMER_RETURN,6,Return,RET-00317
MOV-0009893,PRD-0005,2026-05-14,CUSTOMER_RETURN,11,Return,RET-00318
MOV-0009894,PRD-0027,2026-05-12,CUSTOMER_RETURN,15,Return,RET-00319
MOV-0009895,PRD-0003,2026-05-24,CUSTOMER_RETURN,1,Return,RET-00320
MOV-0009896,PRD-0005,2026-02-14,CUSTOMER_RETURN,18,Return,RET-00321
MOV-0009897,PRD-0023,2026-02-12,CUSTOMER_RETURN,3,Return,RET-00322
MOV-0009898,PRD-0007,2026-02-15,CUSTOMER_RETURN,1,Return,RET-00323
MOV-0009899,PRD-0053,2026-02-14,CUSTOMER_RETURN,8,Return,RET-00324
MOV-0009900,PRD-0036,2025-08-31,CUSTOMER_RETURN,5,Return,RET-00325
MOV-0009901,PRD-0001,2025-07-28,PURCHASE_RECEIPT,26,Purchase Order,PO-65135
MOV-0009902,PRD-0001,2025-03-01,PURCHASE_RECEIPT,17,Purchase Order,PO-82268
MOV-0009903,PRD-0001,2026-03-11,PURCHASE_RECEIPT,16,Purchase Order,PO-27923
MOV-0009904,PRD-0001,2026-04-14,PURCHASE_RECEIPT,32,Purchase Order,PO-15455
MOV-0009905,PRD-0001,2025-08-25,PURCHASE_RECEIPT,41,Purchase Order,PO-42657
MOV-0009906,PRD-0001,2025-04-17,PURCHASE_RECEIPT,20,Purchase Order,PO-49566
MOV-0009907,PRD-0001,2026-04-28,PURCHASE_RECEIPT,36,Purchase Order,PO-35909
MOV-0009908,PRD-0002,2025-12-14,PURCHASE_RECEIPT,105,Purchase Order,PO-46413
MOV-0009909,PRD-0002,2025-05-04,PURCHASE_RECEIPT,55,Purchase Order,PO-41383
MOV-0009910,PRD-0002,2026-07-16,PURCHASE_RECEIPT,94,Purchase Order,PO-21770
MOV-0009911,PRD-0002,2025-12-14,PURCHASE_RECEIPT,124,Purchase Order,PO-92122
MOV-0009912,PRD-0002,2025-03-27,PURCHASE_RECEIPT,58,Purchase Order,PO-87127
MOV-0009913,PRD-0003,2025-12-30,PURCHASE_RECEIPT,21,Purchase Order,PO-33535
MOV-0009914,PRD-0003,2026-02-19,PURCHASE_RECEIPT,24,Purchase Order,PO-71899
MOV-0009915,PRD-0003,2026-07-20,PURCHASE_RECEIPT,20,Purchase Order,PO-28526
MOV-0009916,PRD-0003,2026-07-25,PURCHASE_RECEIPT,19,Purchase Order,PO-50183
MOV-0009917,PRD-0003,2026-03-19,PURCHASE_RECEIPT,18,Purchase Order,PO-34802
MOV-0009918,PRD-0003,2025-09-02,PURCHASE_RECEIPT,24,Purchase Order,PO-93706
MOV-0009919,PRD-0003,2026-04-09,PURCHASE_RECEIPT,21,Purchase Order,PO-84722
MOV-0009920,PRD-0004,2026-07-05,PURCHASE_RECEIPT,21,Purchase Order,PO-88301
MOV-0009921,PRD-0004,2026-03-21,PURCHASE_RECEIPT,29,Purchase Order,PO-15052
MOV-0009922,PRD-0004,2026-02-13,PURCHASE_RECEIPT,30,Purchase Order,PO-49621
MOV-0009923,PRD-0005,2025-09-19,PURCHASE_RECEIPT,98,Purchase Order,PO-50476
MOV-0009924,PRD-0005,2026-08-16,PURCHASE_RECEIPT,93,Purchase Order,PO-92129
MOV-0009925,PRD-0005,2025-10-05,PURCHASE_RECEIPT,90,Purchase Order,PO-53987
MOV-0009926,PRD-0005,2026-05-15,PURCHASE_RECEIPT,102,Purchase Order,PO-88387
MOV-0009927,PRD-0005,2025-12-24,PURCHASE_RECEIPT,39,Purchase Order,PO-19721
MOV-0009928,PRD-0006,2025-06-01,PURCHASE_RECEIPT,26,Purchase Order,PO-55154
MOV-0009929,PRD-0006,2025-10-03,PURCHASE_RECEIPT,45,Purchase Order,PO-77362
MOV-0009930,PRD-0006,2025-05-02,PURCHASE_RECEIPT,27,Purchase Order,PO-95252
MOV-0009931,PRD-0006,2025-10-17,PURCHASE_RECEIPT,16,Purchase Order,PO-37258
MOV-0009932,PRD-0006,2026-01-09,PURCHASE_RECEIPT,29,Purchase Order,PO-78722
MOV-0009933,PRD-0006,2026-08-25,PURCHASE_RECEIPT,42,Purchase Order,PO-92370
MOV-0009934,PRD-0006,2026-04-29,PURCHASE_RECEIPT,21,Purchase Order,PO-33952
MOV-0009935,PRD-0006,2025-10-17,PURCHASE_RECEIPT,32,Purchase Order,PO-87960
MOV-0009936,PRD-0007,2026-08-18,PURCHASE_RECEIPT,30,Purchase Order,PO-70163
MOV-0009937,PRD-0007,2025-09-06,PURCHASE_RECEIPT,50,Purchase Order,PO-60890
MOV-0009938,PRD-0007,2025-04-14,PURCHASE_RECEIPT,49,Purchase Order,PO-75127
MOV-0009939,PRD-0008,2025-10-01,PURCHASE_RECEIPT,51,Purchase Order,PO-49545
MOV-0009940,PRD-0008,2025-07-17,PURCHASE_RECEIPT,27,Purchase Order,PO-49142
MOV-0009941,PRD-0008,2026-07-18,PURCHASE_RECEIPT,31,Purchase Order,PO-53632
MOV-0009942,PRD-0008,2025-10-18,PURCHASE_RECEIPT,32,Purchase Order,PO-49852
MOV-0009943,PRD-0009,2025-03-30,PURCHASE_RECEIPT,12,Purchase Order,PO-93679
MOV-0009944,PRD-0009,2026-01-10,PURCHASE_RECEIPT,44,Purchase Order,PO-44745
MOV-0009945,PRD-0009,2026-03-29,PURCHASE_RECEIPT,19,Purchase Order,PO-18615
MOV-0009946,PRD-0009,2025-10-15,PURCHASE_RECEIPT,52,Purchase Order,PO-58271
MOV-0009947,PRD-0009,2025-12-22,PURCHASE_RECEIPT,14,Purchase Order,PO-47722
MOV-0009948,PRD-0009,2025-06-02,PURCHASE_RECEIPT,52,Purchase Order,PO-43664
MOV-0009949,PRD-0010,2026-03-29,PURCHASE_RECEIPT,54,Purchase Order,PO-45720
MOV-0009950,PRD-0010,2025-04-17,PURCHASE_RECEIPT,18,Purchase Order,PO-93062
MOV-0009951,PRD-0010,2025-04-15,PURCHASE_RECEIPT,51,Purchase Order,PO-39466
MOV-0009952,PRD-0010,2025-10-22,PURCHASE_RECEIPT,31,Purchase Order,PO-36805
MOV-0009953,PRD-0010,2025-11-30,PURCHASE_RECEIPT,26,Purchase Order,PO-51106
MOV-0009954,PRD-0010,2025-06-02,PURCHASE_RECEIPT,16,Purchase Order,PO-70136
MOV-0009955,PRD-0010,2025-05-25,PURCHASE_RECEIPT,28,Purchase Order,PO-55153
MOV-0009956,PRD-0010,2025-03-06,PURCHASE_RECEIPT,28,Purchase Order,PO-67085
MOV-0009957,PRD-0011,2026-06-14,PURCHASE_RECEIPT,10,Purchase Order,PO-84091
MOV-0009958,PRD-0011,2025-05-27,PURCHASE_RECEIPT,46,Purchase Order,PO-32202
MOV-0009959,PRD-0011,2025-12-28,PURCHASE_RECEIPT,37,Purchase Order,PO-72097
MOV-0009960,PRD-0012,2025-10-23,PURCHASE_RECEIPT,18,Purchase Order,PO-27431
MOV-0009961,PRD-0012,2026-02-08,PURCHASE_RECEIPT,19,Purchase Order,PO-71917
MOV-0009962,PRD-0012,2025-05-23,PURCHASE_RECEIPT,18,Purchase Order,PO-89113
MOV-0009963,PRD-0012,2026-05-17,PURCHASE_RECEIPT,43,Purchase Order,PO-81534
MOV-0009964,PRD-0012,2025-04-22,PURCHASE_RECEIPT,23,Purchase Order,PO-25676
MOV-0009965,PRD-0012,2025-06-21,PURCHASE_RECEIPT,14,Purchase Order,PO-27610
MOV-0009966,PRD-0012,2025-08-20,PURCHASE_RECEIPT,26,Purchase Order,PO-94967
MOV-0009967,PRD-0012,2026-05-29,PURCHASE_RECEIPT,40,Purchase Order,PO-80324
MOV-0009968,PRD-0013,2025-12-22,PURCHASE_RECEIPT,83,Purchase Order,PO-41473
MOV-0009969,PRD-0013,2026-02-24,PURCHASE_RECEIPT,48,Purchase Order,PO-58949
MOV-0009970,PRD-0013,2026-05-29,PURCHASE_RECEIPT,51,Purchase Order,PO-26163
MOV-0009971,PRD-0013,2025-04-21,PURCHASE_RECEIPT,61,Purchase Order,PO-59488
MOV-0009972,PRD-0013,2025-11-29,PURCHASE_RECEIPT,109,Purchase Order,PO-10588
MOV-0009973,PRD-0013,2025-03-21,PURCHASE_RECEIPT,94,Purchase Order,PO-71649
MOV-0009974,PRD-0013,2025-07-10,PURCHASE_RECEIPT,53,Purchase Order,PO-23859
MOV-0009975,PRD-0014,2025-08-19,PURCHASE_RECEIPT,30,Purchase Order,PO-37179
MOV-0009976,PRD-0014,2025-06-02,PURCHASE_RECEIPT,14,Purchase Order,PO-79494
MOV-0009977,PRD-0014,2026-06-18,PURCHASE_RECEIPT,27,Purchase Order,PO-58901
MOV-0009978,PRD-0014,2025-12-27,PURCHASE_RECEIPT,31,Purchase Order,PO-28932
MOV-0009979,PRD-0014,2025-05-19,PURCHASE_RECEIPT,31,Purchase Order,PO-50401
MOV-0009980,PRD-0015,2025-04-07,PURCHASE_RECEIPT,12,Purchase Order,PO-28521
MOV-0009981,PRD-0015,2026-07-01,PURCHASE_RECEIPT,23,Purchase Order,PO-28694
MOV-0009982,PRD-0015,2025-05-23,PURCHASE_RECEIPT,17,Purchase Order,PO-61493
MOV-0009983,PRD-0015,2025-05-15,PURCHASE_RECEIPT,29,Purchase Order,PO-61551
MOV-0009984,PRD-0015,2025-08-02,PURCHASE_RECEIPT,14,Purchase Order,PO-62839
MOV-0009985,PRD-0016,2026-03-16,PURCHASE_RECEIPT,47,Purchase Order,PO-46931
MOV-0009986,PRD-0016,2026-07-21,PURCHASE_RECEIPT,49,Purchase Order,PO-67156
MOV-0009987,PRD-0016,2026-06-09,PURCHASE_RECEIPT,38,Purchase Order,PO-79600
MOV-0009988,PRD-0016,2025-07-13,PURCHASE_RECEIPT,47,Purchase Order,PO-23432
MOV-0009989,PRD-0016,2026-03-03,PURCHASE_RECEIPT,35,Purchase Order,PO-34057
MOV-0009990,PRD-0016,2026-02-15,PURCHASE_RECEIPT,52,Purchase Order,PO-16854
MOV-0009991,PRD-0016,2026-01-01,PURCHASE_RECEIPT,30,Purchase Order,PO-82612
MOV-0009992,PRD-0016,2026-04-02,PURCHASE_RECEIPT,52,Purchase Order,PO-15027
MOV-0009993,PRD-0017,2026-03-01,PURCHASE_RECEIPT,20,Purchase Order,PO-67800
MOV-0009994,PRD-0017,2025-11-19,PURCHASE_RECEIPT,33,Purchase Order,PO-69851
MOV-0009995,PRD-0017,2026-03-01,PURCHASE_RECEIPT,34,Purchase Order,PO-21280
MOV-0009996,PRD-0017,2025-08-06,PURCHASE_RECEIPT,17,Purchase Order,PO-94158
MOV-0009997,PRD-0017,2025-12-03,PURCHASE_RECEIPT,28,Purchase Order,PO-18908
MOV-0009998,PRD-0017,2026-03-22,PURCHASE_RECEIPT,16,Purchase Order,PO-22837
MOV-0009999,PRD-0017,2026-03-02,PURCHASE_RECEIPT,16,Purchase Order,PO-21589
MOV-0010000,PRD-0017,2025-05-24,PURCHASE_RECEIPT,35,Purchase Order,PO-90494
MOV-0010001,PRD-0018,2026-05-14,PURCHASE_RECEIPT,36,Purchase Order,PO-35504
MOV-0010002,PRD-0018,2026-06-10,PURCHASE_RECEIPT,52,Purchase Order,PO-81338
MOV-0010003,PRD-0018,2026-02-26,PURCHASE_RECEIPT,27,Purchase Order,PO-87420
MOV-0010004,PRD-0018,2026-01-08,PURCHASE_RECEIPT,43,Purchase Order,PO-44144
MOV-0010005,PRD-0018,2025-11-14,PURCHASE_RECEIPT,25,Purchase Order,PO-21207
MOV-0010006,PRD-0018,2025-03-31,PURCHASE_RECEIPT,42,Purchase Order,PO-52022
MOV-0010007,PRD-0018,2025-09-25,PURCHASE_RECEIPT,21,Purchase Order,PO-45473
MOV-0010008,PRD-0019,2025-08-18,PURCHASE_RECEIPT,49,Purchase Order,PO-48308
MOV-0010009,PRD-0019,2026-08-26,PURCHASE_RECEIPT,37,Purchase Order,PO-50785
MOV-0010010,PRD-0019,2026-01-08,PURCHASE_RECEIPT,47,Purchase Order,PO-30275
MOV-0010011,PRD-0019,2025-09-03,PURCHASE_RECEIPT,52,Purchase Order,PO-52707
MOV-0010012,PRD-0019,2025-05-31,PURCHASE_RECEIPT,36,Purchase Order,PO-58144
MOV-0010013,PRD-0019,2025-07-10,PURCHASE_RECEIPT,41,Purchase Order,PO-78421
MOV-0010014,PRD-0020,2025-09-22,PURCHASE_RECEIPT,21,Purchase Order,PO-80139
MOV-0010015,PRD-0020,2025-09-17,PURCHASE_RECEIPT,20,Purchase Order,PO-48197
MOV-0010016,PRD-0020,2026-02-25,PURCHASE_RECEIPT,29,Purchase Order,PO-13370
MOV-0010017,PRD-0020,2026-01-16,PURCHASE_RECEIPT,24,Purchase Order,PO-25910
MOV-0010018,PRD-0020,2025-07-10,PURCHASE_RECEIPT,17,Purchase Order,PO-94820
MOV-0010019,PRD-0020,2025-06-12,PURCHASE_RECEIPT,18,Purchase Order,PO-49537
MOV-0010020,PRD-0021,2026-08-12,PURCHASE_RECEIPT,30,Purchase Order,PO-11185
MOV-0010021,PRD-0021,2025-03-10,PURCHASE_RECEIPT,26,Purchase Order,PO-62454
MOV-0010022,PRD-0021,2025-12-08,PURCHASE_RECEIPT,35,Purchase Order,PO-64951
MOV-0010023,PRD-0021,2026-02-02,PURCHASE_RECEIPT,38,Purchase Order,PO-89563
MOV-0010024,PRD-0021,2025-06-09,PURCHASE_RECEIPT,14,Purchase Order,PO-94357
MOV-0010025,PRD-0021,2025-12-11,PURCHASE_RECEIPT,29,Purchase Order,PO-21932
MOV-0010026,PRD-0021,2026-01-17,PURCHASE_RECEIPT,27,Purchase Order,PO-73044
MOV-0010027,PRD-0022,2026-02-22,PURCHASE_RECEIPT,39,Purchase Order,PO-83671
MOV-0010028,PRD-0022,2026-05-25,PURCHASE_RECEIPT,26,Purchase Order,PO-54493
MOV-0010029,PRD-0022,2025-10-23,PURCHASE_RECEIPT,17,Purchase Order,PO-10889
MOV-0010030,PRD-0023,2025-06-01,PURCHASE_RECEIPT,13,Purchase Order,PO-90026
MOV-0010031,PRD-0023,2025-06-20,PURCHASE_RECEIPT,37,Purchase Order,PO-35547
MOV-0010032,PRD-0023,2025-08-01,PURCHASE_RECEIPT,38,Purchase Order,PO-14027
MOV-0010033,PRD-0023,2025-05-24,PURCHASE_RECEIPT,10,Purchase Order,PO-91431
MOV-0010034,PRD-0024,2025-10-02,PURCHASE_RECEIPT,89,Purchase Order,PO-52432
MOV-0010035,PRD-0024,2025-05-03,PURCHASE_RECEIPT,143,Purchase Order,PO-65044
MOV-0010036,PRD-0024,2025-08-28,PURCHASE_RECEIPT,55,Purchase Order,PO-29610
MOV-0010037,PRD-0025,2025-07-14,PURCHASE_RECEIPT,50,Purchase Order,PO-59568
MOV-0010038,PRD-0025,2025-11-12,PURCHASE_RECEIPT,38,Purchase Order,PO-96412
MOV-0010039,PRD-0025,2025-06-27,PURCHASE_RECEIPT,23,Purchase Order,PO-30097
MOV-0010040,PRD-0025,2026-02-27,PURCHASE_RECEIPT,37,Purchase Order,PO-63631
MOV-0010041,PRD-0026,2025-05-10,PURCHASE_RECEIPT,196,Purchase Order,PO-12584
MOV-0010042,PRD-0026,2025-11-16,PURCHASE_RECEIPT,186,Purchase Order,PO-69576
MOV-0010043,PRD-0026,2026-07-20,PURCHASE_RECEIPT,175,Purchase Order,PO-26461
MOV-0010044,PRD-0026,2026-04-26,PURCHASE_RECEIPT,177,Purchase Order,PO-73768
MOV-0010045,PRD-0026,2025-09-14,PURCHASE_RECEIPT,184,Purchase Order,PO-73482
MOV-0010046,PRD-0027,2025-05-26,PURCHASE_RECEIPT,67,Purchase Order,PO-26855
MOV-0010047,PRD-0027,2025-11-19,PURCHASE_RECEIPT,103,Purchase Order,PO-25210
MOV-0010048,PRD-0027,2025-05-20,PURCHASE_RECEIPT,89,Purchase Order,PO-60568
MOV-0010049,PRD-0027,2025-09-08,PURCHASE_RECEIPT,91,Purchase Order,PO-40763
MOV-0010050,PRD-0028,2025-09-20,PURCHASE_RECEIPT,68,Purchase Order,PO-58788
MOV-0010051,PRD-0028,2025-10-21,PURCHASE_RECEIPT,96,Purchase Order,PO-78665
MOV-0010052,PRD-0028,2025-07-01,PURCHASE_RECEIPT,124,Purchase Order,PO-13408
MOV-0010053,PRD-0028,2025-05-26,PURCHASE_RECEIPT,84,Purchase Order,PO-27599
MOV-0010054,PRD-0028,2025-03-05,PURCHASE_RECEIPT,136,Purchase Order,PO-53828
MOV-0010055,PRD-0028,2026-04-14,PURCHASE_RECEIPT,68,Purchase Order,PO-63302
MOV-0010056,PRD-0028,2025-03-31,PURCHASE_RECEIPT,88,Purchase Order,PO-40659
MOV-0010057,PRD-0028,2025-11-04,PURCHASE_RECEIPT,130,Purchase Order,PO-30598
MOV-0010058,PRD-0029,2025-06-11,PURCHASE_RECEIPT,21,Purchase Order,PO-70999
MOV-0010059,PRD-0029,2025-06-18,PURCHASE_RECEIPT,11,Purchase Order,PO-93361
MOV-0010060,PRD-0029,2026-06-16,PURCHASE_RECEIPT,26,Purchase Order,PO-64665
MOV-0010061,PRD-0029,2026-02-22,PURCHASE_RECEIPT,28,Purchase Order,PO-47179
MOV-0010062,PRD-0029,2026-04-24,PURCHASE_RECEIPT,15,Purchase Order,PO-60722
MOV-0010063,PRD-0029,2026-02-22,PURCHASE_RECEIPT,27,Purchase Order,PO-66219
MOV-0010064,PRD-0029,2026-05-29,PURCHASE_RECEIPT,34,Purchase Order,PO-93558
MOV-0010065,PRD-0030,2025-06-07,PURCHASE_RECEIPT,27,Purchase Order,PO-22214
MOV-0010066,PRD-0030,2026-02-17,PURCHASE_RECEIPT,40,Purchase Order,PO-35554
MOV-0010067,PRD-0030,2026-04-29,PURCHASE_RECEIPT,30,Purchase Order,PO-34404
MOV-0010068,PRD-0030,2025-06-26,PURCHASE_RECEIPT,17,Purchase Order,PO-13886
MOV-0010069,PRD-0031,2025-10-16,PURCHASE_RECEIPT,45,Purchase Order,PO-83422
MOV-0010070,PRD-0031,2026-08-18,PURCHASE_RECEIPT,32,Purchase Order,PO-63152
MOV-0010071,PRD-0031,2026-01-17,PURCHASE_RECEIPT,78,Purchase Order,PO-62939
MOV-0010072,PRD-0031,2026-04-21,PURCHASE_RECEIPT,61,Purchase Order,PO-82111
MOV-0010073,PRD-0032,2025-04-14,PURCHASE_RECEIPT,22,Purchase Order,PO-39063
MOV-0010074,PRD-0032,2026-06-22,PURCHASE_RECEIPT,21,Purchase Order,PO-96839
MOV-0010075,PRD-0032,2026-06-04,PURCHASE_RECEIPT,34,Purchase Order,PO-43404
MOV-0010076,PRD-0032,2025-08-14,PURCHASE_RECEIPT,36,Purchase Order,PO-82812
MOV-0010077,PRD-0032,2026-04-08,PURCHASE_RECEIPT,24,Purchase Order,PO-27229
MOV-0010078,PRD-0033,2025-10-09,PURCHASE_RECEIPT,21,Purchase Order,PO-28709
MOV-0010079,PRD-0033,2025-04-22,PURCHASE_RECEIPT,12,Purchase Order,PO-43897
MOV-0010080,PRD-0033,2026-01-29,PURCHASE_RECEIPT,18,Purchase Order,PO-67126
MOV-0010081,PRD-0034,2025-04-28,PURCHASE_RECEIPT,22,Purchase Order,PO-29243
MOV-0010082,PRD-0034,2026-08-04,PURCHASE_RECEIPT,18,Purchase Order,PO-48157
MOV-0010083,PRD-0034,2025-05-24,PURCHASE_RECEIPT,26,Purchase Order,PO-63788
MOV-0010084,PRD-0034,2025-08-17,PURCHASE_RECEIPT,25,Purchase Order,PO-96436
MOV-0010085,PRD-0035,2026-04-23,PURCHASE_RECEIPT,22,Purchase Order,PO-68376
MOV-0010086,PRD-0035,2025-09-05,PURCHASE_RECEIPT,22,Purchase Order,PO-58686
MOV-0010087,PRD-0035,2025-10-24,PURCHASE_RECEIPT,37,Purchase Order,PO-72631
MOV-0010088,PRD-0035,2025-09-24,PURCHASE_RECEIPT,22,Purchase Order,PO-60453
MOV-0010089,PRD-0035,2026-06-10,PURCHASE_RECEIPT,26,Purchase Order,PO-15860
MOV-0010090,PRD-0035,2026-04-23,PURCHASE_RECEIPT,19,Purchase Order,PO-81202
MOV-0010091,PRD-0036,2026-02-19,PURCHASE_RECEIPT,14,Purchase Order,PO-12060
MOV-0010092,PRD-0036,2025-06-24,PURCHASE_RECEIPT,17,Purchase Order,PO-83685
MOV-0010093,PRD-0036,2026-03-27,PURCHASE_RECEIPT,40,Purchase Order,PO-75894
MOV-0010094,PRD-0036,2026-06-19,PURCHASE_RECEIPT,14,Purchase Order,PO-46882
MOV-0010095,PRD-0036,2025-08-18,PURCHASE_RECEIPT,22,Purchase Order,PO-29433
MOV-0010096,PRD-0036,2025-07-28,PURCHASE_RECEIPT,41,Purchase Order,PO-37666
MOV-0010097,PRD-0036,2025-06-24,PURCHASE_RECEIPT,42,Purchase Order,PO-70406
MOV-0010098,PRD-0037,2025-08-22,PURCHASE_RECEIPT,84,Purchase Order,PO-69961
MOV-0010099,PRD-0037,2026-04-30,PURCHASE_RECEIPT,124,Purchase Order,PO-35538
MOV-0010100,PRD-0037,2025-10-04,PURCHASE_RECEIPT,89,Purchase Order,PO-94198
MOV-0010101,PRD-0037,2026-06-25,PURCHASE_RECEIPT,119,Purchase Order,PO-24236
MOV-0010102,PRD-0037,2025-05-01,PURCHASE_RECEIPT,128,Purchase Order,PO-66370
MOV-0010103,PRD-0038,2026-02-19,PURCHASE_RECEIPT,38,Purchase Order,PO-28237
MOV-0010104,PRD-0038,2026-04-21,PURCHASE_RECEIPT,42,Purchase Order,PO-22595
MOV-0010105,PRD-0038,2025-07-30,PURCHASE_RECEIPT,29,Purchase Order,PO-77224
MOV-0010106,PRD-0038,2026-05-07,PURCHASE_RECEIPT,23,Purchase Order,PO-14539
MOV-0010107,PRD-0039,2025-06-18,PURCHASE_RECEIPT,20,Purchase Order,PO-75801
MOV-0010108,PRD-0039,2026-02-07,PURCHASE_RECEIPT,42,Purchase Order,PO-36825
MOV-0010109,PRD-0039,2026-03-31,PURCHASE_RECEIPT,48,Purchase Order,PO-21060
MOV-0010110,PRD-0039,2026-01-25,PURCHASE_RECEIPT,37,Purchase Order,PO-82350
MOV-0010111,PRD-0039,2026-07-29,PURCHASE_RECEIPT,51,Purchase Order,PO-84549
MOV-0010112,PRD-0039,2025-04-25,PURCHASE_RECEIPT,38,Purchase Order,PO-81757
MOV-0010113,PRD-0039,2025-06-14,PURCHASE_RECEIPT,23,Purchase Order,PO-36688
MOV-0010114,PRD-0040,2025-07-28,PURCHASE_RECEIPT,12,Purchase Order,PO-80777
MOV-0010115,PRD-0040,2025-11-02,PURCHASE_RECEIPT,13,Purchase Order,PO-57110
MOV-0010116,PRD-0040,2026-03-27,PURCHASE_RECEIPT,11,Purchase Order,PO-15198
MOV-0010117,PRD-0040,2025-11-11,PURCHASE_RECEIPT,13,Purchase Order,PO-18877
MOV-0010118,PRD-0040,2025-05-09,PURCHASE_RECEIPT,21,Purchase Order,PO-39875
MOV-0010119,PRD-0040,2025-05-16,PURCHASE_RECEIPT,19,Purchase Order,PO-58559
MOV-0010120,PRD-0041,2025-05-07,PURCHASE_RECEIPT,30,Purchase Order,PO-91880
MOV-0010121,PRD-0041,2026-03-19,PURCHASE_RECEIPT,26,Purchase Order,PO-41500
MOV-0010122,PRD-0041,2026-05-09,PURCHASE_RECEIPT,41,Purchase Order,PO-79732
MOV-0010123,PRD-0041,2026-03-25,PURCHASE_RECEIPT,23,Purchase Order,PO-29630
MOV-0010124,PRD-0042,2025-03-13,PURCHASE_RECEIPT,50,Purchase Order,PO-84482
MOV-0010125,PRD-0042,2025-08-07,PURCHASE_RECEIPT,86,Purchase Order,PO-82078
MOV-0010126,PRD-0042,2026-01-27,PURCHASE_RECEIPT,88,Purchase Order,PO-76534
MOV-0010127,PRD-0043,2026-04-24,PURCHASE_RECEIPT,14,Purchase Order,PO-89011
MOV-0010128,PRD-0043,2025-09-03,PURCHASE_RECEIPT,27,Purchase Order,PO-22089
MOV-0010129,PRD-0043,2025-04-02,PURCHASE_RECEIPT,49,Purchase Order,PO-76739
MOV-0010130,PRD-0043,2025-08-10,PURCHASE_RECEIPT,45,Purchase Order,PO-16042
MOV-0010131,PRD-0043,2025-07-03,PURCHASE_RECEIPT,47,Purchase Order,PO-98224
MOV-0010132,PRD-0043,2026-02-12,PURCHASE_RECEIPT,31,Purchase Order,PO-36556
MOV-0010133,PRD-0043,2025-05-15,PURCHASE_RECEIPT,18,Purchase Order,PO-78620
MOV-0010134,PRD-0044,2026-04-18,PURCHASE_RECEIPT,110,Purchase Order,PO-21660
MOV-0010135,PRD-0044,2025-09-16,PURCHASE_RECEIPT,108,Purchase Order,PO-34902
MOV-0010136,PRD-0044,2025-05-30,PURCHASE_RECEIPT,98,Purchase Order,PO-63214
MOV-0010137,PRD-0044,2026-07-09,PURCHASE_RECEIPT,131,Purchase Order,PO-54862
MOV-0010138,PRD-0045,2025-09-12,PURCHASE_RECEIPT,71,Purchase Order,PO-33120
MOV-0010139,PRD-0045,2025-11-14,PURCHASE_RECEIPT,69,Purchase Order,PO-36211
MOV-0010140,PRD-0045,2026-03-26,PURCHASE_RECEIPT,64,Purchase Order,PO-96480
MOV-0010141,PRD-0045,2026-04-16,PURCHASE_RECEIPT,34,Purchase Order,PO-30756
MOV-0010142,PRD-0046,2025-06-17,PURCHASE_RECEIPT,21,Purchase Order,PO-34899
MOV-0010143,PRD-0046,2026-01-07,PURCHASE_RECEIPT,39,Purchase Order,PO-32904
MOV-0010144,PRD-0046,2026-07-05,PURCHASE_RECEIPT,36,Purchase Order,PO-29328
MOV-0010145,PRD-0046,2025-05-25,PURCHASE_RECEIPT,25,Purchase Order,PO-23684
MOV-0010146,PRD-0047,2025-05-07,PURCHASE_RECEIPT,14,Purchase Order,PO-28062
MOV-0010147,PRD-0047,2025-03-20,PURCHASE_RECEIPT,13,Purchase Order,PO-46483
MOV-0010148,PRD-0047,2025-03-31,PURCHASE_RECEIPT,11,Purchase Order,PO-56526
MOV-0010149,PRD-0047,2025-07-26,PURCHASE_RECEIPT,25,Purchase Order,PO-39099
MOV-0010150,PRD-0047,2025-05-23,PURCHASE_RECEIPT,15,Purchase Order,PO-66115
MOV-0010151,PRD-0047,2026-01-10,PURCHASE_RECEIPT,11,Purchase Order,PO-36536
MOV-0010152,PRD-0047,2026-04-27,PURCHASE_RECEIPT,23,Purchase Order,PO-70061
MOV-0010153,PRD-0048,2026-05-27,PURCHASE_RECEIPT,34,Purchase Order,PO-64490
MOV-0010154,PRD-0048,2026-01-28,PURCHASE_RECEIPT,42,Purchase Order,PO-62897
MOV-0010155,PRD-0048,2025-05-30,PURCHASE_RECEIPT,45,Purchase Order,PO-43998
MOV-0010156,PRD-0049,2025-10-07,PURCHASE_RECEIPT,33,Purchase Order,PO-99121
MOV-0010157,PRD-0049,2025-11-06,PURCHASE_RECEIPT,73,Purchase Order,PO-31233
MOV-0010158,PRD-0049,2026-03-03,PURCHASE_RECEIPT,86,Purchase Order,PO-91687
MOV-0010159,PRD-0049,2025-06-23,PURCHASE_RECEIPT,80,Purchase Order,PO-53503
MOV-0010160,PRD-0049,2025-10-22,PURCHASE_RECEIPT,49,Purchase Order,PO-98782
MOV-0010161,PRD-0049,2026-06-02,PURCHASE_RECEIPT,62,Purchase Order,PO-46674
MOV-0010162,PRD-0050,2025-04-26,PURCHASE_RECEIPT,55,Purchase Order,PO-59549
MOV-0010163,PRD-0050,2025-11-21,PURCHASE_RECEIPT,99,Purchase Order,PO-44886
MOV-0010164,PRD-0050,2025-03-24,PURCHASE_RECEIPT,125,Purchase Order,PO-14375
MOV-0010165,PRD-0050,2025-05-21,PURCHASE_RECEIPT,82,Purchase Order,PO-28001
MOV-0010166,PRD-0050,2026-04-08,PURCHASE_RECEIPT,95,Purchase Order,PO-55942
MOV-0010167,PRD-0051,2025-04-27,PURCHASE_RECEIPT,55,Purchase Order,PO-89676
MOV-0010168,PRD-0051,2025-11-18,PURCHASE_RECEIPT,51,Purchase Order,PO-95780
MOV-0010169,PRD-0051,2025-10-09,PURCHASE_RECEIPT,60,Purchase Order,PO-16678
MOV-0010170,PRD-0051,2025-10-30,PURCHASE_RECEIPT,69,Purchase Order,PO-96404
MOV-0010171,PRD-0051,2026-02-03,PURCHASE_RECEIPT,104,Purchase Order,PO-10901
MOV-0010172,PRD-0051,2025-03-22,PURCHASE_RECEIPT,117,Purchase Order,PO-86934
MOV-0010173,PRD-0051,2025-09-16,PURCHASE_RECEIPT,78,Purchase Order,PO-84244
MOV-0010174,PRD-0052,2026-01-13,PURCHASE_RECEIPT,25,Purchase Order,PO-83996
MOV-0010175,PRD-0052,2026-05-07,PURCHASE_RECEIPT,16,Purchase Order,PO-72754
MOV-0010176,PRD-0052,2025-11-19,PURCHASE_RECEIPT,19,Purchase Order,PO-58161
MOV-0010177,PRD-0052,2026-02-21,PURCHASE_RECEIPT,11,Purchase Order,PO-33259
MOV-0010178,PRD-0052,2026-04-15,PURCHASE_RECEIPT,23,Purchase Order,PO-46707
MOV-0010179,PRD-0053,2026-06-16,PURCHASE_RECEIPT,28,Purchase Order,PO-61580
MOV-0010180,PRD-0053,2025-08-15,PURCHASE_RECEIPT,12,Purchase Order,PO-73454
MOV-0010181,PRD-0053,2025-05-10,PURCHASE_RECEIPT,31,Purchase Order,PO-39321
MOV-0010182,PRD-0053,2025-09-18,PURCHASE_RECEIPT,41,Purchase Order,PO-93736
MOV-0010183,PRD-0053,2025-06-30,PURCHASE_RECEIPT,17,Purchase Order,PO-22980
MOV-0010184,PRD-0053,2025-05-27,PURCHASE_RECEIPT,28,Purchase Order,PO-41198
MOV-0010185,PRD-0054,2025-10-29,PURCHASE_RECEIPT,65,Purchase Order,PO-46434
MOV-0010186,PRD-0054,2025-05-21,PURCHASE_RECEIPT,97,Purchase Order,PO-40073
MOV-0010187,PRD-0054,2025-12-10,PURCHASE_RECEIPT,49,Purchase Order,PO-14593
MOV-0010188,PRD-0055,2026-07-21,PURCHASE_RECEIPT,27,Purchase Order,PO-80173
MOV-0010189,PRD-0055,2025-09-05,PURCHASE_RECEIPT,15,Purchase Order,PO-46591
MOV-0010190,PRD-0055,2026-06-28,PURCHASE_RECEIPT,25,Purchase Order,PO-63956
MOV-0010191,PRD-0056,2026-03-23,PURCHASE_RECEIPT,21,Purchase Order,PO-12124
MOV-0010192,PRD-0056,2025-03-08,PURCHASE_RECEIPT,19,Purchase Order,PO-34878
MOV-0010193,PRD-0056,2025-08-14,PURCHASE_RECEIPT,13,Purchase Order,PO-12397
MOV-0010194,PRD-0056,2025-03-20,PURCHASE_RECEIPT,29,Purchase Order,PO-67924
MOV-0010195,PRD-0056,2026-08-21,PURCHASE_RECEIPT,33,Purchase Order,PO-95379
MOV-0010196,PRD-0056,2025-08-11,PURCHASE_RECEIPT,54,Purchase Order,PO-62605
MOV-0010197,PRD-0056,2025-05-10,PURCHASE_RECEIPT,50,Purchase Order,PO-12564
MOV-0010198,PRD-0057,2025-12-25,PURCHASE_RECEIPT,29,Purchase Order,PO-44171
MOV-0010199,PRD-0057,2026-04-14,PURCHASE_RECEIPT,26,Purchase Order,PO-51632
MOV-0010200,PRD-0057,2025-04-07,PURCHASE_RECEIPT,16,Purchase Order,PO-38915
MOV-0010201,PRD-0057,2026-08-02,PURCHASE_RECEIPT,30,Purchase Order,PO-36581
MOV-0010202,PRD-0057,2026-03-13,PURCHASE_RECEIPT,29,Purchase Order,PO-10428
MOV-0010203,PRD-0057,2025-05-12,PURCHASE_RECEIPT,23,Purchase Order,PO-83260
MOV-0010204,PRD-0058,2026-04-11,PURCHASE_RECEIPT,19,Purchase Order,PO-54013
MOV-0010205,PRD-0058,2025-06-04,PURCHASE_RECEIPT,29,Purchase Order,PO-18570
MOV-0010206,PRD-0058,2026-05-31,PURCHASE_RECEIPT,32,Purchase Order,PO-64640
MOV-0010207,PRD-0058,2025-09-03,PURCHASE_RECEIPT,41,Purchase Order,PO-86906
MOV-0010208,PRD-0058,2025-03-11,PURCHASE_RECEIPT,23,Purchase Order,PO-38751
MOV-0010209,PRD-0059,2026-02-14,PURCHASE_RECEIPT,67,Purchase Order,PO-12620
MOV-0010210,PRD-0059,2025-05-03,PURCHASE_RECEIPT,63,Purchase Order,PO-27612
MOV-0010211,PRD-0059,2026-02-27,PURCHASE_RECEIPT,47,Purchase Order,PO-81082
MOV-0010212,PRD-0059,2025-07-13,PURCHASE_RECEIPT,48,Purchase Order,PO-48757
MOV-0010213,PRD-0060,2026-04-11,PURCHASE_RECEIPT,25,Purchase Order,PO-90479
MOV-0010214,PRD-0060,2025-09-23,PURCHASE_RECEIPT,33,Purchase Order,PO-22683
MOV-0010215,PRD-0060,2025-05-02,PURCHASE_RECEIPT,26,Purchase Order,PO-72403
MOV-0010216,PRD-0060,2025-10-03,PURCHASE_RECEIPT,12,Purchase Order,PO-64684
MOV-0010217,PRD-0060,2025-11-02,PURCHASE_RECEIPT,31,Purchase Order,PO-48921
MOV-0010218,PRD-0060,2025-09-28,PURCHASE_RECEIPT,36,Purchase Order,PO-87246
MOV-0010219,PRD-0060,2025-06-08,PURCHASE_RECEIPT,33,Purchase Order,PO-31077
MOV-0010220,PRD-0060,2026-07-23,PURCHASE_RECEIPT,26,Purchase Order,PO-21954
MOV-0010221,PRD-0061,2025-10-15,PURCHASE_RECEIPT,100,Purchase Order,PO-97819
MOV-0010222,PRD-0061,2026-05-05,PURCHASE_RECEIPT,75,Purchase Order,PO-42270
MOV-0010223,PRD-0061,2026-04-14,PURCHASE_RECEIPT,113,Purchase Order,PO-38852
MOV-0010224,PRD-0061,2025-10-06,PURCHASE_RECEIPT,42,Purchase Order,PO-55302
MOV-0010225,PRD-0061,2025-09-28,PURCHASE_RECEIPT,86,Purchase Order,PO-18557
MOV-0010226,PRD-0061,2026-07-31,PURCHASE_RECEIPT,37,Purchase Order,PO-65122
MOV-0010227,PRD-0062,2026-06-12,PURCHASE_RECEIPT,100,Purchase Order,PO-54828
MOV-0010228,PRD-0062,2026-02-06,PURCHASE_RECEIPT,124,Purchase Order,PO-27083
MOV-0010229,PRD-0062,2026-06-26,PURCHASE_RECEIPT,88,Purchase Order,PO-18901
MOV-0010230,PRD-0062,2025-12-10,PURCHASE_RECEIPT,49,Purchase Order,PO-12662
MOV-0010231,PRD-0062,2025-08-04,PURCHASE_RECEIPT,53,Purchase Order,PO-39019
MOV-0010232,PRD-0062,2026-03-29,PURCHASE_RECEIPT,48,Purchase Order,PO-93557
MOV-0010233,PRD-0062,2025-10-12,PURCHASE_RECEIPT,90,Purchase Order,PO-10196
MOV-0010234,PRD-0062,2025-12-12,PURCHASE_RECEIPT,38,Purchase Order,PO-49531
MOV-0010235,PRD-0063,2025-06-17,PURCHASE_RECEIPT,147,Purchase Order,PO-71491
MOV-0010236,PRD-0063,2025-05-01,PURCHASE_RECEIPT,139,Purchase Order,PO-23410
MOV-0010237,PRD-0063,2025-12-03,PURCHASE_RECEIPT,100,Purchase Order,PO-42170
MOV-0010238,PRD-0063,2026-03-22,PURCHASE_RECEIPT,159,Purchase Order,PO-54142
MOV-0010239,PRD-0063,2025-03-02,PURCHASE_RECEIPT,89,Purchase Order,PO-21926
MOV-0010240,PRD-0063,2026-08-22,PURCHASE_RECEIPT,146,Purchase Order,PO-78296
MOV-0010241,PRD-0063,2025-11-10,PURCHASE_RECEIPT,169,Purchase Order,PO-36745
MOV-0010242,PRD-0064,2025-11-04,PURCHASE_RECEIPT,48,Purchase Order,PO-61850
MOV-0010243,PRD-0064,2025-07-07,PURCHASE_RECEIPT,41,Purchase Order,PO-75099
MOV-0010244,PRD-0064,2026-02-12,PURCHASE_RECEIPT,31,Purchase Order,PO-41771
MOV-0010245,PRD-0064,2026-01-03,PURCHASE_RECEIPT,49,Purchase Order,PO-48345
MOV-0010246,PRD-0064,2026-05-30,PURCHASE_RECEIPT,45,Purchase Order,PO-87955
MOV-0010247,PRD-0064,2026-04-08,PURCHASE_RECEIPT,43,Purchase Order,PO-69213
MOV-0010248,PRD-0065,2026-05-30,PURCHASE_RECEIPT,17,Purchase Order,PO-29720
MOV-0010249,PRD-0065,2025-04-19,PURCHASE_RECEIPT,27,Purchase Order,PO-38153
MOV-0010250,PRD-0065,2025-11-23,PURCHASE_RECEIPT,28,Purchase Order,PO-96627
MOV-0010251,PRD-0065,2026-07-06,PURCHASE_RECEIPT,42,Purchase Order,PO-29013
MOV-0010252,PRD-0065,2026-01-12,PURCHASE_RECEIPT,35,Purchase Order,PO-37811
MOV-0010253,PRD-0066,2025-04-29,PURCHASE_RECEIPT,133,Purchase Order,PO-14266
MOV-0010254,PRD-0066,2025-03-27,PURCHASE_RECEIPT,91,Purchase Order,PO-66598
MOV-0010255,PRD-0066,2025-09-20,PURCHASE_RECEIPT,62,Purchase Order,PO-37446
MOV-0010256,PRD-0066,2026-08-14,PURCHASE_RECEIPT,104,Purchase Order,PO-63467
MOV-0010257,PRD-0066,2025-06-08,PURCHASE_RECEIPT,118,Purchase Order,PO-21512
MOV-0010258,PRD-0067,2026-07-27,PURCHASE_RECEIPT,50,Purchase Order,PO-48966
MOV-0010259,PRD-0067,2025-10-22,PURCHASE_RECEIPT,98,Purchase Order,PO-72290
MOV-0010260,PRD-0067,2025-12-23,PURCHASE_RECEIPT,38,Purchase Order,PO-24936
MOV-0010261,PRD-0067,2025-11-30,PURCHASE_RECEIPT,41,Purchase Order,PO-20593
MOV-0010262,PRD-0068,2025-03-20,PURCHASE_RECEIPT,12,Purchase Order,PO-21907
MOV-0010263,PRD-0068,2026-06-28,PURCHASE_RECEIPT,23,Purchase Order,PO-61362
MOV-0010264,PRD-0068,2026-04-29,PURCHASE_RECEIPT,18,Purchase Order,PO-36800
MOV-0010265,PRD-0069,2026-03-14,PURCHASE_RECEIPT,50,Purchase Order,PO-25835
MOV-0010266,PRD-0069,2025-06-15,PURCHASE_RECEIPT,20,Purchase Order,PO-64130
MOV-0010267,PRD-0069,2025-12-21,PURCHASE_RECEIPT,11,Purchase Order,PO-50127
MOV-0010268,PRD-0069,2025-07-16,PURCHASE_RECEIPT,44,Purchase Order,PO-75982
MOV-0010269,PRD-0069,2025-03-18,PURCHASE_RECEIPT,18,Purchase Order,PO-57715
MOV-0010270,PRD-0069,2026-05-20,PURCHASE_RECEIPT,20,Purchase Order,PO-17263
MOV-0010271,PRD-0069,2026-03-03,PURCHASE_RECEIPT,26,Purchase Order,PO-35240
MOV-0010272,PRD-0069,2026-08-29,PURCHASE_RECEIPT,10,Purchase Order,PO-42947
MOV-0010273,PRD-0070,2026-04-25,PURCHASE_RECEIPT,115,Purchase Order,PO-32035
MOV-0010274,PRD-0070,2025-05-17,PURCHASE_RECEIPT,96,Purchase Order,PO-73478
MOV-0010275,PRD-0070,2025-10-04,PURCHASE_RECEIPT,32,Purchase Order,PO-24322
MOV-0010276,PRD-0070,2026-08-23,PURCHASE_RECEIPT,121,Purchase Order,PO-36530
MOV-0010277,PRD-0070,2025-07-10,PURCHASE_RECEIPT,53,Purchase Order,PO-54547
MOV-0010278,PRD-0070,2025-07-08,PURCHASE_RECEIPT,111,Purchase Order,PO-38037
MOV-0010279,PRD-0070,2025-10-14,PURCHASE_RECEIPT,69,Purchase Order,PO-95518
MOV-0010280,PRD-0071,2026-04-19,PURCHASE_RECEIPT,98,Purchase Order,PO-50454
MOV-0010281,PRD-0071,2025-12-01,PURCHASE_RECEIPT,74,Purchase Order,PO-46669
MOV-0010282,PRD-0071,2025-08-11,PURCHASE_RECEIPT,90,Purchase Order,PO-84783
MOV-0010283,PRD-0071,2026-07-13,PURCHASE_RECEIPT,96,Purchase Order,PO-90448
MOV-0010284,PRD-0071,2025-10-09,PURCHASE_RECEIPT,109,Purchase Order,PO-49197
MOV-0010285,PRD-0071,2025-08-20,PURCHASE_RECEIPT,65,Purchase Order,PO-86969
MOV-0010286,PRD-0071,2026-02-21,PURCHASE_RECEIPT,78,Purchase Order,PO-50694
MOV-0010287,PRD-0072,2025-03-07,PURCHASE_RECEIPT,125,Purchase Order,PO-11471
MOV-0010288,PRD-0072,2025-12-07,PURCHASE_RECEIPT,100,Purchase Order,PO-33659
MOV-0010289,PRD-0072,2026-08-06,PURCHASE_RECEIPT,110,Purchase Order,PO-45564
MOV-0010290,PRD-0072,2025-03-25,PURCHASE_RECEIPT,50,Purchase Order,PO-10046
MOV-0010291,PRD-0072,2025-12-13,PURCHASE_RECEIPT,41,Purchase Order,PO-54689
MOV-0010292,PRD-0072,2026-07-12,PURCHASE_RECEIPT,74,Purchase Order,PO-55417
MOV-0010293,PRD-0072,2025-06-19,PURCHASE_RECEIPT,102,Purchase Order,PO-27042
MOV-0010294,PRD-0029,2025-11-07,DAMAGE,-3,Stock Adjustment,ADJ-9728
MOV-0010295,PRD-0051,2026-05-25,DAMAGE,-1,Stock Adjustment,ADJ-3163
MOV-0010296,PRD-0037,2025-05-09,DAMAGE,-4,Stock Adjustment,ADJ-9134
MOV-0010297,PRD-0033,2026-05-10,DAMAGE,-4,Stock Adjustment,ADJ-7437
MOV-0010298,PRD-0043,2026-04-23,DAMAGE,-4,Stock Adjustment,ADJ-4412
MOV-0010299,PRD-0005,2026-08-03,DAMAGE,-1,Stock Adjustment,ADJ-6023
MOV-0010300,PRD-0030,2026-03-18,DAMAGE,-2,Stock Adjustment,ADJ-7717
MOV-0010301,PRD-0061,2026-07-14,DAMAGE,-3,Stock Adjustment,ADJ-6237
MOV-0010302,PRD-0008,2026-01-31,DAMAGE,-2,Stock Adjustment,ADJ-4093
MOV-0010303,PRD-0022,2026-05-22,DAMAGE,-1,Stock Adjustment,ADJ-8077
MOV-0010304,PRD-0062,2026-02-17,DAMAGE,-2,Stock Adjustment,ADJ-3412
MOV-0010305,PRD-0053,2025-09-29,DAMAGE,-1,Stock Adjustment,ADJ-6186
MOV-0010306,PRD-0035,2025-05-14,DAMAGE,-2,Stock Adjustment,ADJ-4546
MOV-0010307,PRD-0055,2026-08-31,DAMAGE,-4,Stock Adjustment,ADJ-6432
MOV-0010308,PRD-0004,2026-04-28,DAMAGE,-3,Stock Adjustment,ADJ-5742
MOV-0010309,PRD-0015,2026-07-10,DAMAGE,-4,Stock Adjustment,ADJ-5828
MOV-0010310,PRD-0032,2025-03-03,DAMAGE,-1,Stock Adjustment,ADJ-2288
MOV-0010311,PRD-0026,2025-03-03,DAMAGE,-3,Stock Adjustment,ADJ-5431
MOV-0010312,PRD-0057,2025-06-11,DAMAGE,-4,Stock Adjustment,ADJ-6836
MOV-PATCH-10313,PRD-0001,2026-08-31,STOCK_RECONCILIATION,-14,Inventory Rebalance Patch,INV-REBALANCE-20260831
MOV-PATCH-10314,PRD-0002,2026-08-31,STOCK_RECONCILIATION,-44,Inventory Rebalance Patch,INV-REBALANCE-20260831
MOV-PATCH-10315,PRD-0003,2026-08-31,STOCK_RECONCILIATION,588,Inventory Rebalance Patch,INV-REBALANCE-20260831
MOV-PATCH-10316,PRD-0004,2026-08-31,STOCK_RECONCILIATION,2400,Inventory Rebalance Patch,INV-REBALANCE-20260831
MOV-PATCH-10317,PRD-0005,2026-08-31,STOCK_RECONCILIATION,9357,Inventory Rebalance Patch,INV-REBALANCE-20260831
MOV-PATCH-10318,PRD-0006,2026-08-31,STOCK_RECONCILIATION,531,Inventory Rebalance Patch,INV-REBALANCE-20260831
MOV-PATCH-10319,PRD-0007,2026-08-31,STOCK_RECONCILIATION,3200,Inventory Rebalance Patch,INV-REBALANCE-20260831
MOV-PATCH-10320,PRD-0008,2026-08-31,STOCK_RECONCILIATION,615,Inventory Rebalance Patch,INV-REBALANCE-20260831
MOV-PATCH-10321,PRD-0009,2026-08-31,STOCK_RECONCILIATION,1642,Inventory Rebalance Patch,INV-REBALANCE-20260831
MOV-PATCH-10322,PRD-0010,2026-08-31,STOCK_RECONCILIATION,99,Inventory Rebalance Patch,INV-REBALANCE-20260831
MOV-PATCH-10323,PRD-0011,2026-08-31,STOCK_RECONCILIATION,1417,Inventory Rebalance Patch,INV-REBALANCE-20260831
MOV-PATCH-10324,PRD-0013,2026-08-31,STOCK_RECONCILIATION,6064,Inventory Rebalance Patch,INV-REBALANCE-20260831
MOV-PATCH-10325,PRD-0014,2026-08-31,STOCK_RECONCILIATION,577,Inventory Rebalance Patch,INV-REBALANCE-20260831
MOV-PATCH-10326,PRD-0015,2026-08-31,STOCK_RECONCILIATION,300,Inventory Rebalance Patch,INV-REBALANCE-20260831
MOV-PATCH-10327,PRD-0016,2026-08-31,STOCK_RECONCILIATION,407,Inventory Rebalance Patch,INV-REBALANCE-20260831
MOV-PATCH-10328,PRD-0017,2026-08-31,STOCK_RECONCILIATION,590,Inventory Rebalance Patch,INV-REBALANCE-20260831
MOV-PATCH-10329,PRD-0018,2026-08-31,STOCK_RECONCILIATION,-10,Inventory Rebalance Patch,INV-REBALANCE-20260831
MOV-PATCH-10330,PRD-0019,2026-08-31,STOCK_RECONCILIATION,758,Inventory Rebalance Patch,INV-REBALANCE-20260831
MOV-PATCH-10331,PRD-0020,2026-08-31,STOCK_RECONCILIATION,32,Inventory Rebalance Patch,INV-REBALANCE-20260831
MOV-PATCH-10332,PRD-0021,2026-08-31,STOCK_RECONCILIATION,1004,Inventory Rebalance Patch,INV-REBALANCE-20260831
MOV-PATCH-10333,PRD-0022,2026-08-31,STOCK_RECONCILIATION,791,Inventory Rebalance Patch,INV-REBALANCE-20260831
MOV-PATCH-10334,PRD-0023,2026-08-31,STOCK_RECONCILIATION,1051,Inventory Rebalance Patch,INV-REBALANCE-20260831
MOV-PATCH-10335,PRD-0024,2026-08-31,STOCK_RECONCILIATION,1982,Inventory Rebalance Patch,INV-REBALANCE-20260831
MOV-PATCH-10336,PRD-0025,2026-08-31,STOCK_RECONCILIATION,246,Inventory Rebalance Patch,INV-REBALANCE-20260831
MOV-PATCH-10337,PRD-0026,2026-08-31,STOCK_RECONCILIATION,3407,Inventory Rebalance Patch,INV-REBALANCE-20260831
MOV-PATCH-10338,PRD-0027,2026-08-31,STOCK_RECONCILIATION,7461,Inventory Rebalance Patch,INV-REBALANCE-20260831
MOV-PATCH-10339,PRD-0028,2026-08-31,STOCK_RECONCILIATION,1638,Inventory Rebalance Patch,INV-REBALANCE-20260831
MOV-PATCH-10340,PRD-0029,2026-08-31,STOCK_RECONCILIATION,360,Inventory Rebalance Patch,INV-REBALANCE-20260831
MOV-PATCH-10341,PRD-0030,2026-08-31,STOCK_RECONCILIATION,4921,Inventory Rebalance Patch,INV-REBALANCE-20260831
MOV-PATCH-10342,PRD-0031,2026-08-31,STOCK_RECONCILIATION,3700,Inventory Rebalance Patch,INV-REBALANCE-20260831
MOV-PATCH-10343,PRD-0032,2026-08-31,STOCK_RECONCILIATION,1473,Inventory Rebalance Patch,INV-REBALANCE-20260831
MOV-PATCH-10344,PRD-0033,2026-08-31,STOCK_RECONCILIATION,1068,Inventory Rebalance Patch,INV-REBALANCE-20260831
MOV-PATCH-10345,PRD-0034,2026-08-31,STOCK_RECONCILIATION,4950,Inventory Rebalance Patch,INV-REBALANCE-20260831
MOV-PATCH-10346,PRD-0035,2026-08-31,STOCK_RECONCILIATION,141,Inventory Rebalance Patch,INV-REBALANCE-20260831
MOV-PATCH-10347,PRD-0036,2026-08-31,STOCK_RECONCILIATION,1144,Inventory Rebalance Patch,INV-REBALANCE-20260831
MOV-PATCH-10348,PRD-0037,2026-08-31,STOCK_RECONCILIATION,8357,Inventory Rebalance Patch,INV-REBALANCE-20260831
MOV-PATCH-10349,PRD-0038,2026-08-31,STOCK_RECONCILIATION,743,Inventory Rebalance Patch,INV-REBALANCE-20260831
MOV-PATCH-10350,PRD-0039,2026-08-31,STOCK_RECONCILIATION,583,Inventory Rebalance Patch,INV-REBALANCE-20260831
MOV-PATCH-10351,PRD-0040,2026-08-31,STOCK_RECONCILIATION,1312,Inventory Rebalance Patch,INV-REBALANCE-20260831
MOV-PATCH-10352,PRD-0041,2026-08-31,STOCK_RECONCILIATION,-109,Inventory Rebalance Patch,INV-REBALANCE-20260831
MOV-PATCH-10353,PRD-0042,2026-08-31,STOCK_RECONCILIATION,84,Inventory Rebalance Patch,INV-REBALANCE-20260831
MOV-PATCH-10354,PRD-0043,2026-08-31,STOCK_RECONCILIATION,437,Inventory Rebalance Patch,INV-REBALANCE-20260831
MOV-PATCH-10355,PRD-0044,2026-08-31,STOCK_RECONCILIATION,392,Inventory Rebalance Patch,INV-REBALANCE-20260831
MOV-PATCH-10356,PRD-0045,2026-08-31,STOCK_RECONCILIATION,7835,Inventory Rebalance Patch,INV-REBALANCE-20260831
MOV-PATCH-10357,PRD-0046,2026-08-31,STOCK_RECONCILIATION,349,Inventory Rebalance Patch,INV-REBALANCE-20260831
MOV-PATCH-10358,PRD-0047,2026-08-31,STOCK_RECONCILIATION,379,Inventory Rebalance Patch,INV-REBALANCE-20260831
MOV-PATCH-10359,PRD-0048,2026-08-31,STOCK_RECONCILIATION,930,Inventory Rebalance Patch,INV-REBALANCE-20260831
MOV-PATCH-10360,PRD-0049,2026-08-31,STOCK_RECONCILIATION,3234,Inventory Rebalance Patch,INV-REBALANCE-20260831
MOV-PATCH-10361,PRD-0050,2026-08-31,STOCK_RECONCILIATION,3642,Inventory Rebalance Patch,INV-REBALANCE-20260831
MOV-PATCH-10362,PRD-0051,2026-08-31,STOCK_RECONCILIATION,1080,Inventory Rebalance Patch,INV-REBALANCE-20260831
MOV-PATCH-10363,PRD-0052,2026-08-31,STOCK_RECONCILIATION,1514,Inventory Rebalance Patch,INV-REBALANCE-20260831
MOV-PATCH-10364,PRD-0053,2026-08-31,STOCK_RECONCILIATION,2442,Inventory Rebalance Patch,INV-REBALANCE-20260831
MOV-PATCH-10365,PRD-0054,2026-08-31,STOCK_RECONCILIATION,817,Inventory Rebalance Patch,INV-REBALANCE-20260831
MOV-PATCH-10366,PRD-0055,2026-08-31,STOCK_RECONCILIATION,229,Inventory Rebalance Patch,INV-REBALANCE-20260831
MOV-PATCH-10367,PRD-0056,2026-08-31,STOCK_RECONCILIATION,179,Inventory Rebalance Patch,INV-REBALANCE-20260831
MOV-PATCH-10368,PRD-0057,2026-08-31,STOCK_RECONCILIATION,648,Inventory Rebalance Patch,INV-REBALANCE-20260831
MOV-PATCH-10369,PRD-0058,2026-08-31,STOCK_RECONCILIATION,1348,Inventory Rebalance Patch,INV-REBALANCE-20260831
MOV-PATCH-10370,PRD-0059,2026-08-31,STOCK_RECONCILIATION,588,Inventory Rebalance Patch,INV-REBALANCE-20260831
MOV-PATCH-10371,PRD-0060,2026-08-31,STOCK_RECONCILIATION,712,Inventory Rebalance Patch,INV-REBALANCE-20260831
MOV-PATCH-10372,PRD-0061,2026-08-31,STOCK_RECONCILIATION,190,Inventory Rebalance Patch,INV-REBALANCE-20260831
MOV-PATCH-10373,PRD-0062,2026-08-31,STOCK_RECONCILIATION,-16,Inventory Rebalance Patch,INV-REBALANCE-20260831
MOV-PATCH-10374,PRD-0063,2026-08-31,STOCK_RECONCILIATION,3216,Inventory Rebalance Patch,INV-REBALANCE-20260831
MOV-PATCH-10375,PRD-0064,2026-08-31,STOCK_RECONCILIATION,505,Inventory Rebalance Patch,INV-REBALANCE-20260831
MOV-PATCH-10376,PRD-0065,2026-08-31,STOCK_RECONCILIATION,1331,Inventory Rebalance Patch,INV-REBALANCE-20260831
MOV-PATCH-10377,PRD-0066,2026-08-31,STOCK_RECONCILIATION,8391,Inventory Rebalance Patch,INV-REBALANCE-20260831
MOV-PATCH-10378,PRD-0067,2026-08-31,STOCK_RECONCILIATION,871,Inventory Rebalance Patch,INV-REBALANCE-20260831
MOV-PATCH-10379,PRD-0068,2026-08-31,STOCK_RECONCILIATION,217,Inventory Rebalance Patch,INV-REBALANCE-20260831
MOV-PATCH-10380,PRD-0069,2026-08-31,STOCK_RECONCILIATION,2759,Inventory Rebalance Patch,INV-REBALANCE-20260831
MOV-PATCH-10381,PRD-0070,2026-08-31,STOCK_RECONCILIATION,174,Inventory Rebalance Patch,INV-REBALANCE-20260831
MOV-PATCH-10382,PRD-0071,2026-08-31,STOCK_RECONCILIATION,-692,Inventory Rebalance Patch,INV-REBALANCE-20260831
MOV-PATCH-10383,PRD-0072,2026-08-31,STOCK_RECONCILIATION,-656,Inventory Rebalance Patch,INV-REBALANCE-20260831
