order_item_id,order_id,product_id,quantity,unit_price,unit_cost,discount_percent,discount_amount,line_total,line_cost
ITM-0000001,ORD-000001,PRD-0007,12,33250.0,23700.0,5.0,19950.0,379050.0,284400.0
ITM-0000002,ORD-000001,PRD-0034,4,2800.0,1650.0,5.0,560.0,10640.0,6600.0
ITM-0000003,ORD-000001,PRD-0048,8,160400.0,117650.0,5.0,64160.0,1219040.0,941200.0
ITM-0000004,ORD-000001,PRD-0031,36,1600.0,900.0,0.0,0.0,57600.0,32400.0
ITM-0000005,ORD-000002,PRD-0050,14,1200.0,650.0,12.5,2100.0,14700.0,9100.0
ITM-0000006,ORD-000002,PRD-0069,14,41700.0,30300.0,0.0,0.0,583800.0,424200.0
ITM-0000007,ORD-000002,PRD-0052,4,40400.0,29250.0,2.5,4040.0,157560.0,117000.0
ITM-0000008,ORD-000002,PRD-0028,47,6400.0,4200.0,10.0,30080.0,270720.0,197400.0
ITM-0000009,ORD-000002,PRD-0066,47,5300.0,3250.0,7.5,18682.5,230417.5,152750.0
ITM-0000010,ORD-000002,PRD-0004,54,7100.0,4600.0,10.0,38340.0,345060.0,248400.0
ITM-0000011,ORD-000002,PRD-0005,32,11500.0,7900.0,0.0,0.0,368000.0,252800.0
ITM-0000012,ORD-000003,PRD-0069,7,41700.0,30300.0,2.5,7297.5,284602.5,212100.0
ITM-0000013,ORD-000003,PRD-0048,5,160400.0,117650.0,5.0,40100.0,761900.0,588250.0
ITM-0000014,ORD-000003,PRD-0037,27,7650.0,5500.0,5.0,10327.5,196222.5,148500.0
ITM-0000015,ORD-000003,PRD-0043,9,35950.0,25500.0,7.5,24266.25,299283.75,229500.0
ITM-0000016,ORD-000003,PRD-0050,34,1200.0,650.0,5.0,2040.0,38760.0,22100.0
ITM-0000017,ORD-000004,PRD-0014,16,199750.0,146450.0,5.0,159800.0,3036200.0,2343200.0
ITM-0000018,ORD-000004,PRD-0013,51,8750.0,5350.0,0.0,0.0,446250.0,272850.0
ITM-0000019,ORD-000005,PRD-0051,31,7700.0,4850.0,5.0,11935.0,226765.0,150350.0
ITM-0000020,ORD-000006,PRD-0005,16,11500.0,7900.0,5.0,9200.0,174800.0,126400.0
ITM-0000021,ORD-000006,PRD-0045,31,4400.0,2800.0,5.0,6820.0,129580.0,86800.0
ITM-0000022,ORD-000006,PRD-0030,16,35850.0,25550.0,0.0,0.0,573600.0,408800.0
ITM-0000023,ORD-000006,PRD-0069,3,41700.0,30300.0,5.0,6255.0,118845.0,90900.0
ITM-0000024,ORD-000006,PRD-0014,10,199750.0,146450.0,7.5,149812.5,1847687.5,1464500.0
ITM-0000025,ORD-000006,PRD-0062,8,13700.0,9000.0,10.0,10960.0,98640.0,72000.0
ITM-0000026,ORD-000006,PRD-0036,5,170650.0,122850.0,10.0,85325.0,767925.0,614250.0
ITM-0000027,ORD-000007,PRD-0006,20,27000.0,19650.0,7.5,40500.0,499500.0,393000.0
ITM-0000028,ORD-000007,PRD-0007,24,33250.0,23700.0,5.0,39900.0,758100.0,568800.0
ITM-0000029,ORD-000007,PRD-0052,12,40400.0,29250.0,0.0,0.0,484800.0,351000.0
ITM-0000030,ORD-000007,PRD-0004,24,7100.0,4600.0,5.0,8520.0,161880.0,110400.0
ITM-0000031,ORD-000008,PRD-0045,10,4400.0,2800.0,0.0,0.0,44000.0,28000.0
ITM-0000032,ORD-000009,PRD-0034,11,2800.0,1650.0,5.0,1540.0,29260.0,18150.0
ITM-0000033,ORD-000009,PRD-0019,11,2950.0,1850.0,2.5,811.25,31638.75,20350.0
ITM-0000034,ORD-000009,PRD-0068,4,29000.0,20900.0,5.0,5800.0,110200.0,83600.0
ITM-0000035,ORD-000009,PRD-0027,52,11500.0,7200.0,7.5,44850.0,553150.0,374400.0
ITM-0000036,ORD-000009,PRD-0065,13,9000.0,5800.0,5.0,5850.0,111150.0,75400.0
ITM-0000037,ORD-000009,PRD-0049,17,2250.0,1400.0,7.5,2868.75,35381.25,23800.0
ITM-0000038,ORD-000010,PRD-0022,6,13950.0,9250.0,2.5,2092.5,81607.5,55500.0
ITM-0000039,ORD-000010,PRD-0007,5,33250.0,23700.0,10.0,16625.0,149625.0,118500.0
ITM-0000040,ORD-000010,PRD-0053,3,50250.0,36300.0,10.0,15075.0,135675.0,108900.0
ITM-0000041,ORD-000010,PRD-0025,2,32700.0,22850.0,10.0,6540.0,58860.0,45700.0
ITM-0000042,ORD-000011,PRD-0052,8,40400.0,29250.0,5.0,16160.0,307040.0,234000.0
ITM-0000043,ORD-000011,PRD-0007,3,33250.0,23700.0,7.5,7481.25,92268.75,71100.0
ITM-0000044,ORD-000011,PRD-0024,24,17950.0,12350.0,7.5,32310.0,398490.0,296400.0
ITM-0000045,ORD-000012,PRD-0066,8,5300.0,3250.0,0.0,0.0,42400.0,26000.0
ITM-0000046,ORD-000012,PRD-0022,3,13950.0,9250.0,7.5,3138.75,38711.25,27750.0
ITM-0000047,ORD-000012,PRD-0062,9,13700.0,9000.0,2.5,3082.5,120217.5,81000.0
ITM-0000048,ORD-000013,PRD-0069,7,41700.0,30300.0,2.5,7297.5,284602.5,212100.0
ITM-0000049,ORD-000013,PRD-0058,21,28050.0,19450.0,5.0,29452.5,559597.5,408450.0
ITM-0000050,ORD-000013,PRD-0008,3,11400.0,7800.0,7.5,2565.0,31635.0,23400.0
ITM-0000051,ORD-000013,PRD-0031,28,1600.0,900.0,12.5,5600.0,39200.0,25200.0
ITM-0000052,ORD-000013,PRD-0005,48,11500.0,7900.0,2.5,13800.0,538200.0,379200.0
ITM-0000053,ORD-000013,PRD-0045,35,4400.0,2800.0,10.0,15400.0,138600.0,98000.0
ITM-0000054,ORD-000013,PRD-0009,14,75050.0,56000.0,0.0,0.0,1050700.0,784000.0
ITM-0000055,ORD-000014,PRD-0034,10,2800.0,1650.0,5.0,1400.0,26600.0,16500.0
ITM-0000056,ORD-000014,PRD-0009,10,75050.0,56000.0,12.5,93812.5,656687.5,560000.0
ITM-0000057,ORD-000014,PRD-0023,2,46600.0,33950.0,5.0,4660.0,88540.0,67900.0
ITM-0000058,ORD-000015,PRD-0066,3,5300.0,3250.0,10.0,1590.0,14310.0,9750.0
ITM-0000059,ORD-000015,PRD-0052,3,40400.0,29250.0,0.0,0.0,121200.0,87750.0
ITM-0000060,ORD-000015,PRD-0047,2,67750.0,48250.0,0.0,0.0,135500.0,96500.0
ITM-0000061,ORD-000015,PRD-0034,3,2800.0,1650.0,2.5,210.0,8190.0,4950.0
ITM-0000062,ORD-000016,PRD-0009,2,75050.0,56000.0,12.5,18762.5,131337.5,112000.0
ITM-0000063,ORD-000016,PRD-0069,11,41700.0,30300.0,10.0,45870.0,412830.0,333300.0
ITM-0000064,ORD-000017,PRD-0039,6,13350.0,9100.0,0.0,0.0,80100.0,54600.0
ITM-0000065,ORD-000018,PRD-0005,33,11500.0,7900.0,5.0,18975.0,360525.0,260700.0
ITM-0000066,ORD-000018,PRD-0023,14,46600.0,33950.0,10.0,65240.0,587160.0,475300.0
ITM-0000067,ORD-000018,PRD-0034,5,2800.0,1650.0,5.0,700.0,13300.0,8250.0
ITM-0000068,ORD-000018,PRD-0021,5,151550.0,109750.0,10.0,75775.0,681975.0,548750.0
ITM-0000069,ORD-000018,PRD-0038,14,32300.0,22650.0,10.0,45220.0,406980.0,317100.0
ITM-0000070,ORD-000018,PRD-0058,3,28050.0,19450.0,2.5,2103.75,82046.25,58350.0
ITM-0000071,ORD-000018,PRD-0037,68,7650.0,5500.0,10.0,52020.0,468180.0,374000.0
ITM-0000072,ORD-000019,PRD-0003,11,88300.0,65000.0,5.0,48565.0,922735.0,715000.0
ITM-0000073,ORD-000019,PRD-0011,2,50250.0,35950.0,0.0,0.0,100500.0,71900.0
ITM-0000074,ORD-000019,PRD-0052,4,40400.0,29250.0,2.5,4040.0,157560.0,117000.0
ITM-0000075,ORD-000019,PRD-0016,5,18750.0,12900.0,2.5,2343.75,91406.25,64500.0
ITM-0000076,ORD-000019,PRD-0007,2,33250.0,23700.0,10.0,6650.0,59850.0,47400.0
ITM-0000077,ORD-000019,PRD-0005,5,11500.0,7900.0,7.5,4312.5,53187.5,39500.0
ITM-0000078,ORD-000020,PRD-0040,17,70550.0,49600.0,7.5,89951.25,1109398.75,843200.0
ITM-0000079,ORD-000020,PRD-0030,31,35850.0,25550.0,7.5,83351.25,1027998.75,792050.0
ITM-0000080,ORD-000020,PRD-0068,3,29000.0,20900.0,7.5,6525.0,80475.0,62700.0
ITM-0000081,ORD-000020,PRD-0059,17,1850.0,1050.0,5.0,1572.5,29877.5,17850.0
ITM-0000082,ORD-000020,PRD-0034,10,2800.0,1650.0,5.0,1400.0,26600.0,16500.0
ITM-0000083,ORD-000020,PRD-0023,17,46600.0,33950.0,2.5,19805.0,772395.0,577150.0
ITM-0000084,ORD-000020,PRD-0005,52,11500.0,7900.0,0.0,0.0,598000.0,410800.0
ITM-0000085,ORD-000021,PRD-0069,7,41700.0,30300.0,0.0,0.0,291900.0,212100.0
ITM-0000086,ORD-000021,PRD-0034,9,2800.0,1650.0,2.5,630.0,24570.0,14850.0
ITM-0000087,ORD-000021,PRD-0045,25,4400.0,2800.0,5.0,5500.0,104500.0,70000.0
ITM-0000088,ORD-000021,PRD-0040,9,70550.0,49600.0,10.0,63495.0,571455.0,446400.0
ITM-0000089,ORD-000021,PRD-0007,9,33250.0,23700.0,12.5,37406.25,261843.75,213300.0
ITM-0000090,ORD-000022,PRD-0034,11,2800.0,1650.0,5.0,1540.0,29260.0,18150.0
ITM-0000091,ORD-000022,PRD-0033,14,88100.0,66350.0,5.0,61670.0,1171730.0,928900.0
ITM-0000092,ORD-000023,PRD-0066,13,5300.0,3250.0,10.0,6890.0,62010.0,42250.0
ITM-0000093,ORD-000023,PRD-0045,21,4400.0,2800.0,10.0,9240.0,83160.0,58800.0
ITM-0000094,ORD-000024,PRD-0003,1,88300.0,65000.0,0.0,0.0,88300.0,65000.0
ITM-0000095,ORD-000024,PRD-0001,1,49000.0,35150.0,0.0,0.0,49000.0,35150.0
ITM-0000096,ORD-000024,PRD-0031,13,1600.0,900.0,2.5,520.0,20280.0,11700.0
ITM-0000097,ORD-000025,PRD-0031,31,1600.0,900.0,0.0,0.0,49600.0,27900.0
ITM-0000098,ORD-000025,PRD-0026,66,5050.0,3050.0,10.0,33330.0,299970.0,201300.0
ITM-0000099,ORD-000025,PRD-0007,23,33250.0,23700.0,2.5,19118.75,745631.25,545100.0
ITM-0000100,ORD-000025,PRD-0045,27,4400.0,2800.0,10.0,11880.0,106920.0,75600.0
ITM-0000101,ORD-000025,PRD-0059,12,1850.0,1050.0,5.0,1110.0,21090.0,12600.0
ITM-0000102,ORD-000026,PRD-0007,3,33250.0,23700.0,0.0,0.0,99750.0,71100.0
ITM-0000103,ORD-000026,PRD-0001,14,49000.0,35150.0,0.0,0.0,686000.0,492100.0
ITM-0000104,ORD-000026,PRD-0063,52,12650.0,8000.0,7.5,49335.0,608465.0,416000.0
ITM-0000105,ORD-000026,PRD-0038,16,32300.0,22650.0,0.0,0.0,516800.0,362400.0
ITM-0000106,ORD-000026,PRD-0066,11,5300.0,3250.0,2.5,1457.5,56842.5,35750.0
ITM-0000107,ORD-000026,PRD-0006,5,27000.0,19650.0,7.5,10125.0,124875.0,98250.0
ITM-0000108,ORD-000026,PRD-0040,5,70550.0,49600.0,12.5,44093.75,308656.25,248000.0
ITM-0000109,ORD-000027,PRD-0036,10,170650.0,122850.0,2.5,42662.5,1663837.5,1228500.0
ITM-0000110,ORD-000027,PRD-0007,8,33250.0,23700.0,0.0,0.0,266000.0,189600.0
ITM-0000111,ORD-000027,PRD-0060,7,16450.0,11150.0,0.0,0.0,115150.0,78050.0
ITM-0000112,ORD-000027,PRD-0070,25,5100.0,3300.0,5.0,6375.0,121125.0,82500.0
ITM-0000113,ORD-000028,PRD-0032,5,383350.0,305700.0,5.0,95837.5,1820912.5,1528500.0
ITM-0000114,ORD-000028,PRD-0020,7,31900.0,22100.0,2.5,5582.5,217717.5,154700.0
ITM-0000115,ORD-000028,PRD-0017,2,15250.0,10000.0,10.0,3050.0,27450.0,20000.0
ITM-0000116,ORD-000028,PRD-0049,32,2250.0,1400.0,2.5,1800.0,70200.0,44800.0
ITM-0000117,ORD-000029,PRD-0007,3,33250.0,23700.0,10.0,9975.0,89775.0,71100.0
ITM-0000118,ORD-000029,PRD-0069,16,41700.0,30300.0,5.0,33360.0,633840.0,484800.0
ITM-0000119,ORD-000030,PRD-0035,13,195800.0,149250.0,10.0,254540.0,2290860.0,1940250.0
ITM-0000120,ORD-000030,PRD-0040,16,70550.0,49600.0,0.0,0.0,1128800.0,793600.0
ITM-0000121,ORD-000030,PRD-0031,37,1600.0,900.0,12.5,7400.0,51800.0,33300.0
ITM-0000122,ORD-000030,PRD-0063,53,12650.0,8000.0,10.0,67045.0,603405.0,424000.0
ITM-0000123,ORD-000030,PRD-0027,58,11500.0,7200.0,5.0,33350.0,633650.0,417600.0
ITM-0000124,ORD-000031,PRD-0015,2,19300.0,12700.0,12.5,4825.0,33775.0,25400.0
ITM-0000125,ORD-000031,PRD-0010,3,50450.0,37650.0,5.0,7567.5,143782.5,112950.0
ITM-0000126,ORD-000031,PRD-0058,1,28050.0,19450.0,12.5,3506.25,24543.75,19450.0
ITM-0000127,ORD-000031,PRD-0007,1,33250.0,23700.0,7.5,2493.75,30756.25,23700.0
ITM-0000128,ORD-000032,PRD-0009,10,75050.0,56000.0,0.0,0.0,750500.0,560000.0
ITM-0000129,ORD-000032,PRD-0060,7,16450.0,11150.0,7.5,8636.25,106513.75,78050.0
ITM-0000130,ORD-000033,PRD-0005,10,11500.0,7900.0,7.5,8625.0,106375.0,79000.0
ITM-0000131,ORD-000033,PRD-0030,13,35850.0,25550.0,0.0,0.0,466050.0,332150.0
ITM-0000132,ORD-000034,PRD-0066,18,5300.0,3250.0,0.0,0.0,95400.0,58500.0
ITM-0000133,ORD-000034,PRD-0016,11,18750.0,12900.0,12.5,25781.25,180468.75,141900.0
ITM-0000134,ORD-000034,PRD-0006,21,27000.0,19650.0,2.5,14175.0,552825.0,412650.0
ITM-0000135,ORD-000034,PRD-0034,11,2800.0,1650.0,7.5,2310.0,28490.0,18150.0
ITM-0000136,ORD-000035,PRD-0033,3,88100.0,66350.0,5.0,13215.0,251085.0,199050.0
ITM-0000137,ORD-000035,PRD-0006,4,27000.0,19650.0,5.0,5400.0,102600.0,78600.0
ITM-0000138,ORD-000035,PRD-0065,12,9000.0,5800.0,7.5,8100.0,99900.0,69600.0
ITM-0000139,ORD-000036,PRD-0052,3,40400.0,29250.0,7.5,9090.0,112110.0,87750.0
ITM-0000140,ORD-000036,PRD-0043,8,35950.0,25500.0,5.0,14380.0,273220.0,204000.0
ITM-0000141,ORD-000036,PRD-0056,16,16900.0,12000.0,0.0,0.0,270400.0,192000.0
ITM-0000142,ORD-000036,PRD-0013,34,8750.0,5350.0,0.0,0.0,297500.0,181900.0
ITM-0000143,ORD-000036,PRD-0037,37,7650.0,5500.0,5.0,14152.5,268897.5,203500.0
ITM-0000144,ORD-000036,PRD-0012,16,42850.0,31750.0,0.0,0.0,685600.0,508000.0
ITM-0000145,ORD-000036,PRD-0066,39,5300.0,3250.0,10.0,20670.0,186030.0,126750.0
ITM-0000146,ORD-000037,PRD-0058,4,28050.0,19450.0,2.5,2805.0,109395.0,77800.0
ITM-0000147,ORD-000037,PRD-0011,6,50250.0,35950.0,10.0,30150.0,271350.0,215700.0
ITM-0000148,ORD-000038,PRD-0069,11,41700.0,30300.0,0.0,0.0,458700.0,333300.0
ITM-0000149,ORD-000038,PRD-0045,37,4400.0,2800.0,7.5,12210.0,150590.0,103600.0
ITM-0000150,ORD-000038,PRD-0014,11,199750.0,146450.0,5.0,109862.5,2087387.5,1610950.0
ITM-0000151,ORD-000038,PRD-0005,33,11500.0,7900.0,5.0,18975.0,360525.0,260700.0
ITM-0000152,ORD-000039,PRD-0066,22,5300.0,3250.0,5.0,5830.0,110770.0,71500.0
ITM-0000153,ORD-000040,PRD-0034,20,2800.0,1650.0,7.5,4200.0,51800.0,33000.0
ITM-0000154,ORD-000040,PRD-0011,14,50250.0,35950.0,10.0,70350.0,633150.0,503300.0
ITM-0000155,ORD-000041,PRD-0053,20,50250.0,36300.0,5.0,50250.0,954750.0,726000.0
ITM-0000156,ORD-000041,PRD-0061,16,5600.0,3650.0,2.5,2240.0,87360.0,58400.0
ITM-0000157,ORD-000041,PRD-0040,16,70550.0,49600.0,12.5,141100.0,987700.0,793600.0
ITM-0000158,ORD-000041,PRD-0022,24,13950.0,9250.0,7.5,25110.0,309690.0,222000.0
ITM-0000159,ORD-000041,PRD-0039,53,13350.0,9100.0,0.0,0.0,707550.0,482300.0
ITM-0000160,ORD-000042,PRD-0021,7,151550.0,109750.0,5.0,53042.5,1007807.5,768250.0
ITM-0000161,ORD-000042,PRD-0069,1,41700.0,30300.0,10.0,4170.0,37530.0,30300.0
ITM-0000162,ORD-000043,PRD-0005,11,11500.0,7900.0,2.5,3162.5,123337.5,86900.0
ITM-0000163,ORD-000043,PRD-0057,19,25450.0,17350.0,2.5,12088.75,471461.25,329650.0
ITM-0000164,ORD-000043,PRD-0033,11,88100.0,66350.0,2.5,24227.5,944872.5,729850.0
ITM-0000165,ORD-000044,PRD-0022,1,13950.0,9250.0,10.0,1395.0,12555.0,9250.0
ITM-0000166,ORD-000044,PRD-0066,16,5300.0,3250.0,2.5,2120.0,82680.0,52000.0
ITM-0000167,ORD-000044,PRD-0063,19,12650.0,8000.0,5.0,12017.5,228332.5,152000.0
ITM-0000168,ORD-000045,PRD-0036,15,170650.0,122850.0,0.0,0.0,2559750.0,1842750.0
ITM-0000169,ORD-000045,PRD-0007,4,33250.0,23700.0,2.5,3325.0,129675.0,94800.0
ITM-0000170,ORD-000045,PRD-0065,11,9000.0,5800.0,5.0,4950.0,94050.0,63800.0
ITM-0000171,ORD-000045,PRD-0030,26,35850.0,25550.0,2.5,23302.5,908797.5,664300.0
ITM-0000172,ORD-000045,PRD-0061,26,5600.0,3650.0,7.5,10920.0,134680.0,94900.0
ITM-0000173,ORD-000045,PRD-0066,53,5300.0,3250.0,5.0,14045.0,266855.0,172250.0
ITM-0000174,ORD-000046,PRD-0037,9,7650.0,5500.0,0.0,0.0,68850.0,49500.0
ITM-0000175,ORD-000047,PRD-0058,4,28050.0,19450.0,10.0,11220.0,100980.0,77800.0
ITM-0000176,ORD-000047,PRD-0026,42,5050.0,3050.0,0.0,0.0,212100.0,128100.0
ITM-0000177,ORD-000047,PRD-0045,7,4400.0,2800.0,5.0,1540.0,29260.0,19600.0
ITM-0000178,ORD-000048,PRD-0048,8,160400.0,117650.0,0.0,0.0,1283200.0,941200.0
ITM-0000179,ORD-000048,PRD-0069,12,41700.0,30300.0,10.0,50040.0,450360.0,363600.0
ITM-0000180,ORD-000048,PRD-0066,14,5300.0,3250.0,5.0,3710.0,70490.0,45500.0
ITM-0000181,ORD-000048,PRD-0050,16,1200.0,650.0,7.5,1440.0,17760.0,10400.0
ITM-0000182,ORD-000048,PRD-0053,10,50250.0,36300.0,10.0,50250.0,452250.0,363000.0
ITM-0000183,ORD-000049,PRD-0005,10,11500.0,7900.0,0.0,0.0,115000.0,79000.0
ITM-0000184,ORD-000049,PRD-0036,1,170650.0,122850.0,10.0,17065.0,153585.0,122850.0
ITM-0000185,ORD-000049,PRD-0033,1,88100.0,66350.0,2.5,2202.5,85897.5,66350.0
ITM-0000186,ORD-000050,PRD-0069,13,41700.0,30300.0,5.0,27105.0,514995.0,393900.0
ITM-0000187,ORD-000050,PRD-0032,3,383350.0,305700.0,12.5,143756.25,1006293.75,917100.0
ITM-0000188,ORD-000050,PRD-0053,10,50250.0,36300.0,0.0,0.0,502500.0,363000.0
ITM-0000189,ORD-000050,PRD-0042,40,16900.0,11500.0,12.5,84500.0,591500.0,460000.0
ITM-0000190,ORD-000050,PRD-0021,10,151550.0,109750.0,0.0,0.0,1515500.0,1097500.0
ITM-0000191,ORD-000051,PRD-0048,7,160400.0,117650.0,7.5,84210.0,1038590.0,823550.0
ITM-0000192,ORD-000051,PRD-0026,32,5050.0,3050.0,10.0,16160.0,145440.0,97600.0
ITM-0000193,ORD-000051,PRD-0021,7,151550.0,109750.0,2.5,26521.25,1034328.75,768250.0
ITM-0000194,ORD-000051,PRD-0040,22,70550.0,49600.0,5.0,77605.0,1474495.0,1091200.0
ITM-0000195,ORD-000051,PRD-0032,11,383350.0,305700.0,0.0,0.0,4216850.0,3362700.0
ITM-0000196,ORD-000052,PRD-0049,16,2250.0,1400.0,5.0,1800.0,34200.0,22400.0
ITM-0000197,ORD-000052,PRD-0050,7,1200.0,650.0,0.0,0.0,8400.0,4550.0
ITM-0000198,ORD-000052,PRD-0053,3,50250.0,36300.0,5.0,7537.5,143212.5,108900.0
ITM-0000199,ORD-000053,PRD-0066,46,5300.0,3250.0,12.5,30475.0,213325.0,149500.0
ITM-0000200,ORD-000053,PRD-0053,7,50250.0,36300.0,0.0,0.0,351750.0,254100.0
ITM-0000201,ORD-000053,PRD-0014,20,199750.0,146450.0,5.0,199750.0,3795250.0,2929000.0
ITM-0000202,ORD-000053,PRD-0007,20,33250.0,23700.0,5.0,33250.0,631750.0,474000.0
ITM-0000203,ORD-000053,PRD-0034,17,2800.0,1650.0,12.5,5950.0,41650.0,28050.0
ITM-0000204,ORD-000054,PRD-0032,10,383350.0,305700.0,5.0,191675.0,3641825.0,3057000.0
ITM-0000205,ORD-000054,PRD-0066,29,5300.0,3250.0,5.0,7685.0,146015.0,94250.0
ITM-0000206,ORD-000054,PRD-0007,16,33250.0,23700.0,0.0,0.0,532000.0,379200.0
ITM-0000207,ORD-000054,PRD-0034,7,2800.0,1650.0,2.5,490.0,19110.0,11550.0
ITM-0000208,ORD-000054,PRD-0005,29,11500.0,7900.0,0.0,0.0,333500.0,229100.0
ITM-0000209,ORD-000054,PRD-0028,23,6400.0,4200.0,5.0,7360.0,139840.0,96600.0
ITM-0000210,ORD-000054,PRD-0060,16,16450.0,11150.0,5.0,13160.0,250040.0,178400.0
ITM-0000211,ORD-000055,PRD-0066,4,5300.0,3250.0,2.5,530.0,20670.0,13000.0
ITM-0000212,ORD-000055,PRD-0011,1,50250.0,35950.0,5.0,2512.5,47737.5,35950.0
ITM-0000213,ORD-000055,PRD-0024,22,17950.0,12350.0,2.5,9872.5,385027.5,271700.0
ITM-0000214,ORD-000056,PRD-0052,2,40400.0,29250.0,7.5,6060.0,74740.0,58500.0
ITM-0000215,ORD-000056,PRD-0036,10,170650.0,122850.0,5.0,85325.0,1621175.0,1228500.0
ITM-0000216,ORD-000057,PRD-0066,33,5300.0,3250.0,5.0,8745.0,166155.0,107250.0
ITM-0000217,ORD-000057,PRD-0030,13,35850.0,25550.0,5.0,23302.5,442747.5,332150.0
ITM-0000218,ORD-000057,PRD-0034,10,2800.0,1650.0,5.0,1400.0,26600.0,16500.0
ITM-0000219,ORD-000057,PRD-0008,5,11400.0,7800.0,7.5,4275.0,52725.0,39000.0
ITM-0000220,ORD-000058,PRD-0029,6,30900.0,21650.0,0.0,0.0,185400.0,129900.0
ITM-0000221,ORD-000058,PRD-0007,7,33250.0,23700.0,5.0,11637.5,221112.5,165900.0
ITM-0000222,ORD-000058,PRD-0032,6,383350.0,305700.0,0.0,0.0,2300100.0,1834200.0
ITM-0000223,ORD-000058,PRD-0001,2,49000.0,35150.0,5.0,4900.0,93100.0,70300.0
ITM-0000224,ORD-000059,PRD-0027,32,11500.0,7200.0,5.0,18400.0,349600.0,230400.0
ITM-0000225,ORD-000059,PRD-0069,7,41700.0,30300.0,5.0,14595.0,277305.0,212100.0
ITM-0000226,ORD-000059,PRD-0032,21,383350.0,305700.0,12.5,1006293.75,7044056.25,6419700.0
ITM-0000227,ORD-000060,PRD-0039,18,13350.0,9100.0,2.5,6007.5,234292.5,163800.0
ITM-0000228,ORD-000060,PRD-0005,32,11500.0,7900.0,12.5,46000.0,322000.0,252800.0
ITM-0000229,ORD-000060,PRD-0026,35,5050.0,3050.0,7.5,13256.25,163493.75,106750.0
ITM-0000230,ORD-000061,PRD-0032,2,383350.0,305700.0,7.5,57502.5,709197.5,611400.0
ITM-0000231,ORD-000061,PRD-0011,4,50250.0,35950.0,2.5,5025.0,195975.0,143800.0
ITM-0000232,ORD-000061,PRD-0048,8,160400.0,117650.0,0.0,0.0,1283200.0,941200.0
ITM-0000233,ORD-000061,PRD-0052,6,40400.0,29250.0,10.0,24240.0,218160.0,175500.0
ITM-0000234,ORD-000061,PRD-0014,10,199750.0,146450.0,7.5,149812.5,1847687.5,1464500.0
ITM-0000235,ORD-000061,PRD-0070,25,5100.0,3300.0,7.5,9562.5,117937.5,82500.0
ITM-0000236,ORD-000061,PRD-0043,11,35950.0,25500.0,5.0,19772.5,375677.5,280500.0
ITM-0000237,ORD-000062,PRD-0013,36,8750.0,5350.0,10.0,31500.0,283500.0,192600.0
ITM-0000238,ORD-000062,PRD-0056,2,16900.0,12000.0,10.0,3380.0,30420.0,24000.0
ITM-0000239,ORD-000062,PRD-0036,2,170650.0,122850.0,7.5,25597.5,315702.5,245700.0
ITM-0000240,ORD-000063,PRD-0060,2,16450.0,11150.0,0.0,0.0,32900.0,22300.0
ITM-0000241,ORD-000063,PRD-0052,2,40400.0,29250.0,0.0,0.0,80800.0,58500.0
ITM-0000242,ORD-000064,PRD-0007,11,33250.0,23700.0,2.5,9143.75,356606.25,260700.0
ITM-0000243,ORD-000064,PRD-0049,21,2250.0,1400.0,2.5,1181.25,46068.75,29400.0
ITM-0000244,ORD-000064,PRD-0005,15,11500.0,7900.0,5.0,8625.0,163875.0,118500.0
ITM-0000245,ORD-000064,PRD-0034,11,2800.0,1650.0,7.5,2310.0,28490.0,18150.0
ITM-0000246,ORD-000065,PRD-0026,5,5050.0,3050.0,2.5,631.25,24618.75,15250.0
ITM-0000247,ORD-000066,PRD-0027,75,11500.0,7200.0,5.0,43125.0,819375.0,540000.0
ITM-0000248,ORD-000066,PRD-0030,16,35850.0,25550.0,0.0,0.0,573600.0,408800.0
ITM-0000249,ORD-000066,PRD-0034,16,2800.0,1650.0,10.0,4480.0,40320.0,26400.0
ITM-0000250,ORD-000066,PRD-0021,4,151550.0,109750.0,12.5,75775.0,530425.0,439000.0
ITM-0000251,ORD-000067,PRD-0066,13,5300.0,3250.0,10.0,6890.0,62010.0,42250.0
ITM-0000252,ORD-000067,PRD-0016,7,18750.0,12900.0,7.5,9843.75,121406.25,90300.0
ITM-0000253,ORD-000067,PRD-0052,9,40400.0,29250.0,5.0,18180.0,345420.0,263250.0
ITM-0000254,ORD-000067,PRD-0027,9,11500.0,7200.0,0.0,0.0,103500.0,64800.0
ITM-0000255,ORD-000068,PRD-0064,6,40250.0,28850.0,10.0,24150.0,217350.0,173100.0
ITM-0000256,ORD-000068,PRD-0022,10,13950.0,9250.0,12.5,17437.5,122062.5,92500.0
ITM-0000257,ORD-000068,PRD-0034,3,2800.0,1650.0,2.5,210.0,8190.0,4950.0
ITM-0000258,ORD-000068,PRD-0060,5,16450.0,11150.0,2.5,2056.25,80193.75,55750.0
ITM-0000259,ORD-000069,PRD-0069,9,41700.0,30300.0,7.5,28147.5,347152.5,272700.0
ITM-0000260,ORD-000069,PRD-0032,3,383350.0,305700.0,5.0,57502.5,1092547.5,917100.0
ITM-0000261,ORD-000069,PRD-0028,28,6400.0,4200.0,7.5,13440.0,165760.0,117600.0
ITM-0000262,ORD-000069,PRD-0058,12,28050.0,19450.0,5.0,16830.0,319770.0,233400.0
ITM-0000263,ORD-000069,PRD-0009,3,75050.0,56000.0,0.0,0.0,225150.0,168000.0
ITM-0000264,ORD-000069,PRD-0030,40,35850.0,25550.0,10.0,143400.0,1290600.0,1022000.0
ITM-0000265,ORD-000069,PRD-0004,25,7100.0,4600.0,5.0,8875.0,168625.0,115000.0
ITM-0000266,ORD-000070,PRD-0064,5,40250.0,28850.0,5.0,10062.5,191187.5,144250.0
ITM-0000267,ORD-000070,PRD-0028,7,6400.0,4200.0,10.0,4480.0,40320.0,29400.0
ITM-0000268,ORD-000070,PRD-0054,3,6000.0,4000.0,7.5,1350.0,16650.0,12000.0
ITM-0000269,ORD-000070,PRD-0034,5,2800.0,1650.0,2.5,350.0,13650.0,8250.0
ITM-0000270,ORD-000070,PRD-0005,15,11500.0,7900.0,5.0,8625.0,163875.0,118500.0
ITM-0000271,ORD-000071,PRD-0050,22,1200.0,650.0,0.0,0.0,26400.0,14300.0
ITM-0000272,ORD-000072,PRD-0069,23,41700.0,30300.0,10.0,95910.0,863190.0,696900.0
ITM-0000273,ORD-000072,PRD-0010,12,50450.0,37650.0,2.5,15135.0,590265.0,451800.0
ITM-0000274,ORD-000072,PRD-0033,8,88100.0,66350.0,7.5,52860.0,651940.0,530800.0
ITM-0000275,ORD-000072,PRD-0037,66,7650.0,5500.0,12.5,63112.5,441787.5,363000.0
ITM-0000276,ORD-000072,PRD-0034,23,2800.0,1650.0,0.0,0.0,64400.0,37950.0
ITM-0000277,ORD-000072,PRD-0023,8,46600.0,33950.0,5.0,18640.0,354160.0,271600.0
ITM-0000278,ORD-000072,PRD-0005,23,11500.0,7900.0,0.0,0.0,264500.0,181700.0
ITM-0000279,ORD-000073,PRD-0069,5,41700.0,30300.0,5.0,10425.0,198075.0,151500.0
ITM-0000280,ORD-000073,PRD-0023,8,46600.0,33950.0,0.0,0.0,372800.0,271600.0
ITM-0000281,ORD-000073,PRD-0070,14,5100.0,3300.0,5.0,3570.0,67830.0,46200.0
ITM-0000282,ORD-000074,PRD-0066,22,5300.0,3250.0,0.0,0.0,116600.0,71500.0
ITM-0000283,ORD-000074,PRD-0058,22,28050.0,19450.0,5.0,30855.0,586245.0,427900.0
ITM-0000284,ORD-000074,PRD-0026,59,5050.0,3050.0,2.5,7448.75,290501.25,179950.0
ITM-0000285,ORD-000074,PRD-0036,4,170650.0,122850.0,12.5,85325.0,597275.0,491400.0
ITM-0000286,ORD-000074,PRD-0065,15,9000.0,5800.0,10.0,13500.0,121500.0,87000.0
ITM-0000287,ORD-000075,PRD-0032,12,383350.0,305700.0,10.0,460020.0,4140180.0,3668400.0
ITM-0000288,ORD-000075,PRD-0037,40,7650.0,5500.0,7.5,22950.0,283050.0,220000.0
ITM-0000289,ORD-000075,PRD-0021,9,151550.0,109750.0,0.0,0.0,1363950.0,987750.0
ITM-0000290,ORD-000075,PRD-0043,3,35950.0,25500.0,5.0,5392.5,102457.5,76500.0
ITM-0000291,ORD-000075,PRD-0057,3,25450.0,17350.0,0.0,0.0,76350.0,52050.0
ITM-0000292,ORD-000075,PRD-0023,15,46600.0,33950.0,7.5,52425.0,646575.0,509250.0
ITM-0000293,ORD-000075,PRD-0065,25,9000.0,5800.0,5.0,11250.0,213750.0,145000.0
ITM-0000294,ORD-000076,PRD-0050,25,1200.0,650.0,0.0,0.0,30000.0,16250.0
ITM-0000295,ORD-000076,PRD-0026,47,5050.0,3050.0,7.5,17801.25,219548.75,143350.0
ITM-0000296,ORD-000076,PRD-0030,22,35850.0,25550.0,0.0,0.0,788700.0,562100.0
ITM-0000297,ORD-000077,PRD-0006,11,27000.0,19650.0,5.0,14850.0,282150.0,216150.0
ITM-0000298,ORD-000077,PRD-0055,11,43600.0,31400.0,2.5,11990.0,467610.0,345400.0
ITM-0000299,ORD-000078,PRD-0064,4,40250.0,28850.0,5.0,8050.0,152950.0,115400.0
ITM-0000300,ORD-000079,PRD-0034,9,2800.0,1650.0,2.5,630.0,24570.0,14850.0
ITM-0000301,ORD-000079,PRD-0060,6,16450.0,11150.0,5.0,4935.0,93765.0,66900.0
ITM-0000302,ORD-000079,PRD-0029,13,30900.0,21650.0,10.0,40170.0,361530.0,281450.0
ITM-0000303,ORD-000080,PRD-0027,12,11500.0,7200.0,5.0,6900.0,131100.0,86400.0
ITM-0000304,ORD-000080,PRD-0005,7,11500.0,7900.0,7.5,6037.5,74462.5,55300.0
ITM-0000305,ORD-000080,PRD-0053,9,50250.0,36300.0,10.0,45225.0,407025.0,326700.0
ITM-0000306,ORD-000080,PRD-0009,9,75050.0,56000.0,10.0,67545.0,607905.0,504000.0
ITM-0000307,ORD-000081,PRD-0055,2,43600.0,31400.0,10.0,8720.0,78480.0,62800.0
ITM-0000308,ORD-000081,PRD-0063,9,12650.0,8000.0,5.0,5692.5,108157.5,72000.0
ITM-0000309,ORD-000081,PRD-0034,5,2800.0,1650.0,5.0,700.0,13300.0,8250.0
ITM-0000310,ORD-000081,PRD-0005,7,11500.0,7900.0,12.5,10062.5,70437.5,55300.0
ITM-0000311,ORD-000082,PRD-0009,5,75050.0,56000.0,7.5,28143.75,347106.25,280000.0
ITM-0000312,ORD-000082,PRD-0060,12,16450.0,11150.0,5.0,9870.0,187530.0,133800.0
ITM-0000313,ORD-000082,PRD-0037,17,7650.0,5500.0,7.5,9753.75,120296.25,93500.0
ITM-0000314,ORD-000082,PRD-0030,37,35850.0,25550.0,5.0,66322.5,1260127.5,945350.0
ITM-0000315,ORD-000082,PRD-0007,5,33250.0,23700.0,0.0,0.0,166250.0,118500.0
ITM-0000316,ORD-000083,PRD-0022,9,13950.0,9250.0,7.5,9416.25,116133.75,83250.0
ITM-0000317,ORD-000083,PRD-0066,19,5300.0,3250.0,2.5,2517.5,98182.5,61750.0
ITM-0000318,ORD-000083,PRD-0032,3,383350.0,305700.0,5.0,57502.5,1092547.5,917100.0
ITM-0000319,ORD-000083,PRD-0058,10,28050.0,19450.0,5.0,14025.0,266475.0,194500.0
ITM-0000320,ORD-000083,PRD-0055,10,43600.0,31400.0,7.5,32700.0,403300.0,314000.0
ITM-0000321,ORD-000084,PRD-0022,11,13950.0,9250.0,7.5,11508.75,141941.25,101750.0
ITM-0000322,ORD-000084,PRD-0010,4,50450.0,37650.0,0.0,0.0,201800.0,150600.0
ITM-0000323,ORD-000084,PRD-0045,24,4400.0,2800.0,0.0,0.0,105600.0,67200.0
ITM-0000324,ORD-000084,PRD-0060,4,16450.0,11150.0,5.0,3290.0,62510.0,44600.0
ITM-0000325,ORD-000085,PRD-0005,26,11500.0,7900.0,10.0,29900.0,269100.0,205400.0
ITM-0000326,ORD-000085,PRD-0023,6,46600.0,33950.0,10.0,27960.0,251640.0,203700.0
ITM-0000327,ORD-000085,PRD-0051,39,7700.0,4850.0,0.0,0.0,300300.0,189150.0
ITM-0000328,ORD-000086,PRD-0067,7,2050.0,1250.0,5.0,717.5,13632.5,8750.0
ITM-0000329,ORD-000086,PRD-0035,1,195800.0,149250.0,2.5,4895.0,190905.0,149250.0
ITM-0000330,ORD-000087,PRD-0069,5,41700.0,30300.0,12.5,26062.5,182437.5,151500.0
ITM-0000331,ORD-000087,PRD-0040,5,70550.0,49600.0,7.5,26456.25,326293.75,248000.0
ITM-0000332,ORD-000088,PRD-0045,25,4400.0,2800.0,2.5,2750.0,107250.0,70000.0
ITM-0000333,ORD-000088,PRD-0005,41,11500.0,7900.0,7.5,35362.5,436137.5,323900.0
ITM-0000334,ORD-000088,PRD-0018,4,39400.0,29550.0,12.5,19700.0,137900.0,118200.0
ITM-0000335,ORD-000088,PRD-0040,25,70550.0,49600.0,5.0,88187.5,1675562.5,1240000.0
ITM-0000336,ORD-000088,PRD-0062,37,13700.0,9000.0,10.0,50690.0,456210.0,333000.0
ITM-0000337,ORD-000089,PRD-0040,14,70550.0,49600.0,12.5,123462.5,864237.5,694400.0
ITM-0000338,ORD-000089,PRD-0034,2,2800.0,1650.0,2.5,140.0,5460.0,3300.0
ITM-0000339,ORD-000089,PRD-0064,2,40250.0,28850.0,5.0,4025.0,76475.0,57700.0
ITM-0000340,ORD-000089,PRD-0029,7,30900.0,21650.0,5.0,10815.0,205485.0,151550.0
ITM-0000341,ORD-000089,PRD-0021,9,151550.0,109750.0,10.0,136395.0,1227555.0,987750.0
ITM-0000342,ORD-000089,PRD-0007,2,33250.0,23700.0,5.0,3325.0,63175.0,47400.0
ITM-0000343,ORD-000090,PRD-0053,3,50250.0,36300.0,5.0,7537.5,143212.5,108900.0
ITM-0000344,ORD-000090,PRD-0005,7,11500.0,7900.0,7.5,6037.5,74462.5,55300.0
ITM-0000345,ORD-000090,PRD-0032,2,383350.0,305700.0,0.0,0.0,766700.0,611400.0
ITM-0000346,ORD-000091,PRD-0013,13,8750.0,5350.0,10.0,11375.0,102375.0,69550.0
ITM-0000347,ORD-000091,PRD-0009,2,75050.0,56000.0,0.0,0.0,150100.0,112000.0
ITM-0000348,ORD-000092,PRD-0034,5,2800.0,1650.0,5.0,700.0,13300.0,8250.0
ITM-0000349,ORD-000092,PRD-0053,7,50250.0,36300.0,10.0,35175.0,316575.0,254100.0
ITM-0000350,ORD-000092,PRD-0024,22,17950.0,12350.0,5.0,19745.0,375155.0,271700.0
ITM-0000351,ORD-000092,PRD-0005,12,11500.0,7900.0,5.0,6900.0,131100.0,94800.0
ITM-0000352,ORD-000092,PRD-0013,17,8750.0,5350.0,5.0,7437.5,141312.5,90950.0
ITM-0000353,ORD-000093,PRD-0007,22,33250.0,23700.0,0.0,0.0,731500.0,521400.0
ITM-0000354,ORD-000093,PRD-0047,18,67750.0,48250.0,5.0,60975.0,1158525.0,868500.0
ITM-0000355,ORD-000093,PRD-0029,15,30900.0,21650.0,0.0,0.0,463500.0,324750.0
ITM-0000356,ORD-000093,PRD-0034,7,2800.0,1650.0,10.0,1960.0,17640.0,11550.0
ITM-0000357,ORD-000094,PRD-0038,14,32300.0,22650.0,5.0,22610.0,429590.0,317100.0
ITM-0000358,ORD-000094,PRD-0070,22,5100.0,3300.0,7.5,8415.0,103785.0,72600.0
ITM-0000359,ORD-000095,PRD-0061,14,5600.0,3650.0,12.5,9800.0,68600.0,51100.0
ITM-0000360,ORD-000095,PRD-0005,12,11500.0,7900.0,0.0,0.0,138000.0,94800.0
ITM-0000361,ORD-000095,PRD-0064,4,40250.0,28850.0,5.0,8050.0,152950.0,115400.0
ITM-0000362,ORD-000095,PRD-0029,3,30900.0,21650.0,10.0,9270.0,83430.0,64950.0
ITM-0000363,ORD-000096,PRD-0028,7,6400.0,4200.0,5.0,2240.0,42560.0,29400.0
ITM-0000364,ORD-000096,PRD-0027,6,11500.0,7200.0,5.0,3450.0,65550.0,43200.0
ITM-0000365,ORD-000097,PRD-0053,7,50250.0,36300.0,10.0,35175.0,316575.0,254100.0
ITM-0000366,ORD-000098,PRD-0045,12,4400.0,2800.0,2.5,1320.0,51480.0,33600.0
ITM-0000367,ORD-000098,PRD-0067,46,2050.0,1250.0,0.0,0.0,94300.0,57500.0
ITM-0000368,ORD-000098,PRD-0008,12,11400.0,7800.0,2.5,3420.0,133380.0,93600.0
ITM-0000369,ORD-000098,PRD-0013,34,8750.0,5350.0,10.0,29750.0,267750.0,181900.0
ITM-0000370,ORD-000098,PRD-0066,9,5300.0,3250.0,10.0,4770.0,42930.0,29250.0
ITM-0000371,ORD-000099,PRD-0005,5,11500.0,7900.0,7.5,4312.5,53187.5,39500.0
ITM-0000372,ORD-000099,PRD-0050,22,1200.0,650.0,10.0,2640.0,23760.0,14300.0
ITM-0000373,ORD-000099,PRD-0069,8,41700.0,30300.0,12.5,41700.0,291900.0,242400.0
ITM-0000374,ORD-000099,PRD-0031,5,1600.0,900.0,12.5,1000.0,7000.0,4500.0
ITM-0000375,ORD-000100,PRD-0063,7,12650.0,8000.0,5.0,4427.5,84122.5,56000.0
ITM-0000376,ORD-000100,PRD-0066,7,5300.0,3250.0,7.5,2782.5,34317.5,22750.0
ITM-0000377,ORD-000100,PRD-0027,6,11500.0,7200.0,5.0,3450.0,65550.0,43200.0
ITM-0000378,ORD-000100,PRD-0022,2,13950.0,9250.0,0.0,0.0,27900.0,18500.0
ITM-0000379,ORD-000101,PRD-0035,12,195800.0,149250.0,10.0,234960.0,2114640.0,1791000.0
ITM-0000380,ORD-000101,PRD-0047,2,67750.0,48250.0,5.0,6775.0,128725.0,96500.0
ITM-0000381,ORD-000101,PRD-0009,7,75050.0,56000.0,5.0,26267.5,499082.5,392000.0
ITM-0000382,ORD-000101,PRD-0069,10,41700.0,30300.0,0.0,0.0,417000.0,303000.0
ITM-0000383,ORD-000102,PRD-0048,3,160400.0,117650.0,5.0,24060.0,457140.0,352950.0
ITM-0000384,ORD-000102,PRD-0026,16,5050.0,3050.0,10.0,8080.0,72720.0,48800.0
ITM-0000385,ORD-000102,PRD-0045,9,4400.0,2800.0,5.0,1980.0,37620.0,25200.0
ITM-0000386,ORD-000102,PRD-0046,1,141200.0,107400.0,0.0,0.0,141200.0,107400.0
ITM-0000387,ORD-000103,PRD-0043,5,35950.0,25500.0,5.0,8987.5,170762.5,127500.0
ITM-0000388,ORD-000103,PRD-0063,22,12650.0,8000.0,0.0,0.0,278300.0,176000.0
ITM-0000389,ORD-000103,PRD-0029,1,30900.0,21650.0,5.0,1545.0,29355.0,21650.0
ITM-0000390,ORD-000104,PRD-0066,29,5300.0,3250.0,2.5,3842.5,149857.5,94250.0
ITM-0000391,ORD-000105,PRD-0034,12,2800.0,1650.0,2.5,840.0,32760.0,19800.0
ITM-0000392,ORD-000105,PRD-0007,12,33250.0,23700.0,10.0,39900.0,359100.0,284400.0
ITM-0000393,ORD-000105,PRD-0048,17,160400.0,117650.0,7.5,204510.0,2522290.0,2000050.0
ITM-0000394,ORD-000105,PRD-0040,21,70550.0,49600.0,5.0,74077.5,1407472.5,1041600.0
ITM-0000395,ORD-000105,PRD-0051,91,7700.0,4850.0,5.0,35035.0,665665.0,441350.0
ITM-0000396,ORD-000105,PRD-0060,4,16450.0,11150.0,0.0,0.0,65800.0,44600.0
ITM-0000397,ORD-000105,PRD-0037,104,7650.0,5500.0,5.0,39780.0,755820.0,572000.0
ITM-0000398,ORD-000106,PRD-0036,12,170650.0,122850.0,2.5,51195.0,1996605.0,1474200.0
ITM-0000399,ORD-000106,PRD-0063,82,12650.0,8000.0,5.0,51865.0,985435.0,656000.0
ITM-0000400,ORD-000106,PRD-0013,45,8750.0,5350.0,2.5,9843.75,383906.25,240750.0
ITM-0000401,ORD-000107,PRD-0007,6,33250.0,23700.0,7.5,14962.5,184537.5,142200.0
ITM-0000402,ORD-000107,PRD-0034,5,2800.0,1650.0,0.0,0.0,14000.0,8250.0
ITM-0000403,ORD-000107,PRD-0027,32,11500.0,7200.0,10.0,36800.0,331200.0,230400.0
ITM-0000404,ORD-000107,PRD-0030,22,35850.0,25550.0,12.5,98587.5,690112.5,562100.0
ITM-0000405,ORD-000107,PRD-0059,6,1850.0,1050.0,10.0,1110.0,9990.0,6300.0
ITM-0000406,ORD-000108,PRD-0036,2,170650.0,122850.0,2.5,8532.5,332767.5,245700.0
ITM-0000407,ORD-000108,PRD-0030,10,35850.0,25550.0,5.0,17925.0,340575.0,255500.0
ITM-0000408,ORD-000108,PRD-0034,2,2800.0,1650.0,10.0,560.0,5040.0,3300.0
ITM-0000409,ORD-000109,PRD-0008,5,11400.0,7800.0,7.5,4275.0,52725.0,39000.0
ITM-0000410,ORD-000109,PRD-0007,10,33250.0,23700.0,0.0,0.0,332500.0,237000.0
ITM-0000411,ORD-000109,PRD-0005,10,11500.0,7900.0,2.5,2875.0,112125.0,79000.0
ITM-0000412,ORD-000109,PRD-0026,58,5050.0,3050.0,5.0,14645.0,278255.0,176900.0
ITM-0000413,ORD-000109,PRD-0064,3,40250.0,28850.0,5.0,6037.5,114712.5,86550.0
ITM-0000414,ORD-000109,PRD-0034,5,2800.0,1650.0,7.5,1050.0,12950.0,8250.0
ITM-0000415,ORD-000110,PRD-0044,69,3350.0,2000.0,2.5,5778.75,225371.25,138000.0
ITM-0000416,ORD-000110,PRD-0070,27,5100.0,3300.0,2.5,3442.5,134257.5,89100.0
ITM-0000417,ORD-000110,PRD-0034,23,2800.0,1650.0,7.5,4830.0,59570.0,37950.0
ITM-0000418,ORD-000110,PRD-0063,81,12650.0,8000.0,0.0,0.0,1024650.0,648000.0
ITM-0000419,ORD-000111,PRD-0027,17,11500.0,7200.0,5.0,9775.0,185725.0,122400.0
ITM-0000420,ORD-000111,PRD-0009,3,75050.0,56000.0,0.0,0.0,225150.0,168000.0
ITM-0000421,ORD-000112,PRD-0005,35,11500.0,7900.0,10.0,40250.0,362250.0,276500.0
ITM-0000422,ORD-000112,PRD-0066,35,5300.0,3250.0,0.0,0.0,185500.0,113750.0
ITM-0000423,ORD-000113,PRD-0037,17,7650.0,5500.0,5.0,6502.5,123547.5,93500.0
ITM-0000424,ORD-000113,PRD-0034,6,2800.0,1650.0,10.0,1680.0,15120.0,9900.0
ITM-0000425,ORD-000113,PRD-0065,29,9000.0,5800.0,2.5,6525.0,254475.0,168200.0
ITM-0000426,ORD-000113,PRD-0021,17,151550.0,109750.0,7.5,193226.25,2383123.75,1865750.0
ITM-0000427,ORD-000114,PRD-0008,7,11400.0,7800.0,10.0,7980.0,71820.0,54600.0
ITM-0000428,ORD-000114,PRD-0037,34,7650.0,5500.0,7.5,19507.5,240592.5,187000.0
ITM-0000429,ORD-000114,PRD-0005,24,11500.0,7900.0,5.0,13800.0,262200.0,189600.0
ITM-0000430,ORD-000114,PRD-0063,41,12650.0,8000.0,2.5,12966.25,505683.75,328000.0
ITM-0000431,ORD-000115,PRD-0050,35,1200.0,650.0,10.0,4200.0,37800.0,22750.0
ITM-0000432,ORD-000115,PRD-0031,31,1600.0,900.0,2.5,1240.0,48360.0,27900.0
ITM-0000433,ORD-000115,PRD-0005,31,11500.0,7900.0,5.0,17825.0,338675.0,244900.0
ITM-0000434,ORD-000115,PRD-0037,88,7650.0,5500.0,5.0,33660.0,639540.0,484000.0
ITM-0000435,ORD-000115,PRD-0066,58,5300.0,3250.0,10.0,30740.0,276660.0,188500.0
ITM-0000436,ORD-000115,PRD-0034,8,2800.0,1650.0,5.0,1120.0,21280.0,13200.0
ITM-0000437,ORD-000115,PRD-0063,54,12650.0,8000.0,2.5,17077.5,666022.5,432000.0
ITM-0000438,ORD-000116,PRD-0048,11,160400.0,117650.0,12.5,220550.0,1543850.0,1294150.0
ITM-0000439,ORD-000116,PRD-0032,11,383350.0,305700.0,5.0,210842.5,4006007.5,3362700.0
ITM-0000440,ORD-000116,PRD-0023,4,46600.0,33950.0,7.5,13980.0,172420.0,135800.0
ITM-0000441,ORD-000116,PRD-0015,9,19300.0,12700.0,0.0,0.0,173700.0,114300.0
ITM-0000442,ORD-000117,PRD-0006,7,27000.0,19650.0,0.0,0.0,189000.0,137550.0
ITM-0000443,ORD-000117,PRD-0007,14,33250.0,23700.0,7.5,34912.5,430587.5,331800.0
ITM-0000444,ORD-000117,PRD-0030,19,35850.0,25550.0,10.0,68115.0,613035.0,485450.0
ITM-0000445,ORD-000117,PRD-0013,12,8750.0,5350.0,7.5,7875.0,97125.0,64200.0
ITM-0000446,ORD-000118,PRD-0053,5,50250.0,36300.0,10.0,25125.0,226125.0,181500.0
ITM-0000447,ORD-000118,PRD-0016,2,18750.0,12900.0,5.0,1875.0,35625.0,25800.0
ITM-0000448,ORD-000118,PRD-0066,16,5300.0,3250.0,10.0,8480.0,76320.0,52000.0
ITM-0000449,ORD-000118,PRD-0047,1,67750.0,48250.0,5.0,3387.5,64362.5,48250.0
ITM-0000450,ORD-000119,PRD-0050,8,1200.0,650.0,12.5,1200.0,8400.0,5200.0
ITM-0000451,ORD-000120,PRD-0003,1,88300.0,65000.0,10.0,8830.0,79470.0,65000.0
ITM-0000452,ORD-000120,PRD-0021,7,151550.0,109750.0,2.5,26521.25,1034328.75,768250.0
ITM-0000453,ORD-000120,PRD-0066,6,5300.0,3250.0,2.5,795.0,31005.0,19500.0
ITM-0000454,ORD-000121,PRD-0066,18,5300.0,3250.0,7.5,7155.0,88245.0,58500.0
ITM-0000455,ORD-000121,PRD-0036,2,170650.0,122850.0,5.0,17065.0,324235.0,245700.0
ITM-0000456,ORD-000121,PRD-0028,56,6400.0,4200.0,10.0,35840.0,322560.0,235200.0
ITM-0000457,ORD-000122,PRD-0029,2,30900.0,21650.0,7.5,4635.0,57165.0,43300.0
ITM-0000458,ORD-000122,PRD-0068,9,29000.0,20900.0,7.5,19575.0,241425.0,188100.0
ITM-0000459,ORD-000122,PRD-0045,32,4400.0,2800.0,7.5,10560.0,130240.0,89600.0
ITM-0000460,ORD-000122,PRD-0031,32,1600.0,900.0,7.5,3840.0,47360.0,28800.0
ITM-0000461,ORD-000122,PRD-0025,7,32700.0,22850.0,0.0,0.0,228900.0,159950.0
ITM-0000462,ORD-000123,PRD-0061,24,5600.0,3650.0,5.0,6720.0,127680.0,87600.0
ITM-0000463,ORD-000123,PRD-0034,11,2800.0,1650.0,7.5,2310.0,28490.0,18150.0
ITM-0000464,ORD-000124,PRD-0051,12,7700.0,4850.0,0.0,0.0,92400.0,58200.0
ITM-0000465,ORD-000124,PRD-0005,19,11500.0,7900.0,5.0,10925.0,207575.0,150100.0
ITM-0000466,ORD-000125,PRD-0050,43,1200.0,650.0,5.0,2580.0,49020.0,27950.0
ITM-0000467,ORD-000125,PRD-0032,12,383350.0,305700.0,0.0,0.0,4600200.0,3668400.0
ITM-0000468,ORD-000125,PRD-0015,17,19300.0,12700.0,7.5,24607.5,303492.5,215900.0
ITM-0000469,ORD-000125,PRD-0045,17,4400.0,2800.0,0.0,0.0,74800.0,47600.0
ITM-0000470,ORD-000125,PRD-0040,9,70550.0,49600.0,0.0,0.0,634950.0,446400.0
ITM-0000471,ORD-000126,PRD-0008,4,11400.0,7800.0,0.0,0.0,45600.0,31200.0
ITM-0000472,ORD-000126,PRD-0040,7,70550.0,49600.0,5.0,24692.5,469157.5,347200.0
ITM-0000473,ORD-000126,PRD-0032,5,383350.0,305700.0,2.5,47918.75,1868831.25,1528500.0
ITM-0000474,ORD-000126,PRD-0069,1,41700.0,30300.0,5.0,2085.0,39615.0,30300.0
ITM-0000475,ORD-000127,PRD-0063,31,12650.0,8000.0,5.0,19607.5,372542.5,248000.0
ITM-0000476,ORD-000127,PRD-0005,14,11500.0,7900.0,5.0,8050.0,152950.0,110600.0
ITM-0000477,ORD-000127,PRD-0066,13,5300.0,3250.0,0.0,0.0,68900.0,42250.0
ITM-0000478,ORD-000127,PRD-0011,7,50250.0,35950.0,5.0,17587.5,334162.5,251650.0
ITM-0000479,ORD-000127,PRD-0022,7,13950.0,9250.0,12.5,12206.25,85443.75,64750.0
ITM-0000480,ORD-000128,PRD-0069,1,41700.0,30300.0,7.5,3127.5,38572.5,30300.0
ITM-0000481,ORD-000128,PRD-0056,1,16900.0,12000.0,12.5,2112.5,14787.5,12000.0
ITM-0000482,ORD-000128,PRD-0064,8,40250.0,28850.0,12.5,40250.0,281750.0,230800.0
ITM-0000483,ORD-000128,PRD-0036,1,170650.0,122850.0,10.0,17065.0,153585.0,122850.0
ITM-0000484,ORD-000129,PRD-0021,13,151550.0,109750.0,0.0,0.0,1970150.0,1426750.0
ITM-0000485,ORD-000129,PRD-0065,30,9000.0,5800.0,0.0,0.0,270000.0,174000.0
ITM-0000486,ORD-000130,PRD-0045,20,4400.0,2800.0,5.0,4400.0,83600.0,56000.0
ITM-0000487,ORD-000130,PRD-0049,31,2250.0,1400.0,7.5,5231.25,64518.75,43400.0
ITM-0000488,ORD-000130,PRD-0040,17,70550.0,49600.0,2.5,29983.75,1169366.25,843200.0
ITM-0000489,ORD-000130,PRD-0007,3,33250.0,23700.0,12.5,12468.75,87281.25,71100.0
ITM-0000490,ORD-000131,PRD-0037,31,7650.0,5500.0,7.5,17786.25,219363.75,170500.0
ITM-0000491,ORD-000131,PRD-0057,13,25450.0,17350.0,10.0,33085.0,297765.0,225550.0
ITM-0000492,ORD-000132,PRD-0060,4,16450.0,11150.0,5.0,3290.0,62510.0,44600.0
ITM-0000493,ORD-000132,PRD-0058,22,28050.0,19450.0,2.5,15427.5,601672.5,427900.0
ITM-0000494,ORD-000132,PRD-0023,22,46600.0,33950.0,7.5,76890.0,948310.0,746900.0
ITM-0000495,ORD-000132,PRD-0034,14,2800.0,1650.0,0.0,0.0,39200.0,23100.0
ITM-0000496,ORD-000132,PRD-0045,25,4400.0,2800.0,7.5,8250.0,101750.0,70000.0
ITM-0000497,ORD-000132,PRD-0038,4,32300.0,22650.0,5.0,6460.0,122740.0,90600.0
ITM-0000498,ORD-000133,PRD-0005,10,11500.0,7900.0,5.0,5750.0,109250.0,79000.0
ITM-0000499,ORD-000133,PRD-0066,27,5300.0,3250.0,5.0,7155.0,135945.0,87750.0
ITM-0000500,ORD-000133,PRD-0010,5,50450.0,37650.0,0.0,0.0,252250.0,188250.0
ITM-0000501,ORD-000133,PRD-0007,12,33250.0,23700.0,12.5,49875.0,349125.0,284400.0
ITM-0000502,ORD-000134,PRD-0007,22,33250.0,23700.0,0.0,0.0,731500.0,521400.0
ITM-0000503,ORD-000134,PRD-0021,18,151550.0,109750.0,7.5,204592.5,2523307.5,1975500.0
ITM-0000504,ORD-000134,PRD-0026,78,5050.0,3050.0,2.5,9847.5,384052.5,237900.0
ITM-0000505,ORD-000134,PRD-0030,37,35850.0,25550.0,7.5,99483.75,1226966.25,945350.0
ITM-0000506,ORD-000135,PRD-0061,22,5600.0,3650.0,2.5,3080.0,120120.0,80300.0
ITM-0000507,ORD-000135,PRD-0021,13,151550.0,109750.0,2.5,49253.75,1920896.25,1426750.0
ITM-0000508,ORD-000135,PRD-0037,44,7650.0,5500.0,5.0,16830.0,319770.0,242000.0
ITM-0000509,ORD-000136,PRD-0005,7,11500.0,7900.0,10.0,8050.0,72450.0,55300.0
ITM-0000510,ORD-000136,PRD-0022,5,13950.0,9250.0,5.0,3487.5,66262.5,46250.0
ITM-0000511,ORD-000136,PRD-0037,22,7650.0,5500.0,7.5,12622.5,155677.5,121000.0
ITM-0000512,ORD-000137,PRD-0001,7,49000.0,35150.0,10.0,34300.0,308700.0,246050.0
ITM-0000513,ORD-000137,PRD-0037,27,7650.0,5500.0,10.0,20655.0,185895.0,148500.0
ITM-0000514,ORD-000137,PRD-0053,9,50250.0,36300.0,10.0,45225.0,407025.0,326700.0
ITM-0000515,ORD-000137,PRD-0066,21,5300.0,3250.0,7.5,8347.5,102952.5,68250.0
ITM-0000516,ORD-000137,PRD-0034,4,2800.0,1650.0,10.0,1120.0,10080.0,6600.0
ITM-0000517,ORD-000138,PRD-0024,19,17950.0,12350.0,5.0,17052.5,323997.5,234650.0
ITM-0000518,ORD-000138,PRD-0039,18,13350.0,9100.0,0.0,0.0,240300.0,163800.0
ITM-0000519,ORD-000138,PRD-0037,41,7650.0,5500.0,5.0,15682.5,297967.5,225500.0
ITM-0000520,ORD-000139,PRD-0066,29,5300.0,3250.0,5.0,7685.0,146015.0,94250.0
ITM-0000521,ORD-000139,PRD-0069,22,41700.0,30300.0,5.0,45870.0,871530.0,666600.0
ITM-0000522,ORD-000139,PRD-0010,11,50450.0,37650.0,5.0,27747.5,527202.5,414150.0
ITM-0000523,ORD-000139,PRD-0007,4,33250.0,23700.0,0.0,0.0,133000.0,94800.0
ITM-0000524,ORD-000139,PRD-0048,4,160400.0,117650.0,0.0,0.0,641600.0,470600.0
ITM-0000525,ORD-000139,PRD-0034,7,2800.0,1650.0,0.0,0.0,19600.0,11550.0
ITM-0000526,ORD-000140,PRD-0021,4,151550.0,109750.0,0.0,0.0,606200.0,439000.0
ITM-0000527,ORD-000140,PRD-0011,2,50250.0,35950.0,7.5,7537.5,92962.5,71900.0
ITM-0000528,ORD-000140,PRD-0066,4,5300.0,3250.0,0.0,0.0,21200.0,13000.0
ITM-0000529,ORD-000141,PRD-0030,13,35850.0,25550.0,5.0,23302.5,442747.5,332150.0
ITM-0000530,ORD-000142,PRD-0025,11,32700.0,22850.0,10.0,35970.0,323730.0,251350.0
ITM-0000531,ORD-000142,PRD-0005,16,11500.0,7900.0,7.5,13800.0,170200.0,126400.0
ITM-0000532,ORD-000142,PRD-0058,11,28050.0,19450.0,2.5,7713.75,300836.25,213950.0
ITM-0000533,ORD-000142,PRD-0027,37,11500.0,7200.0,10.0,42550.0,382950.0,266400.0
ITM-0000534,ORD-000142,PRD-0036,9,170650.0,122850.0,0.0,0.0,1535850.0,1105650.0
ITM-0000535,ORD-000142,PRD-0052,2,40400.0,29250.0,5.0,4040.0,76760.0,58500.0
ITM-0000536,ORD-000143,PRD-0027,31,11500.0,7200.0,10.0,35650.0,320850.0,223200.0
ITM-0000537,ORD-000143,PRD-0033,3,88100.0,66350.0,7.5,19822.5,244477.5,199050.0
ITM-0000538,ORD-000143,PRD-0013,52,8750.0,5350.0,5.0,22750.0,432250.0,278200.0
ITM-0000539,ORD-000143,PRD-0024,82,17950.0,12350.0,2.5,36797.5,1435102.5,1012700.0
ITM-0000540,ORD-000144,PRD-0003,2,88300.0,65000.0,5.0,8830.0,167770.0,130000.0
ITM-0000541,ORD-000144,PRD-0005,6,11500.0,7900.0,7.5,5175.0,63825.0,47400.0
ITM-0000542,ORD-000144,PRD-0049,3,2250.0,1400.0,12.5,843.75,5906.25,4200.0
ITM-0000543,ORD-000144,PRD-0070,3,5100.0,3300.0,12.5,1912.5,13387.5,9900.0
ITM-0000544,ORD-000145,PRD-0023,17,46600.0,33950.0,12.5,99025.0,693175.0,577150.0
ITM-0000545,ORD-000145,PRD-0066,14,5300.0,3250.0,2.5,1855.0,72345.0,45500.0
ITM-0000546,ORD-000145,PRD-0046,9,141200.0,107400.0,7.5,95310.0,1175490.0,966600.0
ITM-0000547,ORD-000145,PRD-0057,17,25450.0,17350.0,5.0,21632.5,411017.5,294950.0
ITM-0000548,ORD-000145,PRD-0008,6,11400.0,7800.0,2.5,1710.0,66690.0,46800.0
ITM-0000549,ORD-000145,PRD-0065,40,9000.0,5800.0,7.5,27000.0,333000.0,232000.0
ITM-0000550,ORD-000145,PRD-0026,35,5050.0,3050.0,7.5,13256.25,163493.75,106750.0
ITM-0000551,ORD-000146,PRD-0040,15,70550.0,49600.0,5.0,52912.5,1005337.5,744000.0
ITM-0000552,ORD-000146,PRD-0007,15,33250.0,23700.0,0.0,0.0,498750.0,355500.0
ITM-0000553,ORD-000146,PRD-0018,5,39400.0,29550.0,5.0,9850.0,187150.0,147750.0
ITM-0000554,ORD-000146,PRD-0011,15,50250.0,35950.0,5.0,37687.5,716062.5,539250.0
ITM-0000555,ORD-000146,PRD-0034,8,2800.0,1650.0,0.0,0.0,22400.0,13200.0
ITM-0000556,ORD-000147,PRD-0007,2,33250.0,23700.0,2.5,1662.5,64837.5,47400.0
ITM-0000557,ORD-000148,PRD-0037,19,7650.0,5500.0,5.0,7267.5,138082.5,104500.0
ITM-0000558,ORD-000148,PRD-0053,9,50250.0,36300.0,5.0,22612.5,429637.5,326700.0
ITM-0000559,ORD-000148,PRD-0007,6,33250.0,23700.0,2.5,4987.5,194512.5,142200.0
ITM-0000560,ORD-000149,PRD-0053,10,50250.0,36300.0,10.0,50250.0,452250.0,363000.0
ITM-0000561,ORD-000149,PRD-0045,19,4400.0,2800.0,12.5,10450.0,73150.0,53200.0
ITM-0000562,ORD-000149,PRD-0048,10,160400.0,117650.0,5.0,80200.0,1523800.0,1176500.0
ITM-0000563,ORD-000149,PRD-0001,6,49000.0,35150.0,5.0,14700.0,279300.0,210900.0
ITM-0000564,ORD-000150,PRD-0045,36,4400.0,2800.0,0.0,0.0,158400.0,100800.0
ITM-0000565,ORD-000150,PRD-0038,5,32300.0,22650.0,5.0,8075.0,153425.0,113250.0
ITM-0000566,ORD-000150,PRD-0049,10,2250.0,1400.0,7.5,1687.5,20812.5,14000.0
ITM-0000567,ORD-000151,PRD-0066,26,5300.0,3250.0,2.5,3445.0,134355.0,84500.0
ITM-0000568,ORD-000151,PRD-0034,7,2800.0,1650.0,5.0,980.0,18620.0,11550.0
ITM-0000569,ORD-000151,PRD-0045,30,4400.0,2800.0,7.5,9900.0,122100.0,84000.0
ITM-0000570,ORD-000151,PRD-0007,2,33250.0,23700.0,7.5,4987.5,61512.5,47400.0
ITM-0000571,ORD-000151,PRD-0053,14,50250.0,36300.0,0.0,0.0,703500.0,508200.0
ITM-0000572,ORD-000152,PRD-0045,43,4400.0,2800.0,2.5,4730.0,184470.0,120400.0
ITM-0000573,ORD-000152,PRD-0022,7,13950.0,9250.0,2.5,2441.25,95208.75,64750.0
ITM-0000574,ORD-000152,PRD-0030,43,35850.0,25550.0,0.0,0.0,1541550.0,1098650.0
ITM-0000575,ORD-000153,PRD-0069,11,41700.0,30300.0,7.5,34402.5,424297.5,333300.0
ITM-0000576,ORD-000154,PRD-0063,34,12650.0,8000.0,5.0,21505.0,408595.0,272000.0
ITM-0000577,ORD-000154,PRD-0007,7,33250.0,23700.0,2.5,5818.75,226931.25,165900.0
ITM-0000578,ORD-000154,PRD-0029,1,30900.0,21650.0,0.0,0.0,30900.0,21650.0
ITM-0000579,ORD-000155,PRD-0045,6,4400.0,2800.0,5.0,1320.0,25080.0,16800.0
ITM-0000580,ORD-000155,PRD-0061,8,5600.0,3650.0,0.0,0.0,44800.0,29200.0
ITM-0000581,ORD-000155,PRD-0009,4,75050.0,56000.0,0.0,0.0,300200.0,224000.0
ITM-0000582,ORD-000155,PRD-0027,13,11500.0,7200.0,0.0,0.0,149500.0,93600.0
ITM-0000583,ORD-000156,PRD-0053,2,50250.0,36300.0,5.0,5025.0,95475.0,72600.0
ITM-0000584,ORD-000157,PRD-0069,22,41700.0,30300.0,5.0,45870.0,871530.0,666600.0
ITM-0000585,ORD-000157,PRD-0030,47,35850.0,25550.0,12.5,210618.75,1474331.25,1200850.0
ITM-0000586,ORD-000157,PRD-0017,4,15250.0,10000.0,10.0,6100.0,54900.0,40000.0
ITM-0000587,ORD-000157,PRD-0035,22,195800.0,149250.0,0.0,0.0,4307600.0,3283500.0
ITM-0000588,ORD-000158,PRD-0030,5,35850.0,25550.0,2.5,4481.25,174768.75,127750.0
ITM-0000589,ORD-000158,PRD-0023,9,46600.0,33950.0,5.0,20970.0,398430.0,305550.0
ITM-0000590,ORD-000158,PRD-0005,22,11500.0,7900.0,2.5,6325.0,246675.0,173800.0
ITM-0000591,ORD-000158,PRD-0019,23,2950.0,1850.0,5.0,3392.5,64457.5,42550.0
ITM-0000592,ORD-000159,PRD-0055,14,43600.0,31400.0,5.0,30520.0,579880.0,439600.0
ITM-0000593,ORD-000159,PRD-0027,14,11500.0,7200.0,2.5,4025.0,156975.0,100800.0
ITM-0000594,ORD-000160,PRD-0069,7,41700.0,30300.0,0.0,0.0,291900.0,212100.0
ITM-0000595,ORD-000160,PRD-0034,7,2800.0,1650.0,7.5,1470.0,18130.0,11550.0
ITM-0000596,ORD-000160,PRD-0050,8,1200.0,650.0,0.0,0.0,9600.0,5200.0
ITM-0000597,ORD-000161,PRD-0022,7,13950.0,9250.0,5.0,4882.5,92767.5,64750.0
ITM-0000598,ORD-000162,PRD-0045,9,4400.0,2800.0,2.5,990.0,38610.0,25200.0
ITM-0000599,ORD-000162,PRD-0003,9,88300.0,65000.0,0.0,0.0,794700.0,585000.0
ITM-0000600,ORD-000163,PRD-0007,11,33250.0,23700.0,7.5,27431.25,338318.75,260700.0
ITM-0000601,ORD-000163,PRD-0063,13,12650.0,8000.0,10.0,16445.0,148005.0,104000.0
ITM-0000602,ORD-000163,PRD-0064,13,40250.0,28850.0,12.5,65406.25,457843.75,375050.0
ITM-0000603,ORD-000163,PRD-0069,11,41700.0,30300.0,10.0,45870.0,412830.0,333300.0
ITM-0000604,ORD-000163,PRD-0053,7,50250.0,36300.0,5.0,17587.5,334162.5,254100.0
ITM-0000605,ORD-000163,PRD-0043,2,35950.0,25500.0,2.5,1797.5,70102.5,51000.0
ITM-0000606,ORD-000163,PRD-0034,7,2800.0,1650.0,0.0,0.0,19600.0,11550.0
ITM-0000607,ORD-000164,PRD-0023,4,46600.0,33950.0,10.0,18640.0,167760.0,135800.0
ITM-0000608,ORD-000164,PRD-0064,6,40250.0,28850.0,10.0,24150.0,217350.0,173100.0
ITM-0000609,ORD-000165,PRD-0040,3,70550.0,49600.0,0.0,0.0,211650.0,148800.0
ITM-0000610,ORD-000165,PRD-0064,6,40250.0,28850.0,5.0,12075.0,229425.0,173100.0
ITM-0000611,ORD-000165,PRD-0062,12,13700.0,9000.0,2.5,4110.0,160290.0,108000.0
ITM-0000612,ORD-000166,PRD-0001,5,49000.0,35150.0,7.5,18375.0,226625.0,175750.0
ITM-0000613,ORD-000166,PRD-0005,29,11500.0,7900.0,12.5,41687.5,291812.5,229100.0
ITM-0000614,ORD-000166,PRD-0052,7,40400.0,29250.0,2.5,7070.0,275730.0,204750.0
ITM-0000615,ORD-000166,PRD-0050,15,1200.0,650.0,12.5,2250.0,15750.0,9750.0
ITM-0000616,ORD-000166,PRD-0013,20,8750.0,5350.0,2.5,4375.0,170625.0,107000.0
ITM-0000617,ORD-000166,PRD-0032,10,383350.0,305700.0,5.0,191675.0,3641825.0,3057000.0
ITM-0000618,ORD-000167,PRD-0037,34,7650.0,5500.0,2.5,6502.5,253597.5,187000.0
ITM-0000619,ORD-000167,PRD-0033,3,88100.0,66350.0,12.5,33037.5,231262.5,199050.0
ITM-0000620,ORD-000167,PRD-0022,10,13950.0,9250.0,5.0,6975.0,132525.0,92500.0
ITM-0000621,ORD-000167,PRD-0045,20,4400.0,2800.0,10.0,8800.0,79200.0,56000.0
ITM-0000622,ORD-000167,PRD-0034,3,2800.0,1650.0,10.0,840.0,7560.0,4950.0
ITM-0000623,ORD-000168,PRD-0040,3,70550.0,49600.0,7.5,15873.75,195776.25,148800.0
ITM-0000624,ORD-000169,PRD-0030,37,35850.0,25550.0,7.5,99483.75,1226966.25,945350.0
ITM-0000625,ORD-000169,PRD-0024,32,17950.0,12350.0,0.0,0.0,574400.0,395200.0
ITM-0000626,ORD-000169,PRD-0025,15,32700.0,22850.0,10.0,49050.0,441450.0,342750.0
ITM-0000627,ORD-000169,PRD-0056,10,16900.0,12000.0,10.0,16900.0,152100.0,120000.0
ITM-0000628,ORD-000170,PRD-0008,5,11400.0,7800.0,5.0,2850.0,54150.0,39000.0
ITM-0000629,ORD-000170,PRD-0034,7,2800.0,1650.0,10.0,1960.0,17640.0,11550.0
ITM-0000630,ORD-000170,PRD-0011,11,50250.0,35950.0,5.0,27637.5,525112.5,395450.0
ITM-0000631,ORD-000170,PRD-0037,43,7650.0,5500.0,0.0,0.0,328950.0,236500.0
ITM-0000632,ORD-000170,PRD-0053,2,50250.0,36300.0,5.0,5025.0,95475.0,72600.0
ITM-0000633,ORD-000170,PRD-0009,9,75050.0,56000.0,2.5,16886.25,658563.75,504000.0
ITM-0000634,ORD-000171,PRD-0034,3,2800.0,1650.0,5.0,420.0,7980.0,4950.0
ITM-0000635,ORD-000171,PRD-0004,3,7100.0,4600.0,2.5,532.5,20767.5,13800.0
ITM-0000636,ORD-000171,PRD-0066,3,5300.0,3250.0,12.5,1987.5,13912.5,9750.0
ITM-0000637,ORD-000172,PRD-0011,3,50250.0,35950.0,7.5,11306.25,139443.75,107850.0
ITM-0000638,ORD-000172,PRD-0005,16,11500.0,7900.0,5.0,9200.0,174800.0,126400.0
ITM-0000639,ORD-000172,PRD-0053,14,50250.0,36300.0,0.0,0.0,703500.0,508200.0
ITM-0000640,ORD-000173,PRD-0003,8,88300.0,65000.0,10.0,70640.0,635760.0,520000.0
ITM-0000641,ORD-000174,PRD-0005,10,11500.0,7900.0,10.0,11500.0,103500.0,79000.0
ITM-0000642,ORD-000174,PRD-0042,24,16900.0,11500.0,2.5,10140.0,395460.0,276000.0
ITM-0000643,ORD-000174,PRD-0064,2,40250.0,28850.0,5.0,4025.0,76475.0,57700.0
ITM-0000644,ORD-000174,PRD-0057,9,25450.0,17350.0,0.0,0.0,229050.0,156150.0
ITM-0000645,ORD-000174,PRD-0058,9,28050.0,19450.0,0.0,0.0,252450.0,175050.0
ITM-0000646,ORD-000175,PRD-0049,4,2250.0,1400.0,2.5,225.0,8775.0,5600.0
ITM-0000647,ORD-000175,PRD-0009,2,75050.0,56000.0,5.0,7505.0,142595.0,112000.0
ITM-0000648,ORD-000176,PRD-0058,3,28050.0,19450.0,5.0,4207.5,79942.5,58350.0
ITM-0000649,ORD-000176,PRD-0030,34,35850.0,25550.0,2.5,30472.5,1188427.5,868700.0
ITM-0000650,ORD-000176,PRD-0007,19,33250.0,23700.0,5.0,31587.5,600162.5,450300.0
ITM-0000651,ORD-000176,PRD-0069,19,41700.0,30300.0,5.0,39615.0,752685.0,575700.0
ITM-0000652,ORD-000176,PRD-0050,28,1200.0,650.0,5.0,1680.0,31920.0,18200.0
ITM-0000653,ORD-000177,PRD-0045,9,4400.0,2800.0,2.5,990.0,38610.0,25200.0
ITM-0000654,ORD-000177,PRD-0012,3,42850.0,31750.0,12.5,16068.75,112481.25,95250.0
ITM-0000655,ORD-000178,PRD-0058,4,28050.0,19450.0,12.5,14025.0,98175.0,77800.0
ITM-0000656,ORD-000179,PRD-0023,7,46600.0,33950.0,7.5,24465.0,301735.0,237650.0
ITM-0000657,ORD-000179,PRD-0066,50,5300.0,3250.0,0.0,0.0,265000.0,162500.0
ITM-0000658,ORD-000179,PRD-0036,10,170650.0,122850.0,10.0,170650.0,1535850.0,1228500.0
ITM-0000659,ORD-000180,PRD-0050,37,1200.0,650.0,7.5,3330.0,41070.0,24050.0
ITM-0000660,ORD-000180,PRD-0062,49,13700.0,9000.0,5.0,33565.0,637735.0,441000.0
ITM-0000661,ORD-000180,PRD-0034,19,2800.0,1650.0,12.5,6650.0,46550.0,31350.0
ITM-0000662,ORD-000180,PRD-0036,11,170650.0,122850.0,5.0,93857.5,1783292.5,1351350.0
ITM-0000663,ORD-000180,PRD-0030,37,35850.0,25550.0,7.5,99483.75,1226966.25,945350.0
ITM-0000664,ORD-000181,PRD-0026,49,5050.0,3050.0,5.0,12372.5,235077.5,149450.0
ITM-0000665,ORD-000181,PRD-0066,41,5300.0,3250.0,0.0,0.0,217300.0,133250.0
ITM-0000666,ORD-000181,PRD-0032,16,383350.0,305700.0,0.0,0.0,6133600.0,4891200.0
ITM-0000667,ORD-000181,PRD-0054,57,6000.0,4000.0,7.5,25650.0,316350.0,228000.0
ITM-0000668,ORD-000181,PRD-0037,61,7650.0,5500.0,0.0,0.0,466650.0,335500.0
ITM-0000669,ORD-000182,PRD-0066,32,5300.0,3250.0,2.5,4240.0,165360.0,104000.0
ITM-0000670,ORD-000182,PRD-0049,22,2250.0,1400.0,5.0,2475.0,47025.0,30800.0
ITM-0000671,ORD-000182,PRD-0015,10,19300.0,12700.0,7.5,14475.0,178525.0,127000.0
ITM-0000672,ORD-000182,PRD-0056,13,16900.0,12000.0,7.5,16477.5,203222.5,156000.0
ITM-0000673,ORD-000182,PRD-0034,13,2800.0,1650.0,10.0,3640.0,32760.0,21450.0
ITM-0000674,ORD-000183,PRD-0011,16,50250.0,35950.0,0.0,0.0,804000.0,575200.0
ITM-0000675,ORD-000183,PRD-0023,14,46600.0,33950.0,10.0,65240.0,587160.0,475300.0
ITM-0000676,ORD-000183,PRD-0040,14,70550.0,49600.0,7.5,74077.5,913622.5,694400.0
ITM-0000677,ORD-000183,PRD-0034,5,2800.0,1650.0,5.0,700.0,13300.0,8250.0
ITM-0000678,ORD-000184,PRD-0005,12,11500.0,7900.0,0.0,0.0,138000.0,94800.0
ITM-0000679,ORD-000184,PRD-0034,6,2800.0,1650.0,0.0,0.0,16800.0,9900.0
ITM-0000680,ORD-000184,PRD-0066,13,5300.0,3250.0,0.0,0.0,68900.0,42250.0
ITM-0000681,ORD-000184,PRD-0027,35,11500.0,7200.0,7.5,30187.5,372312.5,252000.0
ITM-0000682,ORD-000185,PRD-0030,14,35850.0,25550.0,5.0,25095.0,476805.0,357700.0
ITM-0000683,ORD-000185,PRD-0066,30,5300.0,3250.0,7.5,11925.0,147075.0,97500.0
ITM-0000684,ORD-000185,PRD-0032,10,383350.0,305700.0,12.5,479187.5,3354312.5,3057000.0
ITM-0000685,ORD-000185,PRD-0006,17,27000.0,19650.0,2.5,11475.0,447525.0,334050.0
ITM-0000686,ORD-000185,PRD-0026,68,5050.0,3050.0,5.0,17170.0,326230.0,207400.0
ITM-0000687,ORD-000185,PRD-0069,7,41700.0,30300.0,10.0,29190.0,262710.0,212100.0
ITM-0000688,ORD-000185,PRD-0050,14,1200.0,650.0,7.5,1260.0,15540.0,9100.0
ITM-0000689,ORD-000186,PRD-0049,31,2250.0,1400.0,2.5,1743.75,68006.25,43400.0
ITM-0000690,ORD-000186,PRD-0069,14,41700.0,30300.0,2.5,14595.0,569205.0,424200.0
ITM-0000691,ORD-000187,PRD-0007,8,33250.0,23700.0,5.0,13300.0,252700.0,189600.0
ITM-0000692,ORD-000187,PRD-0034,8,2800.0,1650.0,2.5,560.0,21840.0,13200.0
ITM-0000693,ORD-000187,PRD-0055,2,43600.0,31400.0,10.0,8720.0,78480.0,62800.0
ITM-0000694,ORD-000187,PRD-0019,18,2950.0,1850.0,7.5,3982.5,49117.5,33300.0
ITM-0000695,ORD-000188,PRD-0066,37,5300.0,3250.0,0.0,0.0,196100.0,120250.0
ITM-0000696,ORD-000189,PRD-0032,7,383350.0,305700.0,12.5,335431.25,2348018.75,2139900.0
ITM-0000697,ORD-000189,PRD-0007,10,33250.0,23700.0,0.0,0.0,332500.0,237000.0
ITM-0000698,ORD-000189,PRD-0045,30,4400.0,2800.0,2.5,3300.0,128700.0,84000.0
ITM-0000699,ORD-000189,PRD-0051,33,7700.0,4850.0,2.5,6352.5,247747.5,160050.0
ITM-0000700,ORD-000189,PRD-0009,3,75050.0,56000.0,5.0,11257.5,213892.5,168000.0
ITM-0000701,ORD-000189,PRD-0063,56,12650.0,8000.0,10.0,70840.0,637560.0,448000.0
ITM-0000702,ORD-000190,PRD-0056,5,16900.0,12000.0,12.5,10562.5,73937.5,60000.0
ITM-0000703,ORD-000190,PRD-0004,6,7100.0,4600.0,2.5,1065.0,41535.0,27600.0
ITM-0000704,ORD-000190,PRD-0064,3,40250.0,28850.0,10.0,12075.0,108675.0,86550.0
ITM-0000705,ORD-000191,PRD-0053,7,50250.0,36300.0,2.5,8793.75,342956.25,254100.0
ITM-0000706,ORD-000191,PRD-0015,11,19300.0,12700.0,7.5,15922.5,196377.5,139700.0
ITM-0000707,ORD-000192,PRD-0027,16,11500.0,7200.0,2.5,4600.0,179400.0,115200.0
ITM-0000708,ORD-000192,PRD-0022,3,13950.0,9250.0,7.5,3138.75,38711.25,27750.0
ITM-0000709,ORD-000192,PRD-0008,6,11400.0,7800.0,0.0,0.0,68400.0,46800.0
ITM-0000710,ORD-000193,PRD-0030,7,35850.0,25550.0,7.5,18821.25,232128.75,178850.0
ITM-0000711,ORD-000193,PRD-0007,1,33250.0,23700.0,0.0,0.0,33250.0,23700.0
ITM-0000712,ORD-000193,PRD-0036,6,170650.0,122850.0,5.0,51195.0,972705.0,737100.0
ITM-0000713,ORD-000193,PRD-0047,1,67750.0,48250.0,5.0,3387.5,64362.5,48250.0
ITM-0000714,ORD-000193,PRD-0034,5,2800.0,1650.0,5.0,700.0,13300.0,8250.0
ITM-0000715,ORD-000194,PRD-0034,11,2800.0,1650.0,10.0,3080.0,27720.0,18150.0
ITM-0000716,ORD-000194,PRD-0027,38,11500.0,7200.0,7.5,32775.0,404225.0,273600.0
ITM-0000717,ORD-000194,PRD-0045,31,4400.0,2800.0,0.0,0.0,136400.0,86800.0
ITM-0000718,ORD-000195,PRD-0051,22,7700.0,4850.0,2.5,4235.0,165165.0,106700.0
ITM-0000719,ORD-000196,PRD-0025,7,32700.0,22850.0,0.0,0.0,228900.0,159950.0
ITM-0000720,ORD-000196,PRD-0045,30,4400.0,2800.0,5.0,6600.0,125400.0,84000.0
ITM-0000721,ORD-000196,PRD-0050,36,1200.0,650.0,0.0,0.0,43200.0,23400.0
ITM-0000722,ORD-000196,PRD-0056,13,16900.0,12000.0,2.5,5492.5,214207.5,156000.0
ITM-0000723,ORD-000196,PRD-0005,33,11500.0,7900.0,2.5,9487.5,370012.5,260700.0
ITM-0000724,ORD-000196,PRD-0047,3,67750.0,48250.0,10.0,20325.0,182925.0,144750.0
ITM-0000725,ORD-000197,PRD-0053,12,50250.0,36300.0,0.0,0.0,603000.0,435600.0
ITM-0000726,ORD-000197,PRD-0031,54,1600.0,900.0,2.5,2160.0,84240.0,48600.0
ITM-0000727,ORD-000197,PRD-0062,37,13700.0,9000.0,2.5,12672.5,494227.5,333000.0
ITM-0000728,ORD-000197,PRD-0045,12,4400.0,2800.0,5.0,2640.0,50160.0,33600.0
ITM-0000729,ORD-000198,PRD-0009,4,75050.0,56000.0,10.0,30020.0,270180.0,224000.0
ITM-0000730,ORD-000198,PRD-0006,9,27000.0,19650.0,10.0,24300.0,218700.0,176850.0
ITM-0000731,ORD-000198,PRD-0066,20,5300.0,3250.0,12.5,13250.0,92750.0,65000.0
ITM-0000732,ORD-000198,PRD-0067,16,2050.0,1250.0,2.5,820.0,31980.0,20000.0
ITM-0000733,ORD-000199,PRD-0011,8,50250.0,35950.0,2.5,10050.0,391950.0,287600.0
ITM-0000734,ORD-000199,PRD-0063,12,12650.0,8000.0,0.0,0.0,151800.0,96000.0
ITM-0000735,ORD-000200,PRD-0021,8,151550.0,109750.0,2.5,30310.0,1182090.0,878000.0
ITM-0000736,ORD-000200,PRD-0016,17,18750.0,12900.0,5.0,15937.5,302812.5,219300.0
ITM-0000737,ORD-000200,PRD-0034,4,2800.0,1650.0,5.0,560.0,10640.0,6600.0
ITM-0000738,ORD-000201,PRD-0066,3,5300.0,3250.0,7.5,1192.5,14707.5,9750.0
ITM-0000739,ORD-000202,PRD-0036,5,170650.0,122850.0,5.0,42662.5,810587.5,614250.0
ITM-0000740,ORD-000202,PRD-0045,4,4400.0,2800.0,12.5,2200.0,15400.0,11200.0
ITM-0000741,ORD-000202,PRD-0050,15,1200.0,650.0,5.0,900.0,17100.0,9750.0
ITM-0000742,ORD-000202,PRD-0009,5,75050.0,56000.0,10.0,37525.0,337725.0,280000.0
ITM-0000743,ORD-000203,PRD-0027,63,11500.0,7200.0,2.5,18112.5,706387.5,453600.0
ITM-0000744,ORD-000203,PRD-0049,39,2250.0,1400.0,5.0,4387.5,83362.5,54600.0
ITM-0000745,ORD-000203,PRD-0036,8,170650.0,122850.0,2.5,34130.0,1331070.0,982800.0
ITM-0000746,ORD-000203,PRD-0021,16,151550.0,109750.0,7.5,181860.0,2242940.0,1756000.0
ITM-0000747,ORD-000203,PRD-0050,51,1200.0,650.0,7.5,4590.0,56610.0,33150.0
ITM-0000748,ORD-000204,PRD-0040,5,70550.0,49600.0,5.0,17637.5,335112.5,248000.0
ITM-0000749,ORD-000205,PRD-0066,10,5300.0,3250.0,2.5,1325.0,51675.0,32500.0
ITM-0000750,ORD-000205,PRD-0060,2,16450.0,11150.0,5.0,1645.0,31255.0,22300.0
ITM-0000751,ORD-000205,PRD-0030,20,35850.0,25550.0,2.5,17925.0,699075.0,511000.0
ITM-0000752,ORD-000205,PRD-0005,18,11500.0,7900.0,5.0,10350.0,196650.0,142200.0
ITM-0000753,ORD-000205,PRD-0064,4,40250.0,28850.0,10.0,16100.0,144900.0,115400.0
ITM-0000754,ORD-000206,PRD-0026,53,5050.0,3050.0,0.0,0.0,267650.0,161650.0
ITM-0000755,ORD-000206,PRD-0009,8,75050.0,56000.0,5.0,30020.0,570380.0,448000.0
ITM-0000756,ORD-000206,PRD-0048,4,160400.0,117650.0,5.0,32080.0,609520.0,470600.0
ITM-0000757,ORD-000206,PRD-0006,20,27000.0,19650.0,0.0,0.0,540000.0,393000.0
ITM-0000758,ORD-000206,PRD-0054,61,6000.0,4000.0,7.5,27450.0,338550.0,244000.0
ITM-0000759,ORD-000206,PRD-0028,94,6400.0,4200.0,0.0,0.0,601600.0,394800.0
ITM-0000760,ORD-000207,PRD-0023,4,46600.0,33950.0,5.0,9320.0,177080.0,135800.0
ITM-0000761,ORD-000208,PRD-0031,17,1600.0,900.0,2.5,680.0,26520.0,15300.0
ITM-0000762,ORD-000208,PRD-0060,5,16450.0,11150.0,10.0,8225.0,74025.0,55750.0
ITM-0000763,ORD-000208,PRD-0005,14,11500.0,7900.0,10.0,16100.0,144900.0,110600.0
ITM-0000764,ORD-000208,PRD-0065,19,9000.0,5800.0,10.0,17100.0,153900.0,110200.0
ITM-0000765,ORD-000208,PRD-0017,5,15250.0,10000.0,0.0,0.0,76250.0,50000.0
ITM-0000766,ORD-000209,PRD-0037,44,7650.0,5500.0,10.0,33660.0,302940.0,242000.0
ITM-0000767,ORD-000209,PRD-0063,25,12650.0,8000.0,5.0,15812.5,300437.5,200000.0
ITM-0000768,ORD-000209,PRD-0053,8,50250.0,36300.0,5.0,20100.0,381900.0,290400.0
ITM-0000769,ORD-000209,PRD-0066,6,5300.0,3250.0,5.0,1590.0,30210.0,19500.0
ITM-0000770,ORD-000210,PRD-0030,6,35850.0,25550.0,5.0,10755.0,204345.0,153300.0
ITM-0000771,ORD-000210,PRD-0066,17,5300.0,3250.0,7.5,6757.5,83342.5,55250.0
ITM-0000772,ORD-000211,PRD-0030,8,35850.0,25550.0,5.0,14340.0,272460.0,204400.0
ITM-0000773,ORD-000211,PRD-0067,3,2050.0,1250.0,10.0,615.0,5535.0,3750.0
ITM-0000774,ORD-000211,PRD-0049,12,2250.0,1400.0,12.5,3375.0,23625.0,16800.0
ITM-0000775,ORD-000211,PRD-0004,10,7100.0,4600.0,5.0,3550.0,67450.0,46000.0
ITM-0000776,ORD-000212,PRD-0037,35,7650.0,5500.0,2.5,6693.75,261056.25,192500.0
ITM-0000777,ORD-000213,PRD-0050,5,1200.0,650.0,5.0,300.0,5700.0,3250.0
ITM-0000778,ORD-000213,PRD-0053,2,50250.0,36300.0,2.5,2512.5,97987.5,72600.0
ITM-0000779,ORD-000213,PRD-0023,2,46600.0,33950.0,5.0,4660.0,88540.0,67900.0
ITM-0000780,ORD-000213,PRD-0034,1,2800.0,1650.0,2.5,70.0,2730.0,1650.0
ITM-0000781,ORD-000214,PRD-0008,4,11400.0,7800.0,0.0,0.0,45600.0,31200.0
ITM-0000782,ORD-000214,PRD-0040,16,70550.0,49600.0,5.0,56440.0,1072360.0,793600.0
ITM-0000783,ORD-000214,PRD-0023,16,46600.0,33950.0,2.5,18640.0,726960.0,543200.0
ITM-0000784,ORD-000214,PRD-0054,16,6000.0,4000.0,5.0,4800.0,91200.0,64000.0
ITM-0000785,ORD-000214,PRD-0013,99,8750.0,5350.0,7.5,64968.75,801281.25,529650.0
ITM-0000786,ORD-000215,PRD-0033,4,88100.0,66350.0,7.5,26430.0,325970.0,265400.0
ITM-0000787,ORD-000215,PRD-0019,40,2950.0,1850.0,2.5,2950.0,115050.0,74000.0
ITM-0000788,ORD-000215,PRD-0060,8,16450.0,11150.0,2.5,3290.0,128310.0,89200.0
ITM-0000789,ORD-000215,PRD-0030,20,35850.0,25550.0,0.0,0.0,717000.0,511000.0
ITM-0000790,ORD-000215,PRD-0034,20,2800.0,1650.0,5.0,2800.0,53200.0,33000.0
ITM-0000791,ORD-000216,PRD-0027,19,11500.0,7200.0,7.5,16387.5,202112.5,136800.0
ITM-0000792,ORD-000216,PRD-0045,9,4400.0,2800.0,5.0,1980.0,37620.0,25200.0
ITM-0000793,ORD-000216,PRD-0020,1,31900.0,22100.0,10.0,3190.0,28710.0,22100.0
ITM-0000794,ORD-000216,PRD-0037,13,7650.0,5500.0,5.0,4972.5,94477.5,71500.0
ITM-0000795,ORD-000217,PRD-0027,33,11500.0,7200.0,7.5,28462.5,351037.5,237600.0
ITM-0000796,ORD-000218,PRD-0005,12,11500.0,7900.0,10.0,13800.0,124200.0,94800.0
ITM-0000797,ORD-000218,PRD-0053,12,50250.0,36300.0,5.0,30150.0,572850.0,435600.0
ITM-0000798,ORD-000218,PRD-0030,24,35850.0,25550.0,2.5,21510.0,838890.0,613200.0
ITM-0000799,ORD-000219,PRD-0053,8,50250.0,36300.0,7.5,30150.0,371850.0,290400.0
ITM-0000800,ORD-000219,PRD-0066,9,5300.0,3250.0,10.0,4770.0,42930.0,29250.0
ITM-0000801,ORD-000219,PRD-0024,17,17950.0,12350.0,0.0,0.0,305150.0,209950.0
ITM-0000802,ORD-000219,PRD-0021,8,151550.0,109750.0,2.5,30310.0,1182090.0,878000.0
ITM-0000803,ORD-000220,PRD-0040,7,70550.0,49600.0,7.5,37038.75,456811.25,347200.0
ITM-0000804,ORD-000220,PRD-0037,19,7650.0,5500.0,7.5,10901.25,134448.75,104500.0
ITM-0000805,ORD-000220,PRD-0030,12,35850.0,25550.0,10.0,43020.0,387180.0,306600.0
ITM-0000806,ORD-000221,PRD-0005,2,11500.0,7900.0,0.0,0.0,23000.0,15800.0
ITM-0000807,ORD-000221,PRD-0053,4,50250.0,36300.0,2.5,5025.0,195975.0,145200.0
ITM-0000808,ORD-000222,PRD-0052,12,40400.0,29250.0,5.0,24240.0,460560.0,351000.0
ITM-0000809,ORD-000222,PRD-0005,30,11500.0,7900.0,7.5,25875.0,319125.0,237000.0
ITM-0000810,ORD-000222,PRD-0066,20,5300.0,3250.0,2.5,2650.0,103350.0,65000.0
ITM-0000811,ORD-000223,PRD-0031,12,1600.0,900.0,5.0,960.0,18240.0,10800.0
ITM-0000812,ORD-000223,PRD-0005,12,11500.0,7900.0,7.5,10350.0,127650.0,94800.0
ITM-0000813,ORD-000224,PRD-0009,2,75050.0,56000.0,7.5,11257.5,138842.5,112000.0
ITM-0000814,ORD-000225,PRD-0060,10,16450.0,11150.0,2.5,4112.5,160387.5,111500.0
ITM-0000815,ORD-000225,PRD-0011,5,50250.0,35950.0,5.0,12562.5,238687.5,179750.0
ITM-0000816,ORD-000225,PRD-0008,7,11400.0,7800.0,7.5,5985.0,73815.0,54600.0
ITM-0000817,ORD-000226,PRD-0037,45,7650.0,5500.0,7.5,25818.75,318431.25,247500.0
ITM-0000818,ORD-000226,PRD-0009,2,75050.0,56000.0,5.0,7505.0,142595.0,112000.0
ITM-0000819,ORD-000226,PRD-0007,4,33250.0,23700.0,0.0,0.0,133000.0,94800.0
ITM-0000820,ORD-000227,PRD-0007,14,33250.0,23700.0,5.0,23275.0,442225.0,331800.0
ITM-0000821,ORD-000227,PRD-0023,7,46600.0,33950.0,5.0,16310.0,309890.0,237650.0
ITM-0000822,ORD-000227,PRD-0069,14,41700.0,30300.0,7.5,43785.0,540015.0,424200.0
ITM-0000823,ORD-000227,PRD-0032,11,383350.0,305700.0,7.5,316263.75,3900586.25,3362700.0
ITM-0000824,ORD-000227,PRD-0009,7,75050.0,56000.0,5.0,26267.5,499082.5,392000.0
ITM-0000825,ORD-000227,PRD-0014,4,199750.0,146450.0,5.0,39950.0,759050.0,585800.0
ITM-0000826,ORD-000228,PRD-0045,26,4400.0,2800.0,7.5,8580.0,105820.0,72800.0
ITM-0000827,ORD-000228,PRD-0050,39,1200.0,650.0,0.0,0.0,46800.0,25350.0
ITM-0000828,ORD-000228,PRD-0046,8,141200.0,107400.0,0.0,0.0,1129600.0,859200.0
ITM-0000829,ORD-000229,PRD-0031,19,1600.0,900.0,7.5,2280.0,28120.0,17100.0
ITM-0000830,ORD-000230,PRD-0037,33,7650.0,5500.0,5.0,12622.5,239827.5,181500.0
ITM-0000831,ORD-000230,PRD-0004,4,7100.0,4600.0,7.5,2130.0,26270.0,18400.0
ITM-0000832,ORD-000231,PRD-0038,16,32300.0,22650.0,7.5,38760.0,478040.0,362400.0
ITM-0000833,ORD-000231,PRD-0053,8,50250.0,36300.0,5.0,20100.0,381900.0,290400.0
ITM-0000834,ORD-000231,PRD-0024,41,17950.0,12350.0,5.0,36797.5,699152.5,506350.0
ITM-0000835,ORD-000231,PRD-0030,61,35850.0,25550.0,7.5,164013.75,2022836.25,1558550.0
ITM-0000836,ORD-000231,PRD-0035,16,195800.0,149250.0,0.0,0.0,3132800.0,2388000.0
ITM-0000837,ORD-000231,PRD-0054,37,6000.0,4000.0,5.0,11100.0,210900.0,148000.0
ITM-0000838,ORD-000232,PRD-0049,11,2250.0,1400.0,7.5,1856.25,22893.75,15400.0
ITM-0000839,ORD-000232,PRD-0006,5,27000.0,19650.0,5.0,6750.0,128250.0,98250.0
ITM-0000840,ORD-000233,PRD-0033,8,88100.0,66350.0,5.0,35240.0,669560.0,530800.0
ITM-0000841,ORD-000233,PRD-0038,3,32300.0,22650.0,10.0,9690.0,87210.0,67950.0
ITM-0000842,ORD-000233,PRD-0013,41,8750.0,5350.0,5.0,17937.5,340812.5,219350.0
ITM-0000843,ORD-000233,PRD-0005,18,11500.0,7900.0,5.0,10350.0,196650.0,142200.0
ITM-0000844,ORD-000233,PRD-0066,8,5300.0,3250.0,0.0,0.0,42400.0,26000.0
ITM-0000845,ORD-000234,PRD-0069,10,41700.0,30300.0,10.0,41700.0,375300.0,303000.0
ITM-0000846,ORD-000234,PRD-0026,21,5050.0,3050.0,0.0,0.0,106050.0,64050.0
ITM-0000847,ORD-000235,PRD-0038,10,32300.0,22650.0,7.5,24225.0,298775.0,226500.0
ITM-0000848,ORD-000235,PRD-0005,8,11500.0,7900.0,12.5,11500.0,80500.0,63200.0
ITM-0000849,ORD-000235,PRD-0011,6,50250.0,35950.0,0.0,0.0,301500.0,215700.0
ITM-0000850,ORD-000235,PRD-0036,6,170650.0,122850.0,2.5,25597.5,998302.5,737100.0
ITM-0000851,ORD-000236,PRD-0045,37,4400.0,2800.0,5.0,8140.0,154660.0,103600.0
ITM-0000852,ORD-000236,PRD-0023,6,46600.0,33950.0,7.5,20970.0,258630.0,203700.0
ITM-0000853,ORD-000236,PRD-0036,9,170650.0,122850.0,7.5,115188.75,1420661.25,1105650.0
ITM-0000854,ORD-000237,PRD-0027,6,11500.0,7200.0,7.5,5175.0,63825.0,43200.0
ITM-0000855,ORD-000237,PRD-0005,6,11500.0,7900.0,2.5,1725.0,67275.0,47400.0
ITM-0000856,ORD-000237,PRD-0053,2,50250.0,36300.0,5.0,5025.0,95475.0,72600.0
ITM-0000857,ORD-000238,PRD-0058,2,28050.0,19450.0,0.0,0.0,56100.0,38900.0
ITM-0000858,ORD-000239,PRD-0053,7,50250.0,36300.0,0.0,0.0,351750.0,254100.0
ITM-0000859,ORD-000239,PRD-0017,18,15250.0,10000.0,0.0,0.0,274500.0,180000.0
ITM-0000860,ORD-000239,PRD-0069,22,41700.0,30300.0,2.5,22935.0,894465.0,666600.0
ITM-0000861,ORD-000239,PRD-0034,18,2800.0,1650.0,7.5,3780.0,46620.0,29700.0
ITM-0000862,ORD-000239,PRD-0009,11,75050.0,56000.0,7.5,61916.25,763633.75,616000.0
ITM-0000863,ORD-000239,PRD-0045,22,4400.0,2800.0,12.5,12100.0,84700.0,61600.0
ITM-0000864,ORD-000240,PRD-0037,18,7650.0,5500.0,5.0,6885.0,130815.0,99000.0
ITM-0000865,ORD-000241,PRD-0034,11,2800.0,1650.0,5.0,1540.0,29260.0,18150.0
ITM-0000866,ORD-000241,PRD-0045,50,4400.0,2800.0,10.0,22000.0,198000.0,140000.0
ITM-0000867,ORD-000241,PRD-0027,18,11500.0,7200.0,0.0,0.0,207000.0,129600.0
ITM-0000868,ORD-000241,PRD-0007,7,33250.0,23700.0,7.5,17456.25,215293.75,165900.0
ITM-0000869,ORD-000241,PRD-0053,18,50250.0,36300.0,2.5,22612.5,881887.5,653400.0
ITM-0000870,ORD-000241,PRD-0031,25,1600.0,900.0,10.0,4000.0,36000.0,22500.0
ITM-0000871,ORD-000242,PRD-0063,21,12650.0,8000.0,2.5,6641.25,259008.75,168000.0
ITM-0000872,ORD-000242,PRD-0066,10,5300.0,3250.0,10.0,5300.0,47700.0,32500.0
ITM-0000873,ORD-000242,PRD-0007,5,33250.0,23700.0,2.5,4156.25,162093.75,118500.0
ITM-0000874,ORD-000243,PRD-0030,33,35850.0,25550.0,5.0,59152.5,1123897.5,843150.0
ITM-0000875,ORD-000243,PRD-0038,16,32300.0,22650.0,10.0,51680.0,465120.0,362400.0
ITM-0000876,ORD-000244,PRD-0066,11,5300.0,3250.0,7.5,4372.5,53927.5,35750.0
ITM-0000877,ORD-000245,PRD-0007,2,33250.0,23700.0,2.5,1662.5,64837.5,47400.0
ITM-0000878,ORD-000245,PRD-0033,5,88100.0,66350.0,0.0,0.0,440500.0,331750.0
ITM-0000879,ORD-000246,PRD-0021,15,151550.0,109750.0,2.5,56831.25,2216418.75,1646250.0
ITM-0000880,ORD-000246,PRD-0032,2,383350.0,305700.0,2.5,19167.5,747532.5,611400.0
ITM-0000881,ORD-000246,PRD-0034,15,2800.0,1650.0,2.5,1050.0,40950.0,24750.0
ITM-0000882,ORD-000246,PRD-0005,34,11500.0,7900.0,7.5,29325.0,361675.0,268600.0
ITM-0000883,ORD-000247,PRD-0007,10,33250.0,23700.0,7.5,24937.5,307562.5,237000.0
ITM-0000884,ORD-000247,PRD-0030,35,35850.0,25550.0,2.5,31368.75,1223381.25,894250.0
ITM-0000885,ORD-000247,PRD-0034,3,2800.0,1650.0,7.5,630.0,7770.0,4950.0
ITM-0000886,ORD-000247,PRD-0045,35,4400.0,2800.0,10.0,15400.0,138600.0,98000.0
ITM-0000887,ORD-000247,PRD-0013,42,8750.0,5350.0,2.5,9187.5,358312.5,224700.0
ITM-0000888,ORD-000247,PRD-0033,7,88100.0,66350.0,5.0,30835.0,585865.0,464450.0
ITM-0000889,ORD-000247,PRD-0064,17,40250.0,28850.0,5.0,34212.5,650037.5,490450.0
ITM-0000890,ORD-000248,PRD-0062,11,13700.0,9000.0,5.0,7535.0,143165.0,99000.0
ITM-0000891,ORD-000248,PRD-0058,21,28050.0,19450.0,10.0,58905.0,530145.0,408450.0
ITM-0000892,ORD-000248,PRD-0053,18,50250.0,36300.0,10.0,90450.0,814050.0,653400.0
ITM-0000893,ORD-000249,PRD-0013,28,8750.0,5350.0,10.0,24500.0,220500.0,149800.0
ITM-0000894,ORD-000249,PRD-0061,8,5600.0,3650.0,7.5,3360.0,41440.0,29200.0
ITM-0000895,ORD-000249,PRD-0069,8,41700.0,30300.0,10.0,33360.0,300240.0,242400.0
ITM-0000896,ORD-000249,PRD-0045,13,4400.0,2800.0,2.5,1430.0,55770.0,36400.0
ITM-0000897,ORD-000250,PRD-0007,7,33250.0,23700.0,7.5,17456.25,215293.75,165900.0
ITM-0000898,ORD-000250,PRD-0006,4,27000.0,19650.0,7.5,8100.0,99900.0,78600.0
ITM-0000899,ORD-000250,PRD-0066,9,5300.0,3250.0,12.5,5962.5,41737.5,29250.0
ITM-0000900,ORD-000251,PRD-0025,4,32700.0,22850.0,7.5,9810.0,120990.0,91400.0
ITM-0000901,ORD-000251,PRD-0049,27,2250.0,1400.0,2.5,1518.75,59231.25,37800.0
ITM-0000902,ORD-000251,PRD-0013,97,8750.0,5350.0,7.5,63656.25,785093.75,518950.0
ITM-0000903,ORD-000252,PRD-0033,12,88100.0,66350.0,7.5,79290.0,977910.0,796200.0
ITM-0000904,ORD-000252,PRD-0069,12,41700.0,30300.0,5.0,25020.0,475380.0,363600.0
ITM-0000905,ORD-000252,PRD-0064,12,40250.0,28850.0,12.5,60375.0,422625.0,346200.0
ITM-0000906,ORD-000252,PRD-0036,12,170650.0,122850.0,7.5,153585.0,1894215.0,1474200.0
ITM-0000907,ORD-000252,PRD-0008,12,11400.0,7800.0,10.0,13680.0,123120.0,93600.0
ITM-0000908,ORD-000252,PRD-0066,47,5300.0,3250.0,5.0,12455.0,236645.0,152750.0
ITM-0000909,ORD-000253,PRD-0009,3,75050.0,56000.0,10.0,22515.0,202635.0,168000.0
ITM-0000910,ORD-000253,PRD-0013,24,8750.0,5350.0,12.5,26250.0,183750.0,128400.0
ITM-0000911,ORD-000253,PRD-0034,3,2800.0,1650.0,5.0,420.0,7980.0,4950.0
ITM-0000912,ORD-000254,PRD-0036,13,170650.0,122850.0,5.0,110922.5,2107527.5,1597050.0
ITM-0000913,ORD-000254,PRD-0033,21,88100.0,66350.0,7.5,138757.5,1711342.5,1393350.0
ITM-0000914,ORD-000255,PRD-0058,4,28050.0,19450.0,0.0,0.0,112200.0,77800.0
ITM-0000915,ORD-000255,PRD-0069,4,41700.0,30300.0,5.0,8340.0,158460.0,121200.0
ITM-0000916,ORD-000255,PRD-0030,9,35850.0,25550.0,5.0,16132.5,306517.5,229950.0
ITM-0000917,ORD-000255,PRD-0032,7,383350.0,305700.0,2.5,67086.25,2616363.75,2139900.0
ITM-0000918,ORD-000256,PRD-0005,7,11500.0,7900.0,10.0,8050.0,72450.0,55300.0
ITM-0000919,ORD-000256,PRD-0050,5,1200.0,650.0,2.5,150.0,5850.0,3250.0
ITM-0000920,ORD-000256,PRD-0037,10,7650.0,5500.0,5.0,3825.0,72675.0,55000.0
ITM-0000921,ORD-000256,PRD-0052,1,40400.0,29250.0,0.0,0.0,40400.0,29250.0
ITM-0000922,ORD-000257,PRD-0034,11,2800.0,1650.0,7.5,2310.0,28490.0,18150.0
ITM-0000923,ORD-000257,PRD-0067,17,2050.0,1250.0,5.0,1742.5,33107.5,21250.0
ITM-0000924,ORD-000258,PRD-0056,8,16900.0,12000.0,5.0,6760.0,128440.0,96000.0
ITM-0000925,ORD-000259,PRD-0057,16,25450.0,17350.0,2.5,10180.0,397020.0,277600.0
ITM-0000926,ORD-000259,PRD-0038,3,32300.0,22650.0,2.5,2422.5,94477.5,67950.0
ITM-0000927,ORD-000259,PRD-0034,10,2800.0,1650.0,10.0,2800.0,25200.0,16500.0
ITM-0000928,ORD-000259,PRD-0066,26,5300.0,3250.0,0.0,0.0,137800.0,84500.0
ITM-0000929,ORD-000259,PRD-0030,48,35850.0,25550.0,7.5,129060.0,1591740.0,1226400.0
ITM-0000930,ORD-000259,PRD-0040,3,70550.0,49600.0,10.0,21165.0,190485.0,148800.0
ITM-0000931,ORD-000260,PRD-0034,24,2800.0,1650.0,5.0,3360.0,63840.0,39600.0
ITM-0000932,ORD-000260,PRD-0063,82,12650.0,8000.0,10.0,103730.0,933570.0,656000.0
ITM-0000933,ORD-000260,PRD-0032,16,383350.0,305700.0,5.0,306680.0,5826920.0,4891200.0
ITM-0000934,ORD-000260,PRD-0066,20,5300.0,3250.0,7.5,7950.0,98050.0,65000.0
ITM-0000935,ORD-000260,PRD-0062,31,13700.0,9000.0,0.0,0.0,424700.0,279000.0
ITM-0000936,ORD-000261,PRD-0036,2,170650.0,122850.0,2.5,8532.5,332767.5,245700.0
ITM-0000937,ORD-000261,PRD-0027,38,11500.0,7200.0,5.0,21850.0,415150.0,273600.0
ITM-0000938,ORD-000261,PRD-0008,11,11400.0,7800.0,7.5,9405.0,115995.0,85800.0
ITM-0000939,ORD-000261,PRD-0011,7,50250.0,35950.0,7.5,26381.25,325368.75,251650.0
ITM-0000940,ORD-000261,PRD-0017,4,15250.0,10000.0,0.0,0.0,61000.0,40000.0
ITM-0000941,ORD-000261,PRD-0018,7,39400.0,29550.0,10.0,27580.0,248220.0,206850.0
ITM-0000942,ORD-000261,PRD-0067,13,2050.0,1250.0,0.0,0.0,26650.0,16250.0
ITM-0000943,ORD-000262,PRD-0050,25,1200.0,650.0,10.0,3000.0,27000.0,16250.0
ITM-0000944,ORD-000262,PRD-0007,11,33250.0,23700.0,2.5,9143.75,356606.25,260700.0
ITM-0000945,ORD-000262,PRD-0005,18,11500.0,7900.0,2.5,5175.0,201825.0,142200.0
ITM-0000946,ORD-000262,PRD-0058,4,28050.0,19450.0,0.0,0.0,112200.0,77800.0
ITM-0000947,ORD-000262,PRD-0036,7,170650.0,122850.0,5.0,59727.5,1134822.5,859950.0
ITM-0000948,ORD-000263,PRD-0034,3,2800.0,1650.0,0.0,0.0,8400.0,4950.0
ITM-0000949,ORD-000263,PRD-0033,10,88100.0,66350.0,2.5,22025.0,858975.0,663500.0
ITM-0000950,ORD-000263,PRD-0061,46,5600.0,3650.0,7.5,19320.0,238280.0,167900.0
ITM-0000951,ORD-000264,PRD-0008,4,11400.0,7800.0,2.5,1140.0,44460.0,31200.0
ITM-0000952,ORD-000265,PRD-0014,8,199750.0,146450.0,10.0,159800.0,1438200.0,1171600.0
ITM-0000953,ORD-000265,PRD-0005,34,11500.0,7900.0,2.5,9775.0,381225.0,268600.0
ITM-0000954,ORD-000265,PRD-0001,11,49000.0,35150.0,10.0,53900.0,485100.0,386650.0
ITM-0000955,ORD-000265,PRD-0060,11,16450.0,11150.0,0.0,0.0,180950.0,122650.0
ITM-0000956,ORD-000266,PRD-0014,8,199750.0,146450.0,5.0,79900.0,1518100.0,1171600.0
ITM-0000957,ORD-000267,PRD-0005,15,11500.0,7900.0,5.0,8625.0,163875.0,118500.0
ITM-0000958,ORD-000267,PRD-0052,9,40400.0,29250.0,2.5,9090.0,354510.0,263250.0
ITM-0000959,ORD-000268,PRD-0045,27,4400.0,2800.0,10.0,11880.0,106920.0,75600.0
ITM-0000960,ORD-000268,PRD-0046,2,141200.0,107400.0,7.5,21180.0,261220.0,214800.0
ITM-0000961,ORD-000269,PRD-0040,1,70550.0,49600.0,0.0,0.0,70550.0,49600.0
ITM-0000962,ORD-000269,PRD-0048,2,160400.0,117650.0,2.5,8020.0,312780.0,235300.0
ITM-0000963,ORD-000269,PRD-0039,11,13350.0,9100.0,2.5,3671.25,143178.75,100100.0
ITM-0000964,ORD-000269,PRD-0031,3,1600.0,900.0,2.5,120.0,4680.0,2700.0
ITM-0000965,ORD-000270,PRD-0065,22,9000.0,5800.0,7.5,14850.0,183150.0,127600.0
ITM-0000966,ORD-000271,PRD-0054,6,6000.0,4000.0,0.0,0.0,36000.0,24000.0
ITM-0000967,ORD-000271,PRD-0034,1,2800.0,1650.0,5.0,140.0,2660.0,1650.0
ITM-0000968,ORD-000271,PRD-0046,3,141200.0,107400.0,7.5,31770.0,391830.0,322200.0
ITM-0000969,ORD-000272,PRD-0037,8,7650.0,5500.0,5.0,3060.0,58140.0,44000.0
ITM-0000970,ORD-000272,PRD-0013,10,8750.0,5350.0,7.5,6562.5,80937.5,53500.0
ITM-0000971,ORD-000273,PRD-0029,5,30900.0,21650.0,7.5,11587.5,142912.5,108250.0
ITM-0000972,ORD-000273,PRD-0043,8,35950.0,25500.0,5.0,14380.0,273220.0,204000.0
ITM-0000973,ORD-000273,PRD-0021,8,151550.0,109750.0,5.0,60620.0,1151780.0,878000.0
ITM-0000974,ORD-000274,PRD-0053,5,50250.0,36300.0,5.0,12562.5,238687.5,181500.0
ITM-0000975,ORD-000274,PRD-0005,32,11500.0,7900.0,12.5,46000.0,322000.0,252800.0
ITM-0000976,ORD-000274,PRD-0030,28,35850.0,25550.0,10.0,100380.0,903420.0,715400.0
ITM-0000977,ORD-000274,PRD-0023,9,46600.0,33950.0,5.0,20970.0,398430.0,305550.0
ITM-0000978,ORD-000275,PRD-0009,8,75050.0,56000.0,5.0,30020.0,570380.0,448000.0
ITM-0000979,ORD-000275,PRD-0064,13,40250.0,28850.0,5.0,26162.5,497087.5,375050.0
ITM-0000980,ORD-000275,PRD-0053,3,50250.0,36300.0,10.0,15075.0,135675.0,108900.0
ITM-0000981,ORD-000275,PRD-0022,8,13950.0,9250.0,5.0,5580.0,106020.0,74000.0
ITM-0000982,ORD-000276,PRD-0007,4,33250.0,23700.0,5.0,6650.0,126350.0,94800.0
ITM-0000983,ORD-000276,PRD-0043,8,35950.0,25500.0,5.0,14380.0,273220.0,204000.0
ITM-0000984,ORD-000276,PRD-0032,4,383350.0,305700.0,7.5,115005.0,1418395.0,1222800.0
ITM-0000985,ORD-000276,PRD-0046,8,141200.0,107400.0,10.0,112960.0,1016640.0,859200.0
ITM-0000986,ORD-000276,PRD-0034,2,2800.0,1650.0,10.0,560.0,5040.0,3300.0
ITM-0000987,ORD-000277,PRD-0050,9,1200.0,650.0,5.0,540.0,10260.0,5850.0
ITM-0000988,ORD-000278,PRD-0034,11,2800.0,1650.0,0.0,0.0,30800.0,18150.0
ITM-0000989,ORD-000278,PRD-0027,39,11500.0,7200.0,2.5,11212.5,437287.5,280800.0
ITM-0000990,ORD-000278,PRD-0007,11,33250.0,23700.0,12.5,45718.75,320031.25,260700.0
ITM-0000991,ORD-000278,PRD-0015,4,19300.0,12700.0,12.5,9650.0,67550.0,50800.0
ITM-0000992,ORD-000278,PRD-0063,74,12650.0,8000.0,7.5,70207.5,865892.5,592000.0
ITM-0000993,ORD-000278,PRD-0066,14,5300.0,3250.0,10.0,7420.0,66780.0,45500.0
ITM-0000994,ORD-000279,PRD-0025,11,32700.0,22850.0,7.5,26977.5,332722.5,251350.0
ITM-0000995,ORD-000279,PRD-0037,25,7650.0,5500.0,5.0,9562.5,181687.5,137500.0
ITM-0000996,ORD-000279,PRD-0053,7,50250.0,36300.0,5.0,17587.5,334162.5,254100.0
ITM-0000997,ORD-000279,PRD-0027,27,11500.0,7200.0,10.0,31050.0,279450.0,194400.0
ITM-0000998,ORD-000280,PRD-0030,14,35850.0,25550.0,12.5,62737.5,439162.5,357700.0
ITM-0000999,ORD-000280,PRD-0009,21,75050.0,56000.0,5.0,78802.5,1497247.5,1176000.0
ITM-0001000,ORD-000280,PRD-0045,50,4400.0,2800.0,2.5,5500.0,214500.0,140000.0
ITM-0001001,ORD-000280,PRD-0017,7,15250.0,10000.0,10.0,10675.0,96075.0,70000.0
ITM-0001002,ORD-000280,PRD-0031,35,1600.0,900.0,0.0,0.0,56000.0,31500.0
ITM-0001003,ORD-000281,PRD-0049,38,2250.0,1400.0,5.0,4275.0,81225.0,53200.0
ITM-0001004,ORD-000281,PRD-0066,24,5300.0,3250.0,0.0,0.0,127200.0,78000.0
ITM-0001005,ORD-000281,PRD-0053,21,50250.0,36300.0,7.5,79143.75,976106.25,762300.0
ITM-0001006,ORD-000281,PRD-0030,45,35850.0,25550.0,2.5,40331.25,1572918.75,1149750.0
ITM-0001007,ORD-000281,PRD-0016,21,18750.0,12900.0,7.5,29531.25,364218.75,270900.0
ITM-0001008,ORD-000281,PRD-0050,24,1200.0,650.0,0.0,0.0,28800.0,15600.0
ITM-0001009,ORD-000281,PRD-0033,17,88100.0,66350.0,5.0,74885.0,1422815.0,1127950.0
ITM-0001010,ORD-000282,PRD-0034,21,2800.0,1650.0,0.0,0.0,58800.0,34650.0
ITM-0001011,ORD-000282,PRD-0045,38,4400.0,2800.0,10.0,16720.0,150480.0,106400.0
ITM-0001012,ORD-000282,PRD-0046,3,141200.0,107400.0,5.0,21180.0,402420.0,322200.0
ITM-0001013,ORD-000282,PRD-0040,17,70550.0,49600.0,5.0,59967.5,1139382.5,843200.0
ITM-0001014,ORD-000282,PRD-0065,42,9000.0,5800.0,5.0,18900.0,359100.0,243600.0
ITM-0001015,ORD-000282,PRD-0047,17,67750.0,48250.0,5.0,57587.5,1094162.5,820250.0
ITM-0001016,ORD-000282,PRD-0036,21,170650.0,122850.0,7.5,268773.75,3314876.25,2579850.0
ITM-0001017,ORD-000283,PRD-0051,31,7700.0,4850.0,10.0,23870.0,214830.0,150350.0
ITM-0001018,ORD-000283,PRD-0032,9,383350.0,305700.0,10.0,345015.0,3105135.0,2751300.0
ITM-0001019,ORD-000284,PRD-0050,17,1200.0,650.0,7.5,1530.0,18870.0,11050.0
ITM-0001020,ORD-000284,PRD-0049,27,2250.0,1400.0,7.5,4556.25,56193.75,37800.0
ITM-0001021,ORD-000284,PRD-0028,52,6400.0,4200.0,5.0,16640.0,316160.0,218400.0
ITM-0001022,ORD-000285,PRD-0065,5,9000.0,5800.0,0.0,0.0,45000.0,29000.0
ITM-0001023,ORD-000285,PRD-0035,6,195800.0,149250.0,10.0,117480.0,1057320.0,895500.0
ITM-0001024,ORD-000286,PRD-0063,24,12650.0,8000.0,0.0,0.0,303600.0,192000.0
ITM-0001025,ORD-000286,PRD-0052,4,40400.0,29250.0,7.5,12120.0,149480.0,117000.0
ITM-0001026,ORD-000286,PRD-0046,9,141200.0,107400.0,5.0,63540.0,1207260.0,966600.0
ITM-0001027,ORD-000286,PRD-0066,20,5300.0,3250.0,2.5,2650.0,103350.0,65000.0
ITM-0001028,ORD-000287,PRD-0031,18,1600.0,900.0,2.5,720.0,28080.0,16200.0
ITM-0001029,ORD-000287,PRD-0057,3,25450.0,17350.0,10.0,7635.0,68715.0,52050.0
ITM-0001030,ORD-000288,PRD-0013,88,8750.0,5350.0,0.0,0.0,770000.0,470800.0
ITM-0001031,ORD-000288,PRD-0045,55,4400.0,2800.0,5.0,12100.0,229900.0,154000.0
ITM-0001032,ORD-000288,PRD-0031,40,1600.0,900.0,5.0,3200.0,60800.0,36000.0
ITM-0001033,ORD-000289,PRD-0045,29,4400.0,2800.0,10.0,12760.0,114840.0,81200.0
ITM-0001034,ORD-000289,PRD-0032,11,383350.0,305700.0,7.5,316263.75,3900586.25,3362700.0
ITM-0001035,ORD-000289,PRD-0030,11,35850.0,25550.0,10.0,39435.0,354915.0,281050.0
ITM-0001036,ORD-000290,PRD-0057,8,25450.0,17350.0,10.0,20360.0,183240.0,138800.0
ITM-0001037,ORD-000290,PRD-0035,2,195800.0,149250.0,7.5,29370.0,362230.0,298500.0
ITM-0001038,ORD-000291,PRD-0050,7,1200.0,650.0,7.5,630.0,7770.0,4550.0
ITM-0001039,ORD-000291,PRD-0060,3,16450.0,11150.0,10.0,4935.0,44415.0,33450.0
ITM-0001040,ORD-000291,PRD-0037,9,7650.0,5500.0,7.5,5163.75,63686.25,49500.0
ITM-0001041,ORD-000291,PRD-0053,7,50250.0,36300.0,10.0,35175.0,316575.0,254100.0
ITM-0001042,ORD-000292,PRD-0013,18,8750.0,5350.0,5.0,7875.0,149625.0,96300.0
ITM-0001043,ORD-000292,PRD-0069,5,41700.0,30300.0,0.0,0.0,208500.0,151500.0
ITM-0001044,ORD-000293,PRD-0028,23,6400.0,4200.0,7.5,11040.0,136160.0,96600.0
ITM-0001045,ORD-000293,PRD-0034,4,2800.0,1650.0,2.5,280.0,10920.0,6600.0
ITM-0001046,ORD-000293,PRD-0005,6,11500.0,7900.0,2.5,1725.0,67275.0,47400.0
ITM-0001047,ORD-000293,PRD-0007,2,33250.0,23700.0,12.5,8312.5,58187.5,47400.0
ITM-0001048,ORD-000294,PRD-0045,22,4400.0,2800.0,10.0,9680.0,87120.0,61600.0
ITM-0001049,ORD-000294,PRD-0027,38,11500.0,7200.0,7.5,32775.0,404225.0,273600.0
ITM-0001050,ORD-000295,PRD-0024,23,17950.0,12350.0,0.0,0.0,412850.0,284050.0
ITM-0001051,ORD-000295,PRD-0037,14,7650.0,5500.0,12.5,13387.5,93712.5,77000.0
ITM-0001052,ORD-000295,PRD-0005,13,11500.0,7900.0,10.0,14950.0,134550.0,102700.0
ITM-0001053,ORD-000295,PRD-0069,6,41700.0,30300.0,10.0,25020.0,225180.0,181800.0
ITM-0001054,ORD-000296,PRD-0063,26,12650.0,8000.0,5.0,16445.0,312455.0,208000.0
ITM-0001055,ORD-000297,PRD-0033,9,88100.0,66350.0,7.5,59467.5,733432.5,597150.0
ITM-0001056,ORD-000298,PRD-0053,4,50250.0,36300.0,10.0,20100.0,180900.0,145200.0
ITM-0001057,ORD-000298,PRD-0003,19,88300.0,65000.0,5.0,83885.0,1593815.0,1235000.0
ITM-0001058,ORD-000298,PRD-0034,15,2800.0,1650.0,0.0,0.0,42000.0,24750.0
ITM-0001059,ORD-000298,PRD-0005,50,11500.0,7900.0,12.5,71875.0,503125.0,395000.0
ITM-0001060,ORD-000298,PRD-0032,11,383350.0,305700.0,7.5,316263.75,3900586.25,3362700.0
ITM-0001061,ORD-000299,PRD-0066,9,5300.0,3250.0,5.0,2385.0,45315.0,29250.0
ITM-0001062,ORD-000299,PRD-0007,13,33250.0,23700.0,2.5,10806.25,421443.75,308100.0
ITM-0001063,ORD-000299,PRD-0057,13,25450.0,17350.0,7.5,24813.75,306036.25,225550.0
ITM-0001064,ORD-000299,PRD-0063,54,12650.0,8000.0,10.0,68310.0,614790.0,432000.0
ITM-0001065,ORD-000300,PRD-0013,16,8750.0,5350.0,5.0,7000.0,133000.0,85600.0
ITM-0001066,ORD-000300,PRD-0068,4,29000.0,20900.0,10.0,11600.0,104400.0,83600.0
ITM-0001067,ORD-000300,PRD-0036,8,170650.0,122850.0,7.5,102390.0,1262810.0,982800.0
ITM-0001068,ORD-000300,PRD-0028,7,6400.0,4200.0,10.0,4480.0,40320.0,29400.0
ITM-0001069,ORD-000300,PRD-0053,7,50250.0,36300.0,0.0,0.0,351750.0,254100.0
ITM-0001070,ORD-000301,PRD-0002,15,52050.0,38100.0,5.0,39037.5,741712.5,571500.0
ITM-0001071,ORD-000302,PRD-0026,28,5050.0,3050.0,7.5,10605.0,130795.0,85400.0
ITM-0001072,ORD-000302,PRD-0066,12,5300.0,3250.0,2.5,1590.0,62010.0,39000.0
ITM-0001073,ORD-000302,PRD-0007,1,33250.0,23700.0,10.0,3325.0,29925.0,23700.0
ITM-0001074,ORD-000302,PRD-0058,6,28050.0,19450.0,10.0,16830.0,151470.0,116700.0
ITM-0001075,ORD-000303,PRD-0060,12,16450.0,11150.0,0.0,0.0,197400.0,133800.0
ITM-0001076,ORD-000303,PRD-0021,12,151550.0,109750.0,10.0,181860.0,1636740.0,1317000.0
ITM-0001077,ORD-000303,PRD-0007,8,33250.0,23700.0,0.0,0.0,266000.0,189600.0
ITM-0001078,ORD-000303,PRD-0055,6,43600.0,31400.0,5.0,13080.0,248520.0,188400.0
ITM-0001079,ORD-000304,PRD-0022,3,13950.0,9250.0,5.0,2092.5,39757.5,27750.0
ITM-0001080,ORD-000304,PRD-0030,7,35850.0,25550.0,5.0,12547.5,238402.5,178850.0
ITM-0001081,ORD-000304,PRD-0007,4,33250.0,23700.0,7.5,9975.0,123025.0,94800.0
ITM-0001082,ORD-000304,PRD-0027,5,11500.0,7200.0,0.0,0.0,57500.0,36000.0
ITM-0001083,ORD-000305,PRD-0053,5,50250.0,36300.0,0.0,0.0,251250.0,181500.0
ITM-0001084,ORD-000305,PRD-0021,7,151550.0,109750.0,10.0,106085.0,954765.0,768250.0
ITM-0001085,ORD-000305,PRD-0038,11,32300.0,22650.0,5.0,17765.0,337535.0,249150.0
ITM-0001086,ORD-000306,PRD-0030,13,35850.0,25550.0,10.0,46605.0,419445.0,332150.0
ITM-0001087,ORD-000306,PRD-0069,4,41700.0,30300.0,7.5,12510.0,154290.0,121200.0
ITM-0001088,ORD-000306,PRD-0007,6,33250.0,23700.0,5.0,9975.0,189525.0,142200.0
ITM-0001089,ORD-000306,PRD-0066,22,5300.0,3250.0,2.5,2915.0,113685.0,71500.0
ITM-0001090,ORD-000306,PRD-0057,6,25450.0,17350.0,2.5,3817.5,148882.5,104100.0
ITM-0001091,ORD-000307,PRD-0034,5,2800.0,1650.0,5.0,700.0,13300.0,8250.0
ITM-0001092,ORD-000307,PRD-0033,11,88100.0,66350.0,7.5,72682.5,896417.5,729850.0
ITM-0001093,ORD-000307,PRD-0045,34,4400.0,2800.0,10.0,14960.0,134640.0,95200.0
ITM-0001094,ORD-000307,PRD-0031,23,1600.0,900.0,5.0,1840.0,34960.0,20700.0
ITM-0001095,ORD-000308,PRD-0030,15,35850.0,25550.0,2.5,13443.75,524306.25,383250.0
ITM-0001096,ORD-000308,PRD-0022,2,13950.0,9250.0,2.5,697.5,27202.5,18500.0
ITM-0001097,ORD-000308,PRD-0058,9,28050.0,19450.0,5.0,12622.5,239827.5,175050.0
ITM-0001098,ORD-000308,PRD-0050,24,1200.0,650.0,7.5,2160.0,26640.0,15600.0
ITM-0001099,ORD-000308,PRD-0063,32,12650.0,8000.0,2.5,10120.0,394680.0,256000.0
ITM-0001100,ORD-000309,PRD-0026,14,5050.0,3050.0,0.0,0.0,70700.0,42700.0
ITM-0001101,ORD-000309,PRD-0004,6,7100.0,4600.0,0.0,0.0,42600.0,27600.0
ITM-0001102,ORD-000310,PRD-0023,4,46600.0,33950.0,2.5,4660.0,181740.0,135800.0
ITM-0001103,ORD-000310,PRD-0060,5,16450.0,11150.0,7.5,6168.75,76081.25,55750.0
ITM-0001104,ORD-000311,PRD-0066,17,5300.0,3250.0,10.0,9010.0,81090.0,55250.0
ITM-0001105,ORD-000311,PRD-0028,24,6400.0,4200.0,0.0,0.0,153600.0,100800.0
ITM-0001106,ORD-000311,PRD-0032,2,383350.0,305700.0,7.5,57502.5,709197.5,611400.0
ITM-0001107,ORD-000311,PRD-0037,60,7650.0,5500.0,7.5,34425.0,424575.0,330000.0
ITM-0001108,ORD-000311,PRD-0003,12,88300.0,65000.0,7.5,79470.0,980130.0,780000.0
ITM-0001109,ORD-000311,PRD-0005,21,11500.0,7900.0,0.0,0.0,241500.0,165900.0
ITM-0001110,ORD-000312,PRD-0059,8,1850.0,1050.0,12.5,1850.0,12950.0,8400.0
ITM-0001111,ORD-000312,PRD-0027,10,11500.0,7200.0,10.0,11500.0,103500.0,72000.0
ITM-0001112,ORD-000312,PRD-0013,43,8750.0,5350.0,7.5,28218.75,348031.25,230050.0
ITM-0001113,ORD-000312,PRD-0010,2,50450.0,37650.0,5.0,5045.0,95855.0,75300.0
ITM-0001114,ORD-000312,PRD-0037,32,7650.0,5500.0,10.0,24480.0,220320.0,176000.0
ITM-0001115,ORD-000313,PRD-0007,3,33250.0,23700.0,0.0,0.0,99750.0,71100.0
ITM-0001116,ORD-000313,PRD-0069,19,41700.0,30300.0,10.0,79230.0,713070.0,575700.0
ITM-0001117,ORD-000313,PRD-0053,6,50250.0,36300.0,5.0,15075.0,286425.0,217800.0
ITM-0001118,ORD-000314,PRD-0069,15,41700.0,30300.0,2.5,15637.5,609862.5,454500.0
ITM-0001119,ORD-000315,PRD-0013,30,8750.0,5350.0,10.0,26250.0,236250.0,160500.0
ITM-0001120,ORD-000315,PRD-0034,9,2800.0,1650.0,0.0,0.0,25200.0,14850.0
ITM-0001121,ORD-000315,PRD-0060,4,16450.0,11150.0,5.0,3290.0,62510.0,44600.0
ITM-0001122,ORD-000316,PRD-0050,15,1200.0,650.0,5.0,900.0,17100.0,9750.0
ITM-0001123,ORD-000316,PRD-0067,4,2050.0,1250.0,10.0,820.0,7380.0,5000.0
ITM-0001124,ORD-000316,PRD-0031,8,1600.0,900.0,2.5,320.0,12480.0,7200.0
ITM-0001125,ORD-000317,PRD-0060,4,16450.0,11150.0,5.0,3290.0,62510.0,44600.0
ITM-0001126,ORD-000317,PRD-0056,1,16900.0,12000.0,5.0,845.0,16055.0,12000.0
ITM-0001127,ORD-000318,PRD-0031,6,1600.0,900.0,5.0,480.0,9120.0,5400.0
ITM-0001128,ORD-000318,PRD-0060,3,16450.0,11150.0,0.0,0.0,49350.0,33450.0
ITM-0001129,ORD-000319,PRD-0006,1,27000.0,19650.0,7.5,2025.0,24975.0,19650.0
ITM-0001130,ORD-000319,PRD-0026,20,5050.0,3050.0,7.5,7575.0,93425.0,61000.0
ITM-0001131,ORD-000319,PRD-0069,2,41700.0,30300.0,2.5,2085.0,81315.0,60600.0
ITM-0001132,ORD-000319,PRD-0005,15,11500.0,7900.0,7.5,12937.5,159562.5,118500.0
ITM-0001133,ORD-000320,PRD-0034,2,2800.0,1650.0,10.0,560.0,5040.0,3300.0
ITM-0001134,ORD-000320,PRD-0058,7,28050.0,19450.0,5.0,9817.5,186532.5,136150.0
ITM-0001135,ORD-000320,PRD-0040,2,70550.0,49600.0,5.0,7055.0,134045.0,99200.0
ITM-0001136,ORD-000321,PRD-0047,3,67750.0,48250.0,7.5,15243.75,188006.25,144750.0
ITM-0001137,ORD-000321,PRD-0004,10,7100.0,4600.0,12.5,8875.0,62125.0,46000.0
ITM-0001138,ORD-000322,PRD-0058,3,28050.0,19450.0,12.5,10518.75,73631.25,58350.0
ITM-0001139,ORD-000322,PRD-0004,48,7100.0,4600.0,0.0,0.0,340800.0,220800.0
ITM-0001140,ORD-000322,PRD-0020,17,31900.0,22100.0,10.0,54230.0,488070.0,375700.0
ITM-0001141,ORD-000322,PRD-0048,3,160400.0,117650.0,10.0,48120.0,433080.0,352950.0
ITM-0001142,ORD-000323,PRD-0032,2,383350.0,305700.0,7.5,57502.5,709197.5,611400.0
ITM-0001143,ORD-000323,PRD-0053,7,50250.0,36300.0,10.0,35175.0,316575.0,254100.0
ITM-0001144,ORD-000323,PRD-0027,30,11500.0,7200.0,0.0,0.0,345000.0,216000.0
ITM-0001145,ORD-000323,PRD-0016,5,18750.0,12900.0,0.0,0.0,93750.0,64500.0
ITM-0001146,ORD-000323,PRD-0048,10,160400.0,117650.0,7.5,120300.0,1483700.0,1176500.0
ITM-0001147,ORD-000323,PRD-0005,20,11500.0,7900.0,5.0,11500.0,218500.0,158000.0
ITM-0001148,ORD-000323,PRD-0050,34,1200.0,650.0,7.5,3060.0,37740.0,22100.0
ITM-0001149,ORD-000324,PRD-0037,12,7650.0,5500.0,5.0,4590.0,87210.0,66000.0
ITM-0001150,ORD-000325,PRD-0034,10,2800.0,1650.0,10.0,2800.0,25200.0,16500.0
ITM-0001151,ORD-000325,PRD-0069,7,41700.0,30300.0,12.5,36487.5,255412.5,212100.0
ITM-0001152,ORD-000325,PRD-0053,16,50250.0,36300.0,5.0,40200.0,763800.0,580800.0
ITM-0001153,ORD-000325,PRD-0066,46,5300.0,3250.0,0.0,0.0,243800.0,149500.0
ITM-0001154,ORD-000326,PRD-0009,1,75050.0,56000.0,2.5,1876.25,73173.75,56000.0
ITM-0001155,ORD-000326,PRD-0065,3,9000.0,5800.0,7.5,2025.0,24975.0,17400.0
ITM-0001156,ORD-000326,PRD-0030,3,35850.0,25550.0,10.0,10755.0,96795.0,76650.0
ITM-0001157,ORD-000327,PRD-0021,25,151550.0,109750.0,7.5,284156.25,3504593.75,2743750.0
ITM-0001158,ORD-000327,PRD-0043,21,35950.0,25500.0,7.5,56621.25,698328.75,535500.0
ITM-0001159,ORD-000327,PRD-0019,25,2950.0,1850.0,2.5,1843.75,71906.25,46250.0
ITM-0001160,ORD-000327,PRD-0037,37,7650.0,5500.0,5.0,14152.5,268897.5,203500.0
ITM-0001161,ORD-000328,PRD-0022,7,13950.0,9250.0,2.5,2441.25,95208.75,64750.0
ITM-0001162,ORD-000328,PRD-0006,3,27000.0,19650.0,7.5,6075.0,74925.0,58950.0
ITM-0001163,ORD-000328,PRD-0028,27,6400.0,4200.0,5.0,8640.0,164160.0,113400.0
ITM-0001164,ORD-000328,PRD-0009,10,75050.0,56000.0,5.0,37525.0,712975.0,560000.0
ITM-0001165,ORD-000328,PRD-0034,17,2800.0,1650.0,10.0,4760.0,42840.0,28050.0
ITM-0001166,ORD-000328,PRD-0011,14,50250.0,35950.0,5.0,35175.0,668325.0,503300.0
ITM-0001167,ORD-000328,PRD-0037,31,7650.0,5500.0,10.0,23715.0,213435.0,170500.0
ITM-0001168,ORD-000329,PRD-0007,24,33250.0,23700.0,5.0,39900.0,758100.0,568800.0
ITM-0001169,ORD-000329,PRD-0032,8,383350.0,305700.0,7.5,230010.0,2836790.0,2445600.0
ITM-0001170,ORD-000329,PRD-0037,91,7650.0,5500.0,5.0,34807.5,661342.5,500500.0
ITM-0001171,ORD-000329,PRD-0059,52,1850.0,1050.0,5.0,4810.0,91390.0,54600.0
ITM-0001172,ORD-000329,PRD-0005,12,11500.0,7900.0,5.0,6900.0,131100.0,94800.0
ITM-0001173,ORD-000329,PRD-0013,28,8750.0,5350.0,0.0,0.0,245000.0,149800.0
ITM-0001174,ORD-000329,PRD-0017,8,15250.0,10000.0,0.0,0.0,122000.0,80000.0
ITM-0001175,ORD-000330,PRD-0009,2,75050.0,56000.0,2.5,3752.5,146347.5,112000.0
ITM-0001176,ORD-000330,PRD-0011,12,50250.0,35950.0,10.0,60300.0,542700.0,431400.0
ITM-0001177,ORD-000330,PRD-0034,12,2800.0,1650.0,2.5,840.0,32760.0,19800.0
ITM-0001178,ORD-000330,PRD-0014,6,199750.0,146450.0,5.0,59925.0,1138575.0,878700.0
ITM-0001179,ORD-000330,PRD-0033,6,88100.0,66350.0,5.0,26430.0,502170.0,398100.0
ITM-0001180,ORD-000330,PRD-0025,8,32700.0,22850.0,5.0,13080.0,248520.0,182800.0
ITM-0001181,ORD-000331,PRD-0058,8,28050.0,19450.0,7.5,16830.0,207570.0,155600.0
ITM-0001182,ORD-000331,PRD-0028,13,6400.0,4200.0,2.5,2080.0,81120.0,54600.0
ITM-0001183,ORD-000331,PRD-0039,21,13350.0,9100.0,10.0,28035.0,252315.0,191100.0
ITM-0001184,ORD-000331,PRD-0037,18,7650.0,5500.0,10.0,13770.0,123930.0,99000.0
ITM-0001185,ORD-000331,PRD-0034,8,2800.0,1650.0,5.0,1120.0,21280.0,13200.0
ITM-0001186,ORD-000332,PRD-0069,12,41700.0,30300.0,0.0,0.0,500400.0,363600.0
ITM-0001187,ORD-000332,PRD-0001,25,49000.0,35150.0,5.0,61250.0,1163750.0,878750.0
ITM-0001188,ORD-000332,PRD-0022,12,13950.0,9250.0,5.0,8370.0,159030.0,111000.0
ITM-0001189,ORD-000333,PRD-0031,4,1600.0,900.0,5.0,320.0,6080.0,3600.0
ITM-0001190,ORD-000333,PRD-0062,5,13700.0,9000.0,2.5,1712.5,66787.5,45000.0
ITM-0001191,ORD-000334,PRD-0066,51,5300.0,3250.0,10.0,27030.0,243270.0,165750.0
ITM-0001192,ORD-000334,PRD-0049,33,2250.0,1400.0,2.5,1856.25,72393.75,46200.0
ITM-0001193,ORD-000334,PRD-0011,7,50250.0,35950.0,0.0,0.0,351750.0,251650.0
ITM-0001194,ORD-000334,PRD-0060,7,16450.0,11150.0,2.5,2878.75,112271.25,78050.0
ITM-0001195,ORD-000334,PRD-0005,37,11500.0,7900.0,0.0,0.0,425500.0,292300.0
ITM-0001196,ORD-000335,PRD-0044,28,3350.0,2000.0,7.5,7035.0,86765.0,56000.0
ITM-0001197,ORD-000336,PRD-0007,13,33250.0,23700.0,0.0,0.0,432250.0,308100.0
ITM-0001198,ORD-000336,PRD-0005,10,11500.0,7900.0,7.5,8625.0,106375.0,79000.0
ITM-0001199,ORD-000336,PRD-0017,10,15250.0,10000.0,5.0,7625.0,144875.0,100000.0
ITM-0001200,ORD-000336,PRD-0045,28,4400.0,2800.0,5.0,6160.0,117040.0,78400.0
ITM-0001201,ORD-000336,PRD-0014,13,199750.0,146450.0,10.0,259675.0,2337075.0,1903850.0
ITM-0001202,ORD-000337,PRD-0049,11,2250.0,1400.0,7.5,1856.25,22893.75,15400.0
ITM-0001203,ORD-000337,PRD-0005,46,11500.0,7900.0,5.0,26450.0,502550.0,363400.0
ITM-0001204,ORD-000338,PRD-0064,2,40250.0,28850.0,2.5,2012.5,78487.5,57700.0
ITM-0001205,ORD-000338,PRD-0045,16,4400.0,2800.0,2.5,1760.0,68640.0,44800.0
ITM-0001206,ORD-000338,PRD-0050,17,1200.0,650.0,12.5,2550.0,17850.0,11050.0
ITM-0001207,ORD-000339,PRD-0011,18,50250.0,35950.0,10.0,90450.0,814050.0,647100.0
ITM-0001208,ORD-000339,PRD-0031,32,1600.0,900.0,0.0,0.0,51200.0,28800.0
ITM-0001209,ORD-000340,PRD-0017,8,15250.0,10000.0,5.0,6100.0,115900.0,80000.0
ITM-0001210,ORD-000340,PRD-0053,4,50250.0,36300.0,2.5,5025.0,195975.0,145200.0
ITM-0001211,ORD-000341,PRD-0005,32,11500.0,7900.0,7.5,27600.0,340400.0,252800.0
ITM-0001212,ORD-000341,PRD-0008,13,11400.0,7800.0,5.0,7410.0,140790.0,101400.0
ITM-0001213,ORD-000341,PRD-0069,5,41700.0,30300.0,10.0,20850.0,187650.0,151500.0
ITM-0001214,ORD-000341,PRD-0039,16,13350.0,9100.0,0.0,0.0,213600.0,145600.0
ITM-0001215,ORD-000341,PRD-0066,24,5300.0,3250.0,7.5,9540.0,117660.0,78000.0
ITM-0001216,ORD-000342,PRD-0007,5,33250.0,23700.0,7.5,12468.75,153781.25,118500.0
ITM-0001217,ORD-000343,PRD-0063,12,12650.0,8000.0,2.5,3795.0,148005.0,96000.0
ITM-0001218,ORD-000343,PRD-0004,29,7100.0,4600.0,5.0,10295.0,195605.0,133400.0
ITM-0001219,ORD-000343,PRD-0016,2,18750.0,12900.0,0.0,0.0,37500.0,25800.0
ITM-0001220,ORD-000343,PRD-0040,12,70550.0,49600.0,5.0,42330.0,804270.0,595200.0
ITM-0001221,ORD-000343,PRD-0034,10,2800.0,1650.0,2.5,700.0,27300.0,16500.0
ITM-0001222,ORD-000343,PRD-0037,44,7650.0,5500.0,5.0,16830.0,319770.0,242000.0
ITM-0001223,ORD-000344,PRD-0062,7,13700.0,9000.0,2.5,2397.5,93502.5,63000.0
ITM-0001224,ORD-000344,PRD-0045,26,4400.0,2800.0,7.5,8580.0,105820.0,72800.0
ITM-0001225,ORD-000344,PRD-0032,9,383350.0,305700.0,7.5,258761.25,3191388.75,2751300.0
ITM-0001226,ORD-000344,PRD-0057,11,25450.0,17350.0,5.0,13997.5,265952.5,190850.0
ITM-0001227,ORD-000344,PRD-0066,24,5300.0,3250.0,7.5,9540.0,117660.0,78000.0
ITM-0001228,ORD-000344,PRD-0063,43,12650.0,8000.0,10.0,54395.0,489555.0,344000.0
ITM-0001229,ORD-000344,PRD-0055,4,43600.0,31400.0,0.0,0.0,174400.0,125600.0
ITM-0001230,ORD-000345,PRD-0053,9,50250.0,36300.0,5.0,22612.5,429637.5,326700.0
ITM-0001231,ORD-000345,PRD-0045,37,4400.0,2800.0,10.0,16280.0,146520.0,103600.0
ITM-0001232,ORD-000345,PRD-0013,65,8750.0,5350.0,5.0,28437.5,540312.5,347750.0
ITM-0001233,ORD-000345,PRD-0009,14,75050.0,56000.0,7.5,78802.5,971897.5,784000.0
ITM-0001234,ORD-000345,PRD-0011,9,50250.0,35950.0,7.5,33918.75,418331.25,323550.0
ITM-0001235,ORD-000345,PRD-0048,3,160400.0,117650.0,0.0,0.0,481200.0,352950.0
ITM-0001236,ORD-000346,PRD-0034,14,2800.0,1650.0,5.0,1960.0,37240.0,23100.0
ITM-0001237,ORD-000346,PRD-0053,10,50250.0,36300.0,5.0,25125.0,477375.0,363000.0
ITM-0001238,ORD-000346,PRD-0005,44,11500.0,7900.0,2.5,12650.0,493350.0,347600.0
ITM-0001239,ORD-000346,PRD-0045,51,4400.0,2800.0,2.5,5610.0,218790.0,142800.0
ITM-0001240,ORD-000346,PRD-0014,17,199750.0,146450.0,10.0,339575.0,3056175.0,2489650.0
ITM-0001241,ORD-000346,PRD-0038,10,32300.0,22650.0,5.0,16150.0,306850.0,226500.0
ITM-0001242,ORD-000347,PRD-0046,4,141200.0,107400.0,0.0,0.0,564800.0,429600.0
ITM-0001243,ORD-000347,PRD-0018,6,39400.0,29550.0,0.0,0.0,236400.0,177300.0
ITM-0001244,ORD-000347,PRD-0005,11,11500.0,7900.0,5.0,6325.0,120175.0,86900.0
ITM-0001245,ORD-000348,PRD-0022,14,13950.0,9250.0,0.0,0.0,195300.0,129500.0
ITM-0001246,ORD-000348,PRD-0016,17,18750.0,12900.0,5.0,15937.5,302812.5,219300.0
ITM-0001247,ORD-000348,PRD-0024,64,17950.0,12350.0,0.0,0.0,1148800.0,790400.0
ITM-0001248,ORD-000348,PRD-0034,6,2800.0,1650.0,7.5,1260.0,15540.0,9900.0
ITM-0001249,ORD-000349,PRD-0034,7,2800.0,1650.0,10.0,1960.0,17640.0,11550.0
ITM-0001250,ORD-000349,PRD-0023,7,46600.0,33950.0,0.0,0.0,326200.0,237650.0
ITM-0001251,ORD-000349,PRD-0045,11,4400.0,2800.0,2.5,1210.0,47190.0,30800.0
ITM-0001252,ORD-000349,PRD-0005,22,11500.0,7900.0,12.5,31625.0,221375.0,173800.0
ITM-0001253,ORD-000350,PRD-0053,9,50250.0,36300.0,7.5,33918.75,418331.25,326700.0
ITM-0001254,ORD-000350,PRD-0004,31,7100.0,4600.0,0.0,0.0,220100.0,142600.0
ITM-0001255,ORD-000350,PRD-0036,2,170650.0,122850.0,5.0,17065.0,324235.0,245700.0
ITM-0001256,ORD-000351,PRD-0026,39,5050.0,3050.0,0.0,0.0,196950.0,118950.0
ITM-0001257,ORD-000351,PRD-0068,3,29000.0,20900.0,10.0,8700.0,78300.0,62700.0
ITM-0001258,ORD-000351,PRD-0005,20,11500.0,7900.0,0.0,0.0,230000.0,158000.0
ITM-0001259,ORD-000351,PRD-0025,5,32700.0,22850.0,2.5,4087.5,159412.5,114250.0
ITM-0001260,ORD-000351,PRD-0020,10,31900.0,22100.0,10.0,31900.0,287100.0,221000.0
ITM-0001261,ORD-000352,PRD-0047,1,67750.0,48250.0,0.0,0.0,67750.0,48250.0
ITM-0001262,ORD-000352,PRD-0052,1,40400.0,29250.0,0.0,0.0,40400.0,29250.0
ITM-0001263,ORD-000352,PRD-0058,5,28050.0,19450.0,7.5,10518.75,129731.25,97250.0
ITM-0001264,ORD-000353,PRD-0014,6,199750.0,146450.0,2.5,29962.5,1168537.5,878700.0
ITM-0001265,ORD-000354,PRD-0030,14,35850.0,25550.0,5.0,25095.0,476805.0,357700.0
ITM-0001266,ORD-000354,PRD-0005,26,11500.0,7900.0,7.5,22425.0,276575.0,205400.0
ITM-0001267,ORD-000354,PRD-0008,6,11400.0,7800.0,5.0,3420.0,64980.0,46800.0
ITM-0001268,ORD-000354,PRD-0007,17,33250.0,23700.0,5.0,28262.5,536987.5,402900.0
ITM-0001269,ORD-000354,PRD-0032,17,383350.0,305700.0,10.0,651695.0,5865255.0,5196900.0
ITM-0001270,ORD-000355,PRD-0056,11,16900.0,12000.0,0.0,0.0,185900.0,132000.0
ITM-0001271,ORD-000355,PRD-0053,17,50250.0,36300.0,5.0,42712.5,811537.5,617100.0
ITM-0001272,ORD-000355,PRD-0003,14,88300.0,65000.0,5.0,61810.0,1174390.0,910000.0
ITM-0001273,ORD-000355,PRD-0008,8,11400.0,7800.0,7.5,6840.0,84360.0,62400.0
ITM-0001274,ORD-000355,PRD-0027,22,11500.0,7200.0,10.0,25300.0,227700.0,158400.0
ITM-0001275,ORD-000356,PRD-0015,4,19300.0,12700.0,0.0,0.0,77200.0,50800.0
ITM-0001276,ORD-000356,PRD-0063,17,12650.0,8000.0,5.0,10752.5,204297.5,136000.0
ITM-0001277,ORD-000357,PRD-0053,12,50250.0,36300.0,0.0,0.0,603000.0,435600.0
ITM-0001278,ORD-000357,PRD-0036,10,170650.0,122850.0,7.5,127987.5,1578512.5,1228500.0
ITM-0001279,ORD-000357,PRD-0007,15,33250.0,23700.0,0.0,0.0,498750.0,355500.0
ITM-0001280,ORD-000357,PRD-0029,10,30900.0,21650.0,0.0,0.0,309000.0,216500.0
ITM-0001281,ORD-000357,PRD-0034,2,2800.0,1650.0,10.0,560.0,5040.0,3300.0
ITM-0001282,ORD-000357,PRD-0057,2,25450.0,17350.0,12.5,6362.5,44537.5,34700.0
ITM-0001283,ORD-000358,PRD-0061,13,5600.0,3650.0,0.0,0.0,72800.0,47450.0
ITM-0001284,ORD-000358,PRD-0034,8,2800.0,1650.0,0.0,0.0,22400.0,13200.0
ITM-0001285,ORD-000358,PRD-0013,11,8750.0,5350.0,0.0,0.0,96250.0,58850.0
ITM-0001286,ORD-000359,PRD-0069,5,41700.0,30300.0,2.5,5212.5,203287.5,151500.0
ITM-0001287,ORD-000359,PRD-0009,7,75050.0,56000.0,5.0,26267.5,499082.5,392000.0
ITM-0001288,ORD-000359,PRD-0043,10,35950.0,25500.0,2.5,8987.5,350512.5,255000.0
ITM-0001289,ORD-000360,PRD-0009,3,75050.0,56000.0,10.0,22515.0,202635.0,168000.0
ITM-0001290,ORD-000360,PRD-0034,6,2800.0,1650.0,0.0,0.0,16800.0,9900.0
ITM-0001291,ORD-000360,PRD-0007,2,33250.0,23700.0,12.5,8312.5,58187.5,47400.0
ITM-0001292,ORD-000361,PRD-0027,35,11500.0,7200.0,10.0,40250.0,362250.0,252000.0
ITM-0001293,ORD-000361,PRD-0066,21,5300.0,3250.0,5.0,5565.0,105735.0,68250.0
ITM-0001294,ORD-000361,PRD-0021,14,151550.0,109750.0,2.5,53042.5,2068657.5,1536500.0
ITM-0001295,ORD-000361,PRD-0036,10,170650.0,122850.0,5.0,85325.0,1621175.0,1228500.0
ITM-0001296,ORD-000361,PRD-0030,24,35850.0,25550.0,5.0,43020.0,817380.0,613200.0
ITM-0001297,ORD-000362,PRD-0058,3,28050.0,19450.0,5.0,4207.5,79942.5,58350.0
ITM-0001298,ORD-000362,PRD-0043,1,35950.0,25500.0,7.5,2696.25,33253.75,25500.0
ITM-0001299,ORD-000363,PRD-0032,6,383350.0,305700.0,7.5,172507.5,2127592.5,1834200.0
ITM-0001300,ORD-000363,PRD-0011,17,50250.0,35950.0,0.0,0.0,854250.0,611150.0
ITM-0001301,ORD-000363,PRD-0038,6,32300.0,22650.0,0.0,0.0,193800.0,135900.0
ITM-0001302,ORD-000363,PRD-0028,46,6400.0,4200.0,5.0,14720.0,279680.0,193200.0
ITM-0001303,ORD-000364,PRD-0038,1,32300.0,22650.0,5.0,1615.0,30685.0,22650.0
ITM-0001304,ORD-000365,PRD-0005,15,11500.0,7900.0,10.0,17250.0,155250.0,118500.0
ITM-0001305,ORD-000365,PRD-0048,12,160400.0,117650.0,2.5,48120.0,1876680.0,1411800.0
ITM-0001306,ORD-000365,PRD-0026,40,5050.0,3050.0,0.0,0.0,202000.0,122000.0
ITM-0001307,ORD-000365,PRD-0033,15,88100.0,66350.0,7.5,99112.5,1222387.5,995250.0
ITM-0001308,ORD-000365,PRD-0042,19,16900.0,11500.0,5.0,16055.0,305045.0,218500.0
ITM-0001309,ORD-000365,PRD-0036,9,170650.0,122850.0,2.5,38396.25,1497453.75,1105650.0
ITM-0001310,ORD-000366,PRD-0013,49,8750.0,5350.0,10.0,42875.0,385875.0,262150.0
ITM-0001311,ORD-000366,PRD-0021,2,151550.0,109750.0,2.5,7577.5,295522.5,219500.0
ITM-0001312,ORD-000366,PRD-0031,27,1600.0,900.0,5.0,2160.0,41040.0,24300.0
ITM-0001313,ORD-000367,PRD-0007,3,33250.0,23700.0,7.5,7481.25,92268.75,71100.0
ITM-0001314,ORD-000367,PRD-0052,9,40400.0,29250.0,5.0,18180.0,345420.0,263250.0
ITM-0001315,ORD-000367,PRD-0026,15,5050.0,3050.0,7.5,5681.25,70068.75,45750.0
ITM-0001316,ORD-000367,PRD-0056,18,16900.0,12000.0,0.0,0.0,304200.0,216000.0
ITM-0001317,ORD-000368,PRD-0016,15,18750.0,12900.0,5.0,14062.5,267187.5,193500.0
ITM-0001318,ORD-000368,PRD-0058,12,28050.0,19450.0,10.0,33660.0,302940.0,233400.0
ITM-0001319,ORD-000368,PRD-0013,25,8750.0,5350.0,5.0,10937.5,207812.5,133750.0
ITM-0001320,ORD-000368,PRD-0026,42,5050.0,3050.0,2.5,5302.5,206797.5,128100.0
ITM-0001321,ORD-000368,PRD-0045,32,4400.0,2800.0,10.0,14080.0,126720.0,89600.0
ITM-0001322,ORD-000369,PRD-0037,47,7650.0,5500.0,5.0,17977.5,341572.5,258500.0
ITM-0001323,ORD-000369,PRD-0034,13,2800.0,1650.0,5.0,1820.0,34580.0,21450.0
ITM-0001324,ORD-000370,PRD-0066,35,5300.0,3250.0,0.0,0.0,185500.0,113750.0
ITM-0001325,ORD-000370,PRD-0004,23,7100.0,4600.0,5.0,8165.0,155135.0,105800.0
ITM-0001326,ORD-000370,PRD-0007,6,33250.0,23700.0,5.0,9975.0,189525.0,142200.0
ITM-0001327,ORD-000371,PRD-0029,4,30900.0,21650.0,2.5,3090.0,120510.0,86600.0
ITM-0001328,ORD-000371,PRD-0026,36,5050.0,3050.0,2.5,4545.0,177255.0,109800.0
ITM-0001329,ORD-000371,PRD-0023,11,46600.0,33950.0,5.0,25630.0,486970.0,373450.0
ITM-0001330,ORD-000371,PRD-0052,7,40400.0,29250.0,0.0,0.0,282800.0,204750.0
ITM-0001331,ORD-000372,PRD-0005,28,11500.0,7900.0,2.5,8050.0,313950.0,221200.0
ITM-0001332,ORD-000372,PRD-0030,17,35850.0,25550.0,7.5,45708.75,563741.25,434350.0
ITM-0001333,ORD-000373,PRD-0057,7,25450.0,17350.0,5.0,8907.5,169242.5,121450.0
ITM-0001334,ORD-000373,PRD-0069,4,41700.0,30300.0,10.0,16680.0,150120.0,121200.0
ITM-0001335,ORD-000373,PRD-0032,6,383350.0,305700.0,2.5,57502.5,2242597.5,1834200.0
ITM-0001336,ORD-000373,PRD-0066,7,5300.0,3250.0,5.0,1855.0,35245.0,22750.0
ITM-0001337,ORD-000373,PRD-0050,15,1200.0,650.0,7.5,1350.0,16650.0,9750.0
ITM-0001338,ORD-000374,PRD-0034,11,2800.0,1650.0,5.0,1540.0,29260.0,18150.0
ITM-0001339,ORD-000374,PRD-0037,42,7650.0,5500.0,10.0,32130.0,289170.0,231000.0
ITM-0001340,ORD-000374,PRD-0005,6,11500.0,7900.0,5.0,3450.0,65550.0,47400.0
ITM-0001341,ORD-000374,PRD-0026,39,5050.0,3050.0,0.0,0.0,196950.0,118950.0
ITM-0001342,ORD-000374,PRD-0004,9,7100.0,4600.0,2.5,1597.5,62302.5,41400.0
ITM-0001343,ORD-000374,PRD-0049,13,2250.0,1400.0,5.0,1462.5,27787.5,18200.0
ITM-0001344,ORD-000375,PRD-0023,3,46600.0,33950.0,10.0,13980.0,125820.0,101850.0
ITM-0001345,ORD-000375,PRD-0037,4,7650.0,5500.0,7.5,2295.0,28305.0,22000.0
ITM-0001346,ORD-000376,PRD-0005,37,11500.0,7900.0,7.5,31912.5,393587.5,292300.0
ITM-0001347,ORD-000377,PRD-0009,4,75050.0,56000.0,0.0,0.0,300200.0,224000.0
ITM-0001348,ORD-000378,PRD-0066,8,5300.0,3250.0,2.5,1060.0,41340.0,26000.0
ITM-0001349,ORD-000378,PRD-0053,2,50250.0,36300.0,12.5,12562.5,87937.5,72600.0
ITM-0001350,ORD-000378,PRD-0064,4,40250.0,28850.0,12.5,20125.0,140875.0,115400.0
ITM-0001351,ORD-000379,PRD-0031,9,1600.0,900.0,0.0,0.0,14400.0,8100.0
ITM-0001352,ORD-000379,PRD-0007,3,33250.0,23700.0,0.0,0.0,99750.0,71100.0
ITM-0001353,ORD-000379,PRD-0026,12,5050.0,3050.0,10.0,6060.0,54540.0,36600.0
ITM-0001354,ORD-000380,PRD-0068,4,29000.0,20900.0,7.5,8700.0,107300.0,83600.0
ITM-0001355,ORD-000380,PRD-0032,1,383350.0,305700.0,7.5,28751.25,354598.75,305700.0
ITM-0001356,ORD-000381,PRD-0028,50,6400.0,4200.0,10.0,32000.0,288000.0,210000.0
ITM-0001357,ORD-000382,PRD-0045,10,4400.0,2800.0,0.0,0.0,44000.0,28000.0
ITM-0001358,ORD-000382,PRD-0058,19,28050.0,19450.0,0.0,0.0,532950.0,369550.0
ITM-0001359,ORD-000382,PRD-0052,13,40400.0,29250.0,0.0,0.0,525200.0,380250.0
ITM-0001360,ORD-000382,PRD-0032,10,383350.0,305700.0,7.5,287512.5,3545987.5,3057000.0
ITM-0001361,ORD-000382,PRD-0031,32,1600.0,900.0,7.5,3840.0,47360.0,28800.0
ITM-0001362,ORD-000382,PRD-0025,6,32700.0,22850.0,5.0,9810.0,186390.0,137100.0
ITM-0001363,ORD-000382,PRD-0069,10,41700.0,30300.0,0.0,0.0,417000.0,303000.0
ITM-0001364,ORD-000383,PRD-0053,5,50250.0,36300.0,7.5,18843.75,232406.25,181500.0
ITM-0001365,ORD-000383,PRD-0045,20,4400.0,2800.0,0.0,0.0,88000.0,56000.0
ITM-0001366,ORD-000383,PRD-0021,2,151550.0,109750.0,7.5,22732.5,280367.5,219500.0
ITM-0001367,ORD-000383,PRD-0031,11,1600.0,900.0,0.0,0.0,17600.0,9900.0
ITM-0001368,ORD-000383,PRD-0059,22,1850.0,1050.0,0.0,0.0,40700.0,23100.0
ITM-0001369,ORD-000384,PRD-0043,15,35950.0,25500.0,10.0,53925.0,485325.0,382500.0
ITM-0001370,ORD-000384,PRD-0015,11,19300.0,12700.0,10.0,21230.0,191070.0,139700.0
ITM-0001371,ORD-000384,PRD-0051,30,7700.0,4850.0,10.0,23100.0,207900.0,145500.0
ITM-0001372,ORD-000384,PRD-0067,22,2050.0,1250.0,5.0,2255.0,42845.0,27500.0
ITM-0001373,ORD-000384,PRD-0038,4,32300.0,22650.0,5.0,6460.0,122740.0,90600.0
ITM-0001374,ORD-000384,PRD-0049,15,2250.0,1400.0,7.5,2531.25,31218.75,21000.0
ITM-0001375,ORD-000385,PRD-0048,11,160400.0,117650.0,0.0,0.0,1764400.0,1294150.0
ITM-0001376,ORD-000385,PRD-0022,9,13950.0,9250.0,0.0,0.0,125550.0,83250.0
ITM-0001377,ORD-000385,PRD-0007,4,33250.0,23700.0,10.0,13300.0,119700.0,94800.0
ITM-0001378,ORD-000385,PRD-0049,9,2250.0,1400.0,12.5,2531.25,17718.75,12600.0
ITM-0001379,ORD-000386,PRD-0021,13,151550.0,109750.0,0.0,0.0,1970150.0,1426750.0
ITM-0001380,ORD-000386,PRD-0008,10,11400.0,7800.0,5.0,5700.0,108300.0,78000.0
ITM-0001381,ORD-000386,PRD-0051,34,7700.0,4850.0,0.0,0.0,261800.0,164900.0
ITM-0001382,ORD-000386,PRD-0060,13,16450.0,11150.0,2.5,5346.25,208503.75,144950.0
ITM-0001383,ORD-000386,PRD-0069,8,41700.0,30300.0,5.0,16680.0,316920.0,242400.0
ITM-0001384,ORD-000386,PRD-0036,16,170650.0,122850.0,7.5,204780.0,2525620.0,1965600.0
ITM-0001385,ORD-000386,PRD-0038,13,32300.0,22650.0,7.5,31492.5,388407.5,294450.0
ITM-0001386,ORD-000387,PRD-0049,6,2250.0,1400.0,10.0,1350.0,12150.0,8400.0
ITM-0001387,ORD-000387,PRD-0034,4,2800.0,1650.0,0.0,0.0,11200.0,6600.0
ITM-0001388,ORD-000387,PRD-0050,14,1200.0,650.0,2.5,420.0,16380.0,9100.0
ITM-0001389,ORD-000387,PRD-0007,10,33250.0,23700.0,5.0,16625.0,315875.0,237000.0
ITM-0001390,ORD-000387,PRD-0027,28,11500.0,7200.0,7.5,24150.0,297850.0,201600.0
ITM-0001391,ORD-000387,PRD-0053,6,50250.0,36300.0,12.5,37687.5,263812.5,217800.0
ITM-0001392,ORD-000388,PRD-0007,16,33250.0,23700.0,10.0,53200.0,478800.0,379200.0
ITM-0001393,ORD-000388,PRD-0010,20,50450.0,37650.0,10.0,100900.0,908100.0,753000.0
ITM-0001394,ORD-000388,PRD-0045,55,4400.0,2800.0,5.0,12100.0,229900.0,154000.0
ITM-0001395,ORD-000389,PRD-0033,1,88100.0,66350.0,10.0,8810.0,79290.0,66350.0
ITM-0001396,ORD-000389,PRD-0034,2,2800.0,1650.0,12.5,700.0,4900.0,3300.0
ITM-0001397,ORD-000390,PRD-0069,5,41700.0,30300.0,5.0,10425.0,198075.0,151500.0
ITM-0001398,ORD-000391,PRD-0053,3,50250.0,36300.0,2.5,3768.75,146981.25,108900.0
ITM-0001399,ORD-000391,PRD-0032,2,383350.0,305700.0,10.0,76670.0,690030.0,611400.0
ITM-0001400,ORD-000391,PRD-0064,1,40250.0,28850.0,7.5,3018.75,37231.25,28850.0
ITM-0001401,ORD-000391,PRD-0007,1,33250.0,23700.0,5.0,1662.5,31587.5,23700.0
ITM-0001402,ORD-000392,PRD-0023,2,46600.0,33950.0,10.0,9320.0,83880.0,67900.0
ITM-0001403,ORD-000392,PRD-0048,6,160400.0,117650.0,0.0,0.0,962400.0,705900.0
ITM-0001404,ORD-000392,PRD-0016,6,18750.0,12900.0,7.5,8437.5,104062.5,77400.0
ITM-0001405,ORD-000392,PRD-0045,16,4400.0,2800.0,5.0,3520.0,66880.0,44800.0
ITM-0001406,ORD-000393,PRD-0027,33,11500.0,7200.0,2.5,9487.5,370012.5,237600.0
ITM-0001407,ORD-000394,PRD-0034,16,2800.0,1650.0,5.0,2240.0,42560.0,26400.0
ITM-0001408,ORD-000394,PRD-0053,5,50250.0,36300.0,10.0,25125.0,226125.0,181500.0
ITM-0001409,ORD-000394,PRD-0005,18,11500.0,7900.0,5.0,10350.0,196650.0,142200.0
ITM-0001410,ORD-000394,PRD-0016,3,18750.0,12900.0,2.5,1406.25,54843.75,38700.0
ITM-0001411,ORD-000394,PRD-0009,5,75050.0,56000.0,0.0,0.0,375250.0,280000.0
ITM-0001412,ORD-000395,PRD-0015,7,19300.0,12700.0,0.0,0.0,135100.0,88900.0
ITM-0001413,ORD-000395,PRD-0003,14,88300.0,65000.0,7.5,92715.0,1143485.0,910000.0
ITM-0001414,ORD-000395,PRD-0040,12,70550.0,49600.0,2.5,21165.0,825435.0,595200.0
ITM-0001415,ORD-000395,PRD-0059,23,1850.0,1050.0,5.0,2127.5,40422.5,24150.0
ITM-0001416,ORD-000395,PRD-0034,9,2800.0,1650.0,7.5,1890.0,23310.0,14850.0
ITM-0001417,ORD-000396,PRD-0033,15,88100.0,66350.0,10.0,132150.0,1189350.0,995250.0
ITM-0001418,ORD-000396,PRD-0066,48,5300.0,3250.0,5.0,12720.0,241680.0,156000.0
ITM-0001419,ORD-000397,PRD-0034,6,2800.0,1650.0,10.0,1680.0,15120.0,9900.0
ITM-0001420,ORD-000397,PRD-0040,1,70550.0,49600.0,10.0,7055.0,63495.0,49600.0
ITM-0001421,ORD-000397,PRD-0027,8,11500.0,7200.0,0.0,0.0,92000.0,57600.0
ITM-0001422,ORD-000398,PRD-0018,8,39400.0,29550.0,5.0,15760.0,299440.0,236400.0
ITM-0001423,ORD-000399,PRD-0007,15,33250.0,23700.0,10.0,49875.0,448875.0,355500.0
ITM-0001424,ORD-000399,PRD-0053,15,50250.0,36300.0,12.5,94218.75,659531.25,544500.0
ITM-0001425,ORD-000399,PRD-0032,13,383350.0,305700.0,0.0,0.0,4983550.0,3974100.0
ITM-0001426,ORD-000399,PRD-0058,3,28050.0,19450.0,10.0,8415.0,75735.0,58350.0
ITM-0001427,ORD-000399,PRD-0025,13,32700.0,22850.0,5.0,21255.0,403845.0,297050.0
ITM-0001428,ORD-000400,PRD-0069,21,41700.0,30300.0,10.0,87570.0,788130.0,636300.0
ITM-0001429,ORD-000400,PRD-0024,63,17950.0,12350.0,7.5,84813.75,1046036.25,778050.0
ITM-0001430,ORD-000400,PRD-0019,10,2950.0,1850.0,5.0,1475.0,28025.0,18500.0
ITM-0001431,ORD-000400,PRD-0034,21,2800.0,1650.0,7.5,4410.0,54390.0,34650.0
ITM-0001432,ORD-000401,PRD-0034,19,2800.0,1650.0,2.5,1330.0,51870.0,31350.0
ITM-0001433,ORD-000401,PRD-0021,19,151550.0,109750.0,2.5,71986.25,2807463.75,2085250.0
ITM-0001434,ORD-000401,PRD-0007,6,33250.0,23700.0,5.0,9975.0,189525.0,142200.0
ITM-0001435,ORD-000401,PRD-0048,16,160400.0,117650.0,10.0,256640.0,2309760.0,1882400.0
ITM-0001436,ORD-000401,PRD-0010,9,50450.0,37650.0,2.5,11351.25,442698.75,338850.0
ITM-0001437,ORD-000401,PRD-0027,60,11500.0,7200.0,12.5,86250.0,603750.0,432000.0
ITM-0001438,ORD-000402,PRD-0025,17,32700.0,22850.0,2.5,13897.5,542002.5,388450.0
ITM-0001439,ORD-000402,PRD-0011,10,50250.0,35950.0,5.0,25125.0,477375.0,359500.0
ITM-0001440,ORD-000402,PRD-0005,14,11500.0,7900.0,0.0,0.0,161000.0,110600.0
ITM-0001441,ORD-000402,PRD-0024,51,17950.0,12350.0,10.0,91545.0,823905.0,629850.0
ITM-0001442,ORD-000403,PRD-0063,33,12650.0,8000.0,2.5,10436.25,407013.75,264000.0
ITM-0001443,ORD-000403,PRD-0002,16,52050.0,38100.0,10.0,83280.0,749520.0,609600.0
ITM-0001444,ORD-000403,PRD-0011,8,50250.0,35950.0,5.0,20100.0,381900.0,287600.0
ITM-0001445,ORD-000403,PRD-0045,10,4400.0,2800.0,5.0,2200.0,41800.0,28000.0
ITM-0001446,ORD-000403,PRD-0036,8,170650.0,122850.0,5.0,68260.0,1296940.0,982800.0
ITM-0001447,ORD-000404,PRD-0052,2,40400.0,29250.0,2.5,2020.0,78780.0,58500.0
ITM-0001448,ORD-000404,PRD-0003,8,88300.0,65000.0,0.0,0.0,706400.0,520000.0
ITM-0001449,ORD-000404,PRD-0026,31,5050.0,3050.0,5.0,7827.5,148722.5,94550.0
ITM-0001450,ORD-000404,PRD-0040,4,70550.0,49600.0,0.0,0.0,282200.0,198400.0
ITM-0001451,ORD-000404,PRD-0034,2,2800.0,1650.0,5.0,280.0,5320.0,3300.0
ITM-0001452,ORD-000405,PRD-0050,6,1200.0,650.0,7.5,540.0,6660.0,3900.0
ITM-0001453,ORD-000405,PRD-0034,3,2800.0,1650.0,0.0,0.0,8400.0,4950.0
ITM-0001454,ORD-000405,PRD-0005,13,11500.0,7900.0,10.0,14950.0,134550.0,102700.0
ITM-0001455,ORD-000405,PRD-0004,14,7100.0,4600.0,7.5,7455.0,91945.0,64400.0
ITM-0001456,ORD-000405,PRD-0066,6,5300.0,3250.0,7.5,2385.0,29415.0,19500.0
ITM-0001457,ORD-000406,PRD-0069,8,41700.0,30300.0,5.0,16680.0,316920.0,242400.0
ITM-0001458,ORD-000406,PRD-0015,12,19300.0,12700.0,0.0,0.0,231600.0,152400.0
ITM-0001459,ORD-000406,PRD-0024,37,17950.0,12350.0,0.0,0.0,664150.0,456950.0
ITM-0001460,ORD-000406,PRD-0060,12,16450.0,11150.0,5.0,9870.0,187530.0,133800.0
ITM-0001461,ORD-000407,PRD-0036,4,170650.0,122850.0,10.0,68260.0,614340.0,491400.0
ITM-0001462,ORD-000408,PRD-0052,13,40400.0,29250.0,12.5,65650.0,459550.0,380250.0
ITM-0001463,ORD-000408,PRD-0005,9,11500.0,7900.0,10.0,10350.0,93150.0,71100.0
ITM-0001464,ORD-000408,PRD-0048,9,160400.0,117650.0,7.5,108270.0,1335330.0,1058850.0
ITM-0001465,ORD-000408,PRD-0053,2,50250.0,36300.0,12.5,12562.5,87937.5,72600.0
ITM-0001466,ORD-000409,PRD-0004,16,7100.0,4600.0,5.0,5680.0,107920.0,73600.0
ITM-0001467,ORD-000409,PRD-0066,33,5300.0,3250.0,2.5,4372.5,170527.5,107250.0
ITM-0001468,ORD-000409,PRD-0069,16,41700.0,30300.0,2.5,16680.0,650520.0,484800.0
ITM-0001469,ORD-000409,PRD-0034,7,2800.0,1650.0,2.5,490.0,19110.0,11550.0
ITM-0001470,ORD-000409,PRD-0037,20,7650.0,5500.0,0.0,0.0,153000.0,110000.0
ITM-0001471,ORD-000409,PRD-0025,10,32700.0,22850.0,0.0,0.0,327000.0,228500.0
ITM-0001472,ORD-000409,PRD-0013,59,8750.0,5350.0,5.0,25812.5,490437.5,315650.0
ITM-0001473,ORD-000410,PRD-0013,22,8750.0,5350.0,7.5,14437.5,178062.5,117700.0
ITM-0001474,ORD-000411,PRD-0007,4,33250.0,23700.0,5.0,6650.0,126350.0,94800.0
ITM-0001475,ORD-000411,PRD-0005,13,11500.0,7900.0,5.0,7475.0,142025.0,102700.0
ITM-0001476,ORD-000412,PRD-0066,25,5300.0,3250.0,2.5,3312.5,129187.5,81250.0
ITM-0001477,ORD-000412,PRD-0064,4,40250.0,28850.0,12.5,20125.0,140875.0,115400.0
ITM-0001478,ORD-000412,PRD-0005,42,11500.0,7900.0,0.0,0.0,483000.0,331800.0
ITM-0001479,ORD-000412,PRD-0054,49,6000.0,4000.0,0.0,0.0,294000.0,196000.0
ITM-0001480,ORD-000412,PRD-0021,11,151550.0,109750.0,5.0,83352.5,1583697.5,1207250.0
ITM-0001481,ORD-000412,PRD-0068,21,29000.0,20900.0,7.5,45675.0,563325.0,438900.0
ITM-0001482,ORD-000413,PRD-0030,27,35850.0,25550.0,7.5,72596.25,895353.75,689850.0
ITM-0001483,ORD-000413,PRD-0017,19,15250.0,10000.0,2.5,7243.75,282506.25,190000.0
ITM-0001484,ORD-000413,PRD-0057,8,25450.0,17350.0,5.0,10180.0,193420.0,138800.0
ITM-0001485,ORD-000413,PRD-0012,11,42850.0,31750.0,2.5,11783.75,459566.25,349250.0
ITM-0001486,ORD-000413,PRD-0040,11,70550.0,49600.0,0.0,0.0,776050.0,545600.0
ITM-0001487,ORD-000414,PRD-0053,16,50250.0,36300.0,5.0,40200.0,763800.0,580800.0
ITM-0001488,ORD-000414,PRD-0038,25,32300.0,22650.0,10.0,80750.0,726750.0,566250.0
ITM-0001489,ORD-000414,PRD-0037,66,7650.0,5500.0,5.0,25245.0,479655.0,363000.0
ITM-0001490,ORD-000414,PRD-0069,16,41700.0,30300.0,12.5,83400.0,583800.0,484800.0
ITM-0001491,ORD-000415,PRD-0059,11,1850.0,1050.0,5.0,1017.5,19332.5,11550.0
ITM-0001492,ORD-000415,PRD-0032,8,383350.0,305700.0,5.0,153340.0,2913460.0,2445600.0
ITM-0001493,ORD-000415,PRD-0069,11,41700.0,30300.0,7.5,34402.5,424297.5,333300.0
ITM-0001494,ORD-000416,PRD-0031,19,1600.0,900.0,10.0,3040.0,27360.0,17100.0
ITM-0001495,ORD-000416,PRD-0064,2,40250.0,28850.0,10.0,8050.0,72450.0,57700.0
ITM-0001496,ORD-000416,PRD-0034,8,2800.0,1650.0,10.0,2240.0,20160.0,13200.0
ITM-0001497,ORD-000416,PRD-0005,29,11500.0,7900.0,7.5,25012.5,308487.5,229100.0
ITM-0001498,ORD-000416,PRD-0007,2,33250.0,23700.0,0.0,0.0,66500.0,47400.0
ITM-0001499,ORD-000417,PRD-0007,12,33250.0,23700.0,5.0,19950.0,379050.0,284400.0
ITM-0001500,ORD-000417,PRD-0064,12,40250.0,28850.0,5.0,24150.0,458850.0,346200.0
ITM-0001501,ORD-000417,PRD-0053,19,50250.0,36300.0,7.5,71606.25,883143.75,689700.0
ITM-0001502,ORD-000417,PRD-0034,15,2800.0,1650.0,5.0,2100.0,39900.0,24750.0
ITM-0001503,ORD-000417,PRD-0045,27,4400.0,2800.0,0.0,0.0,118800.0,75600.0
ITM-0001504,ORD-000417,PRD-0069,15,41700.0,30300.0,12.5,78187.5,547312.5,454500.0
ITM-0001505,ORD-000418,PRD-0049,21,2250.0,1400.0,2.5,1181.25,46068.75,29400.0
ITM-0001506,ORD-000418,PRD-0010,14,50450.0,37650.0,5.0,35315.0,670985.0,527100.0
ITM-0001507,ORD-000418,PRD-0069,21,41700.0,30300.0,0.0,0.0,875700.0,636300.0
ITM-0001508,ORD-000418,PRD-0013,83,8750.0,5350.0,2.5,18156.25,708093.75,444050.0
ITM-0001509,ORD-000418,PRD-0034,17,2800.0,1650.0,7.5,3570.0,44030.0,28050.0
ITM-0001510,ORD-000419,PRD-0034,3,2800.0,1650.0,0.0,0.0,8400.0,4950.0
ITM-0001511,ORD-000419,PRD-0007,2,33250.0,23700.0,2.5,1662.5,64837.5,47400.0
ITM-0001512,ORD-000419,PRD-0059,10,1850.0,1050.0,7.5,1387.5,17112.5,10500.0
ITM-0001513,ORD-000419,PRD-0005,13,11500.0,7900.0,2.5,3737.5,145762.5,102700.0
ITM-0001514,ORD-000419,PRD-0068,5,29000.0,20900.0,12.5,18125.0,126875.0,104500.0
ITM-0001515,ORD-000420,PRD-0036,3,170650.0,122850.0,10.0,51195.0,460755.0,368550.0
ITM-0001516,ORD-000420,PRD-0069,19,41700.0,30300.0,7.5,59422.5,732877.5,575700.0
ITM-0001517,ORD-000420,PRD-0027,57,11500.0,7200.0,10.0,65550.0,589950.0,410400.0
ITM-0001518,ORD-000420,PRD-0066,16,5300.0,3250.0,5.0,4240.0,80560.0,52000.0
ITM-0001519,ORD-000420,PRD-0005,19,11500.0,7900.0,0.0,0.0,218500.0,150100.0
ITM-0001520,ORD-000420,PRD-0009,13,75050.0,56000.0,5.0,48782.5,926867.5,728000.0
ITM-0001521,ORD-000421,PRD-0057,4,25450.0,17350.0,5.0,5090.0,96710.0,69400.0
ITM-0001522,ORD-000421,PRD-0045,47,4400.0,2800.0,0.0,0.0,206800.0,131600.0
ITM-0001523,ORD-000421,PRD-0027,54,11500.0,7200.0,10.0,62100.0,558900.0,388800.0
ITM-0001524,ORD-000422,PRD-0049,11,2250.0,1400.0,5.0,1237.5,23512.5,15400.0
ITM-0001525,ORD-000422,PRD-0007,5,33250.0,23700.0,5.0,8312.5,157937.5,118500.0
ITM-0001526,ORD-000422,PRD-0037,40,7650.0,5500.0,2.5,7650.0,298350.0,220000.0
ITM-0001527,ORD-000422,PRD-0050,11,1200.0,650.0,5.0,660.0,12540.0,7150.0
ITM-0001528,ORD-000422,PRD-0064,16,40250.0,28850.0,7.5,48300.0,595700.0,461600.0
ITM-0001529,ORD-000422,PRD-0021,11,151550.0,109750.0,7.5,125028.75,1542021.25,1207250.0
ITM-0001530,ORD-000422,PRD-0053,8,50250.0,36300.0,12.5,50250.0,351750.0,290400.0
ITM-0001531,ORD-000423,PRD-0050,6,1200.0,650.0,10.0,720.0,6480.0,3900.0
ITM-0001532,ORD-000423,PRD-0069,4,41700.0,30300.0,0.0,0.0,166800.0,121200.0
ITM-0001533,ORD-000423,PRD-0053,8,50250.0,36300.0,2.5,10050.0,391950.0,290400.0
ITM-0001534,ORD-000423,PRD-0009,13,75050.0,56000.0,5.0,48782.5,926867.5,728000.0
ITM-0001535,ORD-000423,PRD-0031,31,1600.0,900.0,0.0,0.0,49600.0,27900.0
ITM-0001536,ORD-000424,PRD-0046,2,141200.0,107400.0,7.5,21180.0,261220.0,214800.0
ITM-0001537,ORD-000424,PRD-0049,4,2250.0,1400.0,0.0,0.0,9000.0,5600.0
ITM-0001538,ORD-000424,PRD-0053,3,50250.0,36300.0,5.0,7537.5,143212.5,108900.0
ITM-0001539,ORD-000424,PRD-0036,1,170650.0,122850.0,10.0,17065.0,153585.0,122850.0
ITM-0001540,ORD-000425,PRD-0058,5,28050.0,19450.0,7.5,10518.75,129731.25,97250.0
ITM-0001541,ORD-000425,PRD-0023,5,46600.0,33950.0,10.0,23300.0,209700.0,169750.0
ITM-0001542,ORD-000426,PRD-0030,17,35850.0,25550.0,5.0,30472.5,578977.5,434350.0
ITM-0001543,ORD-000426,PRD-0063,17,12650.0,8000.0,5.0,10752.5,204297.5,136000.0
ITM-0001544,ORD-000427,PRD-0009,4,75050.0,56000.0,0.0,0.0,300200.0,224000.0
ITM-0001545,ORD-000427,PRD-0065,14,9000.0,5800.0,0.0,0.0,126000.0,81200.0
ITM-0001546,ORD-000427,PRD-0034,3,2800.0,1650.0,7.5,630.0,7770.0,4950.0
ITM-0001547,ORD-000427,PRD-0030,12,35850.0,25550.0,7.5,32265.0,397935.0,306600.0
ITM-0001548,ORD-000428,PRD-0052,9,40400.0,29250.0,10.0,36360.0,327240.0,263250.0
ITM-0001549,ORD-000428,PRD-0007,13,33250.0,23700.0,5.0,21612.5,410637.5,308100.0
ITM-0001550,ORD-000428,PRD-0053,9,50250.0,36300.0,12.5,56531.25,395718.75,326700.0
ITM-0001551,ORD-000428,PRD-0014,16,199750.0,146450.0,5.0,159800.0,3036200.0,2343200.0
ITM-0001552,ORD-000428,PRD-0034,3,2800.0,1650.0,0.0,0.0,8400.0,4950.0
ITM-0001553,ORD-000428,PRD-0049,19,2250.0,1400.0,5.0,2137.5,40612.5,26600.0
ITM-0001554,ORD-000428,PRD-0040,13,70550.0,49600.0,5.0,45857.5,871292.5,644800.0
ITM-0001555,ORD-000429,PRD-0066,42,5300.0,3250.0,0.0,0.0,222600.0,136500.0
ITM-0001556,ORD-000429,PRD-0037,95,7650.0,5500.0,5.0,36337.5,690412.5,522500.0
ITM-0001557,ORD-000429,PRD-0049,46,2250.0,1400.0,7.5,7762.5,95737.5,64400.0
ITM-0001558,ORD-000429,PRD-0005,42,11500.0,7900.0,0.0,0.0,483000.0,331800.0
ITM-0001559,ORD-000429,PRD-0036,21,170650.0,122850.0,5.0,179182.5,3404467.5,2579850.0
ITM-0001560,ORD-000430,PRD-0017,5,15250.0,10000.0,5.0,3812.5,72437.5,50000.0
ITM-0001561,ORD-000430,PRD-0053,7,50250.0,36300.0,7.5,26381.25,325368.75,254100.0
ITM-0001562,ORD-000430,PRD-0040,12,70550.0,49600.0,5.0,42330.0,804270.0,595200.0
ITM-0001563,ORD-000430,PRD-0034,2,2800.0,1650.0,2.5,140.0,5460.0,3300.0
ITM-0001564,ORD-000430,PRD-0026,17,5050.0,3050.0,0.0,0.0,85850.0,51850.0
ITM-0001565,ORD-000431,PRD-0066,5,5300.0,3250.0,5.0,1325.0,25175.0,16250.0
ITM-0001566,ORD-000431,PRD-0013,41,8750.0,5350.0,2.5,8968.75,349781.25,219350.0
ITM-0001567,ORD-000431,PRD-0069,11,41700.0,30300.0,5.0,22935.0,435765.0,333300.0
ITM-0001568,ORD-000432,PRD-0005,36,11500.0,7900.0,10.0,41400.0,372600.0,284400.0
ITM-0001569,ORD-000432,PRD-0066,48,5300.0,3250.0,7.5,19080.0,235320.0,156000.0
ITM-0001570,ORD-000432,PRD-0011,20,50250.0,35950.0,5.0,50250.0,954750.0,719000.0
ITM-0001571,ORD-000433,PRD-0016,4,18750.0,12900.0,5.0,3750.0,71250.0,51600.0
ITM-0001572,ORD-000433,PRD-0027,19,11500.0,7200.0,5.0,10925.0,207575.0,136800.0
ITM-0001573,ORD-000434,PRD-0032,8,383350.0,305700.0,0.0,0.0,3066800.0,2445600.0
ITM-0001574,ORD-000434,PRD-0005,31,11500.0,7900.0,5.0,17825.0,338675.0,244900.0
ITM-0001575,ORD-000434,PRD-0053,3,50250.0,36300.0,5.0,7537.5,143212.5,108900.0
ITM-0001576,ORD-000434,PRD-0045,16,4400.0,2800.0,0.0,0.0,70400.0,44800.0
ITM-0001577,ORD-000434,PRD-0030,13,35850.0,25550.0,2.5,11651.25,454398.75,332150.0
ITM-0001578,ORD-000435,PRD-0034,7,2800.0,1650.0,2.5,490.0,19110.0,11550.0
ITM-0001579,ORD-000435,PRD-0021,18,151550.0,109750.0,5.0,136395.0,2591505.0,1975500.0
ITM-0001580,ORD-000435,PRD-0032,4,383350.0,305700.0,2.5,38335.0,1495065.0,1222800.0
ITM-0001581,ORD-000435,PRD-0040,14,70550.0,49600.0,0.0,0.0,987700.0,694400.0
ITM-0001582,ORD-000435,PRD-0017,7,15250.0,10000.0,5.0,5337.5,101412.5,70000.0
ITM-0001583,ORD-000435,PRD-0013,83,8750.0,5350.0,5.0,36312.5,689937.5,444050.0
ITM-0001584,ORD-000435,PRD-0022,14,13950.0,9250.0,7.5,14647.5,180652.5,129500.0
ITM-0001585,ORD-000436,PRD-0043,1,35950.0,25500.0,5.0,1797.5,34152.5,25500.0
ITM-0001586,ORD-000436,PRD-0034,6,2800.0,1650.0,5.0,840.0,15960.0,9900.0
ITM-0001587,ORD-000437,PRD-0004,31,7100.0,4600.0,2.5,5502.5,214597.5,142600.0
ITM-0001588,ORD-000438,PRD-0023,2,46600.0,33950.0,5.0,4660.0,88540.0,67900.0
ITM-0001589,ORD-000438,PRD-0049,17,2250.0,1400.0,5.0,1912.5,36337.5,23800.0
ITM-0001590,ORD-000439,PRD-0030,11,35850.0,25550.0,0.0,0.0,394350.0,281050.0
ITM-0001591,ORD-000439,PRD-0033,8,88100.0,66350.0,10.0,70480.0,634320.0,530800.0
ITM-0001592,ORD-000440,PRD-0036,8,170650.0,122850.0,0.0,0.0,1365200.0,982800.0
ITM-0001593,ORD-000440,PRD-0037,12,7650.0,5500.0,2.5,2295.0,89505.0,66000.0
ITM-0001594,ORD-000441,PRD-0036,2,170650.0,122850.0,7.5,25597.5,315702.5,245700.0
ITM-0001595,ORD-000441,PRD-0050,11,1200.0,650.0,2.5,330.0,12870.0,7150.0
ITM-0001596,ORD-000441,PRD-0019,16,2950.0,1850.0,0.0,0.0,47200.0,29600.0
ITM-0001597,ORD-000442,PRD-0034,1,2800.0,1650.0,0.0,0.0,2800.0,1650.0
ITM-0001598,ORD-000442,PRD-0032,4,383350.0,305700.0,0.0,0.0,1533400.0,1222800.0
ITM-0001599,ORD-000443,PRD-0045,22,4400.0,2800.0,5.0,4840.0,91960.0,61600.0
ITM-0001600,ORD-000443,PRD-0063,51,12650.0,8000.0,0.0,0.0,645150.0,408000.0
ITM-0001601,ORD-000443,PRD-0009,10,75050.0,56000.0,7.5,56287.5,694212.5,560000.0
ITM-0001602,ORD-000443,PRD-0005,45,11500.0,7900.0,10.0,51750.0,465750.0,355500.0
ITM-0001603,ORD-000444,PRD-0069,4,41700.0,30300.0,0.0,0.0,166800.0,121200.0
ITM-0001604,ORD-000444,PRD-0007,2,33250.0,23700.0,2.5,1662.5,64837.5,47400.0
ITM-0001605,ORD-000444,PRD-0050,7,1200.0,650.0,10.0,840.0,7560.0,4550.0
ITM-0001606,ORD-000444,PRD-0063,7,12650.0,8000.0,0.0,0.0,88550.0,56000.0
ITM-0001607,ORD-000445,PRD-0052,5,40400.0,29250.0,7.5,15150.0,186850.0,146250.0
ITM-0001608,ORD-000445,PRD-0024,28,17950.0,12350.0,5.0,25130.0,477470.0,345800.0
ITM-0001609,ORD-000445,PRD-0033,3,88100.0,66350.0,5.0,13215.0,251085.0,199050.0
ITM-0001610,ORD-000446,PRD-0004,36,7100.0,4600.0,7.5,19170.0,236430.0,165600.0
ITM-0001611,ORD-000446,PRD-0032,12,383350.0,305700.0,10.0,460020.0,4140180.0,3668400.0
ITM-0001612,ORD-000446,PRD-0049,30,2250.0,1400.0,0.0,0.0,67500.0,42000.0
ITM-0001613,ORD-000446,PRD-0052,6,40400.0,29250.0,7.5,18180.0,224220.0,175500.0
ITM-0001614,ORD-000446,PRD-0050,42,1200.0,650.0,7.5,3780.0,46620.0,27300.0
ITM-0001615,ORD-000446,PRD-0026,42,5050.0,3050.0,0.0,0.0,212100.0,128100.0
ITM-0001616,ORD-000447,PRD-0069,9,41700.0,30300.0,5.0,18765.0,356535.0,272700.0
ITM-0001617,ORD-000447,PRD-0049,6,2250.0,1400.0,2.5,337.5,13162.5,8400.0
ITM-0001618,ORD-000447,PRD-0028,30,6400.0,4200.0,12.5,24000.0,168000.0,126000.0
ITM-0001619,ORD-000448,PRD-0055,14,43600.0,31400.0,12.5,76300.0,534100.0,439600.0
ITM-0001620,ORD-000448,PRD-0066,8,5300.0,3250.0,0.0,0.0,42400.0,26000.0
ITM-0001621,ORD-000448,PRD-0045,30,4400.0,2800.0,7.5,9900.0,122100.0,84000.0
ITM-0001622,ORD-000448,PRD-0034,3,2800.0,1650.0,10.0,840.0,7560.0,4950.0
ITM-0001623,ORD-000448,PRD-0050,33,1200.0,650.0,5.0,1980.0,37620.0,21450.0
ITM-0001624,ORD-000449,PRD-0066,11,5300.0,3250.0,7.5,4372.5,53927.5,35750.0
ITM-0001625,ORD-000449,PRD-0027,49,11500.0,7200.0,2.5,14087.5,549412.5,352800.0
ITM-0001626,ORD-000449,PRD-0030,13,35850.0,25550.0,5.0,23302.5,442747.5,332150.0
ITM-0001627,ORD-000449,PRD-0063,47,12650.0,8000.0,5.0,29727.5,564822.5,376000.0
ITM-0001628,ORD-000449,PRD-0013,18,8750.0,5350.0,10.0,15750.0,141750.0,96300.0
ITM-0001629,ORD-000449,PRD-0057,11,25450.0,17350.0,0.0,0.0,279950.0,190850.0
ITM-0001630,ORD-000450,PRD-0022,8,13950.0,9250.0,2.5,2790.0,108810.0,74000.0
ITM-0001631,ORD-000450,PRD-0052,1,40400.0,29250.0,0.0,0.0,40400.0,29250.0
ITM-0001632,ORD-000450,PRD-0069,3,41700.0,30300.0,7.5,9382.5,115717.5,90900.0
ITM-0001633,ORD-000451,PRD-0064,15,40250.0,28850.0,5.0,30187.5,573562.5,432750.0
ITM-0001634,ORD-000451,PRD-0045,43,4400.0,2800.0,0.0,0.0,189200.0,120400.0
ITM-0001635,ORD-000451,PRD-0057,15,25450.0,17350.0,7.5,28631.25,353118.75,260250.0
ITM-0001636,ORD-000451,PRD-0023,18,46600.0,33950.0,10.0,83880.0,754920.0,611100.0
ITM-0001637,ORD-000451,PRD-0033,15,88100.0,66350.0,5.0,66075.0,1255425.0,995250.0
ITM-0001638,ORD-000451,PRD-0018,15,39400.0,29550.0,10.0,59100.0,531900.0,443250.0
ITM-0001639,ORD-000451,PRD-0046,3,141200.0,107400.0,10.0,42360.0,381240.0,322200.0
ITM-0001640,ORD-000452,PRD-0005,26,11500.0,7900.0,10.0,29900.0,269100.0,205400.0
ITM-0001641,ORD-000452,PRD-0007,6,33250.0,23700.0,5.0,9975.0,189525.0,142200.0
ITM-0001642,ORD-000452,PRD-0008,6,11400.0,7800.0,0.0,0.0,68400.0,46800.0
ITM-0001643,ORD-000453,PRD-0034,2,2800.0,1650.0,10.0,560.0,5040.0,3300.0
ITM-0001644,ORD-000453,PRD-0064,4,40250.0,28850.0,5.0,8050.0,152950.0,115400.0
ITM-0001645,ORD-000453,PRD-0069,10,41700.0,30300.0,0.0,0.0,417000.0,303000.0
ITM-0001646,ORD-000454,PRD-0013,96,8750.0,5350.0,7.5,63000.0,777000.0,513600.0
ITM-0001647,ORD-000454,PRD-0021,23,151550.0,109750.0,5.0,174282.5,3311367.5,2524250.0
ITM-0001648,ORD-000454,PRD-0045,38,4400.0,2800.0,5.0,8360.0,158840.0,106400.0
ITM-0001649,ORD-000455,PRD-0007,12,33250.0,23700.0,10.0,39900.0,359100.0,284400.0
ITM-0001650,ORD-000455,PRD-0034,3,2800.0,1650.0,7.5,630.0,7770.0,4950.0
ITM-0001651,ORD-000455,PRD-0027,29,11500.0,7200.0,10.0,33350.0,300150.0,208800.0
ITM-0001652,ORD-000455,PRD-0026,58,5050.0,3050.0,5.0,14645.0,278255.0,176900.0
ITM-0001653,ORD-000455,PRD-0013,35,8750.0,5350.0,7.5,22968.75,283281.25,187250.0
ITM-0001654,ORD-000455,PRD-0066,32,5300.0,3250.0,0.0,0.0,169600.0,104000.0
ITM-0001655,ORD-000455,PRD-0053,17,50250.0,36300.0,2.5,21356.25,832893.75,617100.0
ITM-0001656,ORD-000456,PRD-0065,31,9000.0,5800.0,0.0,0.0,279000.0,179800.0
ITM-0001657,ORD-000456,PRD-0032,11,383350.0,305700.0,7.5,316263.75,3900586.25,3362700.0
ITM-0001658,ORD-000456,PRD-0021,9,151550.0,109750.0,2.5,34098.75,1329851.25,987750.0
ITM-0001659,ORD-000457,PRD-0016,12,18750.0,12900.0,5.0,11250.0,213750.0,154800.0
ITM-0001660,ORD-000457,PRD-0068,12,29000.0,20900.0,2.5,8700.0,339300.0,250800.0
ITM-0001661,ORD-000457,PRD-0045,32,4400.0,2800.0,5.0,7040.0,133760.0,89600.0
ITM-0001662,ORD-000457,PRD-0034,8,2800.0,1650.0,7.5,1680.0,20720.0,13200.0
ITM-0001663,ORD-000457,PRD-0053,24,50250.0,36300.0,10.0,120600.0,1085400.0,871200.0
ITM-0001664,ORD-000457,PRD-0009,4,75050.0,56000.0,5.0,15010.0,285190.0,224000.0
ITM-0001665,ORD-000457,PRD-0025,16,32700.0,22850.0,7.5,39240.0,483960.0,365600.0
ITM-0001666,ORD-000458,PRD-0058,20,28050.0,19450.0,5.0,28050.0,532950.0,389000.0
ITM-0001667,ORD-000458,PRD-0005,51,11500.0,7900.0,5.0,29325.0,557175.0,402900.0
ITM-0001668,ORD-000458,PRD-0037,90,7650.0,5500.0,10.0,68850.0,619650.0,495000.0
ITM-0001669,ORD-000459,PRD-0007,9,33250.0,23700.0,5.0,14962.5,284287.5,213300.0
ITM-0001670,ORD-000459,PRD-0053,14,50250.0,36300.0,10.0,70350.0,633150.0,508200.0
ITM-0001671,ORD-000459,PRD-0027,54,11500.0,7200.0,12.5,77625.0,543375.0,388800.0
ITM-0001672,ORD-000459,PRD-0008,11,11400.0,7800.0,2.5,3135.0,122265.0,85800.0
ITM-0001673,ORD-000459,PRD-0009,14,75050.0,56000.0,7.5,78802.5,971897.5,784000.0
ITM-0001674,ORD-000459,PRD-0066,43,5300.0,3250.0,10.0,22790.0,205110.0,139750.0
ITM-0001675,ORD-000460,PRD-0005,24,11500.0,7900.0,5.0,13800.0,262200.0,189600.0
ITM-0001676,ORD-000460,PRD-0045,29,4400.0,2800.0,2.5,3190.0,124410.0,81200.0
ITM-0001677,ORD-000460,PRD-0030,40,35850.0,25550.0,5.0,71700.0,1362300.0,1022000.0
ITM-0001678,ORD-000460,PRD-0057,3,25450.0,17350.0,2.5,1908.75,74441.25,52050.0
ITM-0001679,ORD-000461,PRD-0034,16,2800.0,1650.0,10.0,4480.0,40320.0,26400.0
ITM-0001680,ORD-000461,PRD-0021,16,151550.0,109750.0,5.0,121240.0,2303560.0,1756000.0
ITM-0001681,ORD-000462,PRD-0053,9,50250.0,36300.0,2.5,11306.25,440943.75,326700.0
ITM-0001682,ORD-000462,PRD-0031,23,1600.0,900.0,10.0,3680.0,33120.0,20700.0
ITM-0001683,ORD-000462,PRD-0033,7,88100.0,66350.0,10.0,61670.0,555030.0,464450.0
ITM-0001684,ORD-000463,PRD-0040,2,70550.0,49600.0,0.0,0.0,141100.0,99200.0
ITM-0001685,ORD-000463,PRD-0052,3,40400.0,29250.0,7.5,9090.0,112110.0,87750.0
ITM-0001686,ORD-000463,PRD-0039,9,13350.0,9100.0,0.0,0.0,120150.0,81900.0
ITM-0001687,ORD-000464,PRD-0007,16,33250.0,23700.0,0.0,0.0,532000.0,379200.0
ITM-0001688,ORD-000464,PRD-0045,53,4400.0,2800.0,5.0,11660.0,221540.0,148400.0
ITM-0001689,ORD-000464,PRD-0050,62,1200.0,650.0,0.0,0.0,74400.0,40300.0
ITM-0001690,ORD-000465,PRD-0004,44,7100.0,4600.0,2.5,7810.0,304590.0,202400.0
ITM-0001691,ORD-000465,PRD-0017,14,15250.0,10000.0,7.5,16012.5,197487.5,140000.0
ITM-0001692,ORD-000466,PRD-0011,3,50250.0,35950.0,0.0,0.0,150750.0,107850.0
ITM-0001693,ORD-000466,PRD-0030,27,35850.0,25550.0,12.5,120993.75,846956.25,689850.0
ITM-0001694,ORD-000466,PRD-0045,27,4400.0,2800.0,0.0,0.0,118800.0,75600.0
ITM-0001695,ORD-000467,PRD-0007,4,33250.0,23700.0,7.5,9975.0,123025.0,94800.0
ITM-0001696,ORD-000467,PRD-0066,16,5300.0,3250.0,0.0,0.0,84800.0,52000.0
ITM-0001697,ORD-000468,PRD-0063,14,12650.0,8000.0,5.0,8855.0,168245.0,112000.0
ITM-0001698,ORD-000468,PRD-0040,3,70550.0,49600.0,5.0,10582.5,201067.5,148800.0
ITM-0001699,ORD-000468,PRD-0066,19,5300.0,3250.0,10.0,10070.0,90630.0,61750.0
ITM-0001700,ORD-000468,PRD-0017,6,15250.0,10000.0,7.5,6862.5,84637.5,60000.0
ITM-0001701,ORD-000468,PRD-0034,17,2800.0,1650.0,5.0,2380.0,45220.0,28050.0
ITM-0001702,ORD-000468,PRD-0014,3,199750.0,146450.0,2.5,14981.25,584268.75,439350.0
ITM-0001703,ORD-000468,PRD-0069,17,41700.0,30300.0,5.0,35445.0,673455.0,515100.0
ITM-0001704,ORD-000469,PRD-0013,57,8750.0,5350.0,2.5,12468.75,486281.25,304950.0
ITM-0001705,ORD-000469,PRD-0037,38,7650.0,5500.0,5.0,14535.0,276165.0,209000.0
ITM-0001706,ORD-000469,PRD-0007,16,33250.0,23700.0,10.0,53200.0,478800.0,379200.0
ITM-0001707,ORD-000469,PRD-0034,16,2800.0,1650.0,5.0,2240.0,42560.0,26400.0
ITM-0001708,ORD-000469,PRD-0053,5,50250.0,36300.0,7.5,18843.75,232406.25,181500.0
ITM-0001709,ORD-000470,PRD-0066,9,5300.0,3250.0,10.0,4770.0,42930.0,29250.0
ITM-0001710,ORD-000470,PRD-0017,9,15250.0,10000.0,2.5,3431.25,133818.75,90000.0
ITM-0001711,ORD-000471,PRD-0009,3,75050.0,56000.0,2.5,5628.75,219521.25,168000.0
ITM-0001712,ORD-000472,PRD-0052,6,40400.0,29250.0,10.0,24240.0,218160.0,175500.0
ITM-0001713,ORD-000473,PRD-0066,46,5300.0,3250.0,7.5,18285.0,225515.0,149500.0
ITM-0001714,ORD-000473,PRD-0015,3,19300.0,12700.0,0.0,0.0,57900.0,38100.0
ITM-0001715,ORD-000474,PRD-0062,17,13700.0,9000.0,7.5,17467.5,215432.5,153000.0
ITM-0001716,ORD-000474,PRD-0034,7,2800.0,1650.0,10.0,1960.0,17640.0,11550.0
ITM-0001717,ORD-000474,PRD-0014,10,199750.0,146450.0,0.0,0.0,1997500.0,1464500.0
ITM-0001718,ORD-000474,PRD-0049,36,2250.0,1400.0,7.5,6075.0,74925.0,50400.0
ITM-0001719,ORD-000475,PRD-0064,2,40250.0,28850.0,7.5,6037.5,74462.5,57700.0
ITM-0001720,ORD-000475,PRD-0069,10,41700.0,30300.0,5.0,20850.0,396150.0,303000.0
ITM-0001721,ORD-000475,PRD-0045,20,4400.0,2800.0,10.0,8800.0,79200.0,56000.0
ITM-0001722,ORD-000475,PRD-0036,10,170650.0,122850.0,0.0,0.0,1706500.0,1228500.0
ITM-0001723,ORD-000475,PRD-0052,2,40400.0,29250.0,5.0,4040.0,76760.0,58500.0
ITM-0001724,ORD-000475,PRD-0009,7,75050.0,56000.0,2.5,13133.75,512216.25,392000.0
ITM-0001725,ORD-000476,PRD-0062,24,13700.0,9000.0,0.0,0.0,328800.0,216000.0
ITM-0001726,ORD-000476,PRD-0040,10,70550.0,49600.0,7.5,52912.5,652587.5,496000.0
ITM-0001727,ORD-000476,PRD-0034,3,2800.0,1650.0,0.0,0.0,8400.0,4950.0
ITM-0001728,ORD-000476,PRD-0052,21,40400.0,29250.0,0.0,0.0,848400.0,614250.0
ITM-0001729,ORD-000476,PRD-0004,51,7100.0,4600.0,5.0,18105.0,343995.0,234600.0
ITM-0001730,ORD-000476,PRD-0049,44,2250.0,1400.0,2.5,2475.0,96525.0,61600.0
ITM-0001731,ORD-000476,PRD-0005,24,11500.0,7900.0,2.5,6900.0,269100.0,189600.0
ITM-0001732,ORD-000477,PRD-0034,8,2800.0,1650.0,0.0,0.0,22400.0,13200.0
ITM-0001733,ORD-000477,PRD-0052,1,40400.0,29250.0,5.0,2020.0,38380.0,29250.0
ITM-0001734,ORD-000478,PRD-0063,15,12650.0,8000.0,2.5,4743.75,185006.25,120000.0
ITM-0001735,ORD-000478,PRD-0056,3,16900.0,12000.0,7.5,3802.5,46897.5,36000.0
ITM-0001736,ORD-000478,PRD-0037,12,7650.0,5500.0,10.0,9180.0,82620.0,66000.0
ITM-0001737,ORD-000478,PRD-0020,2,31900.0,22100.0,5.0,3190.0,60610.0,44200.0
ITM-0001738,ORD-000479,PRD-0026,29,5050.0,3050.0,2.5,3661.25,142788.75,88450.0
ITM-0001739,ORD-000479,PRD-0019,5,2950.0,1850.0,5.0,737.5,14012.5,9250.0
ITM-0001740,ORD-000479,PRD-0017,4,15250.0,10000.0,5.0,3050.0,57950.0,40000.0
ITM-0001741,ORD-000479,PRD-0037,19,7650.0,5500.0,12.5,18168.75,127181.25,104500.0
ITM-0001742,ORD-000479,PRD-0030,5,35850.0,25550.0,7.5,13443.75,165806.25,127750.0
ITM-0001743,ORD-000480,PRD-0031,24,1600.0,900.0,0.0,0.0,38400.0,21600.0
ITM-0001744,ORD-000480,PRD-0019,17,2950.0,1850.0,2.5,1253.75,48896.25,31450.0
ITM-0001745,ORD-000480,PRD-0049,28,2250.0,1400.0,0.0,0.0,63000.0,39200.0
ITM-0001746,ORD-000481,PRD-0039,24,13350.0,9100.0,0.0,0.0,320400.0,218400.0
ITM-0001747,ORD-000481,PRD-0045,24,4400.0,2800.0,5.0,5280.0,100320.0,67200.0
ITM-0001748,ORD-000481,PRD-0060,3,16450.0,11150.0,10.0,4935.0,44415.0,33450.0
ITM-0001749,ORD-000482,PRD-0028,36,6400.0,4200.0,7.5,17280.0,213120.0,151200.0
ITM-0001750,ORD-000482,PRD-0063,24,12650.0,8000.0,5.0,15180.0,288420.0,192000.0
ITM-0001751,ORD-000482,PRD-0053,20,50250.0,36300.0,2.5,25125.0,979875.0,726000.0
ITM-0001752,ORD-000483,PRD-0036,6,170650.0,122850.0,7.5,76792.5,947107.5,737100.0
ITM-0001753,ORD-000483,PRD-0058,7,28050.0,19450.0,2.5,4908.75,191441.25,136150.0
ITM-0001754,ORD-000483,PRD-0030,8,35850.0,25550.0,2.5,7170.0,279630.0,204400.0
ITM-0001755,ORD-000484,PRD-0048,2,160400.0,117650.0,2.5,8020.0,312780.0,235300.0
ITM-0001756,ORD-000484,PRD-0003,14,88300.0,65000.0,10.0,123620.0,1112580.0,910000.0
ITM-0001757,ORD-000484,PRD-0017,2,15250.0,10000.0,0.0,0.0,30500.0,20000.0
ITM-0001758,ORD-000484,PRD-0039,29,13350.0,9100.0,2.5,9678.75,377471.25,263900.0
ITM-0001759,ORD-000484,PRD-0034,14,2800.0,1650.0,0.0,0.0,39200.0,23100.0
ITM-0001760,ORD-000485,PRD-0032,3,383350.0,305700.0,5.0,57502.5,1092547.5,917100.0
ITM-0001761,ORD-000485,PRD-0034,3,2800.0,1650.0,5.0,420.0,7980.0,4950.0
ITM-0001762,ORD-000485,PRD-0006,3,27000.0,19650.0,7.5,6075.0,74925.0,58950.0
ITM-0001763,ORD-000486,PRD-0038,5,32300.0,22650.0,5.0,8075.0,153425.0,113250.0
ITM-0001764,ORD-000486,PRD-0034,7,2800.0,1650.0,5.0,980.0,18620.0,11550.0
ITM-0001765,ORD-000486,PRD-0007,7,33250.0,23700.0,5.0,11637.5,221112.5,165900.0
ITM-0001766,ORD-000486,PRD-0050,25,1200.0,650.0,7.5,2250.0,27750.0,16250.0
ITM-0001767,ORD-000486,PRD-0039,14,13350.0,9100.0,5.0,9345.0,177555.0,127400.0
ITM-0001768,ORD-000487,PRD-0048,6,160400.0,117650.0,2.5,24060.0,938340.0,705900.0
ITM-0001769,ORD-000487,PRD-0004,36,7100.0,4600.0,5.0,12780.0,242820.0,165600.0
ITM-0001770,ORD-000487,PRD-0045,30,4400.0,2800.0,2.5,3300.0,128700.0,84000.0
ITM-0001771,ORD-000488,PRD-0040,3,70550.0,49600.0,10.0,21165.0,190485.0,148800.0
ITM-0001772,ORD-000489,PRD-0034,2,2800.0,1650.0,5.0,280.0,5320.0,3300.0
ITM-0001773,ORD-000489,PRD-0004,5,7100.0,4600.0,5.0,1775.0,33725.0,23000.0
ITM-0001774,ORD-000490,PRD-0030,6,35850.0,25550.0,12.5,26887.5,188212.5,153300.0
ITM-0001775,ORD-000490,PRD-0062,16,13700.0,9000.0,7.5,16440.0,202760.0,144000.0
ITM-0001776,ORD-000491,PRD-0032,4,383350.0,305700.0,0.0,0.0,1533400.0,1222800.0
ITM-0001777,ORD-000491,PRD-0040,4,70550.0,49600.0,10.0,28220.0,253980.0,198400.0
ITM-0001778,ORD-000491,PRD-0034,4,2800.0,1650.0,5.0,560.0,10640.0,6600.0
ITM-0001779,ORD-000491,PRD-0055,6,43600.0,31400.0,5.0,13080.0,248520.0,188400.0
ITM-0001780,ORD-000492,PRD-0030,7,35850.0,25550.0,2.5,6273.75,244676.25,178850.0
ITM-0001781,ORD-000492,PRD-0038,5,32300.0,22650.0,7.5,12112.5,149387.5,113250.0
ITM-0001782,ORD-000492,PRD-0052,2,40400.0,29250.0,0.0,0.0,80800.0,58500.0
ITM-0001783,ORD-000492,PRD-0015,2,19300.0,12700.0,7.5,2895.0,35705.0,25400.0
ITM-0001784,ORD-000493,PRD-0032,6,383350.0,305700.0,5.0,115005.0,2185095.0,1834200.0
ITM-0001785,ORD-000493,PRD-0069,6,41700.0,30300.0,10.0,25020.0,225180.0,181800.0
ITM-0001786,ORD-000493,PRD-0013,24,8750.0,5350.0,2.5,5250.0,204750.0,128400.0
ITM-0001787,ORD-000493,PRD-0027,27,11500.0,7200.0,7.5,23287.5,287212.5,194400.0
ITM-0001788,ORD-000493,PRD-0036,12,170650.0,122850.0,5.0,102390.0,1945410.0,1474200.0
ITM-0001789,ORD-000493,PRD-0010,18,50450.0,37650.0,5.0,45405.0,862695.0,677700.0
ITM-0001790,ORD-000494,PRD-0013,17,8750.0,5350.0,5.0,7437.5,141312.5,90950.0
ITM-0001791,ORD-000494,PRD-0034,1,2800.0,1650.0,2.5,70.0,2730.0,1650.0
ITM-0001792,ORD-000494,PRD-0007,6,33250.0,23700.0,0.0,0.0,199500.0,142200.0
ITM-0001793,ORD-000494,PRD-0066,14,5300.0,3250.0,5.0,3710.0,70490.0,45500.0
ITM-0001794,ORD-000494,PRD-0049,4,2250.0,1400.0,0.0,0.0,9000.0,5600.0
ITM-0001795,ORD-000495,PRD-0027,40,11500.0,7200.0,7.5,34500.0,425500.0,288000.0
ITM-0001796,ORD-000496,PRD-0009,7,75050.0,56000.0,5.0,26267.5,499082.5,392000.0
ITM-0001797,ORD-000496,PRD-0039,30,13350.0,9100.0,5.0,20025.0,380475.0,273000.0
ITM-0001798,ORD-000496,PRD-0052,13,40400.0,29250.0,10.0,52520.0,472680.0,380250.0
ITM-0001799,ORD-000496,PRD-0024,73,17950.0,12350.0,10.0,131035.0,1179315.0,901550.0
ITM-0001800,ORD-000496,PRD-0019,47,2950.0,1850.0,5.0,6932.5,131717.5,86950.0
ITM-0001801,ORD-000497,PRD-0064,3,40250.0,28850.0,7.5,9056.25,111693.75,86550.0
ITM-0001802,ORD-000497,PRD-0050,26,1200.0,650.0,2.5,780.0,30420.0,16900.0
ITM-0001803,ORD-000497,PRD-0045,11,4400.0,2800.0,0.0,0.0,48400.0,30800.0
ITM-0001804,ORD-000497,PRD-0066,34,5300.0,3250.0,10.0,18020.0,162180.0,110500.0
ITM-0001805,ORD-000497,PRD-0030,20,35850.0,25550.0,5.0,35850.0,681150.0,511000.0
ITM-0001806,ORD-000498,PRD-0021,5,151550.0,109750.0,0.0,0.0,757750.0,548750.0
ITM-0001807,ORD-000498,PRD-0034,4,2800.0,1650.0,12.5,1400.0,9800.0,6600.0
ITM-0001808,ORD-000499,PRD-0045,31,4400.0,2800.0,2.5,3410.0,132990.0,86800.0
ITM-0001809,ORD-000499,PRD-0028,38,6400.0,4200.0,0.0,0.0,243200.0,159600.0
ITM-0001810,ORD-000499,PRD-0069,5,41700.0,30300.0,10.0,20850.0,187650.0,151500.0
ITM-0001811,ORD-000500,PRD-0012,5,42850.0,31750.0,5.0,10712.5,203537.5,158750.0
ITM-0001812,ORD-000500,PRD-0016,13,18750.0,12900.0,2.5,6093.75,237656.25,167700.0
ITM-0001813,ORD-000500,PRD-0031,16,1600.0,900.0,5.0,1280.0,24320.0,14400.0
ITM-0001814,ORD-000501,PRD-0034,8,2800.0,1650.0,2.5,560.0,21840.0,13200.0
ITM-0001815,ORD-000502,PRD-0033,4,88100.0,66350.0,5.0,17620.0,334780.0,265400.0
ITM-0001816,ORD-000502,PRD-0066,25,5300.0,3250.0,5.0,6625.0,125875.0,81250.0
ITM-0001817,ORD-000502,PRD-0013,34,8750.0,5350.0,0.0,0.0,297500.0,181900.0
ITM-0001818,ORD-000502,PRD-0005,13,11500.0,7900.0,7.5,11212.5,138287.5,102700.0
ITM-0001819,ORD-000503,PRD-0007,13,33250.0,23700.0,2.5,10806.25,421443.75,308100.0
ITM-0001820,ORD-000503,PRD-0053,10,50250.0,36300.0,0.0,0.0,502500.0,363000.0
ITM-0001821,ORD-000504,PRD-0016,3,18750.0,12900.0,10.0,5625.0,50625.0,38700.0
ITM-0001822,ORD-000504,PRD-0032,16,383350.0,305700.0,7.5,460020.0,5673580.0,4891200.0
ITM-0001823,ORD-000504,PRD-0040,16,70550.0,49600.0,0.0,0.0,1128800.0,793600.0
ITM-0001824,ORD-000504,PRD-0037,32,7650.0,5500.0,12.5,30600.0,214200.0,176000.0
ITM-0001825,ORD-000504,PRD-0015,8,19300.0,12700.0,2.5,3860.0,150540.0,101600.0
ITM-0001826,ORD-000505,PRD-0034,8,2800.0,1650.0,5.0,1120.0,21280.0,13200.0
ITM-0001827,ORD-000505,PRD-0038,11,32300.0,22650.0,0.0,0.0,355300.0,249150.0
ITM-0001828,ORD-000505,PRD-0013,42,8750.0,5350.0,5.0,18375.0,349125.0,224700.0
ITM-0001829,ORD-000505,PRD-0062,23,13700.0,9000.0,5.0,15755.0,299345.0,207000.0
ITM-0001830,ORD-000506,PRD-0014,10,199750.0,146450.0,7.5,149812.5,1847687.5,1464500.0
ITM-0001831,ORD-000506,PRD-0023,10,46600.0,33950.0,12.5,58250.0,407750.0,339500.0
ITM-0001832,ORD-000507,PRD-0066,12,5300.0,3250.0,10.0,6360.0,57240.0,39000.0
ITM-0001833,ORD-000507,PRD-0034,12,2800.0,1650.0,0.0,0.0,33600.0,19800.0
ITM-0001834,ORD-000507,PRD-0050,36,1200.0,650.0,10.0,4320.0,38880.0,23400.0
ITM-0001835,ORD-000508,PRD-0005,33,11500.0,7900.0,10.0,37950.0,341550.0,260700.0
ITM-0001836,ORD-000508,PRD-0014,14,199750.0,146450.0,7.5,209737.5,2586762.5,2050300.0
ITM-0001837,ORD-000508,PRD-0034,5,2800.0,1650.0,0.0,0.0,14000.0,8250.0
ITM-0001838,ORD-000508,PRD-0023,8,46600.0,33950.0,2.5,9320.0,363480.0,271600.0
ITM-0001839,ORD-000508,PRD-0007,14,33250.0,23700.0,5.0,23275.0,442225.0,331800.0
ITM-0001840,ORD-000508,PRD-0058,5,28050.0,19450.0,5.0,7012.5,133237.5,97250.0
ITM-0001841,ORD-000509,PRD-0007,3,33250.0,23700.0,0.0,0.0,99750.0,71100.0
ITM-0001842,ORD-000509,PRD-0048,7,160400.0,117650.0,2.5,28070.0,1094730.0,823550.0
ITM-0001843,ORD-000510,PRD-0063,63,12650.0,8000.0,5.0,39847.5,757102.5,504000.0
ITM-0001844,ORD-000510,PRD-0014,13,199750.0,146450.0,12.5,324593.75,2272156.25,1903850.0
ITM-0001845,ORD-000510,PRD-0027,73,11500.0,7200.0,7.5,62962.5,776537.5,525600.0
ITM-0001846,ORD-000511,PRD-0021,6,151550.0,109750.0,5.0,45465.0,863835.0,658500.0
ITM-0001847,ORD-000511,PRD-0009,8,75050.0,56000.0,12.5,75050.0,525350.0,448000.0
ITM-0001848,ORD-000511,PRD-0007,6,33250.0,23700.0,2.5,4987.5,194512.5,142200.0
ITM-0001849,ORD-000511,PRD-0023,3,46600.0,33950.0,5.0,6990.0,132810.0,101850.0
ITM-0001850,ORD-000512,PRD-0028,28,6400.0,4200.0,7.5,13440.0,165760.0,117600.0
ITM-0001851,ORD-000512,PRD-0003,3,88300.0,65000.0,7.5,19867.5,245032.5,195000.0
ITM-0001852,ORD-000512,PRD-0023,5,46600.0,33950.0,2.5,5825.0,227175.0,169750.0
ITM-0001853,ORD-000512,PRD-0034,5,2800.0,1650.0,5.0,700.0,13300.0,8250.0
ITM-0001854,ORD-000513,PRD-0054,9,6000.0,4000.0,10.0,5400.0,48600.0,36000.0
ITM-0001855,ORD-000513,PRD-0007,5,33250.0,23700.0,0.0,0.0,166250.0,118500.0
ITM-0001856,ORD-000514,PRD-0012,5,42850.0,31750.0,10.0,21425.0,192825.0,158750.0
ITM-0001857,ORD-000514,PRD-0011,7,50250.0,35950.0,10.0,35175.0,316575.0,251650.0
ITM-0001858,ORD-000514,PRD-0030,13,35850.0,25550.0,10.0,46605.0,419445.0,332150.0
ITM-0001859,ORD-000514,PRD-0040,6,70550.0,49600.0,10.0,42330.0,380970.0,297600.0
ITM-0001860,ORD-000514,PRD-0053,4,50250.0,36300.0,10.0,20100.0,180900.0,145200.0
ITM-0001861,ORD-000515,PRD-0066,13,5300.0,3250.0,5.0,3445.0,65455.0,42250.0
ITM-0001862,ORD-000515,PRD-0006,9,27000.0,19650.0,0.0,0.0,243000.0,176850.0
ITM-0001863,ORD-000515,PRD-0013,9,8750.0,5350.0,5.0,3937.5,74812.5,48150.0
ITM-0001864,ORD-000515,PRD-0034,7,2800.0,1650.0,5.0,980.0,18620.0,11550.0
ITM-0001865,ORD-000515,PRD-0021,9,151550.0,109750.0,7.5,102296.25,1261653.75,987750.0
ITM-0001866,ORD-000515,PRD-0018,4,39400.0,29550.0,0.0,0.0,157600.0,118200.0
ITM-0001867,ORD-000515,PRD-0027,24,11500.0,7200.0,2.5,6900.0,269100.0,172800.0
ITM-0001868,ORD-000516,PRD-0033,16,88100.0,66350.0,7.5,105720.0,1303880.0,1061600.0
ITM-0001869,ORD-000516,PRD-0065,31,9000.0,5800.0,0.0,0.0,279000.0,179800.0
ITM-0001870,ORD-000516,PRD-0036,8,170650.0,122850.0,0.0,0.0,1365200.0,982800.0
ITM-0001871,ORD-000516,PRD-0021,13,151550.0,109750.0,0.0,0.0,1970150.0,1426750.0
ITM-0001872,ORD-000517,PRD-0005,12,11500.0,7900.0,5.0,6900.0,131100.0,94800.0
ITM-0001873,ORD-000517,PRD-0034,21,2800.0,1650.0,0.0,0.0,58800.0,34650.0
ITM-0001874,ORD-000517,PRD-0038,21,32300.0,22650.0,2.5,16957.5,661342.5,475650.0
ITM-0001875,ORD-000517,PRD-0058,25,28050.0,19450.0,5.0,35062.5,666187.5,486250.0
ITM-0001876,ORD-000517,PRD-0053,25,50250.0,36300.0,7.5,94218.75,1162031.25,907500.0
ITM-0001877,ORD-000517,PRD-0049,12,2250.0,1400.0,7.5,2025.0,24975.0,16800.0
ITM-0001878,ORD-000517,PRD-0052,25,40400.0,29250.0,5.0,50500.0,959500.0,731250.0
ITM-0001879,ORD-000518,PRD-0053,15,50250.0,36300.0,5.0,37687.5,716062.5,544500.0
ITM-0001880,ORD-000518,PRD-0033,7,88100.0,66350.0,2.5,15417.5,601282.5,464450.0
ITM-0001881,ORD-000518,PRD-0007,10,33250.0,23700.0,12.5,41562.5,290937.5,237000.0
ITM-0001882,ORD-000518,PRD-0013,20,8750.0,5350.0,2.5,4375.0,170625.0,107000.0
ITM-0001883,ORD-000519,PRD-0045,6,4400.0,2800.0,2.5,660.0,25740.0,16800.0
ITM-0001884,ORD-000520,PRD-0017,3,15250.0,10000.0,0.0,0.0,45750.0,30000.0
ITM-0001885,ORD-000520,PRD-0005,5,11500.0,7900.0,7.5,4312.5,53187.5,39500.0
ITM-0001886,ORD-000520,PRD-0007,6,33250.0,23700.0,10.0,19950.0,179550.0,142200.0
ITM-0001887,ORD-000520,PRD-0008,3,11400.0,7800.0,0.0,0.0,34200.0,23400.0
ITM-0001888,ORD-000521,PRD-0069,11,41700.0,30300.0,5.0,22935.0,435765.0,333300.0
ITM-0001889,ORD-000521,PRD-0007,4,33250.0,23700.0,10.0,13300.0,119700.0,94800.0
ITM-0001890,ORD-000521,PRD-0021,13,151550.0,109750.0,10.0,197015.0,1773135.0,1426750.0
ITM-0001891,ORD-000521,PRD-0048,6,160400.0,117650.0,2.5,24060.0,938340.0,705900.0
ITM-0001892,ORD-000522,PRD-0022,3,13950.0,9250.0,10.0,4185.0,37665.0,27750.0
ITM-0001893,ORD-000522,PRD-0034,11,2800.0,1650.0,10.0,3080.0,27720.0,18150.0
ITM-0001894,ORD-000522,PRD-0045,28,4400.0,2800.0,2.5,3080.0,120120.0,78400.0
ITM-0001895,ORD-000522,PRD-0016,14,18750.0,12900.0,7.5,19687.5,242812.5,180600.0
ITM-0001896,ORD-000523,PRD-0022,4,13950.0,9250.0,2.5,1395.0,54405.0,37000.0
ITM-0001897,ORD-000524,PRD-0028,26,6400.0,4200.0,2.5,4160.0,162240.0,109200.0
ITM-0001898,ORD-000524,PRD-0014,7,199750.0,146450.0,7.5,104868.75,1293381.25,1025150.0
ITM-0001899,ORD-000524,PRD-0016,2,18750.0,12900.0,7.5,2812.5,34687.5,25800.0
ITM-0001900,ORD-000525,PRD-0032,5,383350.0,305700.0,12.5,239593.75,1677156.25,1528500.0
ITM-0001901,ORD-000525,PRD-0063,30,12650.0,8000.0,10.0,37950.0,341550.0,240000.0
ITM-0001902,ORD-000525,PRD-0027,17,11500.0,7200.0,2.5,4887.5,190612.5,122400.0
ITM-0001903,ORD-000526,PRD-0067,11,2050.0,1250.0,7.5,1691.25,20858.75,13750.0
ITM-0001904,ORD-000526,PRD-0069,5,41700.0,30300.0,10.0,20850.0,187650.0,151500.0
ITM-0001905,ORD-000526,PRD-0049,24,2250.0,1400.0,0.0,0.0,54000.0,33600.0
ITM-0001906,ORD-000526,PRD-0066,18,5300.0,3250.0,12.5,11925.0,83475.0,58500.0
ITM-0001907,ORD-000527,PRD-0005,10,11500.0,7900.0,5.0,5750.0,109250.0,79000.0
ITM-0001908,ORD-000527,PRD-0008,12,11400.0,7800.0,12.5,17100.0,119700.0,93600.0
ITM-0001909,ORD-000528,PRD-0011,1,50250.0,35950.0,0.0,0.0,50250.0,35950.0
ITM-0001910,ORD-000528,PRD-0069,5,41700.0,30300.0,0.0,0.0,208500.0,151500.0
ITM-0001911,ORD-000528,PRD-0037,13,7650.0,5500.0,7.5,7458.75,91991.25,71500.0
ITM-0001912,ORD-000529,PRD-0066,10,5300.0,3250.0,2.5,1325.0,51675.0,32500.0
ITM-0001913,ORD-000529,PRD-0005,24,11500.0,7900.0,10.0,27600.0,248400.0,189600.0
ITM-0001914,ORD-000530,PRD-0036,6,170650.0,122850.0,7.5,76792.5,947107.5,737100.0
ITM-0001915,ORD-000530,PRD-0058,6,28050.0,19450.0,5.0,8415.0,159885.0,116700.0
ITM-0001916,ORD-000530,PRD-0066,6,5300.0,3250.0,7.5,2385.0,29415.0,19500.0
ITM-0001917,ORD-000530,PRD-0034,10,2800.0,1650.0,10.0,2800.0,25200.0,16500.0
ITM-0001918,ORD-000530,PRD-0033,8,88100.0,66350.0,2.5,17620.0,687180.0,530800.0
ITM-0001919,ORD-000530,PRD-0011,2,50250.0,35950.0,0.0,0.0,100500.0,71900.0
ITM-0001920,ORD-000531,PRD-0034,4,2800.0,1650.0,0.0,0.0,11200.0,6600.0
ITM-0001921,ORD-000531,PRD-0011,11,50250.0,35950.0,2.5,13818.75,538931.25,395450.0
ITM-0001922,ORD-000531,PRD-0045,49,4400.0,2800.0,2.5,5390.0,210210.0,137200.0
ITM-0001923,ORD-000531,PRD-0024,56,17950.0,12350.0,10.0,100520.0,904680.0,691600.0
ITM-0001924,ORD-000531,PRD-0066,30,5300.0,3250.0,5.0,7950.0,151050.0,97500.0
ITM-0001925,ORD-000531,PRD-0027,94,11500.0,7200.0,7.5,81075.0,999925.0,676800.0
ITM-0001926,ORD-000531,PRD-0058,23,28050.0,19450.0,2.5,16128.75,629021.25,447350.0
ITM-0001927,ORD-000532,PRD-0005,11,11500.0,7900.0,2.5,3162.5,123337.5,86900.0
ITM-0001928,ORD-000532,PRD-0013,24,8750.0,5350.0,7.5,15750.0,194250.0,128400.0
ITM-0001929,ORD-000533,PRD-0066,14,5300.0,3250.0,5.0,3710.0,70490.0,45500.0
ITM-0001930,ORD-000533,PRD-0007,4,33250.0,23700.0,5.0,6650.0,126350.0,94800.0
ITM-0001931,ORD-000533,PRD-0063,25,12650.0,8000.0,7.5,23718.75,292531.25,200000.0
ITM-0001932,ORD-000534,PRD-0027,28,11500.0,7200.0,5.0,16100.0,305900.0,201600.0
ITM-0001933,ORD-000535,PRD-0052,10,40400.0,29250.0,0.0,0.0,404000.0,292500.0
ITM-0001934,ORD-000535,PRD-0049,44,2250.0,1400.0,0.0,0.0,99000.0,61600.0
ITM-0001935,ORD-000535,PRD-0022,13,13950.0,9250.0,0.0,0.0,181350.0,120250.0
ITM-0001936,ORD-000535,PRD-0036,3,170650.0,122850.0,5.0,25597.5,486352.5,368550.0
ITM-0001937,ORD-000536,PRD-0057,2,25450.0,17350.0,10.0,5090.0,45810.0,34700.0
ITM-0001938,ORD-000536,PRD-0031,10,1600.0,900.0,10.0,1600.0,14400.0,9000.0
ITM-0001939,ORD-000536,PRD-0048,6,160400.0,117650.0,10.0,96240.0,866160.0,705900.0
ITM-0001940,ORD-000537,PRD-0035,6,195800.0,149250.0,7.5,88110.0,1086690.0,895500.0
ITM-0001941,ORD-000537,PRD-0066,9,5300.0,3250.0,0.0,0.0,47700.0,29250.0
ITM-0001942,ORD-000537,PRD-0031,5,1600.0,900.0,0.0,0.0,8000.0,4500.0
ITM-0001943,ORD-000538,PRD-0046,4,141200.0,107400.0,7.5,42360.0,522440.0,429600.0
ITM-0001944,ORD-000538,PRD-0045,29,4400.0,2800.0,7.5,9570.0,118030.0,81200.0
ITM-0001945,ORD-000538,PRD-0053,6,50250.0,36300.0,0.0,0.0,301500.0,217800.0
ITM-0001946,ORD-000539,PRD-0057,3,25450.0,17350.0,5.0,3817.5,72532.5,52050.0
ITM-0001947,ORD-000539,PRD-0005,3,11500.0,7900.0,0.0,0.0,34500.0,23700.0
ITM-0001948,ORD-000539,PRD-0030,7,35850.0,25550.0,5.0,12547.5,238402.5,178850.0
ITM-0001949,ORD-000539,PRD-0028,6,6400.0,4200.0,5.0,1920.0,36480.0,25200.0
ITM-0001950,ORD-000540,PRD-0027,19,11500.0,7200.0,12.5,27312.5,191187.5,136800.0
ITM-0001951,ORD-000541,PRD-0070,9,5100.0,3300.0,10.0,4590.0,41310.0,29700.0
ITM-0001952,ORD-000541,PRD-0034,6,2800.0,1650.0,0.0,0.0,16800.0,9900.0
ITM-0001953,ORD-000542,PRD-0023,14,46600.0,33950.0,7.5,48930.0,603470.0,475300.0
ITM-0001954,ORD-000542,PRD-0067,28,2050.0,1250.0,7.5,4305.0,53095.0,35000.0
ITM-0001955,ORD-000542,PRD-0005,42,11500.0,7900.0,12.5,60375.0,422625.0,331800.0
ITM-0001956,ORD-000542,PRD-0013,34,8750.0,5350.0,5.0,14875.0,282625.0,181900.0
ITM-0001957,ORD-000542,PRD-0011,8,50250.0,35950.0,7.5,30150.0,371850.0,287600.0
ITM-0001958,ORD-000542,PRD-0033,3,88100.0,66350.0,10.0,26430.0,237870.0,199050.0
ITM-0001959,ORD-000542,PRD-0063,70,12650.0,8000.0,10.0,88550.0,796950.0,560000.0
ITM-0001960,ORD-000543,PRD-0059,29,1850.0,1050.0,2.5,1341.25,52308.75,30450.0
ITM-0001961,ORD-000543,PRD-0050,16,1200.0,650.0,2.5,480.0,18720.0,10400.0
ITM-0001962,ORD-000543,PRD-0005,22,11500.0,7900.0,5.0,12650.0,240350.0,173800.0
ITM-0001963,ORD-000543,PRD-0032,2,383350.0,305700.0,5.0,38335.0,728365.0,611400.0
ITM-0001964,ORD-000544,PRD-0037,6,7650.0,5500.0,5.0,2295.0,43605.0,33000.0
ITM-0001965,ORD-000544,PRD-0069,1,41700.0,30300.0,0.0,0.0,41700.0,30300.0
ITM-0001966,ORD-000545,PRD-0032,14,383350.0,305700.0,2.5,134172.5,5232727.5,4279800.0
ITM-0001967,ORD-000545,PRD-0028,25,6400.0,4200.0,10.0,16000.0,144000.0,105000.0
ITM-0001968,ORD-000545,PRD-0007,5,33250.0,23700.0,10.0,16625.0,149625.0,118500.0
ITM-0001969,ORD-000545,PRD-0018,5,39400.0,29550.0,5.0,9850.0,187150.0,147750.0
ITM-0001970,ORD-000546,PRD-0060,9,16450.0,11150.0,5.0,7402.5,140647.5,100350.0
ITM-0001971,ORD-000546,PRD-0037,69,7650.0,5500.0,12.5,65981.25,461868.75,379500.0
ITM-0001972,ORD-000547,PRD-0053,7,50250.0,36300.0,0.0,0.0,351750.0,254100.0
ITM-0001973,ORD-000547,PRD-0034,5,2800.0,1650.0,2.5,350.0,13650.0,8250.0
ITM-0001974,ORD-000547,PRD-0045,11,4400.0,2800.0,5.0,2420.0,45980.0,30800.0
ITM-0001975,ORD-000547,PRD-0033,4,88100.0,66350.0,2.5,8810.0,343590.0,265400.0
ITM-0001976,ORD-000547,PRD-0011,7,50250.0,35950.0,0.0,0.0,351750.0,251650.0
ITM-0001977,ORD-000548,PRD-0066,14,5300.0,3250.0,7.5,5565.0,68635.0,45500.0
ITM-0001978,ORD-000548,PRD-0022,6,13950.0,9250.0,10.0,8370.0,75330.0,55500.0
ITM-0001979,ORD-000548,PRD-0005,20,11500.0,7900.0,5.0,11500.0,218500.0,158000.0
ITM-0001980,ORD-000548,PRD-0031,30,1600.0,900.0,0.0,0.0,48000.0,27000.0
ITM-0001981,ORD-000548,PRD-0052,4,40400.0,29250.0,5.0,8080.0,153520.0,117000.0
ITM-0001982,ORD-000549,PRD-0051,34,7700.0,4850.0,0.0,0.0,261800.0,164900.0
ITM-0001983,ORD-000549,PRD-0038,17,32300.0,22650.0,7.5,41182.5,507917.5,385050.0
ITM-0001984,ORD-000549,PRD-0034,11,2800.0,1650.0,12.5,3850.0,26950.0,18150.0
ITM-0001985,ORD-000549,PRD-0031,26,1600.0,900.0,10.0,4160.0,37440.0,23400.0
ITM-0001986,ORD-000549,PRD-0009,6,75050.0,56000.0,5.0,22515.0,427785.0,336000.0
ITM-0001987,ORD-000550,PRD-0063,30,12650.0,8000.0,7.5,28462.5,351037.5,240000.0
ITM-0001988,ORD-000550,PRD-0006,1,27000.0,19650.0,5.0,1350.0,25650.0,19650.0
ITM-0001989,ORD-000550,PRD-0034,1,2800.0,1650.0,10.0,280.0,2520.0,1650.0
ITM-0001990,ORD-000550,PRD-0041,1,70000.0,52200.0,7.5,5250.0,64750.0,52200.0
ITM-0001991,ORD-000551,PRD-0004,9,7100.0,4600.0,5.0,3195.0,60705.0,41400.0
ITM-0001992,ORD-000552,PRD-0066,9,5300.0,3250.0,7.5,3577.5,44122.5,29250.0
ITM-0001993,ORD-000552,PRD-0003,3,88300.0,65000.0,10.0,26490.0,238410.0,195000.0
ITM-0001994,ORD-000552,PRD-0069,2,41700.0,30300.0,10.0,8340.0,75060.0,60600.0
ITM-0001995,ORD-000552,PRD-0064,2,40250.0,28850.0,5.0,4025.0,76475.0,57700.0
ITM-0001996,ORD-000553,PRD-0050,12,1200.0,650.0,5.0,720.0,13680.0,7800.0
ITM-0001997,ORD-000553,PRD-0034,5,2800.0,1650.0,12.5,1750.0,12250.0,8250.0
ITM-0001998,ORD-000553,PRD-0053,6,50250.0,36300.0,7.5,22612.5,278887.5,217800.0
ITM-0001999,ORD-000553,PRD-0005,15,11500.0,7900.0,5.0,8625.0,163875.0,118500.0
ITM-0002000,ORD-000554,PRD-0044,24,3350.0,2000.0,0.0,0.0,80400.0,48000.0
ITM-0002001,ORD-000554,PRD-0066,34,5300.0,3250.0,10.0,18020.0,162180.0,110500.0
ITM-0002002,ORD-000555,PRD-0063,32,12650.0,8000.0,0.0,0.0,404800.0,256000.0
ITM-0002003,ORD-000555,PRD-0005,37,11500.0,7900.0,12.5,53187.5,372312.5,292300.0
ITM-0002004,ORD-000555,PRD-0007,7,33250.0,23700.0,10.0,23275.0,209475.0,165900.0
ITM-0002005,ORD-000555,PRD-0036,15,170650.0,122850.0,10.0,255975.0,2303775.0,1842750.0
ITM-0002006,ORD-000555,PRD-0034,5,2800.0,1650.0,7.5,1050.0,12950.0,8250.0
ITM-0002007,ORD-000555,PRD-0059,20,1850.0,1050.0,2.5,925.0,36075.0,21000.0
ITM-0002008,ORD-000556,PRD-0022,6,13950.0,9250.0,2.5,2092.5,81607.5,55500.0
ITM-0002009,ORD-000556,PRD-0003,11,88300.0,65000.0,2.5,24282.5,947017.5,715000.0
ITM-0002010,ORD-000556,PRD-0034,4,2800.0,1650.0,7.5,840.0,10360.0,6600.0
ITM-0002011,ORD-000556,PRD-0009,4,75050.0,56000.0,10.0,30020.0,270180.0,224000.0
ITM-0002012,ORD-000556,PRD-0053,9,50250.0,36300.0,7.5,33918.75,418331.25,326700.0
ITM-0002013,ORD-000556,PRD-0066,9,5300.0,3250.0,5.0,2385.0,45315.0,29250.0
ITM-0002014,ORD-000556,PRD-0036,13,170650.0,122850.0,0.0,0.0,2218450.0,1597050.0
ITM-0002015,ORD-000557,PRD-0050,5,1200.0,650.0,7.5,450.0,5550.0,3250.0
ITM-0002016,ORD-000557,PRD-0031,8,1600.0,900.0,5.0,640.0,12160.0,7200.0
ITM-0002017,ORD-000557,PRD-0027,17,11500.0,7200.0,5.0,9775.0,185725.0,122400.0
ITM-0002018,ORD-000558,PRD-0037,12,7650.0,5500.0,7.5,6885.0,84915.0,66000.0
ITM-0002019,ORD-000558,PRD-0032,5,383350.0,305700.0,2.5,47918.75,1868831.25,1528500.0
ITM-0002020,ORD-000558,PRD-0069,7,41700.0,30300.0,7.5,21892.5,270007.5,212100.0
ITM-0002021,ORD-000558,PRD-0005,5,11500.0,7900.0,0.0,0.0,57500.0,39500.0
ITM-0002022,ORD-000559,PRD-0033,16,88100.0,66350.0,0.0,0.0,1409600.0,1061600.0
ITM-0002023,ORD-000559,PRD-0001,20,49000.0,35150.0,7.5,73500.0,906500.0,703000.0
ITM-0002024,ORD-000559,PRD-0022,13,13950.0,9250.0,7.5,13601.25,167748.75,120250.0
ITM-0002025,ORD-000559,PRD-0039,42,13350.0,9100.0,0.0,0.0,560700.0,382200.0
ITM-0002026,ORD-000559,PRD-0037,78,7650.0,5500.0,2.5,14917.5,581782.5,429000.0
ITM-0002027,ORD-000560,PRD-0005,23,11500.0,7900.0,7.5,19837.5,244662.5,181700.0
ITM-0002028,ORD-000560,PRD-0060,23,16450.0,11150.0,5.0,18917.5,359432.5,256450.0
ITM-0002029,ORD-000560,PRD-0045,49,4400.0,2800.0,12.5,26950.0,188650.0,137200.0
ITM-0002030,ORD-000560,PRD-0034,4,2800.0,1650.0,2.5,280.0,10920.0,6600.0
ITM-0002031,ORD-000561,PRD-0018,5,39400.0,29550.0,5.0,9850.0,187150.0,147750.0
ITM-0002032,ORD-000561,PRD-0004,10,7100.0,4600.0,7.5,5325.0,65675.0,46000.0
ITM-0002033,ORD-000562,PRD-0045,25,4400.0,2800.0,0.0,0.0,110000.0,70000.0
ITM-0002034,ORD-000562,PRD-0048,12,160400.0,117650.0,0.0,0.0,1924800.0,1411800.0
ITM-0002035,ORD-000562,PRD-0066,27,5300.0,3250.0,5.0,7155.0,135945.0,87750.0
ITM-0002036,ORD-000562,PRD-0031,31,1600.0,900.0,7.5,3720.0,45880.0,27900.0
ITM-0002037,ORD-000562,PRD-0023,2,46600.0,33950.0,5.0,4660.0,88540.0,67900.0
ITM-0002038,ORD-000563,PRD-0053,5,50250.0,36300.0,0.0,0.0,251250.0,181500.0
ITM-0002039,ORD-000563,PRD-0007,2,33250.0,23700.0,0.0,0.0,66500.0,47400.0
ITM-0002040,ORD-000564,PRD-0005,37,11500.0,7900.0,5.0,21275.0,404225.0,292300.0
ITM-0002041,ORD-000564,PRD-0058,2,28050.0,19450.0,5.0,2805.0,53295.0,38900.0
ITM-0002042,ORD-000564,PRD-0028,42,6400.0,4200.0,7.5,20160.0,248640.0,176400.0
ITM-0002043,ORD-000564,PRD-0034,15,2800.0,1650.0,5.0,2100.0,39900.0,24750.0
ITM-0002044,ORD-000564,PRD-0004,29,7100.0,4600.0,7.5,15442.5,190457.5,133400.0
ITM-0002045,ORD-000565,PRD-0016,6,18750.0,12900.0,12.5,14062.5,98437.5,77400.0
ITM-0002046,ORD-000565,PRD-0066,15,5300.0,3250.0,5.0,3975.0,75525.0,48750.0
ITM-0002047,ORD-000565,PRD-0028,9,6400.0,4200.0,7.5,4320.0,53280.0,37800.0
ITM-0002048,ORD-000566,PRD-0063,71,12650.0,8000.0,5.0,44907.5,853242.5,568000.0
ITM-0002049,ORD-000566,PRD-0033,16,88100.0,66350.0,5.0,70480.0,1339120.0,1061600.0
ITM-0002050,ORD-000566,PRD-0036,16,170650.0,122850.0,12.5,341300.0,2389100.0,1965600.0
ITM-0002051,ORD-000566,PRD-0068,6,29000.0,20900.0,10.0,17400.0,156600.0,125400.0
ITM-0002052,ORD-000566,PRD-0011,19,50250.0,35950.0,7.5,71606.25,883143.75,683050.0
ITM-0002053,ORD-000567,PRD-0065,11,9000.0,5800.0,10.0,9900.0,89100.0,63800.0
ITM-0002054,ORD-000568,PRD-0065,9,9000.0,5800.0,0.0,0.0,81000.0,52200.0
ITM-0002055,ORD-000568,PRD-0063,7,12650.0,8000.0,5.0,4427.5,84122.5,56000.0
ITM-0002056,ORD-000568,PRD-0003,1,88300.0,65000.0,2.5,2207.5,86092.5,65000.0
ITM-0002057,ORD-000569,PRD-0030,35,35850.0,25550.0,5.0,62737.5,1192012.5,894250.0
ITM-0002058,ORD-000569,PRD-0009,7,75050.0,56000.0,5.0,26267.5,499082.5,392000.0
ITM-0002059,ORD-000569,PRD-0064,14,40250.0,28850.0,5.0,28175.0,535325.0,403900.0
ITM-0002060,ORD-000570,PRD-0009,7,75050.0,56000.0,10.0,52535.0,472815.0,392000.0
ITM-0002061,ORD-000570,PRD-0049,7,2250.0,1400.0,2.5,393.75,15356.25,9800.0
ITM-0002062,ORD-000571,PRD-0030,51,35850.0,25550.0,10.0,182835.0,1645515.0,1303050.0
ITM-0002063,ORD-000571,PRD-0064,23,40250.0,28850.0,0.0,0.0,925750.0,663550.0
ITM-0002064,ORD-000571,PRD-0040,8,70550.0,49600.0,10.0,56440.0,507960.0,396800.0
ITM-0002065,ORD-000571,PRD-0058,8,28050.0,19450.0,10.0,22440.0,201960.0,155600.0
ITM-0002066,ORD-000571,PRD-0007,4,33250.0,23700.0,12.5,16625.0,116375.0,94800.0
ITM-0002067,ORD-000572,PRD-0011,1,50250.0,35950.0,5.0,2512.5,47737.5,35950.0
ITM-0002068,ORD-000573,PRD-0003,13,88300.0,65000.0,2.5,28697.5,1119202.5,845000.0
ITM-0002069,ORD-000573,PRD-0005,33,11500.0,7900.0,7.5,28462.5,351037.5,260700.0
ITM-0002070,ORD-000573,PRD-0021,3,151550.0,109750.0,2.5,11366.25,443283.75,329250.0
ITM-0002071,ORD-000573,PRD-0027,75,11500.0,7200.0,0.0,0.0,862500.0,540000.0
ITM-0002072,ORD-000574,PRD-0031,5,1600.0,900.0,10.0,800.0,7200.0,4500.0
ITM-0002073,ORD-000574,PRD-0007,1,33250.0,23700.0,5.0,1662.5,31587.5,23700.0
ITM-0002074,ORD-000574,PRD-0011,6,50250.0,35950.0,7.5,22612.5,278887.5,215700.0
ITM-0002075,ORD-000575,PRD-0035,4,195800.0,149250.0,5.0,39160.0,744040.0,597000.0
ITM-0002076,ORD-000575,PRD-0034,4,2800.0,1650.0,7.5,840.0,10360.0,6600.0
ITM-0002077,ORD-000576,PRD-0011,8,50250.0,35950.0,2.5,10050.0,391950.0,287600.0
ITM-0002078,ORD-000576,PRD-0066,39,5300.0,3250.0,0.0,0.0,206700.0,126750.0
ITM-0002079,ORD-000577,PRD-0003,13,88300.0,65000.0,2.5,28697.5,1119202.5,845000.0
ITM-0002080,ORD-000577,PRD-0029,13,30900.0,21650.0,5.0,20085.0,381615.0,281450.0
ITM-0002081,ORD-000577,PRD-0053,13,50250.0,36300.0,0.0,0.0,653250.0,471900.0
ITM-0002082,ORD-000577,PRD-0027,51,11500.0,7200.0,5.0,29325.0,557175.0,367200.0
ITM-0002083,ORD-000577,PRD-0050,33,1200.0,650.0,5.0,1980.0,37620.0,21450.0
ITM-0002084,ORD-000577,PRD-0069,8,41700.0,30300.0,10.0,33360.0,300240.0,242400.0
ITM-0002085,ORD-000578,PRD-0034,5,2800.0,1650.0,5.0,700.0,13300.0,8250.0
ITM-0002086,ORD-000578,PRD-0013,23,8750.0,5350.0,5.0,10062.5,191187.5,123050.0
ITM-0002087,ORD-000579,PRD-0066,26,5300.0,3250.0,10.0,13780.0,124020.0,84500.0
ITM-0002088,ORD-000579,PRD-0064,2,40250.0,28850.0,0.0,0.0,80500.0,57700.0
ITM-0002089,ORD-000579,PRD-0007,5,33250.0,23700.0,7.5,12468.75,153781.25,118500.0
ITM-0002090,ORD-000579,PRD-0045,26,4400.0,2800.0,5.0,5720.0,108680.0,72800.0
ITM-0002091,ORD-000579,PRD-0069,10,41700.0,30300.0,5.0,20850.0,396150.0,303000.0
ITM-0002092,ORD-000580,PRD-0055,10,43600.0,31400.0,5.0,21800.0,414200.0,314000.0
ITM-0002093,ORD-000580,PRD-0047,7,67750.0,48250.0,0.0,0.0,474250.0,337750.0
ITM-0002094,ORD-000580,PRD-0023,10,46600.0,33950.0,5.0,23300.0,442700.0,339500.0
ITM-0002095,ORD-000580,PRD-0040,15,70550.0,49600.0,7.5,79368.75,978881.25,744000.0
ITM-0002096,ORD-000581,PRD-0032,15,383350.0,305700.0,10.0,575025.0,5175225.0,4585500.0
ITM-0002097,ORD-000581,PRD-0002,15,52050.0,38100.0,7.5,58556.25,722193.75,571500.0
ITM-0002098,ORD-000581,PRD-0034,6,2800.0,1650.0,5.0,840.0,15960.0,9900.0
ITM-0002099,ORD-000581,PRD-0055,18,43600.0,31400.0,10.0,78480.0,706320.0,565200.0
ITM-0002100,ORD-000581,PRD-0011,6,50250.0,35950.0,12.5,37687.5,263812.5,215700.0
ITM-0002101,ORD-000582,PRD-0043,5,35950.0,25500.0,10.0,17975.0,161775.0,127500.0
ITM-0002102,ORD-000583,PRD-0053,6,50250.0,36300.0,7.5,22612.5,278887.5,217800.0
ITM-0002103,ORD-000583,PRD-0034,16,2800.0,1650.0,10.0,4480.0,40320.0,26400.0
ITM-0002104,ORD-000584,PRD-0052,7,40400.0,29250.0,5.0,14140.0,268660.0,204750.0
ITM-0002105,ORD-000584,PRD-0032,11,383350.0,305700.0,0.0,0.0,4216850.0,3362700.0
ITM-0002106,ORD-000584,PRD-0047,11,67750.0,48250.0,2.5,18631.25,726618.75,530750.0
ITM-0002107,ORD-000584,PRD-0034,11,2800.0,1650.0,7.5,2310.0,28490.0,18150.0
ITM-0002108,ORD-000585,PRD-0005,20,11500.0,7900.0,0.0,0.0,230000.0,158000.0
ITM-0002109,ORD-000585,PRD-0021,12,151550.0,109750.0,0.0,0.0,1818600.0,1317000.0
ITM-0002110,ORD-000585,PRD-0030,61,35850.0,25550.0,2.5,54671.25,2132178.75,1558550.0
ITM-0002111,ORD-000585,PRD-0034,8,2800.0,1650.0,5.0,1120.0,21280.0,13200.0
ITM-0002112,ORD-000585,PRD-0007,12,33250.0,23700.0,0.0,0.0,399000.0,284400.0
ITM-0002113,ORD-000585,PRD-0056,12,16900.0,12000.0,5.0,10140.0,192660.0,144000.0
ITM-0002114,ORD-000586,PRD-0048,2,160400.0,117650.0,5.0,16040.0,304760.0,235300.0
ITM-0002115,ORD-000586,PRD-0065,9,9000.0,5800.0,12.5,10125.0,70875.0,52200.0
ITM-0002116,ORD-000586,PRD-0002,27,52050.0,38100.0,10.0,140535.0,1264815.0,1028700.0
ITM-0002117,ORD-000586,PRD-0066,7,5300.0,3250.0,0.0,0.0,37100.0,22750.0
ITM-0002118,ORD-000587,PRD-0058,1,28050.0,19450.0,0.0,0.0,28050.0,19450.0
ITM-0002119,ORD-000587,PRD-0045,9,4400.0,2800.0,7.5,2970.0,36630.0,25200.0
ITM-0002120,ORD-000587,PRD-0055,3,43600.0,31400.0,5.0,6540.0,124260.0,94200.0
ITM-0002121,ORD-000587,PRD-0069,4,41700.0,30300.0,0.0,0.0,166800.0,121200.0
ITM-0002122,ORD-000588,PRD-0002,17,52050.0,38100.0,7.5,66363.75,818486.25,647700.0
ITM-0002123,ORD-000588,PRD-0015,1,19300.0,12700.0,2.5,482.5,18817.5,12700.0
ITM-0002124,ORD-000588,PRD-0032,6,383350.0,305700.0,5.0,115005.0,2185095.0,1834200.0
ITM-0002125,ORD-000589,PRD-0034,18,2800.0,1650.0,5.0,2520.0,47880.0,29700.0
ITM-0002126,ORD-000589,PRD-0007,14,33250.0,23700.0,0.0,0.0,465500.0,331800.0
ITM-0002127,ORD-000590,PRD-0032,16,383350.0,305700.0,12.5,766700.0,5366900.0,4891200.0
ITM-0002128,ORD-000590,PRD-0026,32,5050.0,3050.0,2.5,4040.0,157560.0,97600.0
ITM-0002129,ORD-000590,PRD-0045,20,4400.0,2800.0,2.5,2200.0,85800.0,56000.0
ITM-0002130,ORD-000590,PRD-0040,24,70550.0,49600.0,5.0,84660.0,1608540.0,1190400.0
ITM-0002131,ORD-000591,PRD-0023,3,46600.0,33950.0,5.0,6990.0,132810.0,101850.0
ITM-0002132,ORD-000591,PRD-0017,14,15250.0,10000.0,10.0,21350.0,192150.0,140000.0
ITM-0002133,ORD-000591,PRD-0057,12,25450.0,17350.0,2.5,7635.0,297765.0,208200.0
ITM-0002134,ORD-000591,PRD-0007,17,33250.0,23700.0,10.0,56525.0,508725.0,402900.0
ITM-0002135,ORD-000592,PRD-0054,10,6000.0,4000.0,2.5,1500.0,58500.0,40000.0
ITM-0002136,ORD-000592,PRD-0027,32,11500.0,7200.0,0.0,0.0,368000.0,230400.0
ITM-0002137,ORD-000592,PRD-0036,6,170650.0,122850.0,12.5,127987.5,895912.5,737100.0
ITM-0002138,ORD-000592,PRD-0050,6,1200.0,650.0,0.0,0.0,7200.0,3900.0
ITM-0002139,ORD-000592,PRD-0033,6,88100.0,66350.0,5.0,26430.0,502170.0,398100.0
ITM-0002140,ORD-000593,PRD-0036,3,170650.0,122850.0,10.0,51195.0,460755.0,368550.0
ITM-0002141,ORD-000593,PRD-0005,15,11500.0,7900.0,0.0,0.0,172500.0,118500.0
ITM-0002142,ORD-000593,PRD-0040,18,70550.0,49600.0,10.0,126990.0,1142910.0,892800.0
ITM-0002143,ORD-000593,PRD-0037,21,7650.0,5500.0,5.0,8032.5,152617.5,115500.0
ITM-0002144,ORD-000593,PRD-0026,66,5050.0,3050.0,12.5,41662.5,291637.5,201300.0
ITM-0002145,ORD-000593,PRD-0052,12,40400.0,29250.0,5.0,24240.0,460560.0,351000.0
ITM-0002146,ORD-000594,PRD-0030,8,35850.0,25550.0,5.0,14340.0,272460.0,204400.0
ITM-0002147,ORD-000594,PRD-0022,2,13950.0,9250.0,0.0,0.0,27900.0,18500.0
ITM-0002148,ORD-000594,PRD-0069,4,41700.0,30300.0,5.0,8340.0,158460.0,121200.0
ITM-0002149,ORD-000594,PRD-0058,4,28050.0,19450.0,0.0,0.0,112200.0,77800.0
ITM-0002150,ORD-000595,PRD-0057,7,25450.0,17350.0,5.0,8907.5,169242.5,121450.0
ITM-0002151,ORD-000595,PRD-0006,12,27000.0,19650.0,7.5,24300.0,299700.0,235800.0
ITM-0002152,ORD-000595,PRD-0031,28,1600.0,900.0,10.0,4480.0,40320.0,25200.0
ITM-0002153,ORD-000595,PRD-0055,5,43600.0,31400.0,0.0,0.0,218000.0,157000.0
ITM-0002154,ORD-000596,PRD-0036,2,170650.0,122850.0,5.0,17065.0,324235.0,245700.0
ITM-0002155,ORD-000596,PRD-0026,21,5050.0,3050.0,5.0,5302.5,100747.5,64050.0
ITM-0002156,ORD-000596,PRD-0057,3,25450.0,17350.0,10.0,7635.0,68715.0,52050.0
ITM-0002157,ORD-000596,PRD-0032,5,383350.0,305700.0,7.5,143756.25,1772993.75,1528500.0
ITM-0002158,ORD-000596,PRD-0069,2,41700.0,30300.0,2.5,2085.0,81315.0,60600.0
ITM-0002159,ORD-000597,PRD-0010,3,50450.0,37650.0,0.0,0.0,151350.0,112950.0
ITM-0002160,ORD-000597,PRD-0003,5,88300.0,65000.0,10.0,44150.0,397350.0,325000.0
ITM-0002161,ORD-000598,PRD-0062,17,13700.0,9000.0,0.0,0.0,232900.0,153000.0
ITM-0002162,ORD-000598,PRD-0045,10,4400.0,2800.0,0.0,0.0,44000.0,28000.0
ITM-0002163,ORD-000598,PRD-0056,10,16900.0,12000.0,10.0,16900.0,152100.0,120000.0
ITM-0002164,ORD-000599,PRD-0030,7,35850.0,25550.0,0.0,0.0,250950.0,178850.0
ITM-0002165,ORD-000599,PRD-0037,27,7650.0,5500.0,10.0,20655.0,185895.0,148500.0
ITM-0002166,ORD-000600,PRD-0058,6,28050.0,19450.0,12.5,21037.5,147262.5,116700.0
ITM-0002167,ORD-000600,PRD-0037,34,7650.0,5500.0,5.0,13005.0,247095.0,187000.0
ITM-0002168,ORD-000600,PRD-0007,13,33250.0,23700.0,5.0,21612.5,410637.5,308100.0
ITM-0002169,ORD-000600,PRD-0005,30,11500.0,7900.0,7.5,25875.0,319125.0,237000.0
ITM-0002170,ORD-000600,PRD-0065,9,9000.0,5800.0,0.0,0.0,81000.0,52200.0
ITM-0002171,ORD-000600,PRD-0006,4,27000.0,19650.0,2.5,2700.0,105300.0,78600.0
ITM-0002172,ORD-000601,PRD-0052,12,40400.0,29250.0,7.5,36360.0,448440.0,351000.0
ITM-0002173,ORD-000601,PRD-0019,15,2950.0,1850.0,2.5,1106.25,43143.75,27750.0
ITM-0002174,ORD-000602,PRD-0043,4,35950.0,25500.0,2.5,3595.0,140205.0,102000.0
ITM-0002175,ORD-000602,PRD-0049,13,2250.0,1400.0,2.5,731.25,28518.75,18200.0
ITM-0002176,ORD-000602,PRD-0063,27,12650.0,8000.0,0.0,0.0,341550.0,216000.0
ITM-0002177,ORD-000603,PRD-0045,10,4400.0,2800.0,0.0,0.0,44000.0,28000.0
ITM-0002178,ORD-000603,PRD-0021,10,151550.0,109750.0,7.5,113662.5,1401837.5,1097500.0
ITM-0002179,ORD-000603,PRD-0066,10,5300.0,3250.0,7.5,3975.0,49025.0,32500.0
ITM-0002180,ORD-000603,PRD-0031,27,1600.0,900.0,7.5,3240.0,39960.0,24300.0
ITM-0002181,ORD-000603,PRD-0034,12,2800.0,1650.0,0.0,0.0,33600.0,19800.0
ITM-0002182,ORD-000604,PRD-0031,9,1600.0,900.0,10.0,1440.0,12960.0,8100.0
ITM-0002183,ORD-000604,PRD-0034,13,2800.0,1650.0,0.0,0.0,36400.0,21450.0
ITM-0002184,ORD-000604,PRD-0070,19,5100.0,3300.0,10.0,9690.0,87210.0,62700.0
ITM-0002185,ORD-000605,PRD-0065,27,9000.0,5800.0,7.5,18225.0,224775.0,156600.0
ITM-0002186,ORD-000605,PRD-0008,4,11400.0,7800.0,5.0,2280.0,43320.0,31200.0
ITM-0002187,ORD-000605,PRD-0064,2,40250.0,28850.0,0.0,0.0,80500.0,57700.0
ITM-0002188,ORD-000605,PRD-0069,11,41700.0,30300.0,5.0,22935.0,435765.0,333300.0
ITM-0002189,ORD-000605,PRD-0045,5,4400.0,2800.0,2.5,550.0,21450.0,14000.0
ITM-0002190,ORD-000606,PRD-0069,6,41700.0,30300.0,5.0,12510.0,237690.0,181800.0
ITM-0002191,ORD-000606,PRD-0005,20,11500.0,7900.0,12.5,28750.0,201250.0,158000.0
ITM-0002192,ORD-000606,PRD-0009,3,75050.0,56000.0,2.5,5628.75,219521.25,168000.0
ITM-0002193,ORD-000606,PRD-0019,9,2950.0,1850.0,0.0,0.0,26550.0,16650.0
ITM-0002194,ORD-000606,PRD-0021,5,151550.0,109750.0,7.5,56831.25,700918.75,548750.0
ITM-0002195,ORD-000607,PRD-0045,8,4400.0,2800.0,12.5,4400.0,30800.0,22400.0
ITM-0002196,ORD-000607,PRD-0011,13,50250.0,35950.0,7.5,48993.75,604256.25,467350.0
ITM-0002197,ORD-000607,PRD-0031,25,1600.0,900.0,7.5,3000.0,37000.0,22500.0
ITM-0002198,ORD-000607,PRD-0060,8,16450.0,11150.0,7.5,9870.0,121730.0,89200.0
ITM-0002199,ORD-000608,PRD-0043,5,35950.0,25500.0,7.5,13481.25,166268.75,127500.0
ITM-0002200,ORD-000608,PRD-0013,61,8750.0,5350.0,2.5,13343.75,520406.25,326350.0
ITM-0002201,ORD-000608,PRD-0066,15,5300.0,3250.0,0.0,0.0,79500.0,48750.0
ITM-0002202,ORD-000608,PRD-0007,12,33250.0,23700.0,2.5,9975.0,389025.0,284400.0
ITM-0002203,ORD-000608,PRD-0034,10,2800.0,1650.0,7.5,2100.0,25900.0,16500.0
ITM-0002204,ORD-000609,PRD-0034,8,2800.0,1650.0,0.0,0.0,22400.0,13200.0
ITM-0002205,ORD-000609,PRD-0070,21,5100.0,3300.0,0.0,0.0,107100.0,69300.0
ITM-0002206,ORD-000609,PRD-0058,12,28050.0,19450.0,0.0,0.0,336600.0,233400.0
ITM-0002207,ORD-000609,PRD-0033,10,88100.0,66350.0,2.5,22025.0,858975.0,663500.0
ITM-0002208,ORD-000609,PRD-0028,18,6400.0,4200.0,0.0,0.0,115200.0,75600.0
ITM-0002209,ORD-000609,PRD-0069,8,41700.0,30300.0,0.0,0.0,333600.0,242400.0
ITM-0002210,ORD-000610,PRD-0049,53,2250.0,1400.0,0.0,0.0,119250.0,74200.0
ITM-0002211,ORD-000610,PRD-0066,49,5300.0,3250.0,0.0,0.0,259700.0,159250.0
ITM-0002212,ORD-000610,PRD-0045,41,4400.0,2800.0,0.0,0.0,180400.0,114800.0
ITM-0002213,ORD-000610,PRD-0054,24,6000.0,4000.0,0.0,0.0,144000.0,96000.0
ITM-0002214,ORD-000610,PRD-0010,24,50450.0,37650.0,10.0,121080.0,1089720.0,903600.0
ITM-0002215,ORD-000610,PRD-0004,61,7100.0,4600.0,7.5,32482.5,400617.5,280600.0
ITM-0002216,ORD-000610,PRD-0069,4,41700.0,30300.0,10.0,16680.0,150120.0,121200.0
ITM-0002217,ORD-000611,PRD-0009,4,75050.0,56000.0,5.0,15010.0,285190.0,224000.0
ITM-0002218,ORD-000611,PRD-0049,9,2250.0,1400.0,5.0,1012.5,19237.5,12600.0
ITM-0002219,ORD-000611,PRD-0027,18,11500.0,7200.0,2.5,5175.0,201825.0,129600.0
ITM-0002220,ORD-000611,PRD-0032,2,383350.0,305700.0,10.0,76670.0,690030.0,611400.0
ITM-0002221,ORD-000612,PRD-0005,25,11500.0,7900.0,7.5,21562.5,265937.5,197500.0
ITM-0002222,ORD-000612,PRD-0066,21,5300.0,3250.0,2.5,2782.5,108517.5,68250.0
ITM-0002223,ORD-000612,PRD-0030,23,35850.0,25550.0,10.0,82455.0,742095.0,587650.0
ITM-0002224,ORD-000613,PRD-0049,10,2250.0,1400.0,7.5,1687.5,20812.5,14000.0
ITM-0002225,ORD-000613,PRD-0066,27,5300.0,3250.0,0.0,0.0,143100.0,87750.0
ITM-0002226,ORD-000613,PRD-0007,15,33250.0,23700.0,0.0,0.0,498750.0,355500.0
ITM-0002227,ORD-000614,PRD-0066,18,5300.0,3250.0,0.0,0.0,95400.0,58500.0
ITM-0002228,ORD-000614,PRD-0065,14,9000.0,5800.0,5.0,6300.0,119700.0,81200.0
ITM-0002229,ORD-000614,PRD-0055,11,43600.0,31400.0,7.5,35970.0,443630.0,345400.0
ITM-0002230,ORD-000615,PRD-0045,29,4400.0,2800.0,5.0,6380.0,121220.0,81200.0
ITM-0002231,ORD-000615,PRD-0065,11,9000.0,5800.0,2.5,2475.0,96525.0,63800.0
ITM-0002232,ORD-000615,PRD-0066,11,5300.0,3250.0,0.0,0.0,58300.0,35750.0
ITM-0002233,ORD-000615,PRD-0021,4,151550.0,109750.0,7.5,45465.0,560735.0,439000.0
ITM-0002234,ORD-000616,PRD-0066,13,5300.0,3250.0,0.0,0.0,68900.0,42250.0
ITM-0002235,ORD-000616,PRD-0047,4,67750.0,48250.0,10.0,27100.0,243900.0,193000.0
ITM-0002236,ORD-000616,PRD-0054,22,6000.0,4000.0,7.5,9900.0,122100.0,88000.0
ITM-0002237,ORD-000617,PRD-0008,5,11400.0,7800.0,7.5,4275.0,52725.0,39000.0
ITM-0002238,ORD-000617,PRD-0009,1,75050.0,56000.0,5.0,3752.5,71297.5,56000.0
ITM-0002239,ORD-000617,PRD-0034,2,2800.0,1650.0,2.5,140.0,5460.0,3300.0
ITM-0002240,ORD-000617,PRD-0069,2,41700.0,30300.0,0.0,0.0,83400.0,60600.0
ITM-0002241,ORD-000618,PRD-0025,6,32700.0,22850.0,2.5,4905.0,191295.0,137100.0
ITM-0002242,ORD-000619,PRD-0009,3,75050.0,56000.0,5.0,11257.5,213892.5,168000.0
ITM-0002243,ORD-000620,PRD-0013,66,8750.0,5350.0,0.0,0.0,577500.0,353100.0
ITM-0002244,ORD-000620,PRD-0023,3,46600.0,33950.0,5.0,6990.0,132810.0,101850.0
ITM-0002245,ORD-000620,PRD-0069,3,41700.0,30300.0,0.0,0.0,125100.0,90900.0
ITM-0002246,ORD-000621,PRD-0005,34,11500.0,7900.0,2.5,9775.0,381225.0,268600.0
ITM-0002247,ORD-000621,PRD-0032,4,383350.0,305700.0,10.0,153340.0,1380060.0,1222800.0
ITM-0002248,ORD-000621,PRD-0007,11,33250.0,23700.0,0.0,0.0,365750.0,260700.0
ITM-0002249,ORD-000621,PRD-0069,22,41700.0,30300.0,2.5,22935.0,894465.0,666600.0
ITM-0002250,ORD-000621,PRD-0013,19,8750.0,5350.0,2.5,4156.25,162093.75,101650.0
ITM-0002251,ORD-000621,PRD-0052,15,40400.0,29250.0,7.5,45450.0,560550.0,438750.0
ITM-0002252,ORD-000622,PRD-0007,4,33250.0,23700.0,5.0,6650.0,126350.0,94800.0
ITM-0002253,ORD-000622,PRD-0034,4,2800.0,1650.0,7.5,840.0,10360.0,6600.0
ITM-0002254,ORD-000623,PRD-0064,7,40250.0,28850.0,7.5,21131.25,260618.75,201950.0
ITM-0002255,ORD-000623,PRD-0069,7,41700.0,30300.0,0.0,0.0,291900.0,212100.0
ITM-0002256,ORD-000623,PRD-0034,3,2800.0,1650.0,10.0,840.0,7560.0,4950.0
ITM-0002257,ORD-000623,PRD-0045,31,4400.0,2800.0,5.0,6820.0,129580.0,86800.0
ITM-0002258,ORD-000623,PRD-0027,65,11500.0,7200.0,10.0,74750.0,672750.0,468000.0
ITM-0002259,ORD-000624,PRD-0010,9,50450.0,37650.0,10.0,45405.0,408645.0,338850.0
ITM-0002260,ORD-000624,PRD-0005,14,11500.0,7900.0,7.5,12075.0,148925.0,110600.0
ITM-0002261,ORD-000624,PRD-0009,12,75050.0,56000.0,2.5,22515.0,878085.0,672000.0
ITM-0002262,ORD-000624,PRD-0030,25,35850.0,25550.0,5.0,44812.5,851437.5,638750.0
ITM-0002263,ORD-000624,PRD-0066,21,5300.0,3250.0,7.5,8347.5,102952.5,68250.0
ITM-0002264,ORD-000624,PRD-0013,46,8750.0,5350.0,2.5,10062.5,392437.5,246100.0
ITM-0002265,ORD-000625,PRD-0029,1,30900.0,21650.0,10.0,3090.0,27810.0,21650.0
ITM-0002266,ORD-000625,PRD-0006,1,27000.0,19650.0,0.0,0.0,27000.0,19650.0
ITM-0002267,ORD-000625,PRD-0007,3,33250.0,23700.0,2.5,2493.75,97256.25,71100.0
ITM-0002268,ORD-000625,PRD-0010,1,50450.0,37650.0,0.0,0.0,50450.0,37650.0
ITM-0002269,ORD-000626,PRD-0034,10,2800.0,1650.0,7.5,2100.0,25900.0,16500.0
ITM-0002270,ORD-000626,PRD-0007,2,33250.0,23700.0,10.0,6650.0,59850.0,47400.0
ITM-0002271,ORD-000626,PRD-0066,8,5300.0,3250.0,2.5,1060.0,41340.0,26000.0
ITM-0002272,ORD-000627,PRD-0059,8,1850.0,1050.0,7.5,1110.0,13690.0,8400.0
ITM-0002273,ORD-000627,PRD-0004,7,7100.0,4600.0,0.0,0.0,49700.0,32200.0
ITM-0002274,ORD-000627,PRD-0005,9,11500.0,7900.0,5.0,5175.0,98325.0,71100.0
ITM-0002275,ORD-000627,PRD-0013,34,8750.0,5350.0,10.0,29750.0,267750.0,181900.0
ITM-0002276,ORD-000628,PRD-0030,14,35850.0,25550.0,0.0,0.0,501900.0,357700.0
ITM-0002277,ORD-000628,PRD-0005,8,11500.0,7900.0,10.0,9200.0,82800.0,63200.0
ITM-0002278,ORD-000628,PRD-0007,4,33250.0,23700.0,7.5,9975.0,123025.0,94800.0
ITM-0002279,ORD-000628,PRD-0023,2,46600.0,33950.0,0.0,0.0,93200.0,67900.0
ITM-0002280,ORD-000628,PRD-0049,20,2250.0,1400.0,5.0,2250.0,42750.0,28000.0
ITM-0002281,ORD-000628,PRD-0045,8,4400.0,2800.0,7.5,2640.0,32560.0,22400.0
ITM-0002282,ORD-000629,PRD-0010,3,50450.0,37650.0,0.0,0.0,151350.0,112950.0
ITM-0002283,ORD-000629,PRD-0024,31,17950.0,12350.0,7.5,41733.75,514716.25,382850.0
ITM-0002284,ORD-000629,PRD-0034,3,2800.0,1650.0,2.5,210.0,8190.0,4950.0
ITM-0002285,ORD-000629,PRD-0033,8,88100.0,66350.0,5.0,35240.0,669560.0,530800.0
ITM-0002286,ORD-000630,PRD-0034,17,2800.0,1650.0,2.5,1190.0,46410.0,28050.0
ITM-0002287,ORD-000630,PRD-0005,35,11500.0,7900.0,0.0,0.0,402500.0,276500.0
ITM-0002288,ORD-000630,PRD-0014,10,199750.0,146450.0,2.5,49937.5,1947562.5,1464500.0
ITM-0002289,ORD-000630,PRD-0022,14,13950.0,9250.0,7.5,14647.5,180652.5,129500.0
ITM-0002290,ORD-000630,PRD-0066,14,5300.0,3250.0,12.5,9275.0,64925.0,45500.0
ITM-0002291,ORD-000631,PRD-0024,36,17950.0,12350.0,2.5,16155.0,630045.0,444600.0
ITM-0002292,ORD-000631,PRD-0013,21,8750.0,5350.0,5.0,9187.5,174562.5,112350.0
ITM-0002293,ORD-000631,PRD-0005,25,11500.0,7900.0,2.5,7187.5,280312.5,197500.0
ITM-0002294,ORD-000631,PRD-0050,21,1200.0,650.0,10.0,2520.0,22680.0,13650.0
ITM-0002295,ORD-000631,PRD-0048,11,160400.0,117650.0,12.5,220550.0,1543850.0,1294150.0
ITM-0002296,ORD-000632,PRD-0058,5,28050.0,19450.0,0.0,0.0,140250.0,97250.0
ITM-0002297,ORD-000632,PRD-0007,4,33250.0,23700.0,5.0,6650.0,126350.0,94800.0
ITM-0002298,ORD-000632,PRD-0063,24,12650.0,8000.0,0.0,0.0,303600.0,192000.0
ITM-0002299,ORD-000632,PRD-0053,4,50250.0,36300.0,5.0,10050.0,190950.0,145200.0
ITM-0002300,ORD-000633,PRD-0053,25,50250.0,36300.0,2.5,31406.25,1224843.75,907500.0
ITM-0002301,ORD-000633,PRD-0029,17,30900.0,21650.0,5.0,26265.0,499035.0,368050.0
ITM-0002302,ORD-000633,PRD-0047,17,67750.0,48250.0,0.0,0.0,1151750.0,820250.0
ITM-0002303,ORD-000633,PRD-0034,8,2800.0,1650.0,2.5,560.0,21840.0,13200.0
ITM-0002304,ORD-000634,PRD-0005,4,11500.0,7900.0,2.5,1150.0,44850.0,31600.0
ITM-0002305,ORD-000634,PRD-0026,4,5050.0,3050.0,5.0,1010.0,19190.0,12200.0
ITM-0002306,ORD-000635,PRD-0036,5,170650.0,122850.0,5.0,42662.5,810587.5,614250.0
ITM-0002307,ORD-000635,PRD-0030,15,35850.0,25550.0,12.5,67218.75,470531.25,383250.0
ITM-0002308,ORD-000635,PRD-0026,19,5050.0,3050.0,0.0,0.0,95950.0,57950.0
ITM-0002309,ORD-000636,PRD-0032,3,383350.0,305700.0,5.0,57502.5,1092547.5,917100.0
ITM-0002310,ORD-000636,PRD-0051,9,7700.0,4850.0,0.0,0.0,69300.0,43650.0
ITM-0002311,ORD-000637,PRD-0045,9,4400.0,2800.0,2.5,990.0,38610.0,25200.0
ITM-0002312,ORD-000637,PRD-0005,19,11500.0,7900.0,5.0,10925.0,207575.0,150100.0
ITM-0002313,ORD-000637,PRD-0034,6,2800.0,1650.0,5.0,840.0,15960.0,9900.0
ITM-0002314,ORD-000638,PRD-0069,23,41700.0,30300.0,0.0,0.0,959100.0,696900.0
ITM-0002315,ORD-000638,PRD-0058,4,28050.0,19450.0,7.5,8415.0,103785.0,77800.0
ITM-0002316,ORD-000639,PRD-0006,13,27000.0,19650.0,7.5,26325.0,324675.0,255450.0
ITM-0002317,ORD-000639,PRD-0009,20,75050.0,56000.0,7.5,112575.0,1388425.0,1120000.0
ITM-0002318,ORD-000639,PRD-0045,20,4400.0,2800.0,5.0,4400.0,83600.0,56000.0
ITM-0002319,ORD-000640,PRD-0069,20,41700.0,30300.0,7.5,62550.0,771450.0,606000.0
ITM-0002320,ORD-000640,PRD-0012,3,42850.0,31750.0,10.0,12855.0,115695.0,95250.0
ITM-0002321,ORD-000640,PRD-0011,20,50250.0,35950.0,2.5,25125.0,979875.0,719000.0
ITM-0002322,ORD-000640,PRD-0024,85,17950.0,12350.0,5.0,76287.5,1449462.5,1049750.0
ITM-0002323,ORD-000640,PRD-0045,10,4400.0,2800.0,7.5,3300.0,40700.0,28000.0
ITM-0002324,ORD-000640,PRD-0022,17,13950.0,9250.0,2.5,5928.75,231221.25,157250.0
ITM-0002325,ORD-000640,PRD-0013,48,8750.0,5350.0,7.5,31500.0,388500.0,256800.0
ITM-0002326,ORD-000641,PRD-0016,18,18750.0,12900.0,7.5,25312.5,312187.5,232200.0
ITM-0002327,ORD-000641,PRD-0020,9,31900.0,22100.0,5.0,14355.0,272745.0,198900.0
ITM-0002328,ORD-000641,PRD-0062,27,13700.0,9000.0,0.0,0.0,369900.0,243000.0
ITM-0002329,ORD-000641,PRD-0044,60,3350.0,2000.0,5.0,10050.0,190950.0,120000.0
ITM-0002330,ORD-000641,PRD-0021,18,151550.0,109750.0,5.0,136395.0,2591505.0,1975500.0
ITM-0002331,ORD-000641,PRD-0010,18,50450.0,37650.0,7.5,68107.5,839992.5,677700.0
ITM-0002332,ORD-000642,PRD-0040,4,70550.0,49600.0,5.0,14110.0,268090.0,198400.0
ITM-0002333,ORD-000642,PRD-0005,14,11500.0,7900.0,7.5,12075.0,148925.0,110600.0
ITM-0002334,ORD-000643,PRD-0056,3,16900.0,12000.0,10.0,5070.0,45630.0,36000.0
ITM-0002335,ORD-000643,PRD-0054,16,6000.0,4000.0,5.0,4800.0,91200.0,64000.0
ITM-0002336,ORD-000643,PRD-0029,3,30900.0,21650.0,7.5,6952.5,85747.5,64950.0
ITM-0002337,ORD-000643,PRD-0023,6,46600.0,33950.0,7.5,20970.0,258630.0,203700.0
ITM-0002338,ORD-000644,PRD-0021,11,151550.0,109750.0,10.0,166705.0,1500345.0,1207250.0
ITM-0002339,ORD-000644,PRD-0013,84,8750.0,5350.0,5.0,36750.0,698250.0,449400.0
ITM-0002340,ORD-000644,PRD-0063,65,12650.0,8000.0,5.0,41112.5,781137.5,520000.0
ITM-0002341,ORD-000644,PRD-0012,23,42850.0,31750.0,7.5,73916.25,911633.75,730250.0
ITM-0002342,ORD-000644,PRD-0034,15,2800.0,1650.0,0.0,0.0,42000.0,24750.0
ITM-0002343,ORD-000644,PRD-0022,23,13950.0,9250.0,10.0,32085.0,288765.0,212750.0
ITM-0002344,ORD-000644,PRD-0033,4,88100.0,66350.0,7.5,26430.0,325970.0,265400.0
ITM-0002345,ORD-000645,PRD-0043,3,35950.0,25500.0,10.0,10785.0,97065.0,76500.0
ITM-0002346,ORD-000645,PRD-0005,20,11500.0,7900.0,2.5,5750.0,224250.0,158000.0
ITM-0002347,ORD-000646,PRD-0068,5,29000.0,20900.0,10.0,14500.0,130500.0,104500.0
ITM-0002348,ORD-000646,PRD-0005,22,11500.0,7900.0,10.0,25300.0,227700.0,173800.0
ITM-0002349,ORD-000646,PRD-0069,15,41700.0,30300.0,7.5,46912.5,578587.5,454500.0
ITM-0002350,ORD-000646,PRD-0020,12,31900.0,22100.0,0.0,0.0,382800.0,265200.0
ITM-0002351,ORD-000646,PRD-0066,12,5300.0,3250.0,10.0,6360.0,57240.0,39000.0
ITM-0002352,ORD-000647,PRD-0032,3,383350.0,305700.0,2.5,28751.25,1121298.75,917100.0
ITM-0002353,ORD-000647,PRD-0009,6,75050.0,56000.0,2.5,11257.5,439042.5,336000.0
ITM-0002354,ORD-000648,PRD-0034,5,2800.0,1650.0,5.0,700.0,13300.0,8250.0
ITM-0002355,ORD-000648,PRD-0031,32,1600.0,900.0,0.0,0.0,51200.0,28800.0
ITM-0002356,ORD-000648,PRD-0044,15,3350.0,2000.0,12.5,6281.25,43968.75,30000.0
ITM-0002357,ORD-000648,PRD-0066,15,5300.0,3250.0,0.0,0.0,79500.0,48750.0
ITM-0002358,ORD-000648,PRD-0045,34,4400.0,2800.0,5.0,7480.0,142120.0,95200.0
ITM-0002359,ORD-000649,PRD-0003,5,88300.0,65000.0,12.5,55187.5,386312.5,325000.0
ITM-0002360,ORD-000649,PRD-0008,5,11400.0,7800.0,5.0,2850.0,54150.0,39000.0
ITM-0002361,ORD-000650,PRD-0015,10,19300.0,12700.0,5.0,9650.0,183350.0,127000.0
ITM-0002362,ORD-000650,PRD-0003,7,88300.0,65000.0,5.0,30905.0,587195.0,455000.0
ITM-0002363,ORD-000651,PRD-0031,51,1600.0,900.0,2.5,2040.0,79560.0,45900.0
ITM-0002364,ORD-000651,PRD-0066,34,5300.0,3250.0,10.0,18020.0,162180.0,110500.0
ITM-0002365,ORD-000651,PRD-0030,48,35850.0,25550.0,5.0,86040.0,1634760.0,1226400.0
ITM-0002366,ORD-000651,PRD-0040,20,70550.0,49600.0,2.5,35275.0,1375725.0,992000.0
ITM-0002367,ORD-000651,PRD-0045,37,4400.0,2800.0,7.5,12210.0,150590.0,103600.0
ITM-0002368,ORD-000652,PRD-0069,5,41700.0,30300.0,5.0,10425.0,198075.0,151500.0
ITM-0002369,ORD-000652,PRD-0011,15,50250.0,35950.0,0.0,0.0,753750.0,539250.0
ITM-0002370,ORD-000652,PRD-0040,5,70550.0,49600.0,5.0,17637.5,335112.5,248000.0
ITM-0002371,ORD-000653,PRD-0023,7,46600.0,33950.0,0.0,0.0,326200.0,237650.0
ITM-0002372,ORD-000653,PRD-0005,10,11500.0,7900.0,10.0,11500.0,103500.0,79000.0
ITM-0002373,ORD-000653,PRD-0040,3,70550.0,49600.0,7.5,15873.75,195776.25,148800.0
ITM-0002374,ORD-000654,PRD-0050,12,1200.0,650.0,7.5,1080.0,13320.0,7800.0
ITM-0002375,ORD-000654,PRD-0016,2,18750.0,12900.0,10.0,3750.0,33750.0,25800.0
ITM-0002376,ORD-000655,PRD-0069,8,41700.0,30300.0,5.0,16680.0,316920.0,242400.0
ITM-0002377,ORD-000655,PRD-0014,6,199750.0,146450.0,5.0,59925.0,1138575.0,878700.0
ITM-0002378,ORD-000655,PRD-0034,3,2800.0,1650.0,10.0,840.0,7560.0,4950.0
ITM-0002379,ORD-000656,PRD-0001,2,49000.0,35150.0,2.5,2450.0,95550.0,70300.0
ITM-0002380,ORD-000656,PRD-0069,11,41700.0,30300.0,0.0,0.0,458700.0,333300.0
ITM-0002381,ORD-000656,PRD-0062,13,13700.0,9000.0,2.5,4452.5,173647.5,117000.0
ITM-0002382,ORD-000657,PRD-0066,42,5300.0,3250.0,7.5,16695.0,205905.0,136500.0
ITM-0002383,ORD-000657,PRD-0069,8,41700.0,30300.0,7.5,25020.0,308580.0,242400.0
ITM-0002384,ORD-000657,PRD-0050,15,1200.0,650.0,10.0,1800.0,16200.0,9750.0
ITM-0002385,ORD-000657,PRD-0057,11,25450.0,17350.0,0.0,0.0,279950.0,190850.0
ITM-0002386,ORD-000658,PRD-0058,21,28050.0,19450.0,2.5,14726.25,574323.75,408450.0
ITM-0002387,ORD-000658,PRD-0007,17,33250.0,23700.0,5.0,28262.5,536987.5,402900.0
ITM-0002388,ORD-000658,PRD-0063,29,12650.0,8000.0,2.5,9171.25,357678.75,232000.0
ITM-0002389,ORD-000659,PRD-0053,8,50250.0,36300.0,0.0,0.0,402000.0,290400.0
ITM-0002390,ORD-000659,PRD-0028,18,6400.0,4200.0,10.0,11520.0,103680.0,75600.0
ITM-0002391,ORD-000659,PRD-0001,4,49000.0,35150.0,2.5,4900.0,191100.0,140600.0
ITM-0002392,ORD-000659,PRD-0034,5,2800.0,1650.0,5.0,700.0,13300.0,8250.0
ITM-0002393,ORD-000660,PRD-0005,18,11500.0,7900.0,0.0,0.0,207000.0,142200.0
ITM-0002394,ORD-000660,PRD-0027,45,11500.0,7200.0,5.0,25875.0,491625.0,324000.0
ITM-0002395,ORD-000660,PRD-0066,20,5300.0,3250.0,5.0,5300.0,100700.0,65000.0
ITM-0002396,ORD-000660,PRD-0017,2,15250.0,10000.0,0.0,0.0,30500.0,20000.0
ITM-0002397,ORD-000661,PRD-0051,16,7700.0,4850.0,2.5,3080.0,120120.0,77600.0
ITM-0002398,ORD-000661,PRD-0024,11,17950.0,12350.0,7.5,14808.75,182641.25,135850.0
ITM-0002399,ORD-000661,PRD-0052,7,40400.0,29250.0,2.5,7070.0,275730.0,204750.0
ITM-0002400,ORD-000661,PRD-0028,25,6400.0,4200.0,0.0,0.0,160000.0,105000.0
ITM-0002401,ORD-000662,PRD-0068,4,29000.0,20900.0,10.0,11600.0,104400.0,83600.0
ITM-0002402,ORD-000662,PRD-0066,17,5300.0,3250.0,7.5,6757.5,83342.5,55250.0
ITM-0002403,ORD-000662,PRD-0040,17,70550.0,49600.0,10.0,119935.0,1079415.0,843200.0
ITM-0002404,ORD-000662,PRD-0053,17,50250.0,36300.0,5.0,42712.5,811537.5,617100.0
ITM-0002405,ORD-000662,PRD-0028,63,6400.0,4200.0,7.5,30240.0,372960.0,264600.0
ITM-0002406,ORD-000663,PRD-0045,20,4400.0,2800.0,2.5,2200.0,85800.0,56000.0
ITM-0002407,ORD-000663,PRD-0052,4,40400.0,29250.0,2.5,4040.0,157560.0,117000.0
ITM-0002408,ORD-000663,PRD-0009,6,75050.0,56000.0,5.0,22515.0,427785.0,336000.0
ITM-0002409,ORD-000663,PRD-0035,2,195800.0,149250.0,5.0,19580.0,372020.0,298500.0
ITM-0002410,ORD-000663,PRD-0051,27,7700.0,4850.0,2.5,5197.5,202702.5,130950.0
ITM-0002411,ORD-000664,PRD-0055,5,43600.0,31400.0,10.0,21800.0,196200.0,157000.0
ITM-0002412,ORD-000664,PRD-0069,10,41700.0,30300.0,0.0,0.0,417000.0,303000.0
ITM-0002413,ORD-000664,PRD-0032,2,383350.0,305700.0,7.5,57502.5,709197.5,611400.0
ITM-0002414,ORD-000664,PRD-0038,10,32300.0,22650.0,10.0,32300.0,290700.0,226500.0
ITM-0002415,ORD-000665,PRD-0021,5,151550.0,109750.0,7.5,56831.25,700918.75,548750.0
ITM-0002416,ORD-000665,PRD-0034,8,2800.0,1650.0,12.5,2800.0,19600.0,13200.0
ITM-0002417,ORD-000665,PRD-0069,4,41700.0,30300.0,7.5,12510.0,154290.0,121200.0
ITM-0002418,ORD-000665,PRD-0043,6,35950.0,25500.0,0.0,0.0,215700.0,153000.0
ITM-0002419,ORD-000666,PRD-0037,55,7650.0,5500.0,0.0,0.0,420750.0,302500.0
ITM-0002420,ORD-000666,PRD-0007,10,33250.0,23700.0,0.0,0.0,332500.0,237000.0
ITM-0002421,ORD-000666,PRD-0003,6,88300.0,65000.0,5.0,26490.0,503310.0,390000.0
ITM-0002422,ORD-000667,PRD-0039,6,13350.0,9100.0,5.0,4005.0,76095.0,54600.0
ITM-0002423,ORD-000667,PRD-0066,6,5300.0,3250.0,5.0,1590.0,30210.0,19500.0
ITM-0002424,ORD-000667,PRD-0069,10,41700.0,30300.0,7.5,31275.0,385725.0,303000.0
ITM-0002425,ORD-000668,PRD-0069,4,41700.0,30300.0,0.0,0.0,166800.0,121200.0
ITM-0002426,ORD-000668,PRD-0066,34,5300.0,3250.0,5.0,9010.0,171190.0,110500.0
ITM-0002427,ORD-000668,PRD-0034,8,2800.0,1650.0,0.0,0.0,22400.0,13200.0
ITM-0002428,ORD-000668,PRD-0005,26,11500.0,7900.0,2.5,7475.0,291525.0,205400.0
ITM-0002429,ORD-000668,PRD-0059,34,1850.0,1050.0,7.5,4717.5,58182.5,35700.0
ITM-0002430,ORD-000668,PRD-0049,41,2250.0,1400.0,12.5,11531.25,80718.75,57400.0
ITM-0002431,ORD-000669,PRD-0005,48,11500.0,7900.0,10.0,55200.0,496800.0,379200.0
ITM-0002432,ORD-000669,PRD-0016,20,18750.0,12900.0,2.5,9375.0,365625.0,258000.0
ITM-0002433,ORD-000669,PRD-0069,20,41700.0,30300.0,7.5,62550.0,771450.0,606000.0
ITM-0002434,ORD-000669,PRD-0066,48,5300.0,3250.0,2.5,6360.0,248040.0,156000.0
ITM-0002435,ORD-000669,PRD-0015,20,19300.0,12700.0,0.0,0.0,386000.0,254000.0
ITM-0002436,ORD-000669,PRD-0060,10,16450.0,11150.0,2.5,4112.5,160387.5,111500.0
ITM-0002437,ORD-000669,PRD-0036,10,170650.0,122850.0,5.0,85325.0,1621175.0,1228500.0
ITM-0002438,ORD-000670,PRD-0031,32,1600.0,900.0,10.0,5120.0,46080.0,28800.0
ITM-0002439,ORD-000670,PRD-0028,85,6400.0,4200.0,2.5,13600.0,530400.0,357000.0
ITM-0002440,ORD-000671,PRD-0066,42,5300.0,3250.0,5.0,11130.0,211470.0,136500.0
ITM-0002441,ORD-000671,PRD-0029,11,30900.0,21650.0,2.5,8497.5,331402.5,238150.0
ITM-0002442,ORD-000671,PRD-0024,61,17950.0,12350.0,5.0,54747.5,1040202.5,753350.0
ITM-0002443,ORD-000671,PRD-0027,50,11500.0,7200.0,2.5,14375.0,560625.0,360000.0
ITM-0002444,ORD-000671,PRD-0004,23,7100.0,4600.0,0.0,0.0,163300.0,105800.0
ITM-0002445,ORD-000671,PRD-0034,8,2800.0,1650.0,5.0,1120.0,21280.0,13200.0
ITM-0002446,ORD-000671,PRD-0013,34,8750.0,5350.0,10.0,29750.0,267750.0,181900.0
ITM-0002447,ORD-000672,PRD-0034,10,2800.0,1650.0,5.0,1400.0,26600.0,16500.0
ITM-0002448,ORD-000672,PRD-0019,29,2950.0,1850.0,10.0,8555.0,76995.0,53650.0
ITM-0002449,ORD-000672,PRD-0014,13,199750.0,146450.0,7.5,194756.25,2401993.75,1903850.0
ITM-0002450,ORD-000672,PRD-0036,6,170650.0,122850.0,7.5,76792.5,947107.5,737100.0
ITM-0002451,ORD-000672,PRD-0053,13,50250.0,36300.0,5.0,32662.5,620587.5,471900.0
ITM-0002452,ORD-000673,PRD-0049,30,2250.0,1400.0,2.5,1687.5,65812.5,42000.0
ITM-0002453,ORD-000673,PRD-0056,13,16900.0,12000.0,7.5,16477.5,203222.5,156000.0
ITM-0002454,ORD-000673,PRD-0037,35,7650.0,5500.0,2.5,6693.75,261056.25,192500.0
ITM-0002455,ORD-000673,PRD-0027,20,11500.0,7200.0,5.0,11500.0,218500.0,144000.0
ITM-0002456,ORD-000673,PRD-0033,5,88100.0,66350.0,2.5,11012.5,429487.5,331750.0
ITM-0002457,ORD-000673,PRD-0032,5,383350.0,305700.0,7.5,143756.25,1772993.75,1528500.0
ITM-0002458,ORD-000673,PRD-0060,10,16450.0,11150.0,7.5,12337.5,152162.5,111500.0
ITM-0002459,ORD-000674,PRD-0016,4,18750.0,12900.0,5.0,3750.0,71250.0,51600.0
ITM-0002460,ORD-000674,PRD-0068,18,29000.0,20900.0,7.5,39150.0,482850.0,376200.0
ITM-0002461,ORD-000674,PRD-0010,4,50450.0,37650.0,2.5,5045.0,196755.0,150600.0
ITM-0002462,ORD-000674,PRD-0004,18,7100.0,4600.0,0.0,0.0,127800.0,82800.0
ITM-0002463,ORD-000674,PRD-0003,14,88300.0,65000.0,10.0,123620.0,1112580.0,910000.0
ITM-0002464,ORD-000675,PRD-0028,35,6400.0,4200.0,0.0,0.0,224000.0,147000.0
ITM-0002465,ORD-000676,PRD-0030,30,35850.0,25550.0,7.5,80662.5,994837.5,766500.0
ITM-0002466,ORD-000676,PRD-0021,5,151550.0,109750.0,10.0,75775.0,681975.0,548750.0
ITM-0002467,ORD-000676,PRD-0025,16,32700.0,22850.0,0.0,0.0,523200.0,365600.0
ITM-0002468,ORD-000676,PRD-0067,16,2050.0,1250.0,5.0,1640.0,31160.0,20000.0
ITM-0002469,ORD-000676,PRD-0058,11,28050.0,19450.0,7.5,23141.25,285408.75,213950.0
ITM-0002470,ORD-000677,PRD-0011,7,50250.0,35950.0,2.5,8793.75,342956.25,251650.0
ITM-0002471,ORD-000677,PRD-0015,7,19300.0,12700.0,2.5,3377.5,131722.5,88900.0
ITM-0002472,ORD-000677,PRD-0037,28,7650.0,5500.0,0.0,0.0,214200.0,154000.0
ITM-0002473,ORD-000677,PRD-0027,74,11500.0,7200.0,7.5,63825.0,787175.0,532800.0
ITM-0002474,ORD-000677,PRD-0016,7,18750.0,12900.0,0.0,0.0,131250.0,90300.0
ITM-0002475,ORD-000677,PRD-0004,39,7100.0,4600.0,5.0,13845.0,263055.0,179400.0
ITM-0002476,ORD-000677,PRD-0038,21,32300.0,22650.0,5.0,33915.0,644385.0,475650.0
ITM-0002477,ORD-000678,PRD-0027,35,11500.0,7200.0,2.5,10062.5,392437.5,252000.0
ITM-0002478,ORD-000678,PRD-0001,3,49000.0,35150.0,10.0,14700.0,132300.0,105450.0
ITM-0002479,ORD-000678,PRD-0049,48,2250.0,1400.0,7.5,8100.0,99900.0,67200.0
ITM-0002480,ORD-000678,PRD-0034,6,2800.0,1650.0,5.0,840.0,15960.0,9900.0
ITM-0002481,ORD-000678,PRD-0022,19,13950.0,9250.0,0.0,0.0,265050.0,175750.0
ITM-0002482,ORD-000678,PRD-0007,6,33250.0,23700.0,10.0,19950.0,179550.0,142200.0
ITM-0002483,ORD-000678,PRD-0045,41,4400.0,2800.0,7.5,13530.0,166870.0,114800.0
ITM-0002484,ORD-000679,PRD-0030,31,35850.0,25550.0,2.5,27783.75,1083566.25,792050.0
ITM-0002485,ORD-000679,PRD-0033,23,88100.0,66350.0,0.0,0.0,2026300.0,1526050.0
ITM-0002486,ORD-000679,PRD-0050,15,1200.0,650.0,0.0,0.0,18000.0,9750.0
ITM-0002487,ORD-000679,PRD-0043,11,35950.0,25500.0,5.0,19772.5,375677.5,280500.0
ITM-0002488,ORD-000679,PRD-0031,50,1600.0,900.0,5.0,4000.0,76000.0,45000.0
ITM-0002489,ORD-000680,PRD-0030,8,35850.0,25550.0,10.0,28680.0,258120.0,204400.0
ITM-0002490,ORD-000680,PRD-0005,3,11500.0,7900.0,2.5,862.5,33637.5,23700.0
ITM-0002491,ORD-000680,PRD-0053,2,50250.0,36300.0,2.5,2512.5,97987.5,72600.0
ITM-0002492,ORD-000681,PRD-0023,3,46600.0,33950.0,0.0,0.0,139800.0,101850.0
ITM-0002493,ORD-000681,PRD-0034,4,2800.0,1650.0,5.0,560.0,10640.0,6600.0
ITM-0002494,ORD-000682,PRD-0025,6,32700.0,22850.0,2.5,4905.0,191295.0,137100.0
ITM-0002495,ORD-000682,PRD-0045,8,4400.0,2800.0,2.5,880.0,34320.0,22400.0
ITM-0002496,ORD-000682,PRD-0033,7,88100.0,66350.0,7.5,46252.5,570447.5,464450.0
ITM-0002497,ORD-000683,PRD-0005,34,11500.0,7900.0,5.0,19550.0,371450.0,268600.0
ITM-0002498,ORD-000683,PRD-0034,11,2800.0,1650.0,5.0,1540.0,29260.0,18150.0
ITM-0002499,ORD-000683,PRD-0067,38,2050.0,1250.0,7.5,5842.5,72057.5,47500.0
ITM-0002500,ORD-000683,PRD-0053,19,50250.0,36300.0,2.5,23868.75,930881.25,689700.0
ITM-0002501,ORD-000684,PRD-0027,66,11500.0,7200.0,5.0,37950.0,721050.0,475200.0
ITM-0002502,ORD-000684,PRD-0034,12,2800.0,1650.0,5.0,1680.0,31920.0,19800.0
ITM-0002503,ORD-000684,PRD-0023,12,46600.0,33950.0,5.0,27960.0,531240.0,407400.0
ITM-0002504,ORD-000684,PRD-0040,8,70550.0,49600.0,0.0,0.0,564400.0,396800.0
ITM-0002505,ORD-000684,PRD-0057,12,25450.0,17350.0,0.0,0.0,305400.0,208200.0
ITM-0002506,ORD-000685,PRD-0030,20,35850.0,25550.0,7.5,53775.0,663225.0,511000.0
ITM-0002507,ORD-000685,PRD-0027,12,11500.0,7200.0,5.0,6900.0,131100.0,86400.0
ITM-0002508,ORD-000685,PRD-0066,7,5300.0,3250.0,0.0,0.0,37100.0,22750.0
ITM-0002509,ORD-000686,PRD-0063,10,12650.0,8000.0,5.0,6325.0,120175.0,80000.0
ITM-0002510,ORD-000686,PRD-0027,35,11500.0,7200.0,5.0,20125.0,382375.0,252000.0
ITM-0002511,ORD-000686,PRD-0040,4,70550.0,49600.0,7.5,21165.0,261035.0,198400.0
ITM-0002512,ORD-000686,PRD-0023,12,46600.0,33950.0,5.0,27960.0,531240.0,407400.0
ITM-0002513,ORD-000686,PRD-0019,8,2950.0,1850.0,5.0,1180.0,22420.0,14800.0
ITM-0002514,ORD-000687,PRD-0005,22,11500.0,7900.0,5.0,12650.0,240350.0,173800.0
ITM-0002515,ORD-000687,PRD-0032,22,383350.0,305700.0,5.0,421685.0,8012015.0,6725400.0
ITM-0002516,ORD-000687,PRD-0053,14,50250.0,36300.0,10.0,70350.0,633150.0,508200.0
ITM-0002517,ORD-000688,PRD-0034,7,2800.0,1650.0,0.0,0.0,19600.0,11550.0
ITM-0002518,ORD-000688,PRD-0050,7,1200.0,650.0,12.5,1050.0,7350.0,4550.0
ITM-0002519,ORD-000689,PRD-0045,11,4400.0,2800.0,7.5,3630.0,44770.0,30800.0
ITM-0002520,ORD-000690,PRD-0066,14,5300.0,3250.0,0.0,0.0,74200.0,45500.0
ITM-0002521,ORD-000690,PRD-0055,6,43600.0,31400.0,7.5,19620.0,241980.0,188400.0
ITM-0002522,ORD-000690,PRD-0013,9,8750.0,5350.0,12.5,9843.75,68906.25,48150.0
ITM-0002523,ORD-000691,PRD-0063,13,12650.0,8000.0,0.0,0.0,164450.0,104000.0
ITM-0002524,ORD-000691,PRD-0023,3,46600.0,33950.0,7.5,10485.0,129315.0,101850.0
ITM-0002525,ORD-000691,PRD-0052,3,40400.0,29250.0,2.5,3030.0,118170.0,87750.0
ITM-0002526,ORD-000691,PRD-0048,8,160400.0,117650.0,7.5,96240.0,1186960.0,941200.0
ITM-0002527,ORD-000691,PRD-0036,11,170650.0,122850.0,5.0,93857.5,1783292.5,1351350.0
ITM-0002528,ORD-000692,PRD-0066,7,5300.0,3250.0,0.0,0.0,37100.0,22750.0
ITM-0002529,ORD-000692,PRD-0030,12,35850.0,25550.0,10.0,43020.0,387180.0,306600.0
ITM-0002530,ORD-000693,PRD-0052,12,40400.0,29250.0,10.0,48480.0,436320.0,351000.0
ITM-0002531,ORD-000693,PRD-0011,12,50250.0,35950.0,2.5,15075.0,587925.0,431400.0
ITM-0002532,ORD-000694,PRD-0048,3,160400.0,117650.0,2.5,12030.0,469170.0,352950.0
ITM-0002533,ORD-000694,PRD-0011,7,50250.0,35950.0,2.5,8793.75,342956.25,251650.0
ITM-0002534,ORD-000695,PRD-0047,11,67750.0,48250.0,0.0,0.0,745250.0,530750.0
ITM-0002535,ORD-000695,PRD-0009,15,75050.0,56000.0,10.0,112575.0,1013175.0,840000.0
ITM-0002536,ORD-000695,PRD-0026,48,5050.0,3050.0,7.5,18180.0,224220.0,146400.0
ITM-0002537,ORD-000695,PRD-0005,37,11500.0,7900.0,2.5,10637.5,414862.5,292300.0
ITM-0002538,ORD-000695,PRD-0010,7,50450.0,37650.0,12.5,44143.75,309006.25,263550.0
ITM-0002539,ORD-000695,PRD-0063,33,12650.0,8000.0,0.0,0.0,417450.0,264000.0
ITM-0002540,ORD-000696,PRD-0043,6,35950.0,25500.0,12.5,26962.5,188737.5,153000.0
ITM-0002541,ORD-000696,PRD-0057,11,25450.0,17350.0,0.0,0.0,279950.0,190850.0
ITM-0002542,ORD-000696,PRD-0049,19,2250.0,1400.0,5.0,2137.5,40612.5,26600.0
ITM-0002543,ORD-000696,PRD-0009,8,75050.0,56000.0,2.5,15010.0,585390.0,448000.0
ITM-0002544,ORD-000696,PRD-0053,11,50250.0,36300.0,0.0,0.0,552750.0,399300.0
ITM-0002545,ORD-000696,PRD-0061,25,5600.0,3650.0,0.0,0.0,140000.0,91250.0
ITM-0002546,ORD-000696,PRD-0069,2,41700.0,30300.0,5.0,4170.0,79230.0,60600.0
ITM-0002547,ORD-000697,PRD-0069,3,41700.0,30300.0,7.5,9382.5,115717.5,90900.0
ITM-0002548,ORD-000698,PRD-0069,20,41700.0,30300.0,5.0,41700.0,792300.0,606000.0
ITM-0002549,ORD-000698,PRD-0029,17,30900.0,21650.0,7.5,39397.5,485902.5,368050.0
ITM-0002550,ORD-000698,PRD-0011,17,50250.0,35950.0,2.5,21356.25,832893.75,611150.0
ITM-0002551,ORD-000698,PRD-0014,7,199750.0,146450.0,2.5,34956.25,1363293.75,1025150.0
ITM-0002552,ORD-000698,PRD-0034,10,2800.0,1650.0,10.0,2800.0,25200.0,16500.0
ITM-0002553,ORD-000698,PRD-0017,7,15250.0,10000.0,0.0,0.0,106750.0,70000.0
ITM-0002554,ORD-000699,PRD-0066,6,5300.0,3250.0,0.0,0.0,31800.0,19500.0
ITM-0002555,ORD-000699,PRD-0009,3,75050.0,56000.0,0.0,0.0,225150.0,168000.0
ITM-0002556,ORD-000700,PRD-0033,1,88100.0,66350.0,10.0,8810.0,79290.0,66350.0
ITM-0002557,ORD-000700,PRD-0034,4,2800.0,1650.0,2.5,280.0,10920.0,6600.0
ITM-0002558,ORD-000700,PRD-0063,7,12650.0,8000.0,2.5,2213.75,86336.25,56000.0
ITM-0002559,ORD-000700,PRD-0032,1,383350.0,305700.0,0.0,0.0,383350.0,305700.0
ITM-0002560,ORD-000701,PRD-0033,1,88100.0,66350.0,7.5,6607.5,81492.5,66350.0
ITM-0002561,ORD-000701,PRD-0024,14,17950.0,12350.0,12.5,31412.5,219887.5,172900.0
ITM-0002562,ORD-000701,PRD-0060,2,16450.0,11150.0,5.0,1645.0,31255.0,22300.0
ITM-0002563,ORD-000702,PRD-0046,1,141200.0,107400.0,7.5,10590.0,130610.0,107400.0
ITM-0002564,ORD-000702,PRD-0045,6,4400.0,2800.0,10.0,2640.0,23760.0,16800.0
ITM-0002565,ORD-000703,PRD-0032,6,383350.0,305700.0,0.0,0.0,2300100.0,1834200.0
ITM-0002566,ORD-000703,PRD-0053,9,50250.0,36300.0,10.0,45225.0,407025.0,326700.0
ITM-0002567,ORD-000703,PRD-0007,2,33250.0,23700.0,2.5,1662.5,64837.5,47400.0
ITM-0002568,ORD-000704,PRD-0039,13,13350.0,9100.0,0.0,0.0,173550.0,118300.0
ITM-0002569,ORD-000704,PRD-0054,23,6000.0,4000.0,7.5,10350.0,127650.0,92000.0
ITM-0002570,ORD-000704,PRD-0005,13,11500.0,7900.0,7.5,11212.5,138287.5,102700.0
ITM-0002571,ORD-000704,PRD-0007,10,33250.0,23700.0,10.0,33250.0,299250.0,237000.0
ITM-0002572,ORD-000705,PRD-0021,11,151550.0,109750.0,5.0,83352.5,1583697.5,1207250.0
ITM-0002573,ORD-000705,PRD-0066,16,5300.0,3250.0,5.0,4240.0,80560.0,52000.0
ITM-0002574,ORD-000705,PRD-0036,5,170650.0,122850.0,0.0,0.0,853250.0,614250.0
ITM-0002575,ORD-000705,PRD-0060,7,16450.0,11150.0,5.0,5757.5,109392.5,78050.0
ITM-0002576,ORD-000706,PRD-0013,57,8750.0,5350.0,5.0,24937.5,473812.5,304950.0
ITM-0002577,ORD-000706,PRD-0050,49,1200.0,650.0,0.0,0.0,58800.0,31850.0
ITM-0002578,ORD-000706,PRD-0034,16,2800.0,1650.0,10.0,4480.0,40320.0,26400.0
ITM-0002579,ORD-000707,PRD-0038,8,32300.0,22650.0,10.0,25840.0,232560.0,181200.0
ITM-0002580,ORD-000707,PRD-0063,32,12650.0,8000.0,5.0,20240.0,384560.0,256000.0
ITM-0002581,ORD-000707,PRD-0005,16,11500.0,7900.0,2.5,4600.0,179400.0,126400.0
ITM-0002582,ORD-000707,PRD-0069,12,41700.0,30300.0,0.0,0.0,500400.0,363600.0
ITM-0002583,ORD-000708,PRD-0036,2,170650.0,122850.0,10.0,34130.0,307170.0,245700.0
ITM-0002584,ORD-000708,PRD-0029,10,30900.0,21650.0,0.0,0.0,309000.0,216500.0
ITM-0002585,ORD-000708,PRD-0013,44,8750.0,5350.0,12.5,48125.0,336875.0,235400.0
ITM-0002586,ORD-000708,PRD-0014,8,199750.0,146450.0,10.0,159800.0,1438200.0,1171600.0
ITM-0002587,ORD-000709,PRD-0045,16,4400.0,2800.0,2.5,1760.0,68640.0,44800.0
ITM-0002588,ORD-000710,PRD-0033,12,88100.0,66350.0,5.0,52860.0,1004340.0,796200.0
ITM-0002589,ORD-000710,PRD-0034,2,2800.0,1650.0,5.0,280.0,5320.0,3300.0
ITM-0002590,ORD-000710,PRD-0064,10,40250.0,28850.0,12.5,50312.5,352187.5,288500.0
ITM-0002591,ORD-000710,PRD-0009,5,75050.0,56000.0,2.5,9381.25,365868.75,280000.0
ITM-0002592,ORD-000711,PRD-0045,22,4400.0,2800.0,10.0,9680.0,87120.0,61600.0
ITM-0002593,ORD-000711,PRD-0066,38,5300.0,3250.0,0.0,0.0,201400.0,123500.0
ITM-0002594,ORD-000712,PRD-0034,18,2800.0,1650.0,5.0,2520.0,47880.0,29700.0
ITM-0002595,ORD-000712,PRD-0069,15,41700.0,30300.0,7.5,46912.5,578587.5,454500.0
ITM-0002596,ORD-000712,PRD-0005,48,11500.0,7900.0,0.0,0.0,552000.0,379200.0
ITM-0002597,ORD-000712,PRD-0047,11,67750.0,48250.0,10.0,74525.0,670725.0,530750.0
ITM-0002598,ORD-000712,PRD-0045,18,4400.0,2800.0,0.0,0.0,79200.0,50400.0
ITM-0002599,ORD-000712,PRD-0060,11,16450.0,11150.0,5.0,9047.5,171902.5,122650.0
ITM-0002600,ORD-000712,PRD-0007,11,33250.0,23700.0,5.0,18287.5,347462.5,260700.0
ITM-0002601,ORD-000713,PRD-0009,13,75050.0,56000.0,7.5,73173.75,902476.25,728000.0
ITM-0002602,ORD-000713,PRD-0023,13,46600.0,33950.0,5.0,30290.0,575510.0,441350.0
ITM-0002603,ORD-000713,PRD-0016,13,18750.0,12900.0,7.5,18281.25,225468.75,167700.0
ITM-0002604,ORD-000713,PRD-0038,13,32300.0,22650.0,5.0,20995.0,398905.0,294450.0
ITM-0002605,ORD-000713,PRD-0043,3,35950.0,25500.0,2.5,2696.25,105153.75,76500.0
ITM-0002606,ORD-000713,PRD-0040,20,70550.0,49600.0,10.0,141100.0,1269900.0,992000.0
ITM-0002607,ORD-000713,PRD-0045,13,4400.0,2800.0,5.0,2860.0,54340.0,36400.0
ITM-0002608,ORD-000714,PRD-0065,9,9000.0,5800.0,5.0,4050.0,76950.0,52200.0
ITM-0002609,ORD-000714,PRD-0005,26,11500.0,7900.0,2.5,7475.0,291525.0,205400.0
ITM-0002610,ORD-000714,PRD-0028,26,6400.0,4200.0,7.5,12480.0,153920.0,109200.0
ITM-0002611,ORD-000714,PRD-0050,26,1200.0,650.0,5.0,1560.0,29640.0,16900.0
ITM-0002612,ORD-000715,PRD-0040,2,70550.0,49600.0,7.5,10582.5,130517.5,99200.0
ITM-0002613,ORD-000715,PRD-0032,2,383350.0,305700.0,10.0,76670.0,690030.0,611400.0
ITM-0002614,ORD-000715,PRD-0031,15,1600.0,900.0,5.0,1200.0,22800.0,13500.0
ITM-0002615,ORD-000715,PRD-0045,12,4400.0,2800.0,0.0,0.0,52800.0,33600.0
ITM-0002616,ORD-000716,PRD-0007,16,33250.0,23700.0,7.5,39900.0,492100.0,379200.0
ITM-0002617,ORD-000716,PRD-0013,28,8750.0,5350.0,7.5,18375.0,226625.0,149800.0
ITM-0002618,ORD-000716,PRD-0066,47,5300.0,3250.0,5.0,12455.0,236645.0,152750.0
ITM-0002619,ORD-000716,PRD-0030,47,35850.0,25550.0,7.5,126371.25,1558578.75,1200850.0
ITM-0002620,ORD-000716,PRD-0011,16,50250.0,35950.0,7.5,60300.0,743700.0,575200.0
ITM-0002621,ORD-000716,PRD-0049,32,2250.0,1400.0,0.0,0.0,72000.0,44800.0
ITM-0002622,ORD-000716,PRD-0032,3,383350.0,305700.0,0.0,0.0,1150050.0,917100.0
ITM-0002623,ORD-000717,PRD-0067,8,2050.0,1250.0,5.0,820.0,15580.0,10000.0
ITM-0002624,ORD-000718,PRD-0007,4,33250.0,23700.0,0.0,0.0,133000.0,94800.0
ITM-0002625,ORD-000718,PRD-0040,10,70550.0,49600.0,5.0,35275.0,670225.0,496000.0
ITM-0002626,ORD-000718,PRD-0060,8,16450.0,11150.0,7.5,9870.0,121730.0,89200.0
ITM-0002627,ORD-000719,PRD-0028,22,6400.0,4200.0,5.0,7040.0,133760.0,92400.0
ITM-0002628,ORD-000719,PRD-0005,19,11500.0,7900.0,0.0,0.0,218500.0,150100.0
ITM-0002629,ORD-000720,PRD-0034,8,2800.0,1650.0,5.0,1120.0,21280.0,13200.0
ITM-0002630,ORD-000720,PRD-0067,22,2050.0,1250.0,7.5,3382.5,41717.5,27500.0
ITM-0002631,ORD-000721,PRD-0007,5,33250.0,23700.0,0.0,0.0,166250.0,118500.0
ITM-0002632,ORD-000721,PRD-0069,9,41700.0,30300.0,7.5,28147.5,347152.5,272700.0
ITM-0002633,ORD-000721,PRD-0064,14,40250.0,28850.0,5.0,28175.0,535325.0,403900.0
ITM-0002634,ORD-000721,PRD-0008,2,11400.0,7800.0,5.0,1140.0,21660.0,15600.0
ITM-0002635,ORD-000721,PRD-0004,16,7100.0,4600.0,5.0,5680.0,107920.0,73600.0
ITM-0002636,ORD-000721,PRD-0022,14,13950.0,9250.0,0.0,0.0,195300.0,129500.0
ITM-0002637,ORD-000721,PRD-0029,9,30900.0,21650.0,0.0,0.0,278100.0,194850.0
ITM-0002638,ORD-000722,PRD-0058,8,28050.0,19450.0,0.0,0.0,224400.0,155600.0
ITM-0002639,ORD-000722,PRD-0012,5,42850.0,31750.0,2.5,5356.25,208893.75,158750.0
ITM-0002640,ORD-000722,PRD-0053,7,50250.0,36300.0,0.0,0.0,351750.0,254100.0
ITM-0002641,ORD-000722,PRD-0065,14,9000.0,5800.0,2.5,3150.0,122850.0,81200.0
ITM-0002642,ORD-000722,PRD-0068,8,29000.0,20900.0,0.0,0.0,232000.0,167200.0
ITM-0002643,ORD-000723,PRD-0037,26,7650.0,5500.0,5.0,9945.0,188955.0,143000.0
ITM-0002644,ORD-000723,PRD-0044,44,3350.0,2000.0,0.0,0.0,147400.0,88000.0
ITM-0002645,ORD-000723,PRD-0066,26,5300.0,3250.0,5.0,6890.0,130910.0,84500.0
ITM-0002646,ORD-000723,PRD-0023,7,46600.0,33950.0,0.0,0.0,326200.0,237650.0
ITM-0002647,ORD-000724,PRD-0023,7,46600.0,33950.0,7.5,24465.0,301735.0,237650.0
ITM-0002648,ORD-000725,PRD-0011,7,50250.0,35950.0,7.5,26381.25,325368.75,251650.0
ITM-0002649,ORD-000725,PRD-0047,2,67750.0,48250.0,5.0,6775.0,128725.0,96500.0
ITM-0002650,ORD-000725,PRD-0045,27,4400.0,2800.0,5.0,5940.0,112860.0,75600.0
ITM-0002651,ORD-000725,PRD-0060,5,16450.0,11150.0,10.0,8225.0,74025.0,55750.0
ITM-0002652,ORD-000725,PRD-0021,7,151550.0,109750.0,0.0,0.0,1060850.0,768250.0
ITM-0002653,ORD-000725,PRD-0030,23,35850.0,25550.0,2.5,20613.75,803936.25,587650.0
ITM-0002654,ORD-000726,PRD-0004,27,7100.0,4600.0,7.5,14377.5,177322.5,124200.0
ITM-0002655,ORD-000726,PRD-0066,27,5300.0,3250.0,7.5,10732.5,132367.5,87750.0
ITM-0002656,ORD-000726,PRD-0029,6,30900.0,21650.0,5.0,9270.0,176130.0,129900.0
ITM-0002657,ORD-000726,PRD-0063,42,12650.0,8000.0,5.0,26565.0,504735.0,336000.0
ITM-0002658,ORD-000726,PRD-0060,6,16450.0,11150.0,7.5,7402.5,91297.5,66900.0
ITM-0002659,ORD-000726,PRD-0069,3,41700.0,30300.0,0.0,0.0,125100.0,90900.0
ITM-0002660,ORD-000726,PRD-0034,6,2800.0,1650.0,0.0,0.0,16800.0,9900.0
ITM-0002661,ORD-000727,PRD-0045,17,4400.0,2800.0,5.0,3740.0,71060.0,47600.0
ITM-0002662,ORD-000727,PRD-0033,1,88100.0,66350.0,7.5,6607.5,81492.5,66350.0
ITM-0002663,ORD-000727,PRD-0007,3,33250.0,23700.0,2.5,2493.75,97256.25,71100.0
ITM-0002664,ORD-000727,PRD-0017,5,15250.0,10000.0,2.5,1906.25,74343.75,50000.0
ITM-0002665,ORD-000727,PRD-0027,21,11500.0,7200.0,2.5,6037.5,235462.5,151200.0
ITM-0002666,ORD-000728,PRD-0061,44,5600.0,3650.0,0.0,0.0,246400.0,160600.0
ITM-0002667,ORD-000728,PRD-0007,3,33250.0,23700.0,5.0,4987.5,94762.5,71100.0
ITM-0002668,ORD-000728,PRD-0066,34,5300.0,3250.0,5.0,9010.0,171190.0,110500.0
ITM-0002669,ORD-000728,PRD-0053,14,50250.0,36300.0,0.0,0.0,703500.0,508200.0
ITM-0002670,ORD-000728,PRD-0004,34,7100.0,4600.0,7.5,18105.0,223295.0,156400.0
ITM-0002671,ORD-000729,PRD-0034,15,2800.0,1650.0,5.0,2100.0,39900.0,24750.0
ITM-0002672,ORD-000729,PRD-0038,3,32300.0,22650.0,2.5,2422.5,94477.5,67950.0
ITM-0002673,ORD-000729,PRD-0058,5,28050.0,19450.0,2.5,3506.25,136743.75,97250.0
ITM-0002674,ORD-000729,PRD-0048,15,160400.0,117650.0,7.5,180450.0,2225550.0,1764750.0
ITM-0002675,ORD-000729,PRD-0037,33,7650.0,5500.0,2.5,6311.25,246138.75,181500.0
ITM-0002676,ORD-000730,PRD-0043,10,35950.0,25500.0,5.0,17975.0,341525.0,255000.0
ITM-0002677,ORD-000730,PRD-0031,10,1600.0,900.0,5.0,800.0,15200.0,9000.0
ITM-0002678,ORD-000730,PRD-0030,31,35850.0,25550.0,7.5,83351.25,1027998.75,792050.0
ITM-0002679,ORD-000730,PRD-0070,33,5100.0,3300.0,10.0,16830.0,151470.0,108900.0
ITM-0002680,ORD-000730,PRD-0052,10,40400.0,29250.0,2.5,10100.0,393900.0,292500.0
ITM-0002681,ORD-000730,PRD-0039,15,13350.0,9100.0,12.5,25031.25,175218.75,136500.0
ITM-0002682,ORD-000731,PRD-0045,32,4400.0,2800.0,5.0,7040.0,133760.0,89600.0
ITM-0002683,ORD-000731,PRD-0034,2,2800.0,1650.0,5.0,280.0,5320.0,3300.0
ITM-0002684,ORD-000731,PRD-0026,40,5050.0,3050.0,2.5,5050.0,196950.0,122000.0
ITM-0002685,ORD-000731,PRD-0007,10,33250.0,23700.0,5.0,16625.0,315875.0,237000.0
ITM-0002686,ORD-000731,PRD-0031,30,1600.0,900.0,0.0,0.0,48000.0,27000.0
ITM-0002687,ORD-000731,PRD-0047,15,67750.0,48250.0,5.0,50812.5,965437.5,723750.0
ITM-0002688,ORD-000731,PRD-0037,22,7650.0,5500.0,10.0,16830.0,151470.0,121000.0
ITM-0002689,ORD-000732,PRD-0060,21,16450.0,11150.0,0.0,0.0,345450.0,234150.0
ITM-0002690,ORD-000732,PRD-0053,3,50250.0,36300.0,7.5,11306.25,139443.75,108900.0
ITM-0002691,ORD-000732,PRD-0069,7,41700.0,30300.0,0.0,0.0,291900.0,212100.0
ITM-0002692,ORD-000732,PRD-0002,48,52050.0,38100.0,2.5,62460.0,2435940.0,1828800.0
ITM-0002693,ORD-000732,PRD-0066,21,5300.0,3250.0,5.0,5565.0,105735.0,68250.0
ITM-0002694,ORD-000732,PRD-0014,7,199750.0,146450.0,2.5,34956.25,1363293.75,1025150.0
ITM-0002695,ORD-000733,PRD-0034,11,2800.0,1650.0,10.0,3080.0,27720.0,18150.0
ITM-0002696,ORD-000733,PRD-0005,11,11500.0,7900.0,10.0,12650.0,113850.0,86900.0
ITM-0002697,ORD-000733,PRD-0039,28,13350.0,9100.0,7.5,28035.0,345765.0,254800.0
ITM-0002698,ORD-000734,PRD-0029,6,30900.0,21650.0,0.0,0.0,185400.0,129900.0
ITM-0002699,ORD-000734,PRD-0053,12,50250.0,36300.0,5.0,30150.0,572850.0,435600.0
ITM-0002700,ORD-000734,PRD-0021,8,151550.0,109750.0,0.0,0.0,1212400.0,878000.0
ITM-0002701,ORD-000734,PRD-0052,10,40400.0,29250.0,0.0,0.0,404000.0,292500.0
ITM-0002702,ORD-000734,PRD-0069,12,41700.0,30300.0,12.5,62550.0,437850.0,363600.0
ITM-0002703,ORD-000735,PRD-0032,3,383350.0,305700.0,0.0,0.0,1150050.0,917100.0
ITM-0002704,ORD-000735,PRD-0003,4,88300.0,65000.0,2.5,8830.0,344370.0,260000.0
ITM-0002705,ORD-000736,PRD-0011,3,50250.0,35950.0,5.0,7537.5,143212.5,107850.0
ITM-0002706,ORD-000736,PRD-0005,8,11500.0,7900.0,5.0,4600.0,87400.0,63200.0
ITM-0002707,ORD-000737,PRD-0007,9,33250.0,23700.0,5.0,14962.5,284287.5,213300.0
ITM-0002708,ORD-000737,PRD-0006,9,27000.0,19650.0,7.5,18225.0,224775.0,176850.0
ITM-0002709,ORD-000738,PRD-0013,10,8750.0,5350.0,0.0,0.0,87500.0,53500.0
ITM-0002710,ORD-000738,PRD-0067,14,2050.0,1250.0,7.5,2152.5,26547.5,17500.0
ITM-0002711,ORD-000738,PRD-0050,12,1200.0,650.0,2.5,360.0,14040.0,7800.0
ITM-0002712,ORD-000738,PRD-0005,12,11500.0,7900.0,2.5,3450.0,134550.0,94800.0
ITM-0002713,ORD-000738,PRD-0007,8,33250.0,23700.0,2.5,6650.0,259350.0,189600.0
ITM-0002714,ORD-000738,PRD-0021,2,151550.0,109750.0,5.0,15155.0,287945.0,219500.0
ITM-0002715,ORD-000739,PRD-0069,6,41700.0,30300.0,5.0,12510.0,237690.0,181800.0
ITM-0002716,ORD-000740,PRD-0006,16,27000.0,19650.0,2.5,10800.0,421200.0,314400.0
ITM-0002717,ORD-000740,PRD-0045,53,4400.0,2800.0,0.0,0.0,233200.0,148400.0
ITM-0002718,ORD-000741,PRD-0034,8,2800.0,1650.0,0.0,0.0,22400.0,13200.0
ITM-0002719,ORD-000741,PRD-0053,2,50250.0,36300.0,2.5,2512.5,97987.5,72600.0
ITM-0002720,ORD-000742,PRD-0064,4,40250.0,28850.0,2.5,4025.0,156975.0,115400.0
ITM-0002721,ORD-000742,PRD-0034,24,2800.0,1650.0,12.5,8400.0,58800.0,39600.0
ITM-0002722,ORD-000742,PRD-0017,4,15250.0,10000.0,2.5,1525.0,59475.0,40000.0
ITM-0002723,ORD-000743,PRD-0069,23,41700.0,30300.0,5.0,47955.0,911145.0,696900.0
ITM-0002724,ORD-000743,PRD-0049,50,2250.0,1400.0,7.5,8437.5,104062.5,70000.0
ITM-0002725,ORD-000743,PRD-0045,11,4400.0,2800.0,0.0,0.0,48400.0,30800.0
ITM-0002726,ORD-000743,PRD-0058,23,28050.0,19450.0,5.0,32257.5,612892.5,447350.0
ITM-0002727,ORD-000743,PRD-0066,50,5300.0,3250.0,0.0,0.0,265000.0,162500.0
ITM-0002728,ORD-000743,PRD-0037,77,7650.0,5500.0,0.0,0.0,589050.0,423500.0
ITM-0002729,ORD-000744,PRD-0007,6,33250.0,23700.0,2.5,4987.5,194512.5,142200.0
ITM-0002730,ORD-000744,PRD-0034,3,2800.0,1650.0,5.0,420.0,7980.0,4950.0
ITM-0002731,ORD-000744,PRD-0066,11,5300.0,3250.0,10.0,5830.0,52470.0,35750.0
ITM-0002732,ORD-000745,PRD-0033,16,88100.0,66350.0,10.0,140960.0,1268640.0,1061600.0
ITM-0002733,ORD-000745,PRD-0023,9,46600.0,33950.0,5.0,20970.0,398430.0,305550.0
ITM-0002734,ORD-000745,PRD-0070,22,5100.0,3300.0,0.0,0.0,112200.0,72600.0
ITM-0002735,ORD-000745,PRD-0052,13,40400.0,29250.0,5.0,26260.0,498940.0,380250.0
ITM-0002736,ORD-000746,PRD-0012,7,42850.0,31750.0,5.0,14997.5,284952.5,222250.0
ITM-0002737,ORD-000746,PRD-0037,39,7650.0,5500.0,0.0,0.0,298350.0,214500.0
ITM-0002738,ORD-000746,PRD-0052,2,40400.0,29250.0,7.5,6060.0,74740.0,58500.0
ITM-0002739,ORD-000747,PRD-0059,23,1850.0,1050.0,7.5,3191.25,39358.75,24150.0
ITM-0002740,ORD-000747,PRD-0053,20,50250.0,36300.0,7.5,75375.0,929625.0,726000.0
ITM-0002741,ORD-000747,PRD-0050,40,1200.0,650.0,5.0,2400.0,45600.0,26000.0
ITM-0002742,ORD-000747,PRD-0005,20,11500.0,7900.0,5.0,11500.0,218500.0,158000.0
ITM-0002743,ORD-000747,PRD-0013,37,8750.0,5350.0,7.5,24281.25,299468.75,197950.0
ITM-0002744,ORD-000747,PRD-0034,20,2800.0,1650.0,7.5,4200.0,51800.0,33000.0
ITM-0002745,ORD-000747,PRD-0049,17,2250.0,1400.0,0.0,0.0,38250.0,23800.0
ITM-0002746,ORD-000748,PRD-0069,3,41700.0,30300.0,5.0,6255.0,118845.0,90900.0
ITM-0002747,ORD-000748,PRD-0005,6,11500.0,7900.0,2.5,1725.0,67275.0,47400.0
ITM-0002748,ORD-000748,PRD-0021,8,151550.0,109750.0,5.0,60620.0,1151780.0,878000.0
ITM-0002749,ORD-000749,PRD-0040,9,70550.0,49600.0,7.5,47621.25,587328.75,446400.0
ITM-0002750,ORD-000749,PRD-0037,11,7650.0,5500.0,10.0,8415.0,75735.0,60500.0
ITM-0002751,ORD-000749,PRD-0058,6,28050.0,19450.0,5.0,8415.0,159885.0,116700.0
ITM-0002752,ORD-000749,PRD-0034,5,2800.0,1650.0,0.0,0.0,14000.0,8250.0
ITM-0002753,ORD-000749,PRD-0031,18,1600.0,900.0,5.0,1440.0,27360.0,16200.0
ITM-0002754,ORD-000750,PRD-0043,7,35950.0,25500.0,0.0,0.0,251650.0,178500.0
ITM-0002755,ORD-000750,PRD-0005,26,11500.0,7900.0,5.0,14950.0,284050.0,205400.0
ITM-0002756,ORD-000750,PRD-0039,30,13350.0,9100.0,0.0,0.0,400500.0,273000.0
ITM-0002757,ORD-000750,PRD-0057,20,25450.0,17350.0,7.5,38175.0,470825.0,347000.0
ITM-0002758,ORD-000750,PRD-0045,46,4400.0,2800.0,7.5,15180.0,187220.0,128800.0
ITM-0002759,ORD-000750,PRD-0050,23,1200.0,650.0,10.0,2760.0,24840.0,14950.0
ITM-0002760,ORD-000751,PRD-0066,31,5300.0,3250.0,7.5,12322.5,151977.5,100750.0
ITM-0002761,ORD-000751,PRD-0034,10,2800.0,1650.0,10.0,2800.0,25200.0,16500.0
ITM-0002762,ORD-000751,PRD-0037,13,7650.0,5500.0,10.0,9945.0,89505.0,71500.0
ITM-0002763,ORD-000751,PRD-0070,8,5100.0,3300.0,5.0,2040.0,38760.0,26400.0
ITM-0002764,ORD-000751,PRD-0007,3,33250.0,23700.0,10.0,9975.0,89775.0,71100.0
ITM-0002765,ORD-000752,PRD-0005,9,11500.0,7900.0,0.0,0.0,103500.0,71100.0
ITM-0002766,ORD-000752,PRD-0011,11,50250.0,35950.0,7.5,41456.25,511293.75,395450.0
ITM-0002767,ORD-000753,PRD-0066,46,5300.0,3250.0,5.0,12190.0,231610.0,149500.0
ITM-0002768,ORD-000753,PRD-0010,14,50450.0,37650.0,2.5,17657.5,688642.5,527100.0
ITM-0002769,ORD-000753,PRD-0030,32,35850.0,25550.0,7.5,86040.0,1061160.0,817600.0
ITM-0002770,ORD-000754,PRD-0013,11,8750.0,5350.0,10.0,9625.0,86625.0,58850.0
ITM-0002771,ORD-000754,PRD-0023,4,46600.0,33950.0,2.5,4660.0,181740.0,135800.0
ITM-0002772,ORD-000754,PRD-0061,21,5600.0,3650.0,12.5,14700.0,102900.0,76650.0
ITM-0002773,ORD-000754,PRD-0005,17,11500.0,7900.0,0.0,0.0,195500.0,134300.0
ITM-0002774,ORD-000754,PRD-0007,13,33250.0,23700.0,10.0,43225.0,389025.0,308100.0
ITM-0002775,ORD-000754,PRD-0033,4,88100.0,66350.0,2.5,8810.0,343590.0,265400.0
ITM-0002776,ORD-000754,PRD-0031,15,1600.0,900.0,2.5,600.0,23400.0,13500.0
ITM-0002777,ORD-000755,PRD-0022,4,13950.0,9250.0,0.0,0.0,55800.0,37000.0
ITM-0002778,ORD-000755,PRD-0011,4,50250.0,35950.0,2.5,5025.0,195975.0,143800.0
ITM-0002779,ORD-000756,PRD-0043,11,35950.0,25500.0,0.0,0.0,395450.0,280500.0
ITM-0002780,ORD-000756,PRD-0037,82,7650.0,5500.0,10.0,62730.0,564570.0,451000.0
ITM-0002781,ORD-000756,PRD-0027,46,11500.0,7200.0,0.0,0.0,529000.0,331200.0
ITM-0002782,ORD-000756,PRD-0025,14,32700.0,22850.0,7.5,34335.0,423465.0,319900.0
ITM-0002783,ORD-000757,PRD-0002,9,52050.0,38100.0,7.5,35133.75,433316.25,342900.0
ITM-0002784,ORD-000758,PRD-0005,9,11500.0,7900.0,0.0,0.0,103500.0,71100.0
ITM-0002785,ORD-000758,PRD-0016,3,18750.0,12900.0,0.0,0.0,56250.0,38700.0
ITM-0002786,ORD-000758,PRD-0069,3,41700.0,30300.0,7.5,9382.5,115717.5,90900.0
ITM-0002787,ORD-000759,PRD-0034,4,2800.0,1650.0,10.0,1120.0,10080.0,6600.0
ITM-0002788,ORD-000759,PRD-0040,4,70550.0,49600.0,2.5,7055.0,275145.0,198400.0
ITM-0002789,ORD-000759,PRD-0070,3,5100.0,3300.0,5.0,765.0,14535.0,9900.0
ITM-0002790,ORD-000760,PRD-0064,16,40250.0,28850.0,10.0,64400.0,579600.0,461600.0
ITM-0002791,ORD-000760,PRD-0045,45,4400.0,2800.0,10.0,19800.0,178200.0,126000.0
ITM-0002792,ORD-000760,PRD-0020,10,31900.0,22100.0,7.5,23925.0,295075.0,221000.0
ITM-0002793,ORD-000760,PRD-0060,16,16450.0,11150.0,10.0,26320.0,236880.0,178400.0
ITM-0002794,ORD-000761,PRD-0007,2,33250.0,23700.0,7.5,4987.5,61512.5,47400.0
ITM-0002795,ORD-000761,PRD-0031,12,1600.0,900.0,2.5,480.0,18720.0,10800.0
ITM-0002796,ORD-000761,PRD-0023,5,46600.0,33950.0,10.0,23300.0,209700.0,169750.0
ITM-0002797,ORD-000761,PRD-0053,5,50250.0,36300.0,0.0,0.0,251250.0,181500.0
ITM-0002798,ORD-000762,PRD-0037,71,7650.0,5500.0,0.0,0.0,543150.0,390500.0
ITM-0002799,ORD-000762,PRD-0040,9,70550.0,49600.0,10.0,63495.0,571455.0,446400.0
ITM-0002800,ORD-000762,PRD-0009,12,75050.0,56000.0,7.5,67545.0,833055.0,672000.0
ITM-0002801,ORD-000762,PRD-0016,19,18750.0,12900.0,5.0,17812.5,338437.5,245100.0
ITM-0002802,ORD-000762,PRD-0007,6,33250.0,23700.0,5.0,9975.0,189525.0,142200.0
ITM-0002803,ORD-000763,PRD-0049,14,2250.0,1400.0,10.0,3150.0,28350.0,19600.0
ITM-0002804,ORD-000763,PRD-0036,6,170650.0,122850.0,2.5,25597.5,998302.5,737100.0
ITM-0002805,ORD-000764,PRD-0011,11,50250.0,35950.0,5.0,27637.5,525112.5,395450.0
ITM-0002806,ORD-000764,PRD-0016,7,18750.0,12900.0,0.0,0.0,131250.0,90300.0
ITM-0002807,ORD-000764,PRD-0008,7,11400.0,7800.0,10.0,7980.0,71820.0,54600.0
ITM-0002808,ORD-000764,PRD-0045,14,4400.0,2800.0,0.0,0.0,61600.0,39200.0
ITM-0002809,ORD-000764,PRD-0066,39,5300.0,3250.0,5.0,10335.0,196365.0,126750.0
ITM-0002810,ORD-000765,PRD-0013,38,8750.0,5350.0,7.5,24937.5,307562.5,203300.0
ITM-0002811,ORD-000765,PRD-0033,2,88100.0,66350.0,7.5,13215.0,162985.0,132700.0
ITM-0002812,ORD-000765,PRD-0007,14,33250.0,23700.0,7.5,34912.5,430587.5,331800.0
ITM-0002813,ORD-000766,PRD-0040,14,70550.0,49600.0,5.0,49385.0,938315.0,694400.0
ITM-0002814,ORD-000766,PRD-0005,30,11500.0,7900.0,5.0,17250.0,327750.0,237000.0
ITM-0002815,ORD-000766,PRD-0027,11,11500.0,7200.0,7.5,9487.5,117012.5,79200.0
ITM-0002816,ORD-000766,PRD-0031,25,1600.0,900.0,7.5,3000.0,37000.0,22500.0
ITM-0002817,ORD-000767,PRD-0037,68,7650.0,5500.0,5.0,26010.0,494190.0,374000.0
ITM-0002818,ORD-000767,PRD-0007,14,33250.0,23700.0,0.0,0.0,465500.0,331800.0
ITM-0002819,ORD-000767,PRD-0053,14,50250.0,36300.0,0.0,0.0,703500.0,508200.0
ITM-0002820,ORD-000767,PRD-0060,8,16450.0,11150.0,7.5,9870.0,121730.0,89200.0
ITM-0002821,ORD-000767,PRD-0069,5,41700.0,30300.0,0.0,0.0,208500.0,151500.0
ITM-0002822,ORD-000767,PRD-0019,14,2950.0,1850.0,12.5,5162.5,36137.5,25900.0
ITM-0002823,ORD-000767,PRD-0029,16,30900.0,21650.0,7.5,37080.0,457320.0,346400.0
ITM-0002824,ORD-000768,PRD-0064,22,40250.0,28850.0,0.0,0.0,885500.0,634700.0
ITM-0002825,ORD-000768,PRD-0037,56,7650.0,5500.0,0.0,0.0,428400.0,308000.0
ITM-0002826,ORD-000768,PRD-0038,11,32300.0,22650.0,5.0,17765.0,337535.0,249150.0
ITM-0002827,ORD-000768,PRD-0046,4,141200.0,107400.0,12.5,70600.0,494200.0,429600.0
ITM-0002828,ORD-000768,PRD-0053,11,50250.0,36300.0,0.0,0.0,552750.0,399300.0
ITM-0002829,ORD-000768,PRD-0014,22,199750.0,146450.0,0.0,0.0,4394500.0,3221900.0
ITM-0002830,ORD-000768,PRD-0047,11,67750.0,48250.0,7.5,55893.75,689356.25,530750.0
ITM-0002831,ORD-000769,PRD-0045,25,4400.0,2800.0,5.0,5500.0,104500.0,70000.0
ITM-0002832,ORD-000769,PRD-0034,12,2800.0,1650.0,12.5,4200.0,29400.0,19800.0
ITM-0002833,ORD-000769,PRD-0066,34,5300.0,3250.0,2.5,4505.0,175695.0,110500.0
ITM-0002834,ORD-000769,PRD-0036,6,170650.0,122850.0,7.5,76792.5,947107.5,737100.0
ITM-0002835,ORD-000769,PRD-0009,15,75050.0,56000.0,0.0,0.0,1125750.0,840000.0
ITM-0002836,ORD-000770,PRD-0069,3,41700.0,30300.0,2.5,3127.5,121972.5,90900.0
ITM-0002837,ORD-000770,PRD-0050,6,1200.0,650.0,7.5,540.0,6660.0,3900.0
ITM-0002838,ORD-000771,PRD-0007,8,33250.0,23700.0,5.0,13300.0,252700.0,189600.0
ITM-0002839,ORD-000771,PRD-0034,8,2800.0,1650.0,10.0,2240.0,20160.0,13200.0
ITM-0002840,ORD-000771,PRD-0053,16,50250.0,36300.0,10.0,80400.0,723600.0,580800.0
ITM-0002841,ORD-000771,PRD-0058,8,28050.0,19450.0,10.0,22440.0,201960.0,155600.0
ITM-0002842,ORD-000771,PRD-0024,45,17950.0,12350.0,0.0,0.0,807750.0,555750.0
ITM-0002843,ORD-000771,PRD-0005,26,11500.0,7900.0,7.5,22425.0,276575.0,205400.0
ITM-0002844,ORD-000772,PRD-0029,6,30900.0,21650.0,0.0,0.0,185400.0,129900.0
ITM-0002845,ORD-000772,PRD-0026,46,5050.0,3050.0,10.0,23230.0,209070.0,140300.0
ITM-0002846,ORD-000772,PRD-0066,23,5300.0,3250.0,5.0,6095.0,115805.0,74750.0
ITM-0002847,ORD-000772,PRD-0060,13,16450.0,11150.0,10.0,21385.0,192465.0,144950.0
ITM-0002848,ORD-000772,PRD-0034,8,2800.0,1650.0,7.5,1680.0,20720.0,13200.0
ITM-0002849,ORD-000772,PRD-0033,11,88100.0,66350.0,10.0,96910.0,872190.0,729850.0
ITM-0002850,ORD-000772,PRD-0057,4,25450.0,17350.0,2.5,2545.0,99255.0,69400.0
ITM-0002851,ORD-000773,PRD-0017,12,15250.0,10000.0,10.0,18300.0,164700.0,120000.0
ITM-0002852,ORD-000773,PRD-0053,15,50250.0,36300.0,7.5,56531.25,697218.75,544500.0
ITM-0002853,ORD-000773,PRD-0022,12,13950.0,9250.0,0.0,0.0,167400.0,111000.0
ITM-0002854,ORD-000773,PRD-0069,7,41700.0,30300.0,2.5,7297.5,284602.5,212100.0
ITM-0002855,ORD-000773,PRD-0026,30,5050.0,3050.0,0.0,0.0,151500.0,91500.0
ITM-0002856,ORD-000774,PRD-0034,13,2800.0,1650.0,2.5,910.0,35490.0,21450.0
ITM-0002857,ORD-000774,PRD-0007,13,33250.0,23700.0,10.0,43225.0,389025.0,308100.0
ITM-0002858,ORD-000774,PRD-0046,13,141200.0,107400.0,5.0,91780.0,1743820.0,1396200.0
ITM-0002859,ORD-000774,PRD-0005,22,11500.0,7900.0,5.0,12650.0,240350.0,173800.0
ITM-0002860,ORD-000775,PRD-0037,8,7650.0,5500.0,7.5,4590.0,56610.0,44000.0
ITM-0002861,ORD-000776,PRD-0035,7,195800.0,149250.0,0.0,0.0,1370600.0,1044750.0
ITM-0002862,ORD-000776,PRD-0011,3,50250.0,35950.0,7.5,11306.25,139443.75,107850.0
ITM-0002863,ORD-000776,PRD-0045,5,4400.0,2800.0,5.0,1100.0,20900.0,14000.0
ITM-0002864,ORD-000777,PRD-0030,22,35850.0,25550.0,10.0,78870.0,709830.0,562100.0
ITM-0002865,ORD-000777,PRD-0057,7,25450.0,17350.0,5.0,8907.5,169242.5,121450.0
ITM-0002866,ORD-000777,PRD-0004,26,7100.0,4600.0,7.5,13845.0,170755.0,119600.0
ITM-0002867,ORD-000778,PRD-0066,46,5300.0,3250.0,5.0,12190.0,231610.0,149500.0
ITM-0002868,ORD-000778,PRD-0006,11,27000.0,19650.0,5.0,14850.0,282150.0,216150.0
ITM-0002869,ORD-000778,PRD-0005,21,11500.0,7900.0,5.0,12075.0,229425.0,165900.0
ITM-0002870,ORD-000779,PRD-0004,7,7100.0,4600.0,0.0,0.0,49700.0,32200.0
ITM-0002871,ORD-000779,PRD-0019,13,2950.0,1850.0,0.0,0.0,38350.0,24050.0
ITM-0002872,ORD-000779,PRD-0030,20,35850.0,25550.0,0.0,0.0,717000.0,511000.0
ITM-0002873,ORD-000779,PRD-0034,7,2800.0,1650.0,0.0,0.0,19600.0,11550.0
ITM-0002874,ORD-000779,PRD-0040,9,70550.0,49600.0,10.0,63495.0,571455.0,446400.0
ITM-0002875,ORD-000780,PRD-0053,5,50250.0,36300.0,7.5,18843.75,232406.25,181500.0
ITM-0002876,ORD-000781,PRD-0003,7,88300.0,65000.0,2.5,15452.5,602647.5,455000.0
ITM-0002877,ORD-000781,PRD-0048,6,160400.0,117650.0,0.0,0.0,962400.0,705900.0
ITM-0002878,ORD-000781,PRD-0007,3,33250.0,23700.0,5.0,4987.5,94762.5,71100.0
ITM-0002879,ORD-000781,PRD-0049,11,2250.0,1400.0,5.0,1237.5,23512.5,15400.0
ITM-0002880,ORD-000781,PRD-0045,8,4400.0,2800.0,5.0,1760.0,33440.0,22400.0
ITM-0002881,ORD-000782,PRD-0049,42,2250.0,1400.0,10.0,9450.0,85050.0,58800.0
ITM-0002882,ORD-000782,PRD-0007,10,33250.0,23700.0,2.5,8312.5,324187.5,237000.0
ITM-0002883,ORD-000782,PRD-0016,3,18750.0,12900.0,7.5,4218.75,52031.25,38700.0
ITM-0002884,ORD-000782,PRD-0060,6,16450.0,11150.0,12.5,12337.5,86362.5,66900.0
ITM-0002885,ORD-000783,PRD-0045,22,4400.0,2800.0,10.0,9680.0,87120.0,61600.0
ITM-0002886,ORD-000783,PRD-0011,2,50250.0,35950.0,7.5,7537.5,92962.5,71900.0
ITM-0002887,ORD-000784,PRD-0042,18,16900.0,11500.0,2.5,7605.0,296595.0,207000.0
ITM-0002888,ORD-000784,PRD-0049,18,2250.0,1400.0,0.0,0.0,40500.0,25200.0
ITM-0002889,ORD-000784,PRD-0034,8,2800.0,1650.0,2.5,560.0,21840.0,13200.0
ITM-0002890,ORD-000784,PRD-0037,21,7650.0,5500.0,7.5,12048.75,148601.25,115500.0
ITM-0002891,ORD-000784,PRD-0053,1,50250.0,36300.0,5.0,2512.5,47737.5,36300.0
ITM-0002892,ORD-000785,PRD-0050,20,1200.0,650.0,2.5,600.0,23400.0,13000.0
ITM-0002893,ORD-000785,PRD-0026,11,5050.0,3050.0,5.0,2777.5,52772.5,33550.0
ITM-0002894,ORD-000785,PRD-0001,11,49000.0,35150.0,7.5,40425.0,498575.0,386650.0
ITM-0002895,ORD-000785,PRD-0069,7,41700.0,30300.0,7.5,21892.5,270007.5,212100.0
ITM-0002896,ORD-000785,PRD-0025,7,32700.0,22850.0,10.0,22890.0,206010.0,159950.0
ITM-0002897,ORD-000786,PRD-0045,13,4400.0,2800.0,0.0,0.0,57200.0,36400.0
ITM-0002898,ORD-000786,PRD-0066,17,5300.0,3250.0,5.0,4505.0,85595.0,55250.0
ITM-0002899,ORD-000787,PRD-0065,6,9000.0,5800.0,10.0,5400.0,48600.0,34800.0
ITM-0002900,ORD-000787,PRD-0007,1,33250.0,23700.0,2.5,831.25,32418.75,23700.0
ITM-0002901,ORD-000788,PRD-0069,2,41700.0,30300.0,2.5,2085.0,81315.0,60600.0
ITM-0002902,ORD-000788,PRD-0056,5,16900.0,12000.0,5.0,4225.0,80275.0,60000.0
ITM-0002903,ORD-000788,PRD-0003,2,88300.0,65000.0,0.0,0.0,176600.0,130000.0
ITM-0002904,ORD-000788,PRD-0053,2,50250.0,36300.0,7.5,7537.5,92962.5,72600.0
ITM-0002905,ORD-000789,PRD-0017,1,15250.0,10000.0,7.5,1143.75,14106.25,10000.0
ITM-0002906,ORD-000790,PRD-0034,6,2800.0,1650.0,0.0,0.0,16800.0,9900.0
ITM-0002907,ORD-000790,PRD-0029,6,30900.0,21650.0,7.5,13905.0,171495.0,129900.0
ITM-0002908,ORD-000790,PRD-0048,5,160400.0,117650.0,2.5,20050.0,781950.0,588250.0
ITM-0002909,ORD-000790,PRD-0066,7,5300.0,3250.0,0.0,0.0,37100.0,22750.0
ITM-0002910,ORD-000791,PRD-0032,11,383350.0,305700.0,2.5,105421.25,4111428.75,3362700.0
ITM-0002911,ORD-000791,PRD-0030,7,35850.0,25550.0,0.0,0.0,250950.0,178850.0
ITM-0002912,ORD-000791,PRD-0009,11,75050.0,56000.0,5.0,41277.5,784272.5,616000.0
ITM-0002913,ORD-000791,PRD-0007,11,33250.0,23700.0,7.5,27431.25,338318.75,260700.0
ITM-0002914,ORD-000791,PRD-0042,16,16900.0,11500.0,0.0,0.0,270400.0,184000.0
ITM-0002915,ORD-000792,PRD-0027,34,11500.0,7200.0,5.0,19550.0,371450.0,244800.0
ITM-0002916,ORD-000792,PRD-0066,34,5300.0,3250.0,5.0,9010.0,171190.0,110500.0
ITM-0002917,ORD-000792,PRD-0007,13,33250.0,23700.0,12.5,54031.25,378218.75,308100.0
ITM-0002918,ORD-000792,PRD-0005,13,11500.0,7900.0,7.5,11212.5,138287.5,102700.0
ITM-0002919,ORD-000792,PRD-0030,23,35850.0,25550.0,12.5,103068.75,721481.25,587650.0
ITM-0002920,ORD-000793,PRD-0034,9,2800.0,1650.0,5.0,1260.0,23940.0,14850.0
ITM-0002921,ORD-000794,PRD-0045,20,4400.0,2800.0,2.5,2200.0,85800.0,56000.0
ITM-0002922,ORD-000794,PRD-0026,57,5050.0,3050.0,5.0,14392.5,273457.5,173850.0
ITM-0002923,ORD-000795,PRD-0013,21,8750.0,5350.0,5.0,9187.5,174562.5,112350.0
ITM-0002924,ORD-000795,PRD-0032,10,383350.0,305700.0,5.0,191675.0,3641825.0,3057000.0
ITM-0002925,ORD-000795,PRD-0005,35,11500.0,7900.0,5.0,20125.0,382375.0,276500.0
ITM-0002926,ORD-000795,PRD-0053,17,50250.0,36300.0,10.0,85425.0,768825.0,617100.0
ITM-0002927,ORD-000795,PRD-0016,3,18750.0,12900.0,0.0,0.0,56250.0,38700.0
ITM-0002928,ORD-000795,PRD-0034,21,2800.0,1650.0,0.0,0.0,58800.0,34650.0
ITM-0002929,ORD-000796,PRD-0005,3,11500.0,7900.0,12.5,4312.5,30187.5,23700.0
ITM-0002930,ORD-000796,PRD-0013,14,8750.0,5350.0,7.5,9187.5,113312.5,74900.0
ITM-0002931,ORD-000796,PRD-0014,5,199750.0,146450.0,5.0,49937.5,948812.5,732250.0
ITM-0002932,ORD-000797,PRD-0029,18,30900.0,21650.0,7.5,41715.0,514485.0,389700.0
ITM-0002933,ORD-000797,PRD-0033,11,88100.0,66350.0,7.5,72682.5,896417.5,729850.0
ITM-0002934,ORD-000797,PRD-0031,33,1600.0,900.0,2.5,1320.0,51480.0,29700.0
ITM-0002935,ORD-000797,PRD-0009,4,75050.0,56000.0,0.0,0.0,300200.0,224000.0
ITM-0002936,ORD-000797,PRD-0057,18,25450.0,17350.0,0.0,0.0,458100.0,312300.0
ITM-0002937,ORD-000797,PRD-0019,11,2950.0,1850.0,0.0,0.0,32450.0,20350.0
ITM-0002938,ORD-000797,PRD-0022,11,13950.0,9250.0,5.0,7672.5,145777.5,101750.0
ITM-0002939,ORD-000798,PRD-0001,5,49000.0,35150.0,0.0,0.0,245000.0,175750.0
ITM-0002940,ORD-000798,PRD-0047,5,67750.0,48250.0,10.0,33875.0,304875.0,241250.0
ITM-0002941,ORD-000798,PRD-0004,15,7100.0,4600.0,7.5,7987.5,98512.5,69000.0
ITM-0002942,ORD-000798,PRD-0006,9,27000.0,19650.0,5.0,12150.0,230850.0,176850.0
ITM-0002943,ORD-000799,PRD-0069,6,41700.0,30300.0,0.0,0.0,250200.0,181800.0
ITM-0002944,ORD-000799,PRD-0023,5,46600.0,33950.0,7.5,17475.0,215525.0,169750.0
ITM-0002945,ORD-000799,PRD-0066,18,5300.0,3250.0,7.5,7155.0,88245.0,58500.0
ITM-0002946,ORD-000799,PRD-0067,10,2050.0,1250.0,5.0,1025.0,19475.0,12500.0
ITM-0002947,ORD-000800,PRD-0023,7,46600.0,33950.0,5.0,16310.0,309890.0,237650.0
ITM-0002948,ORD-000800,PRD-0007,4,33250.0,23700.0,0.0,0.0,133000.0,94800.0
ITM-0002949,ORD-000801,PRD-0055,8,43600.0,31400.0,10.0,34880.0,313920.0,251200.0
ITM-0002950,ORD-000801,PRD-0036,10,170650.0,122850.0,5.0,85325.0,1621175.0,1228500.0
ITM-0002951,ORD-000802,PRD-0013,13,8750.0,5350.0,2.5,2843.75,110906.25,69550.0
ITM-0002952,ORD-000802,PRD-0058,3,28050.0,19450.0,0.0,0.0,84150.0,58350.0
ITM-0002953,ORD-000802,PRD-0007,3,33250.0,23700.0,10.0,9975.0,89775.0,71100.0
ITM-0002954,ORD-000802,PRD-0017,3,15250.0,10000.0,10.0,4575.0,41175.0,30000.0
ITM-0002955,ORD-000802,PRD-0045,7,4400.0,2800.0,0.0,0.0,30800.0,19600.0
ITM-0002956,ORD-000803,PRD-0057,7,25450.0,17350.0,10.0,17815.0,160335.0,121450.0
ITM-0002957,ORD-000803,PRD-0011,4,50250.0,35950.0,5.0,10050.0,190950.0,143800.0
ITM-0002958,ORD-000803,PRD-0005,24,11500.0,7900.0,10.0,27600.0,248400.0,189600.0
ITM-0002959,ORD-000803,PRD-0053,13,50250.0,36300.0,5.0,32662.5,620587.5,471900.0
ITM-0002960,ORD-000803,PRD-0019,15,2950.0,1850.0,5.0,2212.5,42037.5,27750.0
ITM-0002961,ORD-000803,PRD-0069,4,41700.0,30300.0,7.5,12510.0,154290.0,121200.0
ITM-0002962,ORD-000803,PRD-0058,4,28050.0,19450.0,0.0,0.0,112200.0,77800.0
ITM-0002963,ORD-000804,PRD-0058,7,28050.0,19450.0,0.0,0.0,196350.0,136150.0
ITM-0002964,ORD-000804,PRD-0024,15,17950.0,12350.0,0.0,0.0,269250.0,185250.0
ITM-0002965,ORD-000804,PRD-0054,22,6000.0,4000.0,0.0,0.0,132000.0,88000.0
ITM-0002966,ORD-000804,PRD-0065,13,9000.0,5800.0,0.0,0.0,117000.0,75400.0
ITM-0002967,ORD-000804,PRD-0037,33,7650.0,5500.0,7.5,18933.75,233516.25,181500.0
ITM-0002968,ORD-000804,PRD-0034,6,2800.0,1650.0,5.0,840.0,15960.0,9900.0
ITM-0002969,ORD-000804,PRD-0050,20,1200.0,650.0,7.5,1800.0,22200.0,13000.0
ITM-0002970,ORD-000805,PRD-0007,10,33250.0,23700.0,0.0,0.0,332500.0,237000.0
ITM-0002971,ORD-000805,PRD-0037,40,7650.0,5500.0,2.5,7650.0,298350.0,220000.0
ITM-0002972,ORD-000805,PRD-0057,5,25450.0,17350.0,12.5,15906.25,111343.75,86750.0
ITM-0002973,ORD-000805,PRD-0045,20,4400.0,2800.0,7.5,6600.0,81400.0,56000.0
ITM-0002974,ORD-000805,PRD-0017,8,15250.0,10000.0,0.0,0.0,122000.0,80000.0
ITM-0002975,ORD-000806,PRD-0013,26,8750.0,5350.0,2.5,5687.5,221812.5,139100.0
ITM-0002976,ORD-000806,PRD-0017,5,15250.0,10000.0,10.0,7625.0,68625.0,50000.0
ITM-0002977,ORD-000806,PRD-0050,35,1200.0,650.0,5.0,2100.0,39900.0,22750.0
ITM-0002978,ORD-000806,PRD-0005,9,11500.0,7900.0,7.5,7762.5,95737.5,71100.0
ITM-0002979,ORD-000806,PRD-0031,33,1600.0,900.0,0.0,0.0,52800.0,29700.0
ITM-0002980,ORD-000807,PRD-0004,50,7100.0,4600.0,5.0,17750.0,337250.0,230000.0
ITM-0002981,ORD-000807,PRD-0065,54,9000.0,5800.0,7.5,36450.0,449550.0,313200.0
ITM-0002982,ORD-000808,PRD-0014,6,199750.0,146450.0,7.5,89887.5,1108612.5,878700.0
ITM-0002983,ORD-000808,PRD-0050,6,1200.0,650.0,12.5,900.0,6300.0,3900.0
ITM-0002984,ORD-000808,PRD-0043,11,35950.0,25500.0,7.5,29658.75,365791.25,280500.0
ITM-0002985,ORD-000808,PRD-0001,9,49000.0,35150.0,5.0,22050.0,418950.0,316350.0
ITM-0002986,ORD-000808,PRD-0063,19,12650.0,8000.0,2.5,6008.75,234341.25,152000.0
ITM-0002987,ORD-000809,PRD-0008,5,11400.0,7800.0,5.0,2850.0,54150.0,39000.0
ITM-0002988,ORD-000809,PRD-0037,36,7650.0,5500.0,10.0,27540.0,247860.0,198000.0
ITM-0002989,ORD-000809,PRD-0049,12,2250.0,1400.0,12.5,3375.0,23625.0,16800.0
ITM-0002990,ORD-000810,PRD-0059,25,1850.0,1050.0,5.0,2312.5,43937.5,26250.0
ITM-0002991,ORD-000810,PRD-0066,21,5300.0,3250.0,7.5,8347.5,102952.5,68250.0
ITM-0002992,ORD-000810,PRD-0021,4,151550.0,109750.0,10.0,60620.0,545580.0,439000.0
ITM-0002993,ORD-000810,PRD-0009,8,75050.0,56000.0,0.0,0.0,600400.0,448000.0
ITM-0002994,ORD-000811,PRD-0053,7,50250.0,36300.0,10.0,35175.0,316575.0,254100.0
ITM-0002995,ORD-000811,PRD-0065,29,9000.0,5800.0,7.5,19575.0,241425.0,168200.0
ITM-0002996,ORD-000811,PRD-0011,9,50250.0,35950.0,5.0,22612.5,429637.5,323550.0
ITM-0002997,ORD-000811,PRD-0063,46,12650.0,8000.0,2.5,14547.5,567352.5,368000.0
ITM-0002998,ORD-000811,PRD-0009,4,75050.0,56000.0,2.5,7505.0,292695.0,224000.0
ITM-0002999,ORD-000811,PRD-0036,9,170650.0,122850.0,5.0,76792.5,1459057.5,1105650.0
ITM-0003000,ORD-000811,PRD-0033,9,88100.0,66350.0,5.0,39645.0,753255.0,597150.0
ITM-0003001,ORD-000812,PRD-0005,10,11500.0,7900.0,2.5,2875.0,112125.0,79000.0
ITM-0003002,ORD-000812,PRD-0018,3,39400.0,29550.0,5.0,5910.0,112290.0,88650.0
ITM-0003003,ORD-000812,PRD-0022,3,13950.0,9250.0,7.5,3138.75,38711.25,27750.0
ITM-0003004,ORD-000812,PRD-0037,31,7650.0,5500.0,5.0,11857.5,225292.5,170500.0
ITM-0003005,ORD-000812,PRD-0055,3,43600.0,31400.0,5.0,6540.0,124260.0,94200.0
ITM-0003006,ORD-000813,PRD-0031,23,1600.0,900.0,0.0,0.0,36800.0,20700.0
ITM-0003007,ORD-000813,PRD-0052,8,40400.0,29250.0,2.5,8080.0,315120.0,234000.0
ITM-0003008,ORD-000814,PRD-0050,19,1200.0,650.0,2.5,570.0,22230.0,12350.0
ITM-0003009,ORD-000814,PRD-0006,5,27000.0,19650.0,7.5,10125.0,124875.0,98250.0
ITM-0003010,ORD-000815,PRD-0058,8,28050.0,19450.0,2.5,5610.0,218790.0,155600.0
ITM-0003011,ORD-000815,PRD-0044,17,3350.0,2000.0,5.0,2847.5,54102.5,34000.0
ITM-0003012,ORD-000816,PRD-0004,20,7100.0,4600.0,7.5,10650.0,131350.0,92000.0
ITM-0003013,ORD-000816,PRD-0047,17,67750.0,48250.0,5.0,57587.5,1094162.5,820250.0
ITM-0003014,ORD-000816,PRD-0016,17,18750.0,12900.0,7.5,23906.25,294843.75,219300.0
ITM-0003015,ORD-000816,PRD-0009,20,75050.0,56000.0,0.0,0.0,1501000.0,1120000.0
ITM-0003016,ORD-000816,PRD-0040,17,70550.0,49600.0,5.0,59967.5,1139382.5,843200.0
ITM-0003017,ORD-000816,PRD-0013,68,8750.0,5350.0,0.0,0.0,595000.0,363800.0
ITM-0003018,ORD-000816,PRD-0008,14,11400.0,7800.0,2.5,3990.0,155610.0,109200.0
ITM-0003019,ORD-000817,PRD-0045,23,4400.0,2800.0,10.0,10120.0,91080.0,64400.0
ITM-0003020,ORD-000817,PRD-0034,6,2800.0,1650.0,2.5,420.0,16380.0,9900.0
ITM-0003021,ORD-000817,PRD-0011,3,50250.0,35950.0,7.5,11306.25,139443.75,107850.0
ITM-0003022,ORD-000818,PRD-0005,13,11500.0,7900.0,12.5,18687.5,130812.5,102700.0
ITM-0003023,ORD-000819,PRD-0040,15,70550.0,49600.0,5.0,52912.5,1005337.5,744000.0
ITM-0003024,ORD-000819,PRD-0032,15,383350.0,305700.0,7.5,431268.75,5318981.25,4585500.0
ITM-0003025,ORD-000819,PRD-0034,9,2800.0,1650.0,5.0,1260.0,23940.0,14850.0
ITM-0003026,ORD-000819,PRD-0045,22,4400.0,2800.0,5.0,4840.0,91960.0,61600.0
ITM-0003027,ORD-000819,PRD-0009,15,75050.0,56000.0,0.0,0.0,1125750.0,840000.0
ITM-0003028,ORD-000819,PRD-0004,31,7100.0,4600.0,7.5,16507.5,203592.5,142600.0
ITM-0003029,ORD-000820,PRD-0016,4,18750.0,12900.0,0.0,0.0,75000.0,51600.0
ITM-0003030,ORD-000820,PRD-0034,7,2800.0,1650.0,0.0,0.0,19600.0,11550.0
ITM-0003031,ORD-000821,PRD-0009,7,75050.0,56000.0,0.0,0.0,525350.0,392000.0
ITM-0003032,ORD-000821,PRD-0038,13,32300.0,22650.0,5.0,20995.0,398905.0,294450.0
ITM-0003033,ORD-000821,PRD-0022,9,13950.0,9250.0,7.5,9416.25,116133.75,83250.0
ITM-0003034,ORD-000821,PRD-0050,24,1200.0,650.0,7.5,2160.0,26640.0,15600.0
ITM-0003035,ORD-000821,PRD-0031,26,1600.0,900.0,10.0,4160.0,37440.0,23400.0
ITM-0003036,ORD-000822,PRD-0034,2,2800.0,1650.0,7.5,420.0,5180.0,3300.0
ITM-0003037,ORD-000822,PRD-0030,15,35850.0,25550.0,10.0,53775.0,483975.0,383250.0
ITM-0003038,ORD-000823,PRD-0045,24,4400.0,2800.0,2.5,2640.0,102960.0,67200.0
ITM-0003039,ORD-000823,PRD-0053,12,50250.0,36300.0,7.5,45225.0,557775.0,435600.0
ITM-0003040,ORD-000823,PRD-0021,10,151550.0,109750.0,7.5,113662.5,1401837.5,1097500.0
ITM-0003041,ORD-000823,PRD-0019,16,2950.0,1850.0,12.5,5900.0,41300.0,29600.0
ITM-0003042,ORD-000824,PRD-0059,15,1850.0,1050.0,2.5,693.75,27056.25,15750.0
ITM-0003043,ORD-000824,PRD-0006,2,27000.0,19650.0,0.0,0.0,54000.0,39300.0
ITM-0003044,ORD-000824,PRD-0003,3,88300.0,65000.0,5.0,13245.0,251655.0,195000.0
ITM-0003045,ORD-000825,PRD-0007,3,33250.0,23700.0,2.5,2493.75,97256.25,71100.0
ITM-0003046,ORD-000825,PRD-0034,5,2800.0,1650.0,7.5,1050.0,12950.0,8250.0
ITM-0003047,ORD-000825,PRD-0009,3,75050.0,56000.0,10.0,22515.0,202635.0,168000.0
ITM-0003048,ORD-000826,PRD-0066,7,5300.0,3250.0,5.0,1855.0,35245.0,22750.0
ITM-0003049,ORD-000826,PRD-0059,8,1850.0,1050.0,12.5,1850.0,12950.0,8400.0
ITM-0003050,ORD-000827,PRD-0025,17,32700.0,22850.0,0.0,0.0,555900.0,388450.0
ITM-0003051,ORD-000827,PRD-0040,6,70550.0,49600.0,10.0,42330.0,380970.0,297600.0
ITM-0003052,ORD-000827,PRD-0053,14,50250.0,36300.0,0.0,0.0,703500.0,508200.0
ITM-0003053,ORD-000827,PRD-0007,6,33250.0,23700.0,5.0,9975.0,189525.0,142200.0
ITM-0003054,ORD-000827,PRD-0022,11,13950.0,9250.0,7.5,11508.75,141941.25,101750.0
ITM-0003055,ORD-000828,PRD-0069,10,41700.0,30300.0,7.5,31275.0,385725.0,303000.0
ITM-0003056,ORD-000828,PRD-0030,7,35850.0,25550.0,10.0,25095.0,225855.0,178850.0
ITM-0003057,ORD-000828,PRD-0060,10,16450.0,11150.0,10.0,16450.0,148050.0,111500.0
ITM-0003058,ORD-000828,PRD-0005,14,11500.0,7900.0,10.0,16100.0,144900.0,110600.0
ITM-0003059,ORD-000829,PRD-0007,8,33250.0,23700.0,10.0,26600.0,239400.0,189600.0
ITM-0003060,ORD-000830,PRD-0049,17,2250.0,1400.0,5.0,1912.5,36337.5,23800.0
ITM-0003061,ORD-000830,PRD-0037,38,7650.0,5500.0,2.5,7267.5,283432.5,209000.0
ITM-0003062,ORD-000831,PRD-0023,18,46600.0,33950.0,0.0,0.0,838800.0,611100.0
ITM-0003063,ORD-000831,PRD-0034,22,2800.0,1650.0,2.5,1540.0,60060.0,36300.0
ITM-0003064,ORD-000831,PRD-0003,4,88300.0,65000.0,2.5,8830.0,344370.0,260000.0
ITM-0003065,ORD-000832,PRD-0030,13,35850.0,25550.0,5.0,23302.5,442747.5,332150.0
ITM-0003066,ORD-000832,PRD-0026,32,5050.0,3050.0,5.0,8080.0,153520.0,97600.0
ITM-0003067,ORD-000832,PRD-0011,16,50250.0,35950.0,10.0,80400.0,723600.0,575200.0
ITM-0003068,ORD-000833,PRD-0066,11,5300.0,3250.0,10.0,5830.0,52470.0,35750.0
ITM-0003069,ORD-000834,PRD-0005,34,11500.0,7900.0,5.0,19550.0,371450.0,268600.0
ITM-0003070,ORD-000834,PRD-0045,11,4400.0,2800.0,0.0,0.0,48400.0,30800.0
ITM-0003071,ORD-000835,PRD-0050,25,1200.0,650.0,7.5,2250.0,27750.0,16250.0
ITM-0003072,ORD-000835,PRD-0008,3,11400.0,7800.0,5.0,1710.0,32490.0,23400.0
ITM-0003073,ORD-000836,PRD-0069,4,41700.0,30300.0,10.0,16680.0,150120.0,121200.0
ITM-0003074,ORD-000836,PRD-0009,2,75050.0,56000.0,10.0,15010.0,135090.0,112000.0
ITM-0003075,ORD-000837,PRD-0053,10,50250.0,36300.0,5.0,25125.0,477375.0,363000.0
ITM-0003076,ORD-000837,PRD-0005,32,11500.0,7900.0,0.0,0.0,368000.0,252800.0
ITM-0003077,ORD-000838,PRD-0060,18,16450.0,11150.0,10.0,29610.0,266490.0,200700.0
ITM-0003078,ORD-000838,PRD-0039,32,13350.0,9100.0,2.5,10680.0,416520.0,291200.0
ITM-0003079,ORD-000838,PRD-0009,18,75050.0,56000.0,12.5,168862.5,1182037.5,1008000.0
ITM-0003080,ORD-000838,PRD-0002,36,52050.0,38100.0,2.5,46845.0,1826955.0,1371600.0
ITM-0003081,ORD-000838,PRD-0045,46,4400.0,2800.0,5.0,10120.0,192280.0,128800.0
ITM-0003082,ORD-000838,PRD-0058,14,28050.0,19450.0,10.0,39270.0,353430.0,272300.0
ITM-0003083,ORD-000838,PRD-0010,4,50450.0,37650.0,5.0,10090.0,191710.0,150600.0
ITM-0003084,ORD-000839,PRD-0066,14,5300.0,3250.0,5.0,3710.0,70490.0,45500.0
ITM-0003085,ORD-000839,PRD-0014,9,199750.0,146450.0,0.0,0.0,1797750.0,1318050.0
ITM-0003086,ORD-000840,PRD-0053,5,50250.0,36300.0,7.5,18843.75,232406.25,181500.0
ITM-0003087,ORD-000840,PRD-0005,33,11500.0,7900.0,5.0,18975.0,360525.0,260700.0
ITM-0003088,ORD-000840,PRD-0045,24,4400.0,2800.0,5.0,5280.0,100320.0,67200.0
ITM-0003089,ORD-000840,PRD-0066,7,5300.0,3250.0,7.5,2782.5,34317.5,22750.0
ITM-0003090,ORD-000840,PRD-0052,14,40400.0,29250.0,5.0,28280.0,537320.0,409500.0
ITM-0003091,ORD-000840,PRD-0049,35,2250.0,1400.0,7.5,5906.25,72843.75,49000.0
ITM-0003092,ORD-000841,PRD-0037,43,7650.0,5500.0,5.0,16447.5,312502.5,236500.0
ITM-0003093,ORD-000841,PRD-0055,11,43600.0,31400.0,0.0,0.0,479600.0,345400.0
ITM-0003094,ORD-000841,PRD-0019,17,2950.0,1850.0,2.5,1253.75,48896.25,31450.0
ITM-0003095,ORD-000841,PRD-0046,17,141200.0,107400.0,2.5,60010.0,2340390.0,1825800.0
ITM-0003096,ORD-000841,PRD-0031,28,1600.0,900.0,7.5,3360.0,41440.0,25200.0
ITM-0003097,ORD-000842,PRD-0022,8,13950.0,9250.0,7.5,8370.0,103230.0,74000.0
ITM-0003098,ORD-000842,PRD-0047,4,67750.0,48250.0,5.0,13550.0,257450.0,193000.0
ITM-0003099,ORD-000843,PRD-0064,14,40250.0,28850.0,0.0,0.0,563500.0,403900.0
ITM-0003100,ORD-000843,PRD-0007,12,33250.0,23700.0,0.0,0.0,399000.0,284400.0
ITM-0003101,ORD-000843,PRD-0027,50,11500.0,7200.0,5.0,28750.0,546250.0,360000.0
ITM-0003102,ORD-000844,PRD-0031,33,1600.0,900.0,7.5,3960.0,48840.0,29700.0
ITM-0003103,ORD-000844,PRD-0048,20,160400.0,117650.0,2.5,80200.0,3127800.0,2353000.0
ITM-0003104,ORD-000845,PRD-0054,4,6000.0,4000.0,7.5,1800.0,22200.0,16000.0
ITM-0003105,ORD-000845,PRD-0066,12,5300.0,3250.0,5.0,3180.0,60420.0,39000.0
ITM-0003106,ORD-000845,PRD-0027,34,11500.0,7200.0,2.5,9775.0,381225.0,244800.0
ITM-0003107,ORD-000845,PRD-0045,15,4400.0,2800.0,0.0,0.0,66000.0,42000.0
ITM-0003108,ORD-000845,PRD-0058,1,28050.0,19450.0,5.0,1402.5,26647.5,19450.0
ITM-0003109,ORD-000846,PRD-0059,39,1850.0,1050.0,7.5,5411.25,66738.75,40950.0
ITM-0003110,ORD-000846,PRD-0027,46,11500.0,7200.0,7.5,39675.0,489325.0,331200.0
ITM-0003111,ORD-000847,PRD-0045,37,4400.0,2800.0,7.5,12210.0,150590.0,103600.0
ITM-0003112,ORD-000847,PRD-0009,13,75050.0,56000.0,0.0,0.0,975650.0,728000.0
ITM-0003113,ORD-000847,PRD-0060,10,16450.0,11150.0,5.0,8225.0,156275.0,111500.0
ITM-0003114,ORD-000847,PRD-0034,20,2800.0,1650.0,0.0,0.0,56000.0,33000.0
ITM-0003115,ORD-000847,PRD-0001,13,49000.0,35150.0,5.0,31850.0,605150.0,456950.0
ITM-0003116,ORD-000847,PRD-0037,27,7650.0,5500.0,0.0,0.0,206550.0,148500.0
ITM-0003117,ORD-000847,PRD-0067,30,2050.0,1250.0,2.5,1537.5,59962.5,37500.0
ITM-0003118,ORD-000848,PRD-0057,5,25450.0,17350.0,0.0,0.0,127250.0,86750.0
ITM-0003119,ORD-000848,PRD-0069,7,41700.0,30300.0,5.0,14595.0,277305.0,212100.0
ITM-0003120,ORD-000848,PRD-0050,7,1200.0,650.0,5.0,420.0,7980.0,4550.0
ITM-0003121,ORD-000848,PRD-0017,9,15250.0,10000.0,7.5,10293.75,126956.25,90000.0
ITM-0003122,ORD-000848,PRD-0033,11,88100.0,66350.0,0.0,0.0,969100.0,729850.0
ITM-0003123,ORD-000849,PRD-0069,4,41700.0,30300.0,5.0,8340.0,158460.0,121200.0
ITM-0003124,ORD-000849,PRD-0029,19,30900.0,21650.0,2.5,14677.5,572422.5,411350.0
ITM-0003125,ORD-000849,PRD-0066,39,5300.0,3250.0,7.5,15502.5,191197.5,126750.0
ITM-0003126,ORD-000850,PRD-0026,48,5050.0,3050.0,5.0,12120.0,230280.0,146400.0
ITM-0003127,ORD-000850,PRD-0025,12,32700.0,22850.0,2.5,9810.0,382590.0,274200.0
ITM-0003128,ORD-000851,PRD-0058,21,28050.0,19450.0,0.0,0.0,589050.0,408450.0
ITM-0003129,ORD-000851,PRD-0007,11,33250.0,23700.0,2.5,9143.75,356606.25,260700.0
ITM-0003130,ORD-000851,PRD-0004,25,7100.0,4600.0,0.0,0.0,177500.0,115000.0
ITM-0003131,ORD-000852,PRD-0045,49,4400.0,2800.0,0.0,0.0,215600.0,137200.0
ITM-0003132,ORD-000852,PRD-0064,18,40250.0,28850.0,10.0,72450.0,652050.0,519300.0
ITM-0003133,ORD-000852,PRD-0034,18,2800.0,1650.0,0.0,0.0,50400.0,29700.0
ITM-0003134,ORD-000852,PRD-0003,4,88300.0,65000.0,2.5,8830.0,344370.0,260000.0
ITM-0003135,ORD-000853,PRD-0069,13,41700.0,30300.0,5.0,27105.0,514995.0,393900.0
ITM-0003136,ORD-000853,PRD-0021,3,151550.0,109750.0,2.5,11366.25,443283.75,329250.0
ITM-0003137,ORD-000853,PRD-0029,10,30900.0,21650.0,7.5,23175.0,285825.0,216500.0
ITM-0003138,ORD-000853,PRD-0034,13,2800.0,1650.0,7.5,2730.0,33670.0,21450.0
ITM-0003139,ORD-000853,PRD-0011,16,50250.0,35950.0,10.0,80400.0,723600.0,575200.0
ITM-0003140,ORD-000853,PRD-0013,78,8750.0,5350.0,5.0,34125.0,648375.0,417300.0
ITM-0003141,ORD-000853,PRD-0061,36,5600.0,3650.0,5.0,10080.0,191520.0,131400.0
ITM-0003142,ORD-000854,PRD-0047,7,67750.0,48250.0,10.0,47425.0,426825.0,337750.0
ITM-0003143,ORD-000854,PRD-0049,30,2250.0,1400.0,5.0,3375.0,64125.0,42000.0
ITM-0003144,ORD-000854,PRD-0026,52,5050.0,3050.0,5.0,13130.0,249470.0,158600.0
ITM-0003145,ORD-000854,PRD-0043,9,35950.0,25500.0,12.5,40443.75,283106.25,229500.0
ITM-0003146,ORD-000854,PRD-0030,13,35850.0,25550.0,5.0,23302.5,442747.5,332150.0
ITM-0003147,ORD-000854,PRD-0066,11,5300.0,3250.0,0.0,0.0,58300.0,35750.0
ITM-0003148,ORD-000855,PRD-0005,13,11500.0,7900.0,10.0,14950.0,134550.0,102700.0
ITM-0003149,ORD-000855,PRD-0003,4,88300.0,65000.0,5.0,17660.0,335540.0,260000.0
ITM-0003150,ORD-000855,PRD-0070,14,5100.0,3300.0,0.0,0.0,71400.0,46200.0
ITM-0003151,ORD-000856,PRD-0014,3,199750.0,146450.0,7.5,44943.75,554306.25,439350.0
ITM-0003152,ORD-000856,PRD-0040,5,70550.0,49600.0,10.0,35275.0,317475.0,248000.0
ITM-0003153,ORD-000856,PRD-0045,24,4400.0,2800.0,5.0,5280.0,100320.0,67200.0
ITM-0003154,ORD-000856,PRD-0011,14,50250.0,35950.0,7.5,52762.5,650737.5,503300.0
ITM-0003155,ORD-000856,PRD-0034,8,2800.0,1650.0,5.0,1120.0,21280.0,13200.0
ITM-0003156,ORD-000857,PRD-0039,16,13350.0,9100.0,7.5,16020.0,197580.0,145600.0
ITM-0003157,ORD-000857,PRD-0050,6,1200.0,650.0,0.0,0.0,7200.0,3900.0
ITM-0003158,ORD-000857,PRD-0024,12,17950.0,12350.0,5.0,10770.0,204630.0,148200.0
ITM-0003159,ORD-000857,PRD-0048,7,160400.0,117650.0,5.0,56140.0,1066660.0,823550.0
ITM-0003160,ORD-000858,PRD-0059,5,1850.0,1050.0,7.5,693.75,8556.25,5250.0
ITM-0003161,ORD-000858,PRD-0043,2,35950.0,25500.0,0.0,0.0,71900.0,51000.0
ITM-0003162,ORD-000859,PRD-0061,10,5600.0,3650.0,7.5,4200.0,51800.0,36500.0
ITM-0003163,ORD-000859,PRD-0066,17,5300.0,3250.0,2.5,2252.5,87847.5,55250.0
ITM-0003164,ORD-000860,PRD-0053,10,50250.0,36300.0,0.0,0.0,502500.0,363000.0
ITM-0003165,ORD-000860,PRD-0063,18,12650.0,8000.0,2.5,5692.5,222007.5,144000.0
ITM-0003166,ORD-000860,PRD-0007,8,33250.0,23700.0,7.5,19950.0,246050.0,189600.0
ITM-0003167,ORD-000860,PRD-0016,5,18750.0,12900.0,5.0,4687.5,89062.5,64500.0
ITM-0003168,ORD-000860,PRD-0005,33,11500.0,7900.0,10.0,37950.0,341550.0,260700.0
ITM-0003169,ORD-000860,PRD-0038,10,32300.0,22650.0,7.5,24225.0,298775.0,226500.0
ITM-0003170,ORD-000861,PRD-0068,13,29000.0,20900.0,0.0,0.0,377000.0,271700.0
ITM-0003171,ORD-000861,PRD-0038,10,32300.0,22650.0,10.0,32300.0,290700.0,226500.0
ITM-0003172,ORD-000861,PRD-0034,3,2800.0,1650.0,0.0,0.0,8400.0,4950.0
ITM-0003173,ORD-000862,PRD-0046,11,141200.0,107400.0,7.5,116490.0,1436710.0,1181400.0
ITM-0003174,ORD-000862,PRD-0006,6,27000.0,19650.0,10.0,16200.0,145800.0,117900.0
ITM-0003175,ORD-000863,PRD-0034,3,2800.0,1650.0,7.5,630.0,7770.0,4950.0
ITM-0003176,ORD-000863,PRD-0023,6,46600.0,33950.0,7.5,20970.0,258630.0,203700.0
ITM-0003177,ORD-000863,PRD-0066,15,5300.0,3250.0,10.0,7950.0,71550.0,48750.0
ITM-0003178,ORD-000863,PRD-0024,14,17950.0,12350.0,5.0,12565.0,238735.0,172900.0
ITM-0003179,ORD-000863,PRD-0005,11,11500.0,7900.0,0.0,0.0,126500.0,86900.0
ITM-0003180,ORD-000864,PRD-0069,4,41700.0,30300.0,5.0,8340.0,158460.0,121200.0
ITM-0003181,ORD-000865,PRD-0026,65,5050.0,3050.0,2.5,8206.25,320043.75,198250.0
ITM-0003182,ORD-000865,PRD-0058,14,28050.0,19450.0,0.0,0.0,392700.0,272300.0
ITM-0003183,ORD-000865,PRD-0025,5,32700.0,22850.0,10.0,16350.0,147150.0,114250.0
ITM-0003184,ORD-000866,PRD-0037,27,7650.0,5500.0,10.0,20655.0,185895.0,148500.0
ITM-0003185,ORD-000866,PRD-0054,20,6000.0,4000.0,5.0,6000.0,114000.0,80000.0
ITM-0003186,ORD-000866,PRD-0052,12,40400.0,29250.0,2.5,12120.0,472680.0,351000.0
ITM-0003187,ORD-000866,PRD-0063,49,12650.0,8000.0,7.5,46488.75,573361.25,392000.0
ITM-0003188,ORD-000867,PRD-0034,6,2800.0,1650.0,0.0,0.0,16800.0,9900.0
ITM-0003189,ORD-000867,PRD-0048,6,160400.0,117650.0,5.0,48120.0,914280.0,705900.0
ITM-0003190,ORD-000867,PRD-0063,9,12650.0,8000.0,5.0,5692.5,108157.5,72000.0
ITM-0003191,ORD-000867,PRD-0045,8,4400.0,2800.0,5.0,1760.0,33440.0,22400.0
ITM-0003192,ORD-000868,PRD-0016,5,18750.0,12900.0,10.0,9375.0,84375.0,64500.0
ITM-0003193,ORD-000868,PRD-0037,13,7650.0,5500.0,12.5,12431.25,87018.75,71500.0
ITM-0003194,ORD-000868,PRD-0009,2,75050.0,56000.0,0.0,0.0,150100.0,112000.0
ITM-0003195,ORD-000868,PRD-0030,17,35850.0,25550.0,10.0,60945.0,548505.0,434350.0
ITM-0003196,ORD-000868,PRD-0015,3,19300.0,12700.0,0.0,0.0,57900.0,38100.0
ITM-0003197,ORD-000869,PRD-0023,4,46600.0,33950.0,10.0,18640.0,167760.0,135800.0
ITM-0003198,ORD-000869,PRD-0032,9,383350.0,305700.0,7.5,258761.25,3191388.75,2751300.0
ITM-0003199,ORD-000870,PRD-0066,11,5300.0,3250.0,10.0,5830.0,52470.0,35750.0
ITM-0003200,ORD-000870,PRD-0055,7,43600.0,31400.0,10.0,30520.0,274680.0,219800.0
ITM-0003201,ORD-000871,PRD-0003,4,88300.0,65000.0,2.5,8830.0,344370.0,260000.0
ITM-0003202,ORD-000871,PRD-0037,20,7650.0,5500.0,7.5,11475.0,141525.0,110000.0
ITM-0003203,ORD-000871,PRD-0063,15,12650.0,8000.0,10.0,18975.0,170775.0,120000.0
ITM-0003204,ORD-000872,PRD-0034,8,2800.0,1650.0,7.5,1680.0,20720.0,13200.0
ITM-0003205,ORD-000872,PRD-0011,8,50250.0,35950.0,5.0,20100.0,381900.0,287600.0
ITM-0003206,ORD-000872,PRD-0069,5,41700.0,30300.0,12.5,26062.5,182437.5,151500.0
ITM-0003207,ORD-000873,PRD-0016,5,18750.0,12900.0,2.5,2343.75,91406.25,64500.0
ITM-0003208,ORD-000873,PRD-0059,21,1850.0,1050.0,0.0,0.0,38850.0,22050.0
ITM-0003209,ORD-000873,PRD-0069,5,41700.0,30300.0,7.5,15637.5,192862.5,151500.0
ITM-0003210,ORD-000873,PRD-0034,11,2800.0,1650.0,5.0,1540.0,29260.0,18150.0
ITM-0003211,ORD-000874,PRD-0023,8,46600.0,33950.0,0.0,0.0,372800.0,271600.0
ITM-0003212,ORD-000874,PRD-0048,8,160400.0,117650.0,5.0,64160.0,1219040.0,941200.0
ITM-0003213,ORD-000874,PRD-0032,8,383350.0,305700.0,12.5,383350.0,2683450.0,2445600.0
ITM-0003214,ORD-000874,PRD-0040,4,70550.0,49600.0,7.5,21165.0,261035.0,198400.0
ITM-0003215,ORD-000874,PRD-0022,8,13950.0,9250.0,2.5,2790.0,108810.0,74000.0
ITM-0003216,ORD-000874,PRD-0043,2,35950.0,25500.0,5.0,3595.0,68305.0,51000.0
ITM-0003217,ORD-000875,PRD-0058,13,28050.0,19450.0,2.5,9116.25,355533.75,252850.0
ITM-0003218,ORD-000875,PRD-0012,9,42850.0,31750.0,2.5,9641.25,376008.75,285750.0
ITM-0003219,ORD-000875,PRD-0068,16,29000.0,20900.0,2.5,11600.0,452400.0,334400.0
ITM-0003220,ORD-000875,PRD-0034,6,2800.0,1650.0,5.0,840.0,15960.0,9900.0
ITM-0003221,ORD-000875,PRD-0043,19,35950.0,25500.0,10.0,68305.0,614745.0,484500.0
ITM-0003222,ORD-000876,PRD-0005,27,11500.0,7900.0,2.5,7762.5,302737.5,213300.0
ITM-0003223,ORD-000876,PRD-0057,10,25450.0,17350.0,5.0,12725.0,241775.0,173500.0
ITM-0003224,ORD-000876,PRD-0063,44,12650.0,8000.0,2.5,13915.0,542685.0,352000.0
ITM-0003225,ORD-000876,PRD-0031,23,1600.0,900.0,10.0,3680.0,33120.0,20700.0
ITM-0003226,ORD-000876,PRD-0058,8,28050.0,19450.0,12.5,28050.0,196350.0,155600.0
ITM-0003227,ORD-000877,PRD-0022,7,13950.0,9250.0,5.0,4882.5,92767.5,64750.0
ITM-0003228,ORD-000877,PRD-0009,3,75050.0,56000.0,7.5,16886.25,208263.75,168000.0
ITM-0003229,ORD-000878,PRD-0006,10,27000.0,19650.0,0.0,0.0,270000.0,196500.0
ITM-0003230,ORD-000878,PRD-0005,29,11500.0,7900.0,0.0,0.0,333500.0,229100.0
ITM-0003231,ORD-000878,PRD-0010,6,50450.0,37650.0,2.5,7567.5,295132.5,225900.0
ITM-0003232,ORD-000878,PRD-0049,25,2250.0,1400.0,0.0,0.0,56250.0,35000.0
ITM-0003233,ORD-000879,PRD-0056,15,16900.0,12000.0,0.0,0.0,253500.0,180000.0
ITM-0003234,ORD-000879,PRD-0057,4,25450.0,17350.0,7.5,7635.0,94165.0,69400.0
ITM-0003235,ORD-000879,PRD-0053,7,50250.0,36300.0,5.0,17587.5,334162.5,254100.0
ITM-0003236,ORD-000880,PRD-0036,9,170650.0,122850.0,5.0,76792.5,1459057.5,1105650.0
ITM-0003237,ORD-000881,PRD-0007,5,33250.0,23700.0,10.0,16625.0,149625.0,118500.0
ITM-0003238,ORD-000881,PRD-0066,15,5300.0,3250.0,5.0,3975.0,75525.0,48750.0
ITM-0003239,ORD-000882,PRD-0007,3,33250.0,23700.0,5.0,4987.5,94762.5,71100.0
ITM-0003240,ORD-000882,PRD-0049,31,2250.0,1400.0,7.5,5231.25,64518.75,43400.0
ITM-0003241,ORD-000882,PRD-0062,24,13700.0,9000.0,12.5,41100.0,287700.0,216000.0
ITM-0003242,ORD-000883,PRD-0023,17,46600.0,33950.0,5.0,39610.0,752590.0,577150.0
ITM-0003243,ORD-000883,PRD-0046,17,141200.0,107400.0,5.0,120020.0,2280380.0,1825800.0
ITM-0003244,ORD-000883,PRD-0042,24,16900.0,11500.0,7.5,30420.0,375180.0,276000.0
ITM-0003245,ORD-000884,PRD-0053,8,50250.0,36300.0,7.5,30150.0,371850.0,290400.0
ITM-0003246,ORD-000885,PRD-0050,23,1200.0,650.0,5.0,1380.0,26220.0,14950.0
ITM-0003247,ORD-000885,PRD-0031,38,1600.0,900.0,7.5,4560.0,56240.0,34200.0
ITM-0003248,ORD-000885,PRD-0005,38,11500.0,7900.0,10.0,43700.0,393300.0,300200.0
ITM-0003249,ORD-000886,PRD-0046,11,141200.0,107400.0,10.0,155320.0,1397880.0,1181400.0
ITM-0003250,ORD-000886,PRD-0049,38,2250.0,1400.0,7.5,6412.5,79087.5,53200.0
ITM-0003251,ORD-000886,PRD-0026,60,5050.0,3050.0,5.0,15150.0,287850.0,183000.0
ITM-0003252,ORD-000886,PRD-0064,23,40250.0,28850.0,2.5,23143.75,902606.25,663550.0
ITM-0003253,ORD-000887,PRD-0018,3,39400.0,29550.0,10.0,11820.0,106380.0,88650.0
ITM-0003254,ORD-000888,PRD-0031,15,1600.0,900.0,10.0,2400.0,21600.0,13500.0
ITM-0003255,ORD-000888,PRD-0049,10,2250.0,1400.0,10.0,2250.0,20250.0,14000.0
ITM-0003256,ORD-000889,PRD-0010,14,50450.0,37650.0,5.0,35315.0,670985.0,527100.0
ITM-0003257,ORD-000889,PRD-0007,7,33250.0,23700.0,7.5,17456.25,215293.75,165900.0
ITM-0003258,ORD-000889,PRD-0030,39,35850.0,25550.0,7.5,104861.25,1293288.75,996450.0
ITM-0003259,ORD-000889,PRD-0063,50,12650.0,8000.0,5.0,31625.0,600875.0,400000.0
ITM-0003260,ORD-000889,PRD-0065,50,9000.0,5800.0,0.0,0.0,450000.0,290000.0
ITM-0003261,ORD-000889,PRD-0043,18,35950.0,25500.0,5.0,32355.0,614745.0,459000.0
ITM-0003262,ORD-000889,PRD-0021,4,151550.0,109750.0,7.5,45465.0,560735.0,439000.0
ITM-0003263,ORD-000890,PRD-0048,14,160400.0,117650.0,2.5,56140.0,2189460.0,1647100.0
ITM-0003264,ORD-000890,PRD-0025,20,32700.0,22850.0,5.0,32700.0,621300.0,457000.0
ITM-0003265,ORD-000890,PRD-0007,17,33250.0,23700.0,2.5,14131.25,551118.75,402900.0
ITM-0003266,ORD-000890,PRD-0030,17,35850.0,25550.0,2.5,15236.25,594213.75,434350.0
ITM-0003267,ORD-000890,PRD-0066,10,5300.0,3250.0,2.5,1325.0,51675.0,32500.0
ITM-0003268,ORD-000890,PRD-0051,48,7700.0,4850.0,0.0,0.0,369600.0,232800.0
ITM-0003269,ORD-000890,PRD-0021,10,151550.0,109750.0,7.5,113662.5,1401837.5,1097500.0
ITM-0003270,ORD-000891,PRD-0012,3,42850.0,31750.0,10.0,12855.0,115695.0,95250.0
ITM-0003271,ORD-000891,PRD-0007,3,33250.0,23700.0,7.5,7481.25,92268.75,71100.0
ITM-0003272,ORD-000891,PRD-0048,3,160400.0,117650.0,0.0,0.0,481200.0,352950.0
ITM-0003273,ORD-000892,PRD-0066,15,5300.0,3250.0,2.5,1987.5,77512.5,48750.0
ITM-0003274,ORD-000892,PRD-0008,18,11400.0,7800.0,2.5,5130.0,200070.0,140400.0
ITM-0003275,ORD-000892,PRD-0026,24,5050.0,3050.0,7.5,9090.0,112110.0,73200.0
ITM-0003276,ORD-000893,PRD-0034,22,2800.0,1650.0,2.5,1540.0,60060.0,36300.0
ITM-0003277,ORD-000893,PRD-0063,34,12650.0,8000.0,2.5,10752.5,419347.5,272000.0
ITM-0003278,ORD-000893,PRD-0026,52,5050.0,3050.0,10.0,26260.0,236340.0,158600.0
ITM-0003279,ORD-000893,PRD-0069,7,41700.0,30300.0,5.0,14595.0,277305.0,212100.0
ITM-0003280,ORD-000893,PRD-0060,7,16450.0,11150.0,2.5,2878.75,112271.25,78050.0
ITM-0003281,ORD-000893,PRD-0027,90,11500.0,7200.0,0.0,0.0,1035000.0,648000.0
ITM-0003282,ORD-000893,PRD-0024,78,17950.0,12350.0,0.0,0.0,1400100.0,963300.0
ITM-0003283,ORD-000894,PRD-0026,29,5050.0,3050.0,5.0,7322.5,139127.5,88450.0
ITM-0003284,ORD-000894,PRD-0037,9,7650.0,5500.0,10.0,6885.0,61965.0,49500.0
ITM-0003285,ORD-000894,PRD-0005,11,11500.0,7900.0,2.5,3162.5,123337.5,86900.0
ITM-0003286,ORD-000894,PRD-0007,7,33250.0,23700.0,10.0,23275.0,209475.0,165900.0
ITM-0003287,ORD-000895,PRD-0007,5,33250.0,23700.0,12.5,20781.25,145468.75,118500.0
ITM-0003288,ORD-000895,PRD-0001,10,49000.0,35150.0,5.0,24500.0,465500.0,351500.0
ITM-0003289,ORD-000895,PRD-0048,10,160400.0,117650.0,12.5,200500.0,1403500.0,1176500.0
ITM-0003290,ORD-000895,PRD-0026,19,5050.0,3050.0,0.0,0.0,95950.0,57950.0
ITM-0003291,ORD-000895,PRD-0044,40,3350.0,2000.0,5.0,6700.0,127300.0,80000.0
ITM-0003292,ORD-000896,PRD-0038,6,32300.0,22650.0,5.0,9690.0,184110.0,135900.0
ITM-0003293,ORD-000896,PRD-0067,16,2050.0,1250.0,0.0,0.0,32800.0,20000.0
ITM-0003294,ORD-000897,PRD-0005,17,11500.0,7900.0,2.5,4887.5,190612.5,134300.0
ITM-0003295,ORD-000897,PRD-0049,17,2250.0,1400.0,7.5,2868.75,35381.25,23800.0
ITM-0003296,ORD-000897,PRD-0027,24,11500.0,7200.0,2.5,6900.0,269100.0,172800.0
ITM-0003297,ORD-000897,PRD-0020,7,31900.0,22100.0,5.0,11165.0,212135.0,154700.0
ITM-0003298,ORD-000897,PRD-0062,9,13700.0,9000.0,0.0,0.0,123300.0,81000.0
ITM-0003299,ORD-000898,PRD-0007,5,33250.0,23700.0,0.0,0.0,166250.0,118500.0
ITM-0003300,ORD-000899,PRD-0026,18,5050.0,3050.0,5.0,4545.0,86355.0,54900.0
ITM-0003301,ORD-000899,PRD-0013,41,8750.0,5350.0,0.0,0.0,358750.0,219350.0
ITM-0003302,ORD-000900,PRD-0057,9,25450.0,17350.0,5.0,11452.5,217597.5,156150.0
ITM-0003303,ORD-000900,PRD-0065,26,9000.0,5800.0,12.5,29250.0,204750.0,150800.0
ITM-0003304,ORD-000900,PRD-0054,7,6000.0,4000.0,10.0,4200.0,37800.0,28000.0
ITM-0003305,ORD-000900,PRD-0050,16,1200.0,650.0,12.5,2400.0,16800.0,10400.0
ITM-0003306,ORD-000901,PRD-0030,11,35850.0,25550.0,7.5,29576.25,364773.75,281050.0
ITM-0003307,ORD-000901,PRD-0053,2,50250.0,36300.0,5.0,5025.0,95475.0,72600.0
ITM-0003308,ORD-000902,PRD-0049,25,2250.0,1400.0,10.0,5625.0,50625.0,35000.0
ITM-0003309,ORD-000903,PRD-0003,4,88300.0,65000.0,5.0,17660.0,335540.0,260000.0
ITM-0003310,ORD-000904,PRD-0005,11,11500.0,7900.0,2.5,3162.5,123337.5,86900.0
ITM-0003311,ORD-000904,PRD-0023,2,46600.0,33950.0,2.5,2330.0,90870.0,67900.0
ITM-0003312,ORD-000904,PRD-0026,14,5050.0,3050.0,7.5,5302.5,65397.5,42700.0
ITM-0003313,ORD-000904,PRD-0065,8,9000.0,5800.0,0.0,0.0,72000.0,46400.0
ITM-0003314,ORD-000905,PRD-0057,6,25450.0,17350.0,5.0,7635.0,145065.0,104100.0
ITM-0003315,ORD-000905,PRD-0002,11,52050.0,38100.0,5.0,28627.5,543922.5,419100.0
ITM-0003316,ORD-000906,PRD-0045,30,4400.0,2800.0,5.0,6600.0,125400.0,84000.0
ITM-0003317,ORD-000906,PRD-0009,7,75050.0,56000.0,5.0,26267.5,499082.5,392000.0
ITM-0003318,ORD-000906,PRD-0030,33,35850.0,25550.0,7.5,88728.75,1094321.25,843150.0
ITM-0003319,ORD-000906,PRD-0040,17,70550.0,49600.0,7.5,89951.25,1109398.75,843200.0
ITM-0003320,ORD-000906,PRD-0048,13,160400.0,117650.0,0.0,0.0,2085200.0,1529450.0
ITM-0003321,ORD-000906,PRD-0005,50,11500.0,7900.0,5.0,28750.0,546250.0,395000.0
ITM-0003322,ORD-000907,PRD-0026,19,5050.0,3050.0,5.0,4797.5,91152.5,57950.0
ITM-0003323,ORD-000907,PRD-0016,11,18750.0,12900.0,0.0,0.0,206250.0,141900.0
ITM-0003324,ORD-000907,PRD-0004,26,7100.0,4600.0,12.5,23075.0,161525.0,119600.0
ITM-0003325,ORD-000907,PRD-0014,9,199750.0,146450.0,7.5,134831.25,1662918.75,1318050.0
ITM-0003326,ORD-000907,PRD-0034,11,2800.0,1650.0,0.0,0.0,30800.0,18150.0
ITM-0003327,ORD-000908,PRD-0060,7,16450.0,11150.0,5.0,5757.5,109392.5,78050.0
ITM-0003328,ORD-000908,PRD-0069,4,41700.0,30300.0,0.0,0.0,166800.0,121200.0
ITM-0003329,ORD-000908,PRD-0052,11,40400.0,29250.0,0.0,0.0,444400.0,321750.0
ITM-0003330,ORD-000908,PRD-0019,44,2950.0,1850.0,5.0,6490.0,123310.0,81400.0
ITM-0003331,ORD-000908,PRD-0065,33,9000.0,5800.0,10.0,29700.0,267300.0,191400.0
ITM-0003332,ORD-000909,PRD-0057,2,25450.0,17350.0,0.0,0.0,50900.0,34700.0
ITM-0003333,ORD-000910,PRD-0056,11,16900.0,12000.0,0.0,0.0,185900.0,132000.0
ITM-0003334,ORD-000910,PRD-0004,46,7100.0,4600.0,12.5,40825.0,285775.0,211600.0
ITM-0003335,ORD-000911,PRD-0049,33,2250.0,1400.0,0.0,0.0,74250.0,46200.0
ITM-0003336,ORD-000911,PRD-0007,7,33250.0,23700.0,2.5,5818.75,226931.25,165900.0
ITM-0003337,ORD-000911,PRD-0005,27,11500.0,7900.0,7.5,23287.5,287212.5,213300.0
ITM-0003338,ORD-000912,PRD-0069,2,41700.0,30300.0,7.5,6255.0,77145.0,60600.0
ITM-0003339,ORD-000912,PRD-0005,20,11500.0,7900.0,5.0,11500.0,218500.0,158000.0
ITM-0003340,ORD-000912,PRD-0027,33,11500.0,7200.0,0.0,0.0,379500.0,237600.0
ITM-0003341,ORD-000912,PRD-0037,16,7650.0,5500.0,2.5,3060.0,119340.0,88000.0
ITM-0003342,ORD-000912,PRD-0018,4,39400.0,29550.0,2.5,3940.0,153660.0,118200.0
ITM-0003343,ORD-000913,PRD-0034,2,2800.0,1650.0,5.0,280.0,5320.0,3300.0
ITM-0003344,ORD-000913,PRD-0069,9,41700.0,30300.0,0.0,0.0,375300.0,272700.0
ITM-0003345,ORD-000913,PRD-0066,35,5300.0,3250.0,0.0,0.0,185500.0,113750.0
ITM-0003346,ORD-000913,PRD-0043,7,35950.0,25500.0,12.5,31456.25,220193.75,178500.0
ITM-0003347,ORD-000914,PRD-0009,2,75050.0,56000.0,12.5,18762.5,131337.5,112000.0
ITM-0003348,ORD-000914,PRD-0019,12,2950.0,1850.0,5.0,1770.0,33630.0,22200.0
ITM-0003349,ORD-000914,PRD-0005,36,11500.0,7900.0,5.0,20700.0,393300.0,284400.0
ITM-0003350,ORD-000914,PRD-0055,2,43600.0,31400.0,0.0,0.0,87200.0,62800.0
ITM-0003351,ORD-000914,PRD-0038,12,32300.0,22650.0,5.0,19380.0,368220.0,271800.0
ITM-0003352,ORD-000914,PRD-0034,5,2800.0,1650.0,5.0,700.0,13300.0,8250.0
ITM-0003353,ORD-000914,PRD-0053,5,50250.0,36300.0,0.0,0.0,251250.0,181500.0
ITM-0003354,ORD-000915,PRD-0037,71,7650.0,5500.0,0.0,0.0,543150.0,390500.0
ITM-0003355,ORD-000915,PRD-0032,14,383350.0,305700.0,2.5,134172.5,5232727.5,4279800.0
ITM-0003356,ORD-000916,PRD-0007,7,33250.0,23700.0,7.5,17456.25,215293.75,165900.0
ITM-0003357,ORD-000916,PRD-0030,37,35850.0,25550.0,10.0,132645.0,1193805.0,945350.0
ITM-0003358,ORD-000916,PRD-0050,10,1200.0,650.0,5.0,600.0,11400.0,6500.0
ITM-0003359,ORD-000917,PRD-0069,4,41700.0,30300.0,12.5,20850.0,145950.0,121200.0
ITM-0003360,ORD-000918,PRD-0046,3,141200.0,107400.0,10.0,42360.0,381240.0,322200.0
ITM-0003361,ORD-000918,PRD-0065,14,9000.0,5800.0,5.0,6300.0,119700.0,81200.0
ITM-0003362,ORD-000918,PRD-0032,3,383350.0,305700.0,0.0,0.0,1150050.0,917100.0
ITM-0003363,ORD-000919,PRD-0005,7,11500.0,7900.0,0.0,0.0,80500.0,55300.0
ITM-0003364,ORD-000919,PRD-0040,7,70550.0,49600.0,5.0,24692.5,469157.5,347200.0
ITM-0003365,ORD-000919,PRD-0015,10,19300.0,12700.0,2.5,4825.0,188175.0,127000.0
ITM-0003366,ORD-000919,PRD-0066,20,5300.0,3250.0,0.0,0.0,106000.0,65000.0
ITM-0003367,ORD-000920,PRD-0034,2,2800.0,1650.0,10.0,560.0,5040.0,3300.0
ITM-0003368,ORD-000920,PRD-0032,14,383350.0,305700.0,7.5,402517.5,4964382.5,4279800.0
ITM-0003369,ORD-000921,PRD-0041,12,70000.0,52200.0,5.0,42000.0,798000.0,626400.0
ITM-0003370,ORD-000921,PRD-0058,8,28050.0,19450.0,2.5,5610.0,218790.0,155600.0
ITM-0003371,ORD-000921,PRD-0033,8,88100.0,66350.0,10.0,70480.0,634320.0,530800.0
ITM-0003372,ORD-000921,PRD-0060,16,16450.0,11150.0,5.0,13160.0,250040.0,178400.0
ITM-0003373,ORD-000921,PRD-0026,40,5050.0,3050.0,0.0,0.0,202000.0,122000.0
ITM-0003374,ORD-000921,PRD-0009,16,75050.0,56000.0,5.0,60040.0,1140760.0,896000.0
ITM-0003375,ORD-000921,PRD-0045,52,4400.0,2800.0,5.0,11440.0,217360.0,145600.0
ITM-0003376,ORD-000922,PRD-0030,21,35850.0,25550.0,0.0,0.0,752850.0,536550.0
ITM-0003377,ORD-000922,PRD-0031,51,1600.0,900.0,0.0,0.0,81600.0,45900.0
ITM-0003378,ORD-000922,PRD-0023,3,46600.0,33950.0,10.0,13980.0,125820.0,101850.0
ITM-0003379,ORD-000922,PRD-0034,21,2800.0,1650.0,7.5,4410.0,54390.0,34650.0
ITM-0003380,ORD-000922,PRD-0049,21,2250.0,1400.0,7.5,3543.75,43706.25,29400.0
ITM-0003381,ORD-000922,PRD-0050,34,1200.0,650.0,2.5,1020.0,39780.0,22100.0
ITM-0003382,ORD-000923,PRD-0066,15,5300.0,3250.0,12.5,9937.5,69562.5,48750.0
ITM-0003383,ORD-000923,PRD-0003,15,88300.0,65000.0,2.5,33112.5,1291387.5,975000.0
ITM-0003384,ORD-000923,PRD-0030,13,35850.0,25550.0,5.0,23302.5,442747.5,332150.0
ITM-0003385,ORD-000923,PRD-0032,8,383350.0,305700.0,2.5,76670.0,2990130.0,2445600.0
ITM-0003386,ORD-000924,PRD-0022,8,13950.0,9250.0,10.0,11160.0,100440.0,74000.0
ITM-0003387,ORD-000924,PRD-0046,1,141200.0,107400.0,7.5,10590.0,130610.0,107400.0
ITM-0003388,ORD-000924,PRD-0034,4,2800.0,1650.0,2.5,280.0,10920.0,6600.0
ITM-0003389,ORD-000925,PRD-0007,10,33250.0,23700.0,7.5,24937.5,307562.5,237000.0
ITM-0003390,ORD-000925,PRD-0053,8,50250.0,36300.0,2.5,10050.0,391950.0,290400.0
ITM-0003391,ORD-000925,PRD-0025,8,32700.0,22850.0,10.0,26160.0,235440.0,182800.0
ITM-0003392,ORD-000926,PRD-0066,22,5300.0,3250.0,5.0,5830.0,110770.0,71500.0
ITM-0003393,ORD-000926,PRD-0030,10,35850.0,25550.0,5.0,17925.0,340575.0,255500.0
ITM-0003394,ORD-000926,PRD-0053,2,50250.0,36300.0,2.5,2512.5,97987.5,72600.0
ITM-0003395,ORD-000927,PRD-0062,23,13700.0,9000.0,10.0,31510.0,283590.0,207000.0
ITM-0003396,ORD-000927,PRD-0053,11,50250.0,36300.0,5.0,27637.5,525112.5,399300.0
ITM-0003397,ORD-000927,PRD-0027,52,11500.0,7200.0,10.0,59800.0,538200.0,374400.0
ITM-0003398,ORD-000927,PRD-0011,11,50250.0,35950.0,2.5,13818.75,538931.25,395450.0
ITM-0003399,ORD-000928,PRD-0037,45,7650.0,5500.0,0.0,0.0,344250.0,247500.0
ITM-0003400,ORD-000928,PRD-0054,8,6000.0,4000.0,7.5,3600.0,44400.0,32000.0
ITM-0003401,ORD-000928,PRD-0022,14,13950.0,9250.0,10.0,19530.0,175770.0,129500.0
ITM-0003402,ORD-000928,PRD-0031,25,1600.0,900.0,0.0,0.0,40000.0,22500.0
ITM-0003403,ORD-000928,PRD-0052,6,40400.0,29250.0,5.0,12120.0,230280.0,175500.0
ITM-0003404,ORD-000929,PRD-0026,35,5050.0,3050.0,0.0,0.0,176750.0,106750.0
ITM-0003405,ORD-000929,PRD-0050,13,1200.0,650.0,2.5,390.0,15210.0,8450.0
ITM-0003406,ORD-000929,PRD-0049,9,2250.0,1400.0,0.0,0.0,20250.0,12600.0
ITM-0003407,ORD-000929,PRD-0044,31,3350.0,2000.0,5.0,5192.5,98657.5,62000.0
ITM-0003408,ORD-000929,PRD-0008,4,11400.0,7800.0,5.0,2280.0,43320.0,31200.0
ITM-0003409,ORD-000930,PRD-0058,3,28050.0,19450.0,5.0,4207.5,79942.5,58350.0
ITM-0003410,ORD-000930,PRD-0005,5,11500.0,7900.0,0.0,0.0,57500.0,39500.0
ITM-0003411,ORD-000931,PRD-0034,4,2800.0,1650.0,5.0,560.0,10640.0,6600.0
ITM-0003412,ORD-000931,PRD-0049,14,2250.0,1400.0,7.5,2362.5,29137.5,19600.0
ITM-0003413,ORD-000931,PRD-0017,12,15250.0,10000.0,2.5,4575.0,178425.0,120000.0
ITM-0003414,ORD-000932,PRD-0060,6,16450.0,11150.0,12.5,12337.5,86362.5,66900.0
ITM-0003415,ORD-000932,PRD-0005,14,11500.0,7900.0,5.0,8050.0,152950.0,110600.0
ITM-0003416,ORD-000932,PRD-0048,4,160400.0,117650.0,10.0,64160.0,577440.0,470600.0
ITM-0003417,ORD-000932,PRD-0013,23,8750.0,5350.0,10.0,20125.0,181125.0,123050.0
ITM-0003418,ORD-000933,PRD-0026,104,5050.0,3050.0,0.0,0.0,525200.0,317200.0
ITM-0003419,ORD-000933,PRD-0044,104,3350.0,2000.0,7.5,26130.0,322270.0,208000.0
ITM-0003420,ORD-000933,PRD-0034,21,2800.0,1650.0,5.0,2940.0,55860.0,34650.0
ITM-0003421,ORD-000933,PRD-0036,25,170650.0,122850.0,2.5,106656.25,4159593.75,3071250.0
ITM-0003422,ORD-000934,PRD-0021,5,151550.0,109750.0,0.0,0.0,757750.0,548750.0
ITM-0003423,ORD-000934,PRD-0066,27,5300.0,3250.0,10.0,14310.0,128790.0,87750.0
ITM-0003424,ORD-000934,PRD-0063,62,12650.0,8000.0,5.0,39215.0,745085.0,496000.0
ITM-0003425,ORD-000934,PRD-0049,8,2250.0,1400.0,7.5,1350.0,16650.0,11200.0
ITM-0003426,ORD-000934,PRD-0011,8,50250.0,35950.0,5.0,20100.0,381900.0,287600.0
ITM-0003427,ORD-000935,PRD-0066,41,5300.0,3250.0,10.0,21730.0,195570.0,133250.0
ITM-0003428,ORD-000935,PRD-0064,3,40250.0,28850.0,5.0,6037.5,114712.5,86550.0
ITM-0003429,ORD-000935,PRD-0055,7,43600.0,31400.0,2.5,7630.0,297570.0,219800.0
ITM-0003430,ORD-000935,PRD-0033,3,88100.0,66350.0,7.5,19822.5,244477.5,199050.0
ITM-0003431,ORD-000935,PRD-0031,44,1600.0,900.0,0.0,0.0,70400.0,39600.0
ITM-0003432,ORD-000935,PRD-0013,78,8750.0,5350.0,7.5,51187.5,631312.5,417300.0
ITM-0003433,ORD-000935,PRD-0065,47,9000.0,5800.0,7.5,31725.0,391275.0,272600.0
ITM-0003434,ORD-000936,PRD-0053,2,50250.0,36300.0,5.0,5025.0,95475.0,72600.0
ITM-0003435,ORD-000936,PRD-0039,6,13350.0,9100.0,7.5,6007.5,74092.5,54600.0
ITM-0003436,ORD-000936,PRD-0027,6,11500.0,7200.0,5.0,3450.0,65550.0,43200.0
ITM-0003437,ORD-000937,PRD-0043,3,35950.0,25500.0,0.0,0.0,107850.0,76500.0
ITM-0003438,ORD-000937,PRD-0066,20,5300.0,3250.0,0.0,0.0,106000.0,65000.0
ITM-0003439,ORD-000937,PRD-0031,18,1600.0,900.0,0.0,0.0,28800.0,16200.0
ITM-0003440,ORD-000937,PRD-0044,29,3350.0,2000.0,5.0,4857.5,92292.5,58000.0
ITM-0003441,ORD-000938,PRD-0053,14,50250.0,36300.0,5.0,35175.0,668325.0,508200.0
ITM-0003442,ORD-000938,PRD-0069,3,41700.0,30300.0,7.5,9382.5,115717.5,90900.0
ITM-0003443,ORD-000938,PRD-0028,64,6400.0,4200.0,2.5,10240.0,399360.0,268800.0
ITM-0003444,ORD-000938,PRD-0006,17,27000.0,19650.0,10.0,45900.0,413100.0,334050.0
ITM-0003445,ORD-000938,PRD-0004,31,7100.0,4600.0,7.5,16507.5,203592.5,142600.0
ITM-0003446,ORD-000939,PRD-0023,7,46600.0,33950.0,5.0,16310.0,309890.0,237650.0
ITM-0003447,ORD-000939,PRD-0045,7,4400.0,2800.0,5.0,1540.0,29260.0,19600.0
ITM-0003448,ORD-000939,PRD-0069,9,41700.0,30300.0,5.0,18765.0,356535.0,272700.0
ITM-0003449,ORD-000939,PRD-0034,4,2800.0,1650.0,0.0,0.0,11200.0,6600.0
ITM-0003450,ORD-000939,PRD-0005,29,11500.0,7900.0,7.5,25012.5,308487.5,229100.0
ITM-0003451,ORD-000940,PRD-0038,6,32300.0,22650.0,5.0,9690.0,184110.0,135900.0
ITM-0003452,ORD-000940,PRD-0058,6,28050.0,19450.0,7.5,12622.5,155677.5,116700.0
ITM-0003453,ORD-000940,PRD-0011,3,50250.0,35950.0,5.0,7537.5,143212.5,107850.0
ITM-0003454,ORD-000940,PRD-0034,4,2800.0,1650.0,7.5,840.0,10360.0,6600.0
ITM-0003455,ORD-000941,PRD-0011,11,50250.0,35950.0,10.0,55275.0,497475.0,395450.0
ITM-0003456,ORD-000941,PRD-0009,4,75050.0,56000.0,10.0,30020.0,270180.0,224000.0
ITM-0003457,ORD-000941,PRD-0034,7,2800.0,1650.0,5.0,980.0,18620.0,11550.0
ITM-0003458,ORD-000941,PRD-0032,9,383350.0,305700.0,5.0,172507.5,3277642.5,2751300.0
ITM-0003459,ORD-000942,PRD-0036,3,170650.0,122850.0,7.5,38396.25,473553.75,368550.0
ITM-0003460,ORD-000942,PRD-0034,5,2800.0,1650.0,0.0,0.0,14000.0,8250.0
ITM-0003461,ORD-000942,PRD-0053,7,50250.0,36300.0,2.5,8793.75,342956.25,254100.0
ITM-0003462,ORD-000942,PRD-0014,3,199750.0,146450.0,0.0,0.0,599250.0,439350.0
ITM-0003463,ORD-000942,PRD-0003,2,88300.0,65000.0,5.0,8830.0,167770.0,130000.0
ITM-0003464,ORD-000943,PRD-0023,6,46600.0,33950.0,10.0,27960.0,251640.0,203700.0
ITM-0003465,ORD-000943,PRD-0043,3,35950.0,25500.0,5.0,5392.5,102457.5,76500.0
ITM-0003466,ORD-000943,PRD-0037,16,7650.0,5500.0,7.5,9180.0,113220.0,88000.0
ITM-0003467,ORD-000943,PRD-0050,3,1200.0,650.0,5.0,180.0,3420.0,1950.0
ITM-0003468,ORD-000944,PRD-0057,5,25450.0,17350.0,7.5,9543.75,117706.25,86750.0
ITM-0003469,ORD-000944,PRD-0037,36,7650.0,5500.0,5.0,13770.0,261630.0,198000.0
ITM-0003470,ORD-000945,PRD-0034,3,2800.0,1650.0,5.0,420.0,7980.0,4950.0
ITM-0003471,ORD-000945,PRD-0066,16,5300.0,3250.0,12.5,10600.0,74200.0,52000.0
ITM-0003472,ORD-000945,PRD-0026,33,5050.0,3050.0,5.0,8332.5,158317.5,100650.0
ITM-0003473,ORD-000946,PRD-0007,14,33250.0,23700.0,0.0,0.0,465500.0,331800.0
ITM-0003474,ORD-000946,PRD-0064,11,40250.0,28850.0,5.0,22137.5,420612.5,317350.0
ITM-0003475,ORD-000946,PRD-0034,14,2800.0,1650.0,7.5,2940.0,36260.0,23100.0
ITM-0003476,ORD-000946,PRD-0038,3,32300.0,22650.0,0.0,0.0,96900.0,67950.0
ITM-0003477,ORD-000947,PRD-0050,27,1200.0,650.0,0.0,0.0,32400.0,17550.0
ITM-0003478,ORD-000947,PRD-0021,2,151550.0,109750.0,7.5,22732.5,280367.5,219500.0
ITM-0003479,ORD-000947,PRD-0030,32,35850.0,25550.0,5.0,57360.0,1089840.0,817600.0
ITM-0003480,ORD-000947,PRD-0045,12,4400.0,2800.0,2.5,1320.0,51480.0,33600.0
ITM-0003481,ORD-000947,PRD-0023,2,46600.0,33950.0,0.0,0.0,93200.0,67900.0
ITM-0003482,ORD-000948,PRD-0033,11,88100.0,66350.0,7.5,72682.5,896417.5,729850.0
ITM-0003483,ORD-000948,PRD-0034,4,2800.0,1650.0,10.0,1120.0,10080.0,6600.0
ITM-0003484,ORD-000948,PRD-0069,22,41700.0,30300.0,0.0,0.0,917400.0,666600.0
ITM-0003485,ORD-000948,PRD-0027,65,11500.0,7200.0,5.0,37375.0,710125.0,468000.0
ITM-0003486,ORD-000948,PRD-0011,11,50250.0,35950.0,5.0,27637.5,525112.5,395450.0
ITM-0003487,ORD-000948,PRD-0045,25,4400.0,2800.0,10.0,11000.0,99000.0,70000.0
ITM-0003488,ORD-000948,PRD-0043,14,35950.0,25500.0,0.0,0.0,503300.0,357000.0
ITM-0003489,ORD-000949,PRD-0023,11,46600.0,33950.0,0.0,0.0,512600.0,373450.0
ITM-0003490,ORD-000949,PRD-0005,42,11500.0,7900.0,10.0,48300.0,434700.0,331800.0
ITM-0003491,ORD-000950,PRD-0069,9,41700.0,30300.0,5.0,18765.0,356535.0,272700.0
ITM-0003492,ORD-000950,PRD-0055,6,43600.0,31400.0,5.0,13080.0,248520.0,188400.0
ITM-0003493,ORD-000950,PRD-0014,6,199750.0,146450.0,10.0,119850.0,1078650.0,878700.0
ITM-0003494,ORD-000950,PRD-0025,9,32700.0,22850.0,12.5,36787.5,257512.5,205650.0
ITM-0003495,ORD-000951,PRD-0052,4,40400.0,29250.0,5.0,8080.0,153520.0,117000.0
ITM-0003496,ORD-000951,PRD-0014,13,199750.0,146450.0,10.0,259675.0,2337075.0,1903850.0
ITM-0003497,ORD-000951,PRD-0009,11,75050.0,56000.0,10.0,82555.0,742995.0,616000.0
ITM-0003498,ORD-000951,PRD-0005,27,11500.0,7900.0,7.5,23287.5,287212.5,213300.0
ITM-0003499,ORD-000952,PRD-0052,5,40400.0,29250.0,10.0,20200.0,181800.0,146250.0
ITM-0003500,ORD-000952,PRD-0038,5,32300.0,22650.0,10.0,16150.0,145350.0,113250.0
ITM-0003501,ORD-000952,PRD-0034,7,2800.0,1650.0,5.0,980.0,18620.0,11550.0
ITM-0003502,ORD-000952,PRD-0013,12,8750.0,5350.0,7.5,7875.0,97125.0,64200.0
ITM-0003503,ORD-000952,PRD-0049,27,2250.0,1400.0,12.5,7593.75,53156.25,37800.0
ITM-0003504,ORD-000953,PRD-0031,8,1600.0,900.0,5.0,640.0,12160.0,7200.0
ITM-0003505,ORD-000953,PRD-0034,2,2800.0,1650.0,0.0,0.0,5600.0,3300.0
ITM-0003506,ORD-000953,PRD-0009,2,75050.0,56000.0,10.0,15010.0,135090.0,112000.0
ITM-0003507,ORD-000953,PRD-0066,2,5300.0,3250.0,10.0,1060.0,9540.0,6500.0
ITM-0003508,ORD-000954,PRD-0005,14,11500.0,7900.0,12.5,20125.0,140875.0,110600.0
ITM-0003509,ORD-000955,PRD-0007,8,33250.0,23700.0,0.0,0.0,266000.0,189600.0
ITM-0003510,ORD-000955,PRD-0063,22,12650.0,8000.0,10.0,27830.0,250470.0,176000.0
ITM-0003511,ORD-000955,PRD-0034,8,2800.0,1650.0,5.0,1120.0,21280.0,13200.0
ITM-0003512,ORD-000956,PRD-0054,5,6000.0,4000.0,2.5,750.0,29250.0,20000.0
ITM-0003513,ORD-000957,PRD-0040,14,70550.0,49600.0,5.0,49385.0,938315.0,694400.0
ITM-0003514,ORD-000957,PRD-0045,33,4400.0,2800.0,5.0,7260.0,137940.0,92400.0
ITM-0003515,ORD-000957,PRD-0032,5,383350.0,305700.0,5.0,95837.5,1820912.5,1528500.0
ITM-0003516,ORD-000957,PRD-0024,59,17950.0,12350.0,7.5,79428.75,979621.25,728650.0
ITM-0003517,ORD-000958,PRD-0036,15,170650.0,122850.0,5.0,127987.5,2431762.5,1842750.0
ITM-0003518,ORD-000958,PRD-0034,12,2800.0,1650.0,2.5,840.0,32760.0,19800.0
ITM-0003519,ORD-000958,PRD-0007,18,33250.0,23700.0,0.0,0.0,598500.0,426600.0
ITM-0003520,ORD-000959,PRD-0053,7,50250.0,36300.0,7.5,26381.25,325368.75,254100.0
ITM-0003521,ORD-000960,PRD-0048,2,160400.0,117650.0,10.0,32080.0,288720.0,235300.0
ITM-0003522,ORD-000961,PRD-0066,37,5300.0,3250.0,0.0,0.0,196100.0,120250.0
ITM-0003523,ORD-000961,PRD-0022,14,13950.0,9250.0,2.5,4882.5,190417.5,129500.0
ITM-0003524,ORD-000961,PRD-0009,3,75050.0,56000.0,0.0,0.0,225150.0,168000.0
ITM-0003525,ORD-000961,PRD-0007,9,33250.0,23700.0,5.0,14962.5,284287.5,213300.0
ITM-0003526,ORD-000961,PRD-0013,17,8750.0,5350.0,5.0,7437.5,141312.5,90950.0
ITM-0003527,ORD-000962,PRD-0009,12,75050.0,56000.0,5.0,45030.0,855570.0,672000.0
ITM-0003528,ORD-000962,PRD-0007,4,33250.0,23700.0,7.5,9975.0,123025.0,94800.0
ITM-0003529,ORD-000962,PRD-0070,12,5100.0,3300.0,0.0,0.0,61200.0,39600.0
ITM-0003530,ORD-000962,PRD-0046,20,141200.0,107400.0,2.5,70600.0,2753400.0,2148000.0
ITM-0003531,ORD-000962,PRD-0038,20,32300.0,22650.0,0.0,0.0,646000.0,453000.0
ITM-0003532,ORD-000962,PRD-0047,24,67750.0,48250.0,12.5,203250.0,1422750.0,1158000.0
ITM-0003533,ORD-000962,PRD-0055,20,43600.0,31400.0,7.5,65400.0,806600.0,628000.0
ITM-0003534,ORD-000963,PRD-0043,12,35950.0,25500.0,2.5,10785.0,420615.0,306000.0
ITM-0003535,ORD-000963,PRD-0049,53,2250.0,1400.0,2.5,2981.25,116268.75,74200.0
ITM-0003536,ORD-000963,PRD-0007,16,33250.0,23700.0,0.0,0.0,532000.0,379200.0
ITM-0003537,ORD-000963,PRD-0034,12,2800.0,1650.0,10.0,3360.0,30240.0,19800.0
ITM-0003538,ORD-000963,PRD-0027,93,11500.0,7200.0,5.0,53475.0,1016025.0,669600.0
ITM-0003539,ORD-000963,PRD-0017,12,15250.0,10000.0,2.5,4575.0,178425.0,120000.0
ITM-0003540,ORD-000964,PRD-0004,19,7100.0,4600.0,7.5,10117.5,124782.5,87400.0
ITM-0003541,ORD-000964,PRD-0067,24,2050.0,1250.0,10.0,4920.0,44280.0,30000.0
ITM-0003542,ORD-000964,PRD-0038,5,32300.0,22650.0,7.5,12112.5,149387.5,113250.0
ITM-0003543,ORD-000964,PRD-0005,11,11500.0,7900.0,2.5,3162.5,123337.5,86900.0
ITM-0003544,ORD-000965,PRD-0022,4,13950.0,9250.0,0.0,0.0,55800.0,37000.0
ITM-0003545,ORD-000966,PRD-0063,7,12650.0,8000.0,2.5,2213.75,86336.25,56000.0
ITM-0003546,ORD-000966,PRD-0057,2,25450.0,17350.0,5.0,2545.0,48355.0,34700.0
ITM-0003547,ORD-000967,PRD-0047,3,67750.0,48250.0,5.0,10162.5,193087.5,144750.0
ITM-0003548,ORD-000967,PRD-0005,42,11500.0,7900.0,0.0,0.0,483000.0,331800.0
ITM-0003549,ORD-000968,PRD-0030,38,35850.0,25550.0,7.5,102172.5,1260127.5,970900.0
ITM-0003550,ORD-000968,PRD-0066,48,5300.0,3250.0,10.0,25440.0,228960.0,156000.0
ITM-0003551,ORD-000968,PRD-0009,14,75050.0,56000.0,5.0,52535.0,998165.0,784000.0
ITM-0003552,ORD-000969,PRD-0037,14,7650.0,5500.0,10.0,10710.0,96390.0,77000.0
ITM-0003553,ORD-000969,PRD-0001,3,49000.0,35150.0,0.0,0.0,147000.0,105450.0
ITM-0003554,ORD-000969,PRD-0023,8,46600.0,33950.0,5.0,18640.0,354160.0,271600.0
ITM-0003555,ORD-000969,PRD-0018,3,39400.0,29550.0,0.0,0.0,118200.0,88650.0
ITM-0003556,ORD-000969,PRD-0031,6,1600.0,900.0,5.0,480.0,9120.0,5400.0
ITM-0003557,ORD-000970,PRD-0030,4,35850.0,25550.0,7.5,10755.0,132645.0,102200.0
ITM-0003558,ORD-000971,PRD-0013,17,8750.0,5350.0,0.0,0.0,148750.0,90950.0
ITM-0003559,ORD-000971,PRD-0053,17,50250.0,36300.0,10.0,85425.0,768825.0,617100.0
ITM-0003560,ORD-000971,PRD-0005,10,11500.0,7900.0,5.0,5750.0,109250.0,79000.0
ITM-0003561,ORD-000972,PRD-0064,11,40250.0,28850.0,5.0,22137.5,420612.5,317350.0
ITM-0003562,ORD-000972,PRD-0052,8,40400.0,29250.0,5.0,16160.0,307040.0,234000.0
ITM-0003563,ORD-000972,PRD-0066,42,5300.0,3250.0,5.0,11130.0,211470.0,136500.0
ITM-0003564,ORD-000972,PRD-0034,3,2800.0,1650.0,0.0,0.0,8400.0,4950.0
ITM-0003565,ORD-000972,PRD-0036,3,170650.0,122850.0,7.5,38396.25,473553.75,368550.0
ITM-0003566,ORD-000973,PRD-0026,11,5050.0,3050.0,10.0,5555.0,49995.0,33550.0
ITM-0003567,ORD-000973,PRD-0007,2,33250.0,23700.0,7.5,4987.5,61512.5,47400.0
ITM-0003568,ORD-000974,PRD-0052,3,40400.0,29250.0,0.0,0.0,121200.0,87750.0
ITM-0003569,ORD-000974,PRD-0069,12,41700.0,30300.0,0.0,0.0,500400.0,363600.0
ITM-0003570,ORD-000975,PRD-0048,9,160400.0,117650.0,7.5,108270.0,1335330.0,1058850.0
ITM-0003571,ORD-000975,PRD-0063,23,12650.0,8000.0,7.5,21821.25,269128.75,184000.0
ITM-0003572,ORD-000975,PRD-0005,35,11500.0,7900.0,10.0,40250.0,362250.0,276500.0
ITM-0003573,ORD-000975,PRD-0023,14,46600.0,33950.0,7.5,48930.0,603470.0,475300.0
ITM-0003574,ORD-000975,PRD-0053,7,50250.0,36300.0,10.0,35175.0,316575.0,254100.0
ITM-0003575,ORD-000976,PRD-0019,6,2950.0,1850.0,7.5,1327.5,16372.5,11100.0
ITM-0003576,ORD-000976,PRD-0002,3,52050.0,38100.0,7.5,11711.25,144438.75,114300.0
ITM-0003577,ORD-000976,PRD-0053,2,50250.0,36300.0,10.0,10050.0,90450.0,72600.0
ITM-0003578,ORD-000976,PRD-0058,1,28050.0,19450.0,10.0,2805.0,25245.0,19450.0
ITM-0003579,ORD-000977,PRD-0005,22,11500.0,7900.0,7.5,18975.0,234025.0,173800.0
ITM-0003580,ORD-000977,PRD-0007,3,33250.0,23700.0,7.5,7481.25,92268.75,71100.0
ITM-0003581,ORD-000977,PRD-0031,11,1600.0,900.0,10.0,1760.0,15840.0,9900.0
ITM-0003582,ORD-000977,PRD-0040,6,70550.0,49600.0,5.0,21165.0,402135.0,297600.0
ITM-0003583,ORD-000977,PRD-0056,5,16900.0,12000.0,10.0,8450.0,76050.0,60000.0
ITM-0003584,ORD-000978,PRD-0050,15,1200.0,650.0,12.5,2250.0,15750.0,9750.0
ITM-0003585,ORD-000978,PRD-0052,3,40400.0,29250.0,2.5,3030.0,118170.0,87750.0
ITM-0003586,ORD-000978,PRD-0016,3,18750.0,12900.0,0.0,0.0,56250.0,38700.0
ITM-0003587,ORD-000978,PRD-0047,6,67750.0,48250.0,10.0,40650.0,365850.0,289500.0
ITM-0003588,ORD-000979,PRD-0054,3,6000.0,4000.0,2.5,450.0,17550.0,12000.0
ITM-0003589,ORD-000979,PRD-0037,21,7650.0,5500.0,7.5,12048.75,148601.25,115500.0
ITM-0003590,ORD-000979,PRD-0066,11,5300.0,3250.0,0.0,0.0,58300.0,35750.0
ITM-0003591,ORD-000980,PRD-0069,4,41700.0,30300.0,5.0,8340.0,158460.0,121200.0
ITM-0003592,ORD-000980,PRD-0057,13,25450.0,17350.0,5.0,16542.5,314307.5,225550.0
ITM-0003593,ORD-000980,PRD-0046,2,141200.0,107400.0,2.5,7060.0,275340.0,214800.0
ITM-0003594,ORD-000980,PRD-0034,13,2800.0,1650.0,5.0,1820.0,34580.0,21450.0
ITM-0003595,ORD-000981,PRD-0049,15,2250.0,1400.0,7.5,2531.25,31218.75,21000.0
ITM-0003596,ORD-000981,PRD-0053,7,50250.0,36300.0,5.0,17587.5,334162.5,254100.0
ITM-0003597,ORD-000981,PRD-0066,26,5300.0,3250.0,10.0,13780.0,124020.0,84500.0
ITM-0003598,ORD-000982,PRD-0013,31,8750.0,5350.0,5.0,13562.5,257687.5,165850.0
ITM-0003599,ORD-000982,PRD-0049,15,2250.0,1400.0,2.5,843.75,32906.25,21000.0
ITM-0003600,ORD-000982,PRD-0034,2,2800.0,1650.0,2.5,140.0,5460.0,3300.0
ITM-0003601,ORD-000983,PRD-0066,22,5300.0,3250.0,0.0,0.0,116600.0,71500.0
ITM-0003602,ORD-000983,PRD-0037,15,7650.0,5500.0,7.5,8606.25,106143.75,82500.0
ITM-0003603,ORD-000983,PRD-0004,22,7100.0,4600.0,7.5,11715.0,144485.0,101200.0
ITM-0003604,ORD-000984,PRD-0034,1,2800.0,1650.0,0.0,0.0,2800.0,1650.0
ITM-0003605,ORD-000984,PRD-0004,7,7100.0,4600.0,7.5,3727.5,45972.5,32200.0
ITM-0003606,ORD-000985,PRD-0003,9,88300.0,65000.0,5.0,39735.0,754965.0,585000.0
ITM-0003607,ORD-000985,PRD-0061,14,5600.0,3650.0,7.5,5880.0,72520.0,51100.0
ITM-0003608,ORD-000985,PRD-0031,21,1600.0,900.0,5.0,1680.0,31920.0,18900.0
ITM-0003609,ORD-000985,PRD-0033,2,88100.0,66350.0,5.0,8810.0,167390.0,132700.0
ITM-0003610,ORD-000986,PRD-0005,17,11500.0,7900.0,2.5,4887.5,190612.5,134300.0
ITM-0003611,ORD-000987,PRD-0031,3,1600.0,900.0,2.5,120.0,4680.0,2700.0
ITM-0003612,ORD-000987,PRD-0050,11,1200.0,650.0,10.0,1320.0,11880.0,7150.0
ITM-0003613,ORD-000987,PRD-0006,5,27000.0,19650.0,5.0,6750.0,128250.0,98250.0
ITM-0003614,ORD-000987,PRD-0052,2,40400.0,29250.0,0.0,0.0,80800.0,58500.0
ITM-0003615,ORD-000988,PRD-0032,2,383350.0,305700.0,7.5,57502.5,709197.5,611400.0
ITM-0003616,ORD-000989,PRD-0021,16,151550.0,109750.0,0.0,0.0,2424800.0,1756000.0
ITM-0003617,ORD-000989,PRD-0023,14,46600.0,33950.0,10.0,65240.0,587160.0,475300.0
ITM-0003618,ORD-000990,PRD-0007,7,33250.0,23700.0,7.5,17456.25,215293.75,165900.0
ITM-0003619,ORD-000990,PRD-0005,10,11500.0,7900.0,2.5,2875.0,112125.0,79000.0
ITM-0003620,ORD-000990,PRD-0064,6,40250.0,28850.0,0.0,0.0,241500.0,173100.0
ITM-0003621,ORD-000990,PRD-0025,4,32700.0,22850.0,7.5,9810.0,120990.0,91400.0
ITM-0003622,ORD-000991,PRD-0029,12,30900.0,21650.0,0.0,0.0,370800.0,259800.0
ITM-0003623,ORD-000991,PRD-0066,27,5300.0,3250.0,0.0,0.0,143100.0,87750.0
ITM-0003624,ORD-000991,PRD-0040,12,70550.0,49600.0,12.5,105825.0,740775.0,595200.0
ITM-0003625,ORD-000991,PRD-0045,50,4400.0,2800.0,0.0,0.0,220000.0,140000.0
ITM-0003626,ORD-000991,PRD-0015,12,19300.0,12700.0,5.0,11580.0,220020.0,152400.0
ITM-0003627,ORD-000991,PRD-0052,12,40400.0,29250.0,5.0,24240.0,460560.0,351000.0
ITM-0003628,ORD-000992,PRD-0067,29,2050.0,1250.0,10.0,5945.0,53505.0,36250.0
ITM-0003629,ORD-000992,PRD-0005,11,11500.0,7900.0,5.0,6325.0,120175.0,86900.0
ITM-0003630,ORD-000992,PRD-0060,11,16450.0,11150.0,7.5,13571.25,167378.75,122650.0
ITM-0003631,ORD-000993,PRD-0032,7,383350.0,305700.0,5.0,134172.5,2549277.5,2139900.0
ITM-0003632,ORD-000993,PRD-0023,7,46600.0,33950.0,7.5,24465.0,301735.0,237650.0
ITM-0003633,ORD-000993,PRD-0009,4,75050.0,56000.0,5.0,15010.0,285190.0,224000.0
ITM-0003634,ORD-000993,PRD-0007,4,33250.0,23700.0,0.0,0.0,133000.0,94800.0
ITM-0003635,ORD-000993,PRD-0025,4,32700.0,22850.0,10.0,13080.0,117720.0,91400.0
ITM-0003636,ORD-000994,PRD-0053,6,50250.0,36300.0,5.0,15075.0,286425.0,217800.0
ITM-0003637,ORD-000994,PRD-0037,13,7650.0,5500.0,0.0,0.0,99450.0,71500.0
ITM-0003638,ORD-000994,PRD-0021,6,151550.0,109750.0,5.0,45465.0,863835.0,658500.0
ITM-0003639,ORD-000994,PRD-0031,22,1600.0,900.0,5.0,1760.0,33440.0,19800.0
ITM-0003640,ORD-000994,PRD-0009,4,75050.0,56000.0,0.0,0.0,300200.0,224000.0
ITM-0003641,ORD-000995,PRD-0049,8,2250.0,1400.0,5.0,900.0,17100.0,11200.0
ITM-0003642,ORD-000996,PRD-0011,23,50250.0,35950.0,7.5,86681.25,1069068.75,826850.0
ITM-0003643,ORD-000996,PRD-0066,11,5300.0,3250.0,7.5,4372.5,53927.5,35750.0
ITM-0003644,ORD-000997,PRD-0047,7,67750.0,48250.0,10.0,47425.0,426825.0,337750.0
ITM-0003645,ORD-000997,PRD-0012,9,42850.0,31750.0,5.0,19282.5,366367.5,285750.0
ITM-0003646,ORD-000997,PRD-0069,9,41700.0,30300.0,5.0,18765.0,356535.0,272700.0
ITM-0003647,ORD-000997,PRD-0070,17,5100.0,3300.0,5.0,4335.0,82365.0,56100.0
ITM-0003648,ORD-000997,PRD-0066,6,5300.0,3250.0,10.0,3180.0,28620.0,19500.0
ITM-0003649,ORD-000998,PRD-0053,6,50250.0,36300.0,2.5,7537.5,293962.5,217800.0
ITM-0003650,ORD-000998,PRD-0025,6,32700.0,22850.0,5.0,9810.0,186390.0,137100.0
ITM-0003651,ORD-000999,PRD-0049,36,2250.0,1400.0,12.5,10125.0,70875.0,50400.0
ITM-0003652,ORD-000999,PRD-0062,36,13700.0,9000.0,0.0,0.0,493200.0,324000.0
ITM-0003653,ORD-000999,PRD-0069,12,41700.0,30300.0,10.0,50040.0,450360.0,363600.0
ITM-0003654,ORD-000999,PRD-0034,8,2800.0,1650.0,10.0,2240.0,20160.0,13200.0
ITM-0003655,ORD-000999,PRD-0036,24,170650.0,122850.0,2.5,102390.0,3993210.0,2948400.0
ITM-0003656,ORD-000999,PRD-0030,24,35850.0,25550.0,10.0,86040.0,774360.0,613200.0
ITM-0003657,ORD-000999,PRD-0006,4,27000.0,19650.0,7.5,8100.0,99900.0,78600.0
ITM-0003658,ORD-001000,PRD-0036,1,170650.0,122850.0,0.0,0.0,170650.0,122850.0
ITM-0003659,ORD-001001,PRD-0052,1,40400.0,29250.0,2.5,1010.0,39390.0,29250.0
ITM-0003660,ORD-001001,PRD-0045,7,4400.0,2800.0,10.0,3080.0,27720.0,19600.0
ITM-0003661,ORD-001002,PRD-0030,10,35850.0,25550.0,2.5,8962.5,349537.5,255500.0
ITM-0003662,ORD-001002,PRD-0053,8,50250.0,36300.0,0.0,0.0,402000.0,290400.0
ITM-0003663,ORD-001002,PRD-0052,12,40400.0,29250.0,10.0,48480.0,436320.0,351000.0
ITM-0003664,ORD-001003,PRD-0023,3,46600.0,33950.0,7.5,10485.0,129315.0,101850.0
ITM-0003665,ORD-001003,PRD-0070,10,5100.0,3300.0,2.5,1275.0,49725.0,33000.0
ITM-0003666,ORD-001003,PRD-0005,6,11500.0,7900.0,5.0,3450.0,65550.0,47400.0
ITM-0003667,ORD-001003,PRD-0047,2,67750.0,48250.0,0.0,0.0,135500.0,96500.0
ITM-0003668,ORD-001003,PRD-0021,6,151550.0,109750.0,7.5,68197.5,841102.5,658500.0
ITM-0003669,ORD-001004,PRD-0031,18,1600.0,900.0,7.5,2160.0,26640.0,16200.0
ITM-0003670,ORD-001004,PRD-0035,12,195800.0,149250.0,5.0,117480.0,2232120.0,1791000.0
ITM-0003671,ORD-001005,PRD-0018,10,39400.0,29550.0,10.0,39400.0,354600.0,295500.0
ITM-0003672,ORD-001005,PRD-0032,4,383350.0,305700.0,2.5,38335.0,1495065.0,1222800.0
ITM-0003673,ORD-001005,PRD-0030,23,35850.0,25550.0,7.5,61841.25,762708.75,587650.0
ITM-0003674,ORD-001005,PRD-0037,32,7650.0,5500.0,10.0,24480.0,220320.0,176000.0
ITM-0003675,ORD-001006,PRD-0001,9,49000.0,35150.0,0.0,0.0,441000.0,316350.0
ITM-0003676,ORD-001006,PRD-0053,9,50250.0,36300.0,5.0,22612.5,429637.5,326700.0
ITM-0003677,ORD-001006,PRD-0049,8,2250.0,1400.0,10.0,1800.0,16200.0,11200.0
ITM-0003678,ORD-001006,PRD-0030,5,35850.0,25550.0,0.0,0.0,179250.0,127750.0
ITM-0003679,ORD-001007,PRD-0018,5,39400.0,29550.0,7.5,14775.0,182225.0,147750.0
ITM-0003680,ORD-001007,PRD-0052,4,40400.0,29250.0,5.0,8080.0,153520.0,117000.0
ITM-0003681,ORD-001007,PRD-0019,21,2950.0,1850.0,0.0,0.0,61950.0,38850.0
ITM-0003682,ORD-001007,PRD-0062,13,13700.0,9000.0,10.0,17810.0,160290.0,117000.0
ITM-0003683,ORD-001007,PRD-0045,25,4400.0,2800.0,7.5,8250.0,101750.0,70000.0
ITM-0003684,ORD-001008,PRD-0005,5,11500.0,7900.0,5.0,2875.0,54625.0,39500.0
ITM-0003685,ORD-001008,PRD-0046,3,141200.0,107400.0,10.0,42360.0,381240.0,322200.0
ITM-0003686,ORD-001008,PRD-0052,3,40400.0,29250.0,0.0,0.0,121200.0,87750.0
ITM-0003687,ORD-001009,PRD-0065,10,9000.0,5800.0,0.0,0.0,90000.0,58000.0
ITM-0003688,ORD-001010,PRD-0058,11,28050.0,19450.0,0.0,0.0,308550.0,213950.0
ITM-0003689,ORD-001010,PRD-0030,46,35850.0,25550.0,12.5,206137.5,1442962.5,1175300.0
ITM-0003690,ORD-001011,PRD-0069,2,41700.0,30300.0,0.0,0.0,83400.0,60600.0
ITM-0003691,ORD-001011,PRD-0026,9,5050.0,3050.0,10.0,4545.0,40905.0,27450.0
ITM-0003692,ORD-001011,PRD-0052,2,40400.0,29250.0,10.0,8080.0,72720.0,58500.0
ITM-0003693,ORD-001012,PRD-0044,32,3350.0,2000.0,10.0,10720.0,96480.0,64000.0
ITM-0003694,ORD-001012,PRD-0032,4,383350.0,305700.0,12.5,191675.0,1341725.0,1222800.0
ITM-0003695,ORD-001012,PRD-0063,23,12650.0,8000.0,10.0,29095.0,261855.0,184000.0
ITM-0003696,ORD-001012,PRD-0045,15,4400.0,2800.0,5.0,3300.0,62700.0,42000.0
ITM-0003697,ORD-001013,PRD-0037,7,7650.0,5500.0,10.0,5355.0,48195.0,38500.0
ITM-0003698,ORD-001013,PRD-0058,3,28050.0,19450.0,0.0,0.0,84150.0,58350.0
ITM-0003699,ORD-001013,PRD-0043,6,35950.0,25500.0,7.5,16177.5,199522.5,153000.0
ITM-0003700,ORD-001013,PRD-0055,5,43600.0,31400.0,7.5,16350.0,201650.0,157000.0
ITM-0003701,ORD-001013,PRD-0053,7,50250.0,36300.0,10.0,35175.0,316575.0,254100.0
ITM-0003702,ORD-001014,PRD-0045,33,4400.0,2800.0,5.0,7260.0,137940.0,92400.0
ITM-0003703,ORD-001014,PRD-0048,16,160400.0,117650.0,5.0,128320.0,2438080.0,1882400.0
ITM-0003704,ORD-001014,PRD-0058,20,28050.0,19450.0,10.0,56100.0,504900.0,389000.0
ITM-0003705,ORD-001014,PRD-0017,16,15250.0,10000.0,0.0,0.0,244000.0,160000.0
ITM-0003706,ORD-001014,PRD-0049,24,2250.0,1400.0,2.5,1350.0,52650.0,33600.0
ITM-0003707,ORD-001015,PRD-0005,6,11500.0,7900.0,7.5,5175.0,63825.0,47400.0
ITM-0003708,ORD-001015,PRD-0069,13,41700.0,30300.0,5.0,27105.0,514995.0,393900.0
ITM-0003709,ORD-001015,PRD-0053,2,50250.0,36300.0,0.0,0.0,100500.0,72600.0
ITM-0003710,ORD-001015,PRD-0008,4,11400.0,7800.0,5.0,2280.0,43320.0,31200.0
ITM-0003711,ORD-001015,PRD-0012,2,42850.0,31750.0,5.0,4285.0,81415.0,63500.0
ITM-0003712,ORD-001016,PRD-0049,29,2250.0,1400.0,5.0,3262.5,61987.5,40600.0
ITM-0003713,ORD-001016,PRD-0026,69,5050.0,3050.0,5.0,17422.5,331027.5,210450.0
ITM-0003714,ORD-001016,PRD-0066,47,5300.0,3250.0,12.5,31137.5,217962.5,152750.0
ITM-0003715,ORD-001017,PRD-0045,22,4400.0,2800.0,0.0,0.0,96800.0,61600.0
ITM-0003716,ORD-001017,PRD-0049,13,2250.0,1400.0,7.5,2193.75,27056.25,18200.0
ITM-0003717,ORD-001017,PRD-0068,6,29000.0,20900.0,7.5,13050.0,160950.0,125400.0
ITM-0003718,ORD-001017,PRD-0040,9,70550.0,49600.0,10.0,63495.0,571455.0,446400.0
ITM-0003719,ORD-001017,PRD-0048,7,160400.0,117650.0,0.0,0.0,1122800.0,823550.0
ITM-0003720,ORD-001018,PRD-0034,3,2800.0,1650.0,10.0,840.0,7560.0,4950.0
ITM-0003721,ORD-001018,PRD-0040,21,70550.0,49600.0,10.0,148155.0,1333395.0,1041600.0
ITM-0003722,ORD-001018,PRD-0069,3,41700.0,30300.0,5.0,6255.0,118845.0,90900.0
ITM-0003723,ORD-001018,PRD-0057,7,25450.0,17350.0,0.0,0.0,178150.0,121450.0
ITM-0003724,ORD-001018,PRD-0038,10,32300.0,22650.0,5.0,16150.0,306850.0,226500.0
ITM-0003725,ORD-001019,PRD-0018,11,39400.0,29550.0,7.5,32505.0,400895.0,325050.0
ITM-0003726,ORD-001020,PRD-0051,18,7700.0,4850.0,7.5,10395.0,128205.0,87300.0
ITM-0003727,ORD-001020,PRD-0067,34,2050.0,1250.0,10.0,6970.0,62730.0,42500.0
ITM-0003728,ORD-001020,PRD-0040,5,70550.0,49600.0,5.0,17637.5,335112.5,248000.0
ITM-0003729,ORD-001020,PRD-0053,11,50250.0,36300.0,0.0,0.0,552750.0,399300.0
ITM-0003730,ORD-001020,PRD-0050,14,1200.0,650.0,5.0,840.0,15960.0,9100.0
ITM-0003731,ORD-001020,PRD-0068,14,29000.0,20900.0,2.5,10150.0,395850.0,292600.0
ITM-0003732,ORD-001020,PRD-0060,7,16450.0,11150.0,0.0,0.0,115150.0,78050.0
ITM-0003733,ORD-001021,PRD-0005,18,11500.0,7900.0,7.5,15525.0,191475.0,142200.0
ITM-0003734,ORD-001021,PRD-0066,17,5300.0,3250.0,0.0,0.0,90100.0,55250.0
ITM-0003735,ORD-001022,PRD-0049,20,2250.0,1400.0,0.0,0.0,45000.0,28000.0
ITM-0003736,ORD-001022,PRD-0007,9,33250.0,23700.0,12.5,37406.25,261843.75,213300.0
ITM-0003737,ORD-001022,PRD-0030,14,35850.0,25550.0,7.5,37642.5,464257.5,357700.0
ITM-0003738,ORD-001022,PRD-0069,9,41700.0,30300.0,2.5,9382.5,365917.5,272700.0
ITM-0003739,ORD-001022,PRD-0003,7,88300.0,65000.0,5.0,30905.0,587195.0,455000.0
ITM-0003740,ORD-001023,PRD-0069,5,41700.0,30300.0,5.0,10425.0,198075.0,151500.0
ITM-0003741,ORD-001023,PRD-0046,5,141200.0,107400.0,0.0,0.0,706000.0,537000.0
ITM-0003742,ORD-001023,PRD-0057,7,25450.0,17350.0,12.5,22268.75,155881.25,121450.0
ITM-0003743,ORD-001023,PRD-0004,7,7100.0,4600.0,0.0,0.0,49700.0,32200.0
ITM-0003744,ORD-001024,PRD-0009,1,75050.0,56000.0,5.0,3752.5,71297.5,56000.0
ITM-0003745,ORD-001025,PRD-0021,2,151550.0,109750.0,2.5,7577.5,295522.5,219500.0
ITM-0003746,ORD-001026,PRD-0031,16,1600.0,900.0,0.0,0.0,25600.0,14400.0
ITM-0003747,ORD-001026,PRD-0006,13,27000.0,19650.0,7.5,26325.0,324675.0,255450.0
ITM-0003748,ORD-001026,PRD-0013,62,8750.0,5350.0,5.0,27125.0,515375.0,331700.0
ITM-0003749,ORD-001026,PRD-0050,13,1200.0,650.0,10.0,1560.0,14040.0,8450.0
ITM-0003750,ORD-001027,PRD-0069,6,41700.0,30300.0,5.0,12510.0,237690.0,181800.0
ITM-0003751,ORD-001028,PRD-0005,2,11500.0,7900.0,7.5,1725.0,21275.0,15800.0
ITM-0003752,ORD-001028,PRD-0023,3,46600.0,33950.0,5.0,6990.0,132810.0,101850.0
ITM-0003753,ORD-001028,PRD-0034,1,2800.0,1650.0,5.0,140.0,2660.0,1650.0
ITM-0003754,ORD-001028,PRD-0053,3,50250.0,36300.0,5.0,7537.5,143212.5,108900.0
ITM-0003755,ORD-001029,PRD-0017,18,15250.0,10000.0,0.0,0.0,274500.0,180000.0
ITM-0003756,ORD-001029,PRD-0027,41,11500.0,7200.0,10.0,47150.0,424350.0,295200.0
ITM-0003757,ORD-001029,PRD-0011,15,50250.0,35950.0,5.0,37687.5,716062.5,539250.0
ITM-0003758,ORD-001029,PRD-0007,18,33250.0,23700.0,10.0,59850.0,538650.0,426600.0
ITM-0003759,ORD-001029,PRD-0063,81,12650.0,8000.0,10.0,102465.0,922185.0,648000.0
ITM-0003760,ORD-001029,PRD-0069,18,41700.0,30300.0,7.5,56295.0,694305.0,545400.0
ITM-0003761,ORD-001029,PRD-0009,22,75050.0,56000.0,0.0,0.0,1651100.0,1232000.0
ITM-0003762,ORD-001030,PRD-0023,2,46600.0,33950.0,10.0,9320.0,83880.0,67900.0
ITM-0003763,ORD-001030,PRD-0017,6,15250.0,10000.0,2.5,2287.5,89212.5,60000.0
ITM-0003764,ORD-001030,PRD-0026,29,5050.0,3050.0,0.0,0.0,146450.0,88450.0
ITM-0003765,ORD-001030,PRD-0034,5,2800.0,1650.0,2.5,350.0,13650.0,8250.0
ITM-0003766,ORD-001030,PRD-0069,3,41700.0,30300.0,7.5,9382.5,115717.5,90900.0
ITM-0003767,ORD-001031,PRD-0066,24,5300.0,3250.0,5.0,6360.0,120840.0,78000.0
ITM-0003768,ORD-001031,PRD-0021,10,151550.0,109750.0,5.0,75775.0,1439725.0,1097500.0
ITM-0003769,ORD-001031,PRD-0034,10,2800.0,1650.0,0.0,0.0,28000.0,16500.0
ITM-0003770,ORD-001031,PRD-0003,3,88300.0,65000.0,7.5,19867.5,245032.5,195000.0
ITM-0003771,ORD-001031,PRD-0039,28,13350.0,9100.0,0.0,0.0,373800.0,254800.0
ITM-0003772,ORD-001031,PRD-0030,24,35850.0,25550.0,10.0,86040.0,774360.0,613200.0
ITM-0003773,ORD-001031,PRD-0053,14,50250.0,36300.0,0.0,0.0,703500.0,508200.0
ITM-0003774,ORD-001032,PRD-0015,1,19300.0,12700.0,2.5,482.5,18817.5,12700.0
ITM-0003775,ORD-001032,PRD-0037,5,7650.0,5500.0,5.0,1912.5,36337.5,27500.0
ITM-0003776,ORD-001032,PRD-0053,4,50250.0,36300.0,0.0,0.0,201000.0,145200.0
ITM-0003777,ORD-001033,PRD-0050,16,1200.0,650.0,5.0,960.0,18240.0,10400.0
ITM-0003778,ORD-001033,PRD-0026,16,5050.0,3050.0,5.0,4040.0,76760.0,48800.0
ITM-0003779,ORD-001033,PRD-0053,6,50250.0,36300.0,7.5,22612.5,278887.5,217800.0
ITM-0003780,ORD-001034,PRD-0030,12,35850.0,25550.0,0.0,0.0,430200.0,306600.0
ITM-0003781,ORD-001034,PRD-0058,7,28050.0,19450.0,5.0,9817.5,186532.5,136150.0
ITM-0003782,ORD-001034,PRD-0045,6,4400.0,2800.0,5.0,1320.0,25080.0,16800.0
ITM-0003783,ORD-001034,PRD-0064,1,40250.0,28850.0,5.0,2012.5,38237.5,28850.0
ITM-0003784,ORD-001035,PRD-0068,7,29000.0,20900.0,2.5,5075.0,197925.0,146300.0
ITM-0003785,ORD-001035,PRD-0025,4,32700.0,22850.0,5.0,6540.0,124260.0,91400.0
ITM-0003786,ORD-001035,PRD-0008,11,11400.0,7800.0,10.0,12540.0,112860.0,85800.0
ITM-0003787,ORD-001035,PRD-0045,53,4400.0,2800.0,7.5,17490.0,215710.0,148400.0
ITM-0003788,ORD-001035,PRD-0058,4,28050.0,19450.0,2.5,2805.0,109395.0,77800.0
ITM-0003789,ORD-001035,PRD-0048,14,160400.0,117650.0,7.5,168420.0,2077180.0,1647100.0
ITM-0003790,ORD-001035,PRD-0026,46,5050.0,3050.0,2.5,5807.5,226492.5,140300.0
ITM-0003791,ORD-001036,PRD-0022,11,13950.0,9250.0,5.0,7672.5,145777.5,101750.0
ITM-0003792,ORD-001036,PRD-0027,61,11500.0,7200.0,0.0,0.0,701500.0,439200.0
ITM-0003793,ORD-001036,PRD-0032,3,383350.0,305700.0,7.5,86253.75,1063796.25,917100.0
ITM-0003794,ORD-001037,PRD-0011,2,50250.0,35950.0,0.0,0.0,100500.0,71900.0
ITM-0003795,ORD-001037,PRD-0048,3,160400.0,117650.0,7.5,36090.0,445110.0,352950.0
ITM-0003796,ORD-001038,PRD-0049,8,2250.0,1400.0,7.5,1350.0,16650.0,11200.0
ITM-0003797,ORD-001038,PRD-0064,11,40250.0,28850.0,5.0,22137.5,420612.5,317350.0
ITM-0003798,ORD-001039,PRD-0052,9,40400.0,29250.0,7.5,27270.0,336330.0,263250.0
ITM-0003799,ORD-001039,PRD-0053,9,50250.0,36300.0,0.0,0.0,452250.0,326700.0
ITM-0003800,ORD-001039,PRD-0048,4,160400.0,117650.0,7.5,48120.0,593480.0,470600.0
ITM-0003801,ORD-001039,PRD-0034,3,2800.0,1650.0,7.5,630.0,7770.0,4950.0
ITM-0003802,ORD-001040,PRD-0009,16,75050.0,56000.0,0.0,0.0,1200800.0,896000.0
ITM-0003803,ORD-001040,PRD-0045,16,4400.0,2800.0,2.5,1760.0,68640.0,44800.0
ITM-0003804,ORD-001040,PRD-0066,23,5300.0,3250.0,5.0,6095.0,115805.0,74750.0
ITM-0003805,ORD-001041,PRD-0032,3,383350.0,305700.0,0.0,0.0,1150050.0,917100.0
ITM-0003806,ORD-001041,PRD-0069,6,41700.0,30300.0,7.5,18765.0,231435.0,181800.0
ITM-0003807,ORD-001041,PRD-0042,12,16900.0,11500.0,0.0,0.0,202800.0,138000.0
ITM-0003808,ORD-001042,PRD-0006,1,27000.0,19650.0,12.5,3375.0,23625.0,19650.0
ITM-0003809,ORD-001042,PRD-0009,3,75050.0,56000.0,10.0,22515.0,202635.0,168000.0
ITM-0003810,ORD-001042,PRD-0053,2,50250.0,36300.0,2.5,2512.5,97987.5,72600.0
ITM-0003811,ORD-001043,PRD-0021,2,151550.0,109750.0,7.5,22732.5,280367.5,219500.0
ITM-0003812,ORD-001043,PRD-0005,5,11500.0,7900.0,0.0,0.0,57500.0,39500.0
ITM-0003813,ORD-001043,PRD-0007,7,33250.0,23700.0,5.0,11637.5,221112.5,165900.0
ITM-0003814,ORD-001043,PRD-0036,7,170650.0,122850.0,7.5,89591.25,1104958.75,859950.0
ITM-0003815,ORD-001044,PRD-0023,7,46600.0,33950.0,7.5,24465.0,301735.0,237650.0
ITM-0003816,ORD-001044,PRD-0045,7,4400.0,2800.0,2.5,770.0,30030.0,19600.0
ITM-0003817,ORD-001045,PRD-0024,31,17950.0,12350.0,5.0,27822.5,528627.5,382850.0
ITM-0003818,ORD-001045,PRD-0034,11,2800.0,1650.0,5.0,1540.0,29260.0,18150.0
ITM-0003819,ORD-001045,PRD-0006,7,27000.0,19650.0,12.5,23625.0,165375.0,137550.0
ITM-0003820,ORD-001045,PRD-0026,37,5050.0,3050.0,7.5,14013.75,172836.25,112850.0
ITM-0003821,ORD-001045,PRD-0021,11,151550.0,109750.0,5.0,83352.5,1583697.5,1207250.0
ITM-0003822,ORD-001046,PRD-0034,21,2800.0,1650.0,7.5,4410.0,54390.0,34650.0
ITM-0003823,ORD-001046,PRD-0031,14,1600.0,900.0,7.5,1680.0,20720.0,12600.0
ITM-0003824,ORD-001046,PRD-0008,14,11400.0,7800.0,5.0,7980.0,151620.0,109200.0
ITM-0003825,ORD-001046,PRD-0028,21,6400.0,4200.0,5.0,6720.0,127680.0,88200.0
ITM-0003826,ORD-001046,PRD-0032,18,383350.0,305700.0,5.0,345015.0,6555285.0,5502600.0
ITM-0003827,ORD-001047,PRD-0064,6,40250.0,28850.0,10.0,24150.0,217350.0,173100.0
ITM-0003828,ORD-001047,PRD-0051,33,7700.0,4850.0,10.0,25410.0,228690.0,160050.0
ITM-0003829,ORD-001047,PRD-0057,10,25450.0,17350.0,5.0,12725.0,241775.0,173500.0
ITM-0003830,ORD-001047,PRD-0053,5,50250.0,36300.0,2.5,6281.25,244968.75,181500.0
ITM-0003831,ORD-001047,PRD-0005,13,11500.0,7900.0,5.0,7475.0,142025.0,102700.0
ITM-0003832,ORD-001048,PRD-0049,13,2250.0,1400.0,5.0,1462.5,27787.5,18200.0
ITM-0003833,ORD-001049,PRD-0069,6,41700.0,30300.0,7.5,18765.0,231435.0,181800.0
ITM-0003834,ORD-001049,PRD-0053,1,50250.0,36300.0,0.0,0.0,50250.0,36300.0
ITM-0003835,ORD-001049,PRD-0027,25,11500.0,7200.0,10.0,28750.0,258750.0,180000.0
ITM-0003836,ORD-001049,PRD-0066,4,5300.0,3250.0,2.5,530.0,20670.0,13000.0
ITM-0003837,ORD-001049,PRD-0034,1,2800.0,1650.0,5.0,140.0,2660.0,1650.0
ITM-0003838,ORD-001050,PRD-0030,24,35850.0,25550.0,5.0,43020.0,817380.0,613200.0
ITM-0003839,ORD-001050,PRD-0049,57,2250.0,1400.0,0.0,0.0,128250.0,79800.0
ITM-0003840,ORD-001050,PRD-0048,8,160400.0,117650.0,10.0,128320.0,1154880.0,941200.0
ITM-0003841,ORD-001050,PRD-0066,28,5300.0,3250.0,5.0,7420.0,140980.0,91000.0
ITM-0003842,ORD-001050,PRD-0005,49,11500.0,7900.0,10.0,56350.0,507150.0,387100.0
ITM-0003843,ORD-001051,PRD-0069,2,41700.0,30300.0,2.5,2085.0,81315.0,60600.0
ITM-0003844,ORD-001052,PRD-0034,2,2800.0,1650.0,2.5,140.0,5460.0,3300.0
ITM-0003845,ORD-001052,PRD-0006,4,27000.0,19650.0,10.0,10800.0,97200.0,78600.0
ITM-0003846,ORD-001052,PRD-0062,8,13700.0,9000.0,0.0,0.0,109600.0,72000.0
ITM-0003847,ORD-001052,PRD-0053,5,50250.0,36300.0,2.5,6281.25,244968.75,181500.0
ITM-0003848,ORD-001053,PRD-0001,4,49000.0,35150.0,2.5,4900.0,191100.0,140600.0
ITM-0003849,ORD-001053,PRD-0043,2,35950.0,25500.0,2.5,1797.5,70102.5,51000.0
ITM-0003850,ORD-001053,PRD-0005,29,11500.0,7900.0,5.0,16675.0,316825.0,229100.0
ITM-0003851,ORD-001053,PRD-0027,18,11500.0,7200.0,10.0,20700.0,186300.0,129600.0
ITM-0003852,ORD-001054,PRD-0023,4,46600.0,33950.0,10.0,18640.0,167760.0,135800.0
ITM-0003853,ORD-001054,PRD-0051,52,7700.0,4850.0,7.5,30030.0,370370.0,252200.0
ITM-0003854,ORD-001054,PRD-0030,30,35850.0,25550.0,7.5,80662.5,994837.5,766500.0
ITM-0003855,ORD-001054,PRD-0061,15,5600.0,3650.0,10.0,8400.0,75600.0,54750.0
ITM-0003856,ORD-001055,PRD-0066,7,5300.0,3250.0,10.0,3710.0,33390.0,22750.0
ITM-0003857,ORD-001055,PRD-0034,12,2800.0,1650.0,5.0,1680.0,31920.0,19800.0
ITM-0003858,ORD-001055,PRD-0032,15,383350.0,305700.0,10.0,575025.0,5175225.0,4585500.0
ITM-0003859,ORD-001055,PRD-0065,30,9000.0,5800.0,5.0,13500.0,256500.0,174000.0
ITM-0003860,ORD-001055,PRD-0005,15,11500.0,7900.0,2.5,4312.5,168187.5,118500.0
ITM-0003861,ORD-001055,PRD-0007,5,33250.0,23700.0,5.0,8312.5,157937.5,118500.0
ITM-0003862,ORD-001055,PRD-0053,10,50250.0,36300.0,5.0,25125.0,477375.0,363000.0
ITM-0003863,ORD-001056,PRD-0014,2,199750.0,146450.0,5.0,19975.0,379525.0,292900.0
ITM-0003864,ORD-001056,PRD-0004,21,7100.0,4600.0,7.5,11182.5,137917.5,96600.0
ITM-0003865,ORD-001056,PRD-0038,11,32300.0,22650.0,7.5,26647.5,328652.5,249150.0
ITM-0003866,ORD-001056,PRD-0062,32,13700.0,9000.0,2.5,10960.0,427440.0,288000.0
ITM-0003867,ORD-001057,PRD-0031,25,1600.0,900.0,2.5,1000.0,39000.0,22500.0
ITM-0003868,ORD-001057,PRD-0034,5,2800.0,1650.0,7.5,1050.0,12950.0,8250.0
ITM-0003869,ORD-001057,PRD-0037,14,7650.0,5500.0,7.5,8032.5,99067.5,77000.0
ITM-0003870,ORD-001057,PRD-0066,7,5300.0,3250.0,0.0,0.0,37100.0,22750.0
ITM-0003871,ORD-001057,PRD-0017,7,15250.0,10000.0,0.0,0.0,106750.0,70000.0
ITM-0003872,ORD-001058,PRD-0060,2,16450.0,11150.0,7.5,2467.5,30432.5,22300.0
ITM-0003873,ORD-001058,PRD-0031,4,1600.0,900.0,0.0,0.0,6400.0,3600.0
ITM-0003874,ORD-001059,PRD-0007,4,33250.0,23700.0,5.0,6650.0,126350.0,94800.0
ITM-0003875,ORD-001059,PRD-0068,2,29000.0,20900.0,10.0,5800.0,52200.0,41800.0
ITM-0003876,ORD-001059,PRD-0055,9,43600.0,31400.0,5.0,19620.0,372780.0,282600.0
ITM-0003877,ORD-001059,PRD-0037,43,7650.0,5500.0,2.5,8223.75,320726.25,236500.0
ITM-0003878,ORD-001059,PRD-0034,13,2800.0,1650.0,12.5,4550.0,31850.0,21450.0
ITM-0003879,ORD-001059,PRD-0029,7,30900.0,21650.0,0.0,0.0,216300.0,151550.0
ITM-0003880,ORD-001060,PRD-0034,3,2800.0,1650.0,0.0,0.0,8400.0,4950.0
ITM-0003881,ORD-001060,PRD-0007,9,33250.0,23700.0,2.5,7481.25,291768.75,213300.0
ITM-0003882,ORD-001060,PRD-0045,9,4400.0,2800.0,7.5,2970.0,36630.0,25200.0
ITM-0003883,ORD-001061,PRD-0016,2,18750.0,12900.0,5.0,1875.0,35625.0,25800.0
ITM-0003884,ORD-001061,PRD-0007,8,33250.0,23700.0,2.5,6650.0,259350.0,189600.0
ITM-0003885,ORD-001061,PRD-0013,33,8750.0,5350.0,7.5,21656.25,267093.75,176550.0
ITM-0003886,ORD-001061,PRD-0065,31,9000.0,5800.0,7.5,20925.0,258075.0,179800.0
ITM-0003887,ORD-001061,PRD-0004,25,7100.0,4600.0,5.0,8875.0,168625.0,115000.0
ITM-0003888,ORD-001062,PRD-0034,8,2800.0,1650.0,2.5,560.0,21840.0,13200.0
ITM-0003889,ORD-001062,PRD-0007,10,33250.0,23700.0,2.5,8312.5,324187.5,237000.0
ITM-0003890,ORD-001062,PRD-0011,8,50250.0,35950.0,0.0,0.0,402000.0,287600.0
ITM-0003891,ORD-001063,PRD-0063,74,12650.0,8000.0,0.0,0.0,936100.0,592000.0
ITM-0003892,ORD-001063,PRD-0040,21,70550.0,49600.0,12.5,185193.75,1296356.25,1041600.0
ITM-0003893,ORD-001063,PRD-0048,14,160400.0,117650.0,5.0,112280.0,2133320.0,1647100.0
ITM-0003894,ORD-001063,PRD-0020,21,31900.0,22100.0,5.0,33495.0,636405.0,464100.0
ITM-0003895,ORD-001063,PRD-0027,35,11500.0,7200.0,0.0,0.0,402500.0,252000.0
ITM-0003896,ORD-001064,PRD-0050,21,1200.0,650.0,0.0,0.0,25200.0,13650.0
ITM-0003897,ORD-001064,PRD-0026,29,5050.0,3050.0,5.0,7322.5,139127.5,88450.0
ITM-0003898,ORD-001064,PRD-0060,10,16450.0,11150.0,0.0,0.0,164500.0,111500.0
ITM-0003899,ORD-001065,PRD-0034,8,2800.0,1650.0,5.0,1120.0,21280.0,13200.0
ITM-0003900,ORD-001065,PRD-0033,3,88100.0,66350.0,5.0,13215.0,251085.0,199050.0
ITM-0003901,ORD-001066,PRD-0028,11,6400.0,4200.0,10.0,7040.0,63360.0,46200.0
ITM-0003902,ORD-001066,PRD-0064,9,40250.0,28850.0,2.5,9056.25,353193.75,259650.0
ITM-0003903,ORD-001066,PRD-0034,2,2800.0,1650.0,2.5,140.0,5460.0,3300.0
ITM-0003904,ORD-001066,PRD-0060,9,16450.0,11150.0,5.0,7402.5,140647.5,100350.0
ITM-0003905,ORD-001066,PRD-0033,3,88100.0,66350.0,10.0,26430.0,237870.0,199050.0
ITM-0003906,ORD-001067,PRD-0027,54,11500.0,7200.0,2.5,15525.0,605475.0,388800.0
ITM-0003907,ORD-001067,PRD-0048,10,160400.0,117650.0,0.0,0.0,1604000.0,1176500.0
ITM-0003908,ORD-001068,PRD-0037,11,7650.0,5500.0,5.0,4207.5,79942.5,60500.0
ITM-0003909,ORD-001068,PRD-0045,23,4400.0,2800.0,7.5,7590.0,93610.0,64400.0
ITM-0003910,ORD-001068,PRD-0024,38,17950.0,12350.0,0.0,0.0,682100.0,469300.0
ITM-0003911,ORD-001068,PRD-0004,6,7100.0,4600.0,10.0,4260.0,38340.0,27600.0
ITM-0003912,ORD-001069,PRD-0053,17,50250.0,36300.0,10.0,85425.0,768825.0,617100.0
ITM-0003913,ORD-001069,PRD-0027,75,11500.0,7200.0,2.5,21562.5,840937.5,540000.0
ITM-0003914,ORD-001070,PRD-0005,20,11500.0,7900.0,10.0,23000.0,207000.0,158000.0
ITM-0003915,ORD-001070,PRD-0048,14,160400.0,117650.0,7.5,168420.0,2077180.0,1647100.0
ITM-0003916,ORD-001071,PRD-0030,14,35850.0,25550.0,0.0,0.0,501900.0,357700.0
ITM-0003917,ORD-001071,PRD-0026,9,5050.0,3050.0,5.0,2272.5,43177.5,27450.0
ITM-0003918,ORD-001071,PRD-0016,4,18750.0,12900.0,5.0,3750.0,71250.0,51600.0
ITM-0003919,ORD-001071,PRD-0051,17,7700.0,4850.0,12.5,16362.5,114537.5,82450.0
ITM-0003920,ORD-001072,PRD-0057,11,25450.0,17350.0,7.5,20996.25,258953.75,190850.0
ITM-0003921,ORD-001072,PRD-0005,30,11500.0,7900.0,5.0,17250.0,327750.0,237000.0
ITM-0003922,ORD-001072,PRD-0008,3,11400.0,7800.0,2.5,855.0,33345.0,23400.0
ITM-0003923,ORD-001072,PRD-0007,14,33250.0,23700.0,0.0,0.0,465500.0,331800.0
ITM-0003924,ORD-001072,PRD-0030,14,35850.0,25550.0,5.0,25095.0,476805.0,357700.0
ITM-0003925,ORD-001073,PRD-0016,3,18750.0,12900.0,10.0,5625.0,50625.0,38700.0
ITM-0003926,ORD-001074,PRD-0008,16,11400.0,7800.0,0.0,0.0,182400.0,124800.0
ITM-0003927,ORD-001074,PRD-0050,19,1200.0,650.0,10.0,2280.0,20520.0,12350.0
ITM-0003928,ORD-001074,PRD-0033,11,88100.0,66350.0,5.0,48455.0,920645.0,729850.0
ITM-0003929,ORD-001074,PRD-0005,35,11500.0,7900.0,5.0,20125.0,382375.0,276500.0
ITM-0003930,ORD-001074,PRD-0009,3,75050.0,56000.0,10.0,22515.0,202635.0,168000.0
ITM-0003931,ORD-001075,PRD-0050,15,1200.0,650.0,5.0,900.0,17100.0,9750.0
ITM-0003932,ORD-001076,PRD-0064,10,40250.0,28850.0,10.0,40250.0,362250.0,288500.0
ITM-0003933,ORD-001076,PRD-0011,20,50250.0,35950.0,7.5,75375.0,929625.0,719000.0
ITM-0003934,ORD-001076,PRD-0016,7,18750.0,12900.0,2.5,3281.25,127968.75,90300.0
ITM-0003935,ORD-001076,PRD-0033,13,88100.0,66350.0,5.0,57265.0,1088035.0,862550.0
ITM-0003936,ORD-001076,PRD-0007,16,33250.0,23700.0,10.0,53200.0,478800.0,379200.0
ITM-0003937,ORD-001077,PRD-0066,9,5300.0,3250.0,2.5,1192.5,46507.5,29250.0
ITM-0003938,ORD-001077,PRD-0034,5,2800.0,1650.0,7.5,1050.0,12950.0,8250.0
ITM-0003939,ORD-001077,PRD-0021,3,151550.0,109750.0,7.5,34098.75,420551.25,329250.0
ITM-0003940,ORD-001078,PRD-0045,21,4400.0,2800.0,0.0,0.0,92400.0,58800.0
ITM-0003941,ORD-001078,PRD-0005,21,11500.0,7900.0,10.0,24150.0,217350.0,165900.0
ITM-0003942,ORD-001078,PRD-0050,42,1200.0,650.0,7.5,3780.0,46620.0,27300.0
ITM-0003943,ORD-001078,PRD-0034,3,2800.0,1650.0,12.5,1050.0,7350.0,4950.0
ITM-0003944,ORD-001078,PRD-0040,3,70550.0,49600.0,7.5,15873.75,195776.25,148800.0
ITM-0003945,ORD-001079,PRD-0014,3,199750.0,146450.0,0.0,0.0,599250.0,439350.0
ITM-0003946,ORD-001079,PRD-0069,8,41700.0,30300.0,10.0,33360.0,300240.0,242400.0
ITM-0003947,ORD-001079,PRD-0045,25,4400.0,2800.0,10.0,11000.0,99000.0,70000.0
ITM-0003948,ORD-001079,PRD-0027,13,11500.0,7200.0,5.0,7475.0,142025.0,93600.0
ITM-0003949,ORD-001079,PRD-0052,10,40400.0,29250.0,7.5,30300.0,373700.0,292500.0
ITM-0003950,ORD-001079,PRD-0005,8,11500.0,7900.0,12.5,11500.0,80500.0,63200.0
ITM-0003951,ORD-001080,PRD-0022,8,13950.0,9250.0,5.0,5580.0,106020.0,74000.0
ITM-0003952,ORD-001081,PRD-0016,10,18750.0,12900.0,0.0,0.0,187500.0,129000.0
ITM-0003953,ORD-001081,PRD-0064,7,40250.0,28850.0,10.0,28175.0,253575.0,201950.0
ITM-0003954,ORD-001081,PRD-0020,10,31900.0,22100.0,2.5,7975.0,311025.0,221000.0
ITM-0003955,ORD-001082,PRD-0054,10,6000.0,4000.0,0.0,0.0,60000.0,40000.0
ITM-0003956,ORD-001083,PRD-0015,4,19300.0,12700.0,10.0,7720.0,69480.0,50800.0
ITM-0003957,ORD-001083,PRD-0033,13,88100.0,66350.0,0.0,0.0,1145300.0,862550.0
ITM-0003958,ORD-001083,PRD-0034,4,2800.0,1650.0,10.0,1120.0,10080.0,6600.0
ITM-0003959,ORD-001083,PRD-0013,39,8750.0,5350.0,5.0,17062.5,324187.5,208650.0
ITM-0003960,ORD-001083,PRD-0050,32,1200.0,650.0,10.0,3840.0,34560.0,20800.0
ITM-0003961,ORD-001084,PRD-0030,5,35850.0,25550.0,7.5,13443.75,165806.25,127750.0
ITM-0003962,ORD-001085,PRD-0030,17,35850.0,25550.0,5.0,30472.5,578977.5,434350.0
ITM-0003963,ORD-001085,PRD-0052,7,40400.0,29250.0,10.0,28280.0,254520.0,204750.0
ITM-0003964,ORD-001085,PRD-0024,23,17950.0,12350.0,5.0,20642.5,392207.5,284050.0
ITM-0003965,ORD-001086,PRD-0005,17,11500.0,7900.0,10.0,19550.0,175950.0,134300.0
ITM-0003966,ORD-001086,PRD-0020,4,31900.0,22100.0,7.5,9570.0,118030.0,88400.0
ITM-0003967,ORD-001086,PRD-0016,4,18750.0,12900.0,2.5,1875.0,73125.0,51600.0
ITM-0003968,ORD-001086,PRD-0006,4,27000.0,19650.0,2.5,2700.0,105300.0,78600.0
ITM-0003969,ORD-001087,PRD-0052,11,40400.0,29250.0,0.0,0.0,444400.0,321750.0
ITM-0003970,ORD-001087,PRD-0014,6,199750.0,146450.0,10.0,119850.0,1078650.0,878700.0
ITM-0003971,ORD-001087,PRD-0045,17,4400.0,2800.0,0.0,0.0,74800.0,47600.0
ITM-0003972,ORD-001088,PRD-0038,6,32300.0,22650.0,7.5,14535.0,179265.0,135900.0
ITM-0003973,ORD-001088,PRD-0064,9,40250.0,28850.0,5.0,18112.5,344137.5,259650.0
ITM-0003974,ORD-001088,PRD-0037,38,7650.0,5500.0,7.5,21802.5,268897.5,209000.0
ITM-0003975,ORD-001088,PRD-0045,44,4400.0,2800.0,5.0,9680.0,183920.0,123200.0
ITM-0003976,ORD-001089,PRD-0053,1,50250.0,36300.0,5.0,2512.5,47737.5,36300.0
ITM-0003977,ORD-001089,PRD-0007,2,33250.0,23700.0,5.0,3325.0,63175.0,47400.0
ITM-0003978,ORD-001089,PRD-0004,6,7100.0,4600.0,5.0,2130.0,40470.0,27600.0
ITM-0003979,ORD-001090,PRD-0005,9,11500.0,7900.0,0.0,0.0,103500.0,71100.0
ITM-0003980,ORD-001090,PRD-0017,4,15250.0,10000.0,0.0,0.0,61000.0,40000.0
ITM-0003981,ORD-001090,PRD-0009,13,75050.0,56000.0,7.5,73173.75,902476.25,728000.0
ITM-0003982,ORD-001090,PRD-0008,2,11400.0,7800.0,10.0,2280.0,20520.0,15600.0
ITM-0003983,ORD-001091,PRD-0034,4,2800.0,1650.0,0.0,0.0,11200.0,6600.0
ITM-0003984,ORD-001091,PRD-0066,6,5300.0,3250.0,7.5,2385.0,29415.0,19500.0
ITM-0003985,ORD-001091,PRD-0021,5,151550.0,109750.0,10.0,75775.0,681975.0,548750.0
ITM-0003986,ORD-001092,PRD-0031,12,1600.0,900.0,12.5,2400.0,16800.0,10800.0
ITM-0003987,ORD-001092,PRD-0016,8,18750.0,12900.0,0.0,0.0,150000.0,103200.0
ITM-0003988,ORD-001092,PRD-0056,8,16900.0,12000.0,10.0,13520.0,121680.0,96000.0
ITM-0003989,ORD-001092,PRD-0053,2,50250.0,36300.0,0.0,0.0,100500.0,72600.0
ITM-0003990,ORD-001092,PRD-0051,47,7700.0,4850.0,10.0,36190.0,325710.0,227950.0
ITM-0003991,ORD-001092,PRD-0057,6,25450.0,17350.0,10.0,15270.0,137430.0,104100.0
ITM-0003992,ORD-001092,PRD-0050,23,1200.0,650.0,7.5,2070.0,25530.0,14950.0
ITM-0003993,ORD-001093,PRD-0031,13,1600.0,900.0,5.0,1040.0,19760.0,11700.0
ITM-0003994,ORD-001093,PRD-0066,23,5300.0,3250.0,2.5,3047.5,118852.5,74750.0
ITM-0003995,ORD-001093,PRD-0046,10,141200.0,107400.0,7.5,105900.0,1306100.0,1074000.0
ITM-0003996,ORD-001093,PRD-0056,7,16900.0,12000.0,5.0,5915.0,112385.0,84000.0
ITM-0003997,ORD-001093,PRD-0045,30,4400.0,2800.0,5.0,6600.0,125400.0,84000.0
ITM-0003998,ORD-001093,PRD-0054,36,6000.0,4000.0,0.0,0.0,216000.0,144000.0
ITM-0003999,ORD-001094,PRD-0011,16,50250.0,35950.0,10.0,80400.0,723600.0,575200.0
ITM-0004000,ORD-001094,PRD-0007,3,33250.0,23700.0,5.0,4987.5,94762.5,71100.0
ITM-0004001,ORD-001095,PRD-0033,4,88100.0,66350.0,5.0,17620.0,334780.0,265400.0
ITM-0004002,ORD-001095,PRD-0057,12,25450.0,17350.0,12.5,38175.0,267225.0,208200.0
ITM-0004003,ORD-001095,PRD-0065,10,9000.0,5800.0,7.5,6750.0,83250.0,58000.0
ITM-0004004,ORD-001095,PRD-0005,14,11500.0,7900.0,10.0,16100.0,144900.0,110600.0
ITM-0004005,ORD-001096,PRD-0013,28,8750.0,5350.0,0.0,0.0,245000.0,149800.0
ITM-0004006,ORD-001096,PRD-0032,12,383350.0,305700.0,7.5,345015.0,4255185.0,3668400.0
ITM-0004007,ORD-001096,PRD-0007,12,33250.0,23700.0,0.0,0.0,399000.0,284400.0
ITM-0004008,ORD-001096,PRD-0008,2,11400.0,7800.0,0.0,0.0,22800.0,15600.0
ITM-0004009,ORD-001097,PRD-0009,6,75050.0,56000.0,5.0,22515.0,427785.0,336000.0
ITM-0004010,ORD-001097,PRD-0031,9,1600.0,900.0,5.0,720.0,13680.0,8100.0
ITM-0004011,ORD-001098,PRD-0022,11,13950.0,9250.0,0.0,0.0,153450.0,101750.0
ITM-0004012,ORD-001098,PRD-0009,19,75050.0,56000.0,7.5,106946.25,1319003.75,1064000.0
ITM-0004013,ORD-001098,PRD-0027,84,11500.0,7200.0,10.0,96600.0,869400.0,604800.0
ITM-0004014,ORD-001098,PRD-0010,8,50450.0,37650.0,12.5,50450.0,353150.0,301200.0
ITM-0004015,ORD-001098,PRD-0031,11,1600.0,900.0,2.5,440.0,17160.0,9900.0
ITM-0004016,ORD-001098,PRD-0007,4,33250.0,23700.0,2.5,3325.0,129675.0,94800.0
ITM-0004017,ORD-001098,PRD-0023,15,46600.0,33950.0,10.0,69900.0,629100.0,509250.0
ITM-0004018,ORD-001099,PRD-0063,27,12650.0,8000.0,7.5,25616.25,315933.75,216000.0
ITM-0004019,ORD-001099,PRD-0034,6,2800.0,1650.0,10.0,1680.0,15120.0,9900.0
ITM-0004020,ORD-001100,PRD-0031,10,1600.0,900.0,2.5,400.0,15600.0,9000.0
ITM-0004021,ORD-001100,PRD-0013,23,8750.0,5350.0,0.0,0.0,201250.0,123050.0
ITM-0004022,ORD-001101,PRD-0026,25,5050.0,3050.0,10.0,12625.0,113625.0,76250.0
ITM-0004023,ORD-001101,PRD-0034,1,2800.0,1650.0,5.0,140.0,2660.0,1650.0
ITM-0004024,ORD-001102,PRD-0027,14,11500.0,7200.0,2.5,4025.0,156975.0,100800.0
ITM-0004025,ORD-001102,PRD-0005,5,11500.0,7900.0,0.0,0.0,57500.0,39500.0
ITM-0004026,ORD-001102,PRD-0009,7,75050.0,56000.0,5.0,26267.5,499082.5,392000.0
ITM-0004027,ORD-001103,PRD-0027,27,11500.0,7200.0,5.0,15525.0,294975.0,194400.0
ITM-0004028,ORD-001103,PRD-0067,32,2050.0,1250.0,5.0,3280.0,62320.0,40000.0
ITM-0004029,ORD-001103,PRD-0045,20,4400.0,2800.0,2.5,2200.0,85800.0,56000.0
ITM-0004030,ORD-001103,PRD-0016,7,18750.0,12900.0,10.0,13125.0,118125.0,90300.0
ITM-0004031,ORD-001103,PRD-0063,16,12650.0,8000.0,0.0,0.0,202400.0,128000.0
ITM-0004032,ORD-001104,PRD-0030,7,35850.0,25550.0,7.5,18821.25,232128.75,178850.0
ITM-0004033,ORD-001104,PRD-0003,5,88300.0,65000.0,12.5,55187.5,386312.5,325000.0
ITM-0004034,ORD-001105,PRD-0034,4,2800.0,1650.0,0.0,0.0,11200.0,6600.0
ITM-0004035,ORD-001105,PRD-0038,12,32300.0,22650.0,0.0,0.0,387600.0,271800.0
ITM-0004036,ORD-001105,PRD-0026,33,5050.0,3050.0,7.5,12498.75,154151.25,100650.0
ITM-0004037,ORD-001105,PRD-0050,33,1200.0,650.0,7.5,2970.0,36630.0,21450.0
ITM-0004038,ORD-001105,PRD-0007,8,33250.0,23700.0,5.0,13300.0,252700.0,189600.0
ITM-0004039,ORD-001105,PRD-0045,46,4400.0,2800.0,5.0,10120.0,192280.0,128800.0
ITM-0004040,ORD-001106,PRD-0048,3,160400.0,117650.0,7.5,36090.0,445110.0,352950.0
ITM-0004041,ORD-001106,PRD-0050,6,1200.0,650.0,7.5,540.0,6660.0,3900.0
ITM-0004042,ORD-001106,PRD-0034,4,2800.0,1650.0,2.5,280.0,10920.0,6600.0
ITM-0004043,ORD-001107,PRD-0031,12,1600.0,900.0,2.5,480.0,18720.0,10800.0
ITM-0004044,ORD-001107,PRD-0057,24,25450.0,17350.0,0.0,0.0,610800.0,416400.0
ITM-0004045,ORD-001107,PRD-0054,48,6000.0,4000.0,5.0,14400.0,273600.0,192000.0
ITM-0004046,ORD-001107,PRD-0049,12,2250.0,1400.0,0.0,0.0,27000.0,16800.0
ITM-0004047,ORD-001108,PRD-0054,22,6000.0,4000.0,2.5,3300.0,128700.0,88000.0
ITM-0004048,ORD-001109,PRD-0006,15,27000.0,19650.0,2.5,10125.0,394875.0,294750.0
ITM-0004049,ORD-001109,PRD-0034,3,2800.0,1650.0,7.5,630.0,7770.0,4950.0
ITM-0004050,ORD-001109,PRD-0013,49,8750.0,5350.0,10.0,42875.0,385875.0,262150.0
ITM-0004051,ORD-001109,PRD-0050,38,1200.0,650.0,7.5,3420.0,42180.0,24700.0
ITM-0004052,ORD-001110,PRD-0070,2,5100.0,3300.0,5.0,510.0,9690.0,6600.0
ITM-0004053,ORD-001111,PRD-0036,8,170650.0,122850.0,5.0,68260.0,1296940.0,982800.0
ITM-0004054,ORD-001111,PRD-0034,6,2800.0,1650.0,7.5,1260.0,15540.0,9900.0
ITM-0004055,ORD-001111,PRD-0045,9,4400.0,2800.0,5.0,1980.0,37620.0,25200.0
ITM-0004056,ORD-001112,PRD-0057,19,25450.0,17350.0,2.5,12088.75,471461.25,329650.0
ITM-0004057,ORD-001112,PRD-0034,15,2800.0,1650.0,5.0,2100.0,39900.0,24750.0
ITM-0004058,ORD-001112,PRD-0009,8,75050.0,56000.0,0.0,0.0,600400.0,448000.0
ITM-0004059,ORD-001113,PRD-0006,7,27000.0,19650.0,5.0,9450.0,179550.0,137550.0
ITM-0004060,ORD-001113,PRD-0014,9,199750.0,146450.0,5.0,89887.5,1707862.5,1318050.0
ITM-0004061,ORD-001113,PRD-0032,4,383350.0,305700.0,0.0,0.0,1533400.0,1222800.0
ITM-0004062,ORD-001113,PRD-0045,7,4400.0,2800.0,0.0,0.0,30800.0,19600.0
ITM-0004063,ORD-001114,PRD-0052,15,40400.0,29250.0,10.0,60600.0,545400.0,438750.0
ITM-0004064,ORD-001114,PRD-0048,2,160400.0,117650.0,10.0,32080.0,288720.0,235300.0
ITM-0004065,ORD-001114,PRD-0007,10,33250.0,23700.0,0.0,0.0,332500.0,237000.0
ITM-0004066,ORD-001114,PRD-0034,10,2800.0,1650.0,10.0,2800.0,25200.0,16500.0
ITM-0004067,ORD-001114,PRD-0037,20,7650.0,5500.0,5.0,7650.0,145350.0,110000.0
ITM-0004068,ORD-001114,PRD-0061,25,5600.0,3650.0,5.0,7000.0,133000.0,91250.0
ITM-0004069,ORD-001115,PRD-0021,15,151550.0,109750.0,7.5,170493.75,2102756.25,1646250.0
ITM-0004070,ORD-001115,PRD-0058,3,28050.0,19450.0,7.5,6311.25,77838.75,58350.0
ITM-0004071,ORD-001115,PRD-0030,39,35850.0,25550.0,0.0,0.0,1398150.0,996450.0
ITM-0004072,ORD-001115,PRD-0069,6,41700.0,30300.0,5.0,12510.0,237690.0,181800.0
ITM-0004073,ORD-001115,PRD-0040,6,70550.0,49600.0,7.5,31747.5,391552.5,297600.0
ITM-0004074,ORD-001115,PRD-0052,9,40400.0,29250.0,2.5,9090.0,354510.0,263250.0
ITM-0004075,ORD-001115,PRD-0045,39,4400.0,2800.0,7.5,12870.0,158730.0,109200.0
ITM-0004076,ORD-001116,PRD-0027,38,11500.0,7200.0,5.0,21850.0,415150.0,273600.0
ITM-0004077,ORD-001116,PRD-0024,25,17950.0,12350.0,0.0,0.0,448750.0,308750.0
ITM-0004078,ORD-001116,PRD-0045,31,4400.0,2800.0,5.0,6820.0,129580.0,86800.0
ITM-0004079,ORD-001116,PRD-0034,10,2800.0,1650.0,5.0,1400.0,26600.0,16500.0
ITM-0004080,ORD-001116,PRD-0017,13,15250.0,10000.0,7.5,14868.75,183381.25,130000.0
ITM-0004081,ORD-001117,PRD-0049,6,2250.0,1400.0,5.0,675.0,12825.0,8400.0
ITM-0004082,ORD-001117,PRD-0045,18,4400.0,2800.0,2.5,1980.0,77220.0,50400.0
ITM-0004083,ORD-001117,PRD-0005,15,11500.0,7900.0,5.0,8625.0,163875.0,118500.0
ITM-0004084,ORD-001118,PRD-0066,18,5300.0,3250.0,5.0,4770.0,90630.0,58500.0
ITM-0004085,ORD-001118,PRD-0040,6,70550.0,49600.0,10.0,42330.0,380970.0,297600.0
ITM-0004086,ORD-001118,PRD-0005,7,11500.0,7900.0,10.0,8050.0,72450.0,55300.0
ITM-0004087,ORD-001118,PRD-0052,1,40400.0,29250.0,12.5,5050.0,35350.0,29250.0
ITM-0004088,ORD-001119,PRD-0031,31,1600.0,900.0,0.0,0.0,49600.0,27900.0
ITM-0004089,ORD-001119,PRD-0046,20,141200.0,107400.0,7.5,211800.0,2612200.0,2148000.0
ITM-0004090,ORD-001120,PRD-0034,1,2800.0,1650.0,2.5,70.0,2730.0,1650.0
ITM-0004091,ORD-001120,PRD-0009,7,75050.0,56000.0,7.5,39401.25,485948.75,392000.0
ITM-0004092,ORD-001120,PRD-0045,7,4400.0,2800.0,5.0,1540.0,29260.0,19600.0
ITM-0004093,ORD-001120,PRD-0066,11,5300.0,3250.0,10.0,5830.0,52470.0,35750.0
ITM-0004094,ORD-001121,PRD-0021,5,151550.0,109750.0,7.5,56831.25,700918.75,548750.0
ITM-0004095,ORD-001121,PRD-0022,4,13950.0,9250.0,0.0,0.0,55800.0,37000.0
ITM-0004096,ORD-001121,PRD-0066,20,5300.0,3250.0,5.0,5300.0,100700.0,65000.0
ITM-0004097,ORD-001121,PRD-0007,1,33250.0,23700.0,5.0,1662.5,31587.5,23700.0
ITM-0004098,ORD-001122,PRD-0003,4,88300.0,65000.0,10.0,35320.0,317880.0,260000.0
ITM-0004099,ORD-001122,PRD-0007,9,33250.0,23700.0,12.5,37406.25,261843.75,213300.0
ITM-0004100,ORD-001122,PRD-0005,28,11500.0,7900.0,2.5,8050.0,313950.0,221200.0
ITM-0004101,ORD-001122,PRD-0052,6,40400.0,29250.0,5.0,12120.0,230280.0,175500.0
ITM-0004102,ORD-001122,PRD-0033,6,88100.0,66350.0,2.5,13215.0,515385.0,398100.0
ITM-0004103,ORD-001122,PRD-0066,15,5300.0,3250.0,0.0,0.0,79500.0,48750.0
ITM-0004104,ORD-001123,PRD-0036,7,170650.0,122850.0,7.5,89591.25,1104958.75,859950.0
ITM-0004105,ORD-001123,PRD-0062,29,13700.0,9000.0,5.0,19865.0,377435.0,261000.0
ITM-0004106,ORD-001124,PRD-0003,6,88300.0,65000.0,0.0,0.0,529800.0,390000.0
ITM-0004107,ORD-001124,PRD-0011,6,50250.0,35950.0,10.0,30150.0,271350.0,215700.0
ITM-0004108,ORD-001124,PRD-0065,22,9000.0,5800.0,0.0,0.0,198000.0,127600.0
ITM-0004109,ORD-001125,PRD-0069,2,41700.0,30300.0,2.5,2085.0,81315.0,60600.0
ITM-0004110,ORD-001125,PRD-0052,3,40400.0,29250.0,2.5,3030.0,118170.0,87750.0
ITM-0004111,ORD-001125,PRD-0030,8,35850.0,25550.0,2.5,7170.0,279630.0,204400.0
ITM-0004112,ORD-001126,PRD-0024,23,17950.0,12350.0,0.0,0.0,412850.0,284050.0
ITM-0004113,ORD-001126,PRD-0023,2,46600.0,33950.0,10.0,9320.0,83880.0,67900.0
ITM-0004114,ORD-001126,PRD-0011,9,50250.0,35950.0,10.0,45225.0,407025.0,323550.0
ITM-0004115,ORD-001126,PRD-0050,13,1200.0,650.0,10.0,1560.0,14040.0,8450.0
ITM-0004116,ORD-001126,PRD-0063,14,12650.0,8000.0,10.0,17710.0,159390.0,112000.0
ITM-0004117,ORD-001127,PRD-0037,27,7650.0,5500.0,7.5,15491.25,191058.75,148500.0
ITM-0004118,ORD-001127,PRD-0013,56,8750.0,5350.0,0.0,0.0,490000.0,299600.0
ITM-0004119,ORD-001128,PRD-0007,5,33250.0,23700.0,5.0,8312.5,157937.5,118500.0
ITM-0004120,ORD-001128,PRD-0040,2,70550.0,49600.0,2.5,3527.5,137572.5,99200.0
ITM-0004121,ORD-001128,PRD-0023,5,46600.0,33950.0,7.5,17475.0,215525.0,169750.0
ITM-0004122,ORD-001128,PRD-0021,6,151550.0,109750.0,2.5,22732.5,886567.5,658500.0
ITM-0004123,ORD-001128,PRD-0056,5,16900.0,12000.0,2.5,2112.5,82387.5,60000.0
ITM-0004124,ORD-001129,PRD-0034,8,2800.0,1650.0,5.0,1120.0,21280.0,13200.0
ITM-0004125,ORD-001129,PRD-0056,2,16900.0,12000.0,0.0,0.0,33800.0,24000.0
ITM-0004126,ORD-001129,PRD-0059,15,1850.0,1050.0,2.5,693.75,27056.25,15750.0
ITM-0004127,ORD-001129,PRD-0027,48,11500.0,7200.0,0.0,0.0,552000.0,345600.0
ITM-0004128,ORD-001129,PRD-0017,10,15250.0,10000.0,2.5,3812.5,148687.5,100000.0
ITM-0004129,ORD-001130,PRD-0035,5,195800.0,149250.0,2.5,24475.0,954525.0,746250.0
ITM-0004130,ORD-001130,PRD-0037,18,7650.0,5500.0,0.0,0.0,137700.0,99000.0
ITM-0004131,ORD-001131,PRD-0056,9,16900.0,12000.0,0.0,0.0,152100.0,108000.0
ITM-0004132,ORD-001131,PRD-0044,19,3350.0,2000.0,5.0,3182.5,60467.5,38000.0
ITM-0004133,ORD-001131,PRD-0005,19,11500.0,7900.0,0.0,0.0,218500.0,150100.0
ITM-0004134,ORD-001131,PRD-0024,25,17950.0,12350.0,5.0,22437.5,426312.5,308750.0
ITM-0004135,ORD-001132,PRD-0034,4,2800.0,1650.0,10.0,1120.0,10080.0,6600.0
ITM-0004136,ORD-001132,PRD-0058,4,28050.0,19450.0,0.0,0.0,112200.0,77800.0
ITM-0004137,ORD-001132,PRD-0023,7,46600.0,33950.0,7.5,24465.0,301735.0,237650.0
ITM-0004138,ORD-001133,PRD-0063,22,12650.0,8000.0,2.5,6957.5,271342.5,176000.0
ITM-0004139,ORD-001133,PRD-0034,5,2800.0,1650.0,10.0,1400.0,12600.0,8250.0
ITM-0004140,ORD-001133,PRD-0045,6,4400.0,2800.0,0.0,0.0,26400.0,16800.0
ITM-0004141,ORD-001133,PRD-0009,2,75050.0,56000.0,7.5,11257.5,138842.5,112000.0
ITM-0004142,ORD-001133,PRD-0043,2,35950.0,25500.0,0.0,0.0,71900.0,51000.0
ITM-0004143,ORD-001134,PRD-0003,3,88300.0,65000.0,0.0,0.0,264900.0,195000.0
ITM-0004144,ORD-001134,PRD-0038,1,32300.0,22650.0,7.5,2422.5,29877.5,22650.0
ITM-0004145,ORD-001134,PRD-0007,5,33250.0,23700.0,5.0,8312.5,157937.5,118500.0
ITM-0004146,ORD-001135,PRD-0066,15,5300.0,3250.0,10.0,7950.0,71550.0,48750.0
ITM-0004147,ORD-001135,PRD-0045,12,4400.0,2800.0,10.0,5280.0,47520.0,33600.0
ITM-0004148,ORD-001136,PRD-0050,25,1200.0,650.0,10.0,3000.0,27000.0,16250.0
ITM-0004149,ORD-001136,PRD-0010,6,50450.0,37650.0,5.0,15135.0,287565.0,225900.0
ITM-0004150,ORD-001136,PRD-0005,23,11500.0,7900.0,10.0,26450.0,238050.0,181700.0
ITM-0004151,ORD-001137,PRD-0005,37,11500.0,7900.0,5.0,21275.0,404225.0,292300.0
ITM-0004152,ORD-001137,PRD-0063,19,12650.0,8000.0,5.0,12017.5,228332.5,152000.0
ITM-0004153,ORD-001137,PRD-0034,13,2800.0,1650.0,10.0,3640.0,32760.0,21450.0
ITM-0004154,ORD-001137,PRD-0045,32,4400.0,2800.0,5.0,7040.0,133760.0,89600.0
ITM-0004155,ORD-001137,PRD-0007,3,33250.0,23700.0,5.0,4987.5,94762.5,71100.0
ITM-0004156,ORD-001137,PRD-0035,8,195800.0,149250.0,2.5,39160.0,1527240.0,1194000.0
ITM-0004157,ORD-001137,PRD-0023,13,46600.0,33950.0,10.0,60580.0,545220.0,441350.0
ITM-0004158,ORD-001138,PRD-0033,4,88100.0,66350.0,2.5,8810.0,343590.0,265400.0
ITM-0004159,ORD-001139,PRD-0001,13,49000.0,35150.0,5.0,31850.0,605150.0,456950.0
ITM-0004160,ORD-001139,PRD-0015,2,19300.0,12700.0,2.5,965.0,37635.0,25400.0
ITM-0004161,ORD-001139,PRD-0031,29,1600.0,900.0,5.0,2320.0,44080.0,26100.0
ITM-0004162,ORD-001139,PRD-0045,9,4400.0,2800.0,5.0,1980.0,37620.0,25200.0
ITM-0004163,ORD-001139,PRD-0040,4,70550.0,49600.0,5.0,14110.0,268090.0,198400.0
ITM-0004164,ORD-001139,PRD-0036,4,170650.0,122850.0,5.0,34130.0,648470.0,491400.0
ITM-0004165,ORD-001140,PRD-0034,12,2800.0,1650.0,10.0,3360.0,30240.0,19800.0
ITM-0004166,ORD-001141,PRD-0058,4,28050.0,19450.0,7.5,8415.0,103785.0,77800.0
ITM-0004167,ORD-001141,PRD-0049,12,2250.0,1400.0,7.5,2025.0,24975.0,16800.0
ITM-0004168,ORD-001142,PRD-0013,32,8750.0,5350.0,10.0,28000.0,252000.0,171200.0
ITM-0004169,ORD-001142,PRD-0011,3,50250.0,35950.0,0.0,0.0,150750.0,107850.0
ITM-0004170,ORD-001142,PRD-0049,32,2250.0,1400.0,10.0,7200.0,64800.0,44800.0
ITM-0004171,ORD-001142,PRD-0058,5,28050.0,19450.0,7.5,10518.75,129731.25,97250.0
ITM-0004172,ORD-001142,PRD-0009,5,75050.0,56000.0,10.0,37525.0,337725.0,280000.0
ITM-0004173,ORD-001143,PRD-0005,5,11500.0,7900.0,5.0,2875.0,54625.0,39500.0
ITM-0004174,ORD-001143,PRD-0034,4,2800.0,1650.0,2.5,280.0,10920.0,6600.0
ITM-0004175,ORD-001144,PRD-0030,11,35850.0,25550.0,12.5,49293.75,345056.25,281050.0
ITM-0004176,ORD-001144,PRD-0045,14,4400.0,2800.0,7.5,4620.0,56980.0,39200.0
ITM-0004177,ORD-001144,PRD-0048,4,160400.0,117650.0,2.5,16040.0,625560.0,470600.0
ITM-0004178,ORD-001144,PRD-0052,6,40400.0,29250.0,0.0,0.0,242400.0,175500.0
ITM-0004179,ORD-001145,PRD-0052,6,40400.0,29250.0,5.0,12120.0,230280.0,175500.0
ITM-0004180,ORD-001145,PRD-0025,3,32700.0,22850.0,5.0,4905.0,93195.0,68550.0
ITM-0004181,ORD-001145,PRD-0043,18,35950.0,25500.0,5.0,32355.0,614745.0,459000.0
ITM-0004182,ORD-001145,PRD-0034,18,2800.0,1650.0,10.0,5040.0,45360.0,29700.0
ITM-0004183,ORD-001145,PRD-0058,12,28050.0,19450.0,2.5,8415.0,328185.0,233400.0
ITM-0004184,ORD-001145,PRD-0063,60,12650.0,8000.0,10.0,75900.0,683100.0,480000.0
ITM-0004185,ORD-001145,PRD-0048,15,160400.0,117650.0,10.0,240600.0,2165400.0,1764750.0
ITM-0004186,ORD-001146,PRD-0009,12,75050.0,56000.0,7.5,67545.0,833055.0,672000.0
ITM-0004187,ORD-001146,PRD-0045,28,4400.0,2800.0,5.0,6160.0,117040.0,78400.0
ITM-0004188,ORD-001146,PRD-0049,32,2250.0,1400.0,7.5,5400.0,66600.0,44800.0
ITM-0004189,ORD-001147,PRD-0046,18,141200.0,107400.0,10.0,254160.0,2287440.0,1933200.0
ITM-0004190,ORD-001147,PRD-0034,4,2800.0,1650.0,2.5,280.0,10920.0,6600.0
ITM-0004191,ORD-001147,PRD-0048,18,160400.0,117650.0,10.0,288720.0,2598480.0,2117700.0
ITM-0004192,ORD-001147,PRD-0066,36,5300.0,3250.0,2.5,4770.0,186030.0,117000.0
ITM-0004193,ORD-001147,PRD-0024,36,17950.0,12350.0,5.0,32310.0,613890.0,444600.0
ITM-0004194,ORD-001148,PRD-0043,7,35950.0,25500.0,12.5,31456.25,220193.75,178500.0
ITM-0004195,ORD-001148,PRD-0056,8,16900.0,12000.0,0.0,0.0,135200.0,96000.0
ITM-0004196,ORD-001148,PRD-0013,17,8750.0,5350.0,0.0,0.0,148750.0,90950.0
ITM-0004197,ORD-001148,PRD-0066,17,5300.0,3250.0,5.0,4505.0,85595.0,55250.0
ITM-0004198,ORD-001148,PRD-0032,1,383350.0,305700.0,7.5,28751.25,354598.75,305700.0
ITM-0004199,ORD-001149,PRD-0022,9,13950.0,9250.0,2.5,3138.75,122411.25,83250.0
ITM-0004200,ORD-001149,PRD-0032,8,383350.0,305700.0,10.0,306680.0,2760120.0,2445600.0
ITM-0004201,ORD-001149,PRD-0045,17,4400.0,2800.0,7.5,5610.0,69190.0,47600.0
ITM-0004202,ORD-001149,PRD-0070,12,5100.0,3300.0,0.0,0.0,61200.0,39600.0
ITM-0004203,ORD-001149,PRD-0034,2,2800.0,1650.0,0.0,0.0,5600.0,3300.0
ITM-0004204,ORD-001150,PRD-0066,14,5300.0,3250.0,0.0,0.0,74200.0,45500.0
ITM-0004205,ORD-001150,PRD-0014,5,199750.0,146450.0,12.5,124843.75,873906.25,732250.0
ITM-0004206,ORD-001150,PRD-0063,13,12650.0,8000.0,7.5,12333.75,152116.25,104000.0
ITM-0004207,ORD-001150,PRD-0033,5,88100.0,66350.0,2.5,11012.5,429487.5,331750.0
ITM-0004208,ORD-001150,PRD-0005,5,11500.0,7900.0,7.5,4312.5,53187.5,39500.0
ITM-0004209,ORD-001151,PRD-0066,8,5300.0,3250.0,5.0,2120.0,40280.0,26000.0
ITM-0004210,ORD-001151,PRD-0005,13,11500.0,7900.0,10.0,14950.0,134550.0,102700.0
ITM-0004211,ORD-001151,PRD-0052,4,40400.0,29250.0,2.5,4040.0,157560.0,117000.0
ITM-0004212,ORD-001151,PRD-0026,13,5050.0,3050.0,5.0,3282.5,62367.5,39650.0
ITM-0004213,ORD-001152,PRD-0044,14,3350.0,2000.0,0.0,0.0,46900.0,28000.0
ITM-0004214,ORD-001152,PRD-0032,1,383350.0,305700.0,5.0,19167.5,364182.5,305700.0
ITM-0004215,ORD-001152,PRD-0017,1,15250.0,10000.0,0.0,0.0,15250.0,10000.0
ITM-0004216,ORD-001153,PRD-0062,18,13700.0,9000.0,2.5,6165.0,240435.0,162000.0
ITM-0004217,ORD-001154,PRD-0034,11,2800.0,1650.0,5.0,1540.0,29260.0,18150.0
ITM-0004218,ORD-001154,PRD-0048,7,160400.0,117650.0,0.0,0.0,1122800.0,823550.0
ITM-0004219,ORD-001155,PRD-0069,3,41700.0,30300.0,2.5,3127.5,121972.5,90900.0
ITM-0004220,ORD-001156,PRD-0037,30,7650.0,5500.0,2.5,5737.5,223762.5,165000.0
ITM-0004221,ORD-001156,PRD-0011,7,50250.0,35950.0,2.5,8793.75,342956.25,251650.0
ITM-0004222,ORD-001156,PRD-0051,58,7700.0,4850.0,2.5,11165.0,435435.0,281300.0
ITM-0004223,ORD-001156,PRD-0040,12,70550.0,49600.0,0.0,0.0,846600.0,595200.0
ITM-0004224,ORD-001156,PRD-0070,9,5100.0,3300.0,5.0,2295.0,43605.0,29700.0
ITM-0004225,ORD-001157,PRD-0034,2,2800.0,1650.0,2.5,140.0,5460.0,3300.0
ITM-0004226,ORD-001157,PRD-0025,9,32700.0,22850.0,2.5,7357.5,286942.5,205650.0
ITM-0004227,ORD-001157,PRD-0007,4,33250.0,23700.0,2.5,3325.0,129675.0,94800.0
ITM-0004228,ORD-001158,PRD-0027,44,11500.0,7200.0,7.5,37950.0,468050.0,316800.0
ITM-0004229,ORD-001158,PRD-0052,7,40400.0,29250.0,10.0,28280.0,254520.0,204750.0
ITM-0004230,ORD-001158,PRD-0028,51,6400.0,4200.0,2.5,8160.0,318240.0,214200.0
ITM-0004231,ORD-001158,PRD-0037,39,7650.0,5500.0,0.0,0.0,298350.0,214500.0
ITM-0004232,ORD-001159,PRD-0037,38,7650.0,5500.0,7.5,21802.5,268897.5,209000.0
ITM-0004233,ORD-001160,PRD-0008,8,11400.0,7800.0,2.5,2280.0,88920.0,62400.0
ITM-0004234,ORD-001160,PRD-0045,23,4400.0,2800.0,10.0,10120.0,91080.0,64400.0
ITM-0004235,ORD-001160,PRD-0034,2,2800.0,1650.0,10.0,560.0,5040.0,3300.0
ITM-0004236,ORD-001160,PRD-0026,35,5050.0,3050.0,5.0,8837.5,167912.5,106750.0
ITM-0004237,ORD-001161,PRD-0012,5,42850.0,31750.0,5.0,10712.5,203537.5,158750.0
ITM-0004238,ORD-001161,PRD-0026,8,5050.0,3050.0,5.0,2020.0,38380.0,24400.0
ITM-0004239,ORD-001161,PRD-0034,3,2800.0,1650.0,2.5,210.0,8190.0,4950.0
ITM-0004240,ORD-001161,PRD-0030,15,35850.0,25550.0,2.5,13443.75,524306.25,383250.0
ITM-0004241,ORD-001162,PRD-0016,2,18750.0,12900.0,12.5,4687.5,32812.5,25800.0
ITM-0004242,ORD-001162,PRD-0001,8,49000.0,35150.0,7.5,29400.0,362600.0,281200.0
ITM-0004243,ORD-001162,PRD-0009,10,75050.0,56000.0,10.0,75050.0,675450.0,560000.0
ITM-0004244,ORD-001162,PRD-0034,6,2800.0,1650.0,0.0,0.0,16800.0,9900.0
ITM-0004245,ORD-001163,PRD-0005,22,11500.0,7900.0,7.5,18975.0,234025.0,173800.0
ITM-0004246,ORD-001163,PRD-0007,9,33250.0,23700.0,7.5,22443.75,276806.25,213300.0
ITM-0004247,ORD-001163,PRD-0034,5,2800.0,1650.0,0.0,0.0,14000.0,8250.0
ITM-0004248,ORD-001163,PRD-0060,5,16450.0,11150.0,10.0,8225.0,74025.0,55750.0
ITM-0004249,ORD-001164,PRD-0066,43,5300.0,3250.0,10.0,22790.0,205110.0,139750.0
ITM-0004250,ORD-001164,PRD-0053,13,50250.0,36300.0,5.0,32662.5,620587.5,471900.0
ITM-0004251,ORD-001165,PRD-0045,20,4400.0,2800.0,0.0,0.0,88000.0,56000.0
ITM-0004252,ORD-001166,PRD-0044,30,3350.0,2000.0,5.0,5025.0,95475.0,60000.0
ITM-0004253,ORD-001167,PRD-0022,6,13950.0,9250.0,5.0,4185.0,79515.0,55500.0
ITM-0004254,ORD-001167,PRD-0007,15,33250.0,23700.0,2.5,12468.75,486281.25,355500.0
ITM-0004255,ORD-001167,PRD-0050,24,1200.0,650.0,10.0,2880.0,25920.0,15600.0
ITM-0004256,ORD-001167,PRD-0038,9,32300.0,22650.0,0.0,0.0,290700.0,203850.0
ITM-0004257,ORD-001167,PRD-0066,27,5300.0,3250.0,5.0,7155.0,135945.0,87750.0
ITM-0004258,ORD-001167,PRD-0034,3,2800.0,1650.0,0.0,0.0,8400.0,4950.0
ITM-0004259,ORD-001167,PRD-0011,12,50250.0,35950.0,5.0,30150.0,572850.0,431400.0
ITM-0004260,ORD-001168,PRD-0023,2,46600.0,33950.0,2.5,2330.0,90870.0,67900.0
ITM-0004261,ORD-001168,PRD-0011,6,50250.0,35950.0,5.0,15075.0,286425.0,215700.0
ITM-0004262,ORD-001168,PRD-0066,17,5300.0,3250.0,7.5,6757.5,83342.5,55250.0
ITM-0004263,ORD-001168,PRD-0046,11,141200.0,107400.0,12.5,194150.0,1359050.0,1181400.0
ITM-0004264,ORD-001169,PRD-0009,5,75050.0,56000.0,5.0,18762.5,356487.5,280000.0
ITM-0004265,ORD-001169,PRD-0034,5,2800.0,1650.0,5.0,700.0,13300.0,8250.0
ITM-0004266,ORD-001169,PRD-0050,11,1200.0,650.0,7.5,990.0,12210.0,7150.0
ITM-0004267,ORD-001170,PRD-0055,8,43600.0,31400.0,7.5,26160.0,322640.0,251200.0
ITM-0004268,ORD-001170,PRD-0032,13,383350.0,305700.0,10.0,498355.0,4485195.0,3974100.0
ITM-0004269,ORD-001170,PRD-0027,42,11500.0,7200.0,2.5,12075.0,470925.0,302400.0
ITM-0004270,ORD-001170,PRD-0005,19,11500.0,7900.0,0.0,0.0,218500.0,150100.0
ITM-0004271,ORD-001170,PRD-0017,6,15250.0,10000.0,5.0,4575.0,86925.0,60000.0
ITM-0004272,ORD-001170,PRD-0065,13,9000.0,5800.0,10.0,11700.0,105300.0,75400.0
ITM-0004273,ORD-001170,PRD-0050,25,1200.0,650.0,5.0,1500.0,28500.0,16250.0
ITM-0004274,ORD-001171,PRD-0052,3,40400.0,29250.0,7.5,9090.0,112110.0,87750.0
ITM-0004275,ORD-001171,PRD-0046,3,141200.0,107400.0,0.0,0.0,423600.0,322200.0
ITM-0004276,ORD-001172,PRD-0045,28,4400.0,2800.0,5.0,6160.0,117040.0,78400.0
ITM-0004277,ORD-001172,PRD-0034,4,2800.0,1650.0,10.0,1120.0,10080.0,6600.0
ITM-0004278,ORD-001172,PRD-0066,14,5300.0,3250.0,2.5,1855.0,72345.0,45500.0
ITM-0004279,ORD-001172,PRD-0030,32,35850.0,25550.0,12.5,143400.0,1003800.0,817600.0
ITM-0004280,ORD-001172,PRD-0068,14,29000.0,20900.0,7.5,30450.0,375550.0,292600.0
ITM-0004281,ORD-001173,PRD-0030,14,35850.0,25550.0,0.0,0.0,501900.0,357700.0
ITM-0004282,ORD-001173,PRD-0049,27,2250.0,1400.0,10.0,6075.0,54675.0,37800.0
ITM-0004283,ORD-001173,PRD-0005,11,11500.0,7900.0,2.5,3162.5,123337.5,86900.0
ITM-0004284,ORD-001173,PRD-0058,5,28050.0,19450.0,7.5,10518.75,129731.25,97250.0
ITM-0004285,ORD-001173,PRD-0013,20,8750.0,5350.0,12.5,21875.0,153125.0,107000.0
ITM-0004286,ORD-001174,PRD-0037,29,7650.0,5500.0,10.0,22185.0,199665.0,159500.0
ITM-0004287,ORD-001174,PRD-0030,22,35850.0,25550.0,7.5,59152.5,729547.5,562100.0
ITM-0004288,ORD-001174,PRD-0007,2,33250.0,23700.0,2.5,1662.5,64837.5,47400.0
ITM-0004289,ORD-001174,PRD-0013,54,8750.0,5350.0,0.0,0.0,472500.0,288900.0
ITM-0004290,ORD-001175,PRD-0004,24,7100.0,4600.0,0.0,0.0,170400.0,110400.0
ITM-0004291,ORD-001175,PRD-0052,9,40400.0,29250.0,5.0,18180.0,345420.0,263250.0
ITM-0004292,ORD-001175,PRD-0031,41,1600.0,900.0,12.5,8200.0,57400.0,36900.0
ITM-0004293,ORD-001175,PRD-0069,9,41700.0,30300.0,0.0,0.0,375300.0,272700.0
ITM-0004294,ORD-001175,PRD-0050,21,1200.0,650.0,7.5,1890.0,23310.0,13650.0
ITM-0004295,ORD-001175,PRD-0009,12,75050.0,56000.0,10.0,90060.0,810540.0,672000.0
ITM-0004296,ORD-001175,PRD-0034,3,2800.0,1650.0,7.5,630.0,7770.0,4950.0
ITM-0004297,ORD-001176,PRD-0069,3,41700.0,30300.0,2.5,3127.5,121972.5,90900.0
ITM-0004298,ORD-001177,PRD-0023,5,46600.0,33950.0,0.0,0.0,233000.0,169750.0
ITM-0004299,ORD-001177,PRD-0014,5,199750.0,146450.0,2.5,24968.75,973781.25,732250.0
ITM-0004300,ORD-001178,PRD-0069,9,41700.0,30300.0,12.5,46912.5,328387.5,272700.0
ITM-0004301,ORD-001179,PRD-0007,7,33250.0,23700.0,10.0,23275.0,209475.0,165900.0
ITM-0004302,ORD-001179,PRD-0042,41,16900.0,11500.0,5.0,34645.0,658255.0,471500.0
ITM-0004303,ORD-001179,PRD-0036,7,170650.0,122850.0,5.0,59727.5,1134822.5,859950.0
ITM-0004304,ORD-001179,PRD-0049,19,2250.0,1400.0,7.5,3206.25,39543.75,26600.0
ITM-0004305,ORD-001179,PRD-0053,7,50250.0,36300.0,0.0,0.0,351750.0,254100.0
ITM-0004306,ORD-001179,PRD-0025,4,32700.0,22850.0,10.0,13080.0,117720.0,91400.0
ITM-0004307,ORD-001179,PRD-0003,11,88300.0,65000.0,0.0,0.0,971300.0,715000.0
ITM-0004308,ORD-001180,PRD-0019,7,2950.0,1850.0,0.0,0.0,20650.0,12950.0
ITM-0004309,ORD-001180,PRD-0029,2,30900.0,21650.0,10.0,6180.0,55620.0,43300.0
ITM-0004310,ORD-001180,PRD-0043,2,35950.0,25500.0,0.0,0.0,71900.0,51000.0
ITM-0004311,ORD-001181,PRD-0045,19,4400.0,2800.0,10.0,8360.0,75240.0,53200.0
ITM-0004312,ORD-001182,PRD-0032,12,383350.0,305700.0,5.0,230010.0,4370190.0,3668400.0
ITM-0004313,ORD-001182,PRD-0043,4,35950.0,25500.0,5.0,7190.0,136610.0,102000.0
ITM-0004314,ORD-001182,PRD-0065,48,9000.0,5800.0,0.0,0.0,432000.0,278400.0
ITM-0004315,ORD-001182,PRD-0049,28,2250.0,1400.0,2.5,1575.0,61425.0,39200.0
ITM-0004316,ORD-001182,PRD-0002,32,52050.0,38100.0,5.0,83280.0,1582320.0,1219200.0
ITM-0004317,ORD-001182,PRD-0063,52,12650.0,8000.0,5.0,32890.0,624910.0,416000.0
ITM-0004318,ORD-001183,PRD-0063,55,12650.0,8000.0,7.5,52181.25,643568.75,440000.0
ITM-0004319,ORD-001183,PRD-0049,22,2250.0,1400.0,0.0,0.0,49500.0,30800.0
ITM-0004320,ORD-001183,PRD-0053,15,50250.0,36300.0,0.0,0.0,753750.0,544500.0
ITM-0004321,ORD-001183,PRD-0034,18,2800.0,1650.0,7.5,3780.0,46620.0,29700.0
ITM-0004322,ORD-001184,PRD-0025,7,32700.0,22850.0,5.0,11445.0,217455.0,159950.0
ITM-0004323,ORD-001184,PRD-0052,2,40400.0,29250.0,2.5,2020.0,78780.0,58500.0
ITM-0004324,ORD-001184,PRD-0069,2,41700.0,30300.0,5.0,4170.0,79230.0,60600.0
ITM-0004325,ORD-001184,PRD-0001,8,49000.0,35150.0,12.5,49000.0,343000.0,281200.0
ITM-0004326,ORD-001184,PRD-0066,22,5300.0,3250.0,5.0,5830.0,110770.0,71500.0
ITM-0004327,ORD-001185,PRD-0053,9,50250.0,36300.0,10.0,45225.0,407025.0,326700.0
ITM-0004328,ORD-001185,PRD-0066,9,5300.0,3250.0,2.5,1192.5,46507.5,29250.0
ITM-0004329,ORD-001185,PRD-0027,15,11500.0,7200.0,0.0,0.0,172500.0,108000.0
ITM-0004330,ORD-001185,PRD-0011,9,50250.0,35950.0,2.5,11306.25,440943.75,323550.0
ITM-0004331,ORD-001185,PRD-0013,36,8750.0,5350.0,2.5,7875.0,307125.0,192600.0
ITM-0004332,ORD-001186,PRD-0052,4,40400.0,29250.0,5.0,8080.0,153520.0,117000.0
ITM-0004333,ORD-001186,PRD-0037,17,7650.0,5500.0,0.0,0.0,130050.0,93500.0
ITM-0004334,ORD-001186,PRD-0030,29,35850.0,25550.0,7.5,77973.75,961676.25,740950.0
ITM-0004335,ORD-001187,PRD-0011,9,50250.0,35950.0,5.0,22612.5,429637.5,323550.0
ITM-0004336,ORD-001187,PRD-0023,9,46600.0,33950.0,5.0,20970.0,398430.0,305550.0
ITM-0004337,ORD-001187,PRD-0048,11,160400.0,117650.0,5.0,88220.0,1676180.0,1294150.0
ITM-0004338,ORD-001187,PRD-0069,4,41700.0,30300.0,0.0,0.0,166800.0,121200.0
ITM-0004339,ORD-001188,PRD-0057,5,25450.0,17350.0,10.0,12725.0,114525.0,86750.0
ITM-0004340,ORD-001188,PRD-0040,15,70550.0,49600.0,5.0,52912.5,1005337.5,744000.0
ITM-0004341,ORD-001188,PRD-0066,37,5300.0,3250.0,2.5,4902.5,191197.5,120250.0
ITM-0004342,ORD-001188,PRD-0036,12,170650.0,122850.0,10.0,204780.0,1843020.0,1474200.0
ITM-0004343,ORD-001188,PRD-0065,15,9000.0,5800.0,5.0,6750.0,128250.0,87000.0
ITM-0004344,ORD-001188,PRD-0069,12,41700.0,30300.0,5.0,25020.0,475380.0,363600.0
ITM-0004345,ORD-001189,PRD-0004,56,7100.0,4600.0,5.0,19880.0,377720.0,257600.0
ITM-0004346,ORD-001189,PRD-0053,16,50250.0,36300.0,10.0,80400.0,723600.0,580800.0
ITM-0004347,ORD-001189,PRD-0008,20,11400.0,7800.0,7.5,17100.0,210900.0,156000.0
ITM-0004348,ORD-001189,PRD-0066,40,5300.0,3250.0,5.0,10600.0,201400.0,130000.0
ITM-0004349,ORD-001189,PRD-0007,8,33250.0,23700.0,2.5,6650.0,259350.0,189600.0
ITM-0004350,ORD-001189,PRD-0011,4,50250.0,35950.0,10.0,20100.0,180900.0,143800.0
ITM-0004351,ORD-001189,PRD-0052,24,40400.0,29250.0,5.0,48480.0,921120.0,702000.0
ITM-0004352,ORD-001190,PRD-0058,3,28050.0,19450.0,0.0,0.0,84150.0,58350.0
ITM-0004353,ORD-001190,PRD-0049,43,2250.0,1400.0,7.5,7256.25,89493.75,60200.0
ITM-0004354,ORD-001191,PRD-0069,5,41700.0,30300.0,5.0,10425.0,198075.0,151500.0
ITM-0004355,ORD-001191,PRD-0056,7,16900.0,12000.0,2.5,2957.5,115342.5,84000.0
ITM-0004356,ORD-001191,PRD-0032,12,383350.0,305700.0,0.0,0.0,4600200.0,3668400.0
ITM-0004357,ORD-001192,PRD-0024,9,17950.0,12350.0,5.0,8077.5,153472.5,111150.0
ITM-0004358,ORD-001192,PRD-0034,2,2800.0,1650.0,2.5,140.0,5460.0,3300.0
ITM-0004359,ORD-001192,PRD-0040,2,70550.0,49600.0,7.5,10582.5,130517.5,99200.0
ITM-0004360,ORD-001193,PRD-0011,13,50250.0,35950.0,7.5,48993.75,604256.25,467350.0
ITM-0004361,ORD-001193,PRD-0049,20,2250.0,1400.0,2.5,1125.0,43875.0,28000.0
ITM-0004362,ORD-001193,PRD-0034,4,2800.0,1650.0,2.5,280.0,10920.0,6600.0
ITM-0004363,ORD-001194,PRD-0031,18,1600.0,900.0,0.0,0.0,28800.0,16200.0
ITM-0004364,ORD-001194,PRD-0033,8,88100.0,66350.0,0.0,0.0,704800.0,530800.0
ITM-0004365,ORD-001194,PRD-0052,4,40400.0,29250.0,0.0,0.0,161600.0,117000.0
ITM-0004366,ORD-001194,PRD-0021,2,151550.0,109750.0,10.0,30310.0,272790.0,219500.0
ITM-0004367,ORD-001195,PRD-0034,17,2800.0,1650.0,2.5,1190.0,46410.0,28050.0
ITM-0004368,ORD-001195,PRD-0036,7,170650.0,122850.0,7.5,89591.25,1104958.75,859950.0
ITM-0004369,ORD-001195,PRD-0069,14,41700.0,30300.0,0.0,0.0,583800.0,424200.0
ITM-0004370,ORD-001196,PRD-0037,20,7650.0,5500.0,7.5,11475.0,141525.0,110000.0
ITM-0004371,ORD-001196,PRD-0005,24,11500.0,7900.0,7.5,20700.0,255300.0,189600.0
ITM-0004372,ORD-001196,PRD-0060,6,16450.0,11150.0,12.5,12337.5,86362.5,66900.0
ITM-0004373,ORD-001196,PRD-0034,2,2800.0,1650.0,5.0,280.0,5320.0,3300.0
ITM-0004374,ORD-001197,PRD-0008,6,11400.0,7800.0,5.0,3420.0,64980.0,46800.0
ITM-0004375,ORD-001197,PRD-0021,6,151550.0,109750.0,10.0,90930.0,818370.0,658500.0
ITM-0004376,ORD-001198,PRD-0053,9,50250.0,36300.0,5.0,22612.5,429637.5,326700.0
ITM-0004377,ORD-001198,PRD-0051,19,7700.0,4850.0,10.0,14630.0,131670.0,92150.0
ITM-0004378,ORD-001198,PRD-0065,9,9000.0,5800.0,5.0,4050.0,76950.0,52200.0
ITM-0004379,ORD-001198,PRD-0069,14,41700.0,30300.0,12.5,72975.0,510825.0,424200.0
ITM-0004380,ORD-001198,PRD-0030,35,35850.0,25550.0,2.5,31368.75,1223381.25,894250.0
ITM-0004381,ORD-001198,PRD-0066,7,5300.0,3250.0,5.0,1855.0,35245.0,22750.0
ITM-0004382,ORD-001198,PRD-0023,5,46600.0,33950.0,0.0,0.0,233000.0,169750.0
ITM-0004383,ORD-001199,PRD-0053,2,50250.0,36300.0,7.5,7537.5,92962.5,72600.0
ITM-0004384,ORD-001200,PRD-0018,9,39400.0,29550.0,7.5,26595.0,328005.0,265950.0
ITM-0004385,ORD-001200,PRD-0024,28,17950.0,12350.0,5.0,25130.0,477470.0,345800.0
ITM-0004386,ORD-001200,PRD-0005,8,11500.0,7900.0,0.0,0.0,92000.0,63200.0
ITM-0004387,ORD-001200,PRD-0069,8,41700.0,30300.0,7.5,25020.0,308580.0,242400.0
ITM-0004388,ORD-001201,PRD-0033,6,88100.0,66350.0,2.5,13215.0,515385.0,398100.0
ITM-0004389,ORD-001201,PRD-0026,58,5050.0,3050.0,10.0,29290.0,263610.0,176900.0
ITM-0004390,ORD-001201,PRD-0069,3,41700.0,30300.0,2.5,3127.5,121972.5,90900.0
ITM-0004391,ORD-001201,PRD-0041,3,70000.0,52200.0,2.5,5250.0,204750.0,156600.0
ITM-0004392,ORD-001201,PRD-0005,32,11500.0,7900.0,7.5,27600.0,340400.0,252800.0
ITM-0004393,ORD-001202,PRD-0010,9,50450.0,37650.0,5.0,22702.5,431347.5,338850.0
ITM-0004394,ORD-001202,PRD-0007,11,33250.0,23700.0,0.0,0.0,365750.0,260700.0
ITM-0004395,ORD-001202,PRD-0056,13,16900.0,12000.0,2.5,5492.5,214207.5,156000.0
ITM-0004396,ORD-001202,PRD-0026,30,5050.0,3050.0,5.0,7575.0,143925.0,91500.0
ITM-0004397,ORD-001203,PRD-0046,6,141200.0,107400.0,2.5,21180.0,826020.0,644400.0
ITM-0004398,ORD-001204,PRD-0066,18,5300.0,3250.0,5.0,4770.0,90630.0,58500.0
ITM-0004399,ORD-001204,PRD-0021,9,151550.0,109750.0,5.0,68197.5,1295752.5,987750.0
ITM-0004400,ORD-001204,PRD-0007,7,33250.0,23700.0,7.5,17456.25,215293.75,165900.0
ITM-0004401,ORD-001205,PRD-0005,12,11500.0,7900.0,7.5,10350.0,127650.0,94800.0
ITM-0004402,ORD-001205,PRD-0029,2,30900.0,21650.0,7.5,4635.0,57165.0,43300.0
ITM-0004403,ORD-001205,PRD-0053,15,50250.0,36300.0,7.5,56531.25,697218.75,544500.0
ITM-0004404,ORD-001205,PRD-0011,2,50250.0,35950.0,5.0,5025.0,95475.0,71900.0
ITM-0004405,ORD-001205,PRD-0066,12,5300.0,3250.0,5.0,3180.0,60420.0,39000.0
ITM-0004406,ORD-001206,PRD-0052,2,40400.0,29250.0,5.0,4040.0,76760.0,58500.0
ITM-0004407,ORD-001206,PRD-0070,17,5100.0,3300.0,0.0,0.0,86700.0,56100.0
ITM-0004408,ORD-001206,PRD-0045,13,4400.0,2800.0,5.0,2860.0,54340.0,36400.0
ITM-0004409,ORD-001206,PRD-0034,11,2800.0,1650.0,7.5,2310.0,28490.0,18150.0
ITM-0004410,ORD-001206,PRD-0066,13,5300.0,3250.0,0.0,0.0,68900.0,42250.0
ITM-0004411,ORD-001207,PRD-0021,11,151550.0,109750.0,5.0,83352.5,1583697.5,1207250.0
ITM-0004412,ORD-001207,PRD-0066,14,5300.0,3250.0,5.0,3710.0,70490.0,45500.0
ITM-0004413,ORD-001207,PRD-0052,11,40400.0,29250.0,5.0,22220.0,422180.0,321750.0
ITM-0004414,ORD-001207,PRD-0024,25,17950.0,12350.0,7.5,33656.25,415093.75,308750.0
ITM-0004415,ORD-001207,PRD-0007,7,33250.0,23700.0,7.5,17456.25,215293.75,165900.0
ITM-0004416,ORD-001208,PRD-0040,3,70550.0,49600.0,5.0,10582.5,201067.5,148800.0
ITM-0004417,ORD-001208,PRD-0007,3,33250.0,23700.0,0.0,0.0,99750.0,71100.0
ITM-0004418,ORD-001209,PRD-0036,3,170650.0,122850.0,2.5,12798.75,499151.25,368550.0
ITM-0004419,ORD-001209,PRD-0066,28,5300.0,3250.0,7.5,11130.0,137270.0,91000.0
ITM-0004420,ORD-001209,PRD-0048,6,160400.0,117650.0,12.5,120300.0,842100.0,705900.0
ITM-0004421,ORD-001210,PRD-0022,13,13950.0,9250.0,2.5,4533.75,176816.25,120250.0
ITM-0004422,ORD-001210,PRD-0045,39,4400.0,2800.0,2.5,4290.0,167310.0,109200.0
ITM-0004423,ORD-001210,PRD-0067,29,2050.0,1250.0,12.5,7431.25,52018.75,36250.0
ITM-0004424,ORD-001211,PRD-0034,11,2800.0,1650.0,10.0,3080.0,27720.0,18150.0
ITM-0004425,ORD-001211,PRD-0036,4,170650.0,122850.0,0.0,0.0,682600.0,491400.0
ITM-0004426,ORD-001211,PRD-0008,9,11400.0,7800.0,0.0,0.0,102600.0,70200.0
ITM-0004427,ORD-001211,PRD-0014,9,199750.0,146450.0,5.0,89887.5,1707862.5,1318050.0
ITM-0004428,ORD-001211,PRD-0030,20,35850.0,25550.0,10.0,71700.0,645300.0,511000.0
ITM-0004429,ORD-001212,PRD-0070,13,5100.0,3300.0,2.5,1657.5,64642.5,42900.0
ITM-0004430,ORD-001212,PRD-0045,12,4400.0,2800.0,2.5,1320.0,51480.0,33600.0
ITM-0004431,ORD-001212,PRD-0031,6,1600.0,900.0,10.0,960.0,8640.0,5400.0
ITM-0004432,ORD-001212,PRD-0034,4,2800.0,1650.0,5.0,560.0,10640.0,6600.0
ITM-0004433,ORD-001213,PRD-0034,11,2800.0,1650.0,2.5,770.0,30030.0,18150.0
ITM-0004434,ORD-001213,PRD-0004,22,7100.0,4600.0,5.0,7810.0,148390.0,101200.0
ITM-0004435,ORD-001213,PRD-0056,11,16900.0,12000.0,10.0,18590.0,167310.0,132000.0
ITM-0004436,ORD-001213,PRD-0021,5,151550.0,109750.0,0.0,0.0,757750.0,548750.0
ITM-0004437,ORD-001213,PRD-0037,54,7650.0,5500.0,10.0,41310.0,371790.0,297000.0
ITM-0004438,ORD-001214,PRD-0066,17,5300.0,3250.0,5.0,4505.0,85595.0,55250.0
ITM-0004439,ORD-001214,PRD-0050,8,1200.0,650.0,2.5,240.0,9360.0,5200.0
ITM-0004440,ORD-001214,PRD-0038,1,32300.0,22650.0,2.5,807.5,31492.5,22650.0
ITM-0004441,ORD-001215,PRD-0037,20,7650.0,5500.0,5.0,7650.0,145350.0,110000.0
ITM-0004442,ORD-001215,PRD-0066,11,5300.0,3250.0,7.5,4372.5,53927.5,35750.0
ITM-0004443,ORD-001215,PRD-0063,33,12650.0,8000.0,2.5,10436.25,407013.75,264000.0
ITM-0004444,ORD-001215,PRD-0034,8,2800.0,1650.0,12.5,2800.0,19600.0,13200.0
ITM-0004445,ORD-001216,PRD-0005,13,11500.0,7900.0,7.5,11212.5,138287.5,102700.0
ITM-0004446,ORD-001216,PRD-0045,15,4400.0,2800.0,10.0,6600.0,59400.0,42000.0
ITM-0004447,ORD-001216,PRD-0032,4,383350.0,305700.0,12.5,191675.0,1341725.0,1222800.0
ITM-0004448,ORD-001216,PRD-0009,11,75050.0,56000.0,5.0,41277.5,784272.5,616000.0
ITM-0004449,ORD-001216,PRD-0011,7,50250.0,35950.0,10.0,35175.0,316575.0,251650.0
ITM-0004450,ORD-001216,PRD-0040,2,70550.0,49600.0,7.5,10582.5,130517.5,99200.0
ITM-0004451,ORD-001217,PRD-0066,4,5300.0,3250.0,2.5,530.0,20670.0,13000.0
ITM-0004452,ORD-001217,PRD-0034,3,2800.0,1650.0,10.0,840.0,7560.0,4950.0
ITM-0004453,ORD-001218,PRD-0005,13,11500.0,7900.0,5.0,7475.0,142025.0,102700.0
ITM-0004454,ORD-001218,PRD-0036,8,170650.0,122850.0,5.0,68260.0,1296940.0,982800.0
ITM-0004455,ORD-001218,PRD-0027,45,11500.0,7200.0,7.5,38812.5,478687.5,324000.0
ITM-0004456,ORD-001218,PRD-0007,11,33250.0,23700.0,5.0,18287.5,347462.5,260700.0
ITM-0004457,ORD-001219,PRD-0030,14,35850.0,25550.0,7.5,37642.5,464257.5,357700.0
ITM-0004458,ORD-001219,PRD-0045,24,4400.0,2800.0,0.0,0.0,105600.0,67200.0
ITM-0004459,ORD-001219,PRD-0005,24,11500.0,7900.0,5.0,13800.0,262200.0,189600.0
ITM-0004460,ORD-001219,PRD-0034,12,2800.0,1650.0,7.5,2520.0,31080.0,19800.0
ITM-0004461,ORD-001219,PRD-0007,14,33250.0,23700.0,5.0,23275.0,442225.0,331800.0
ITM-0004462,ORD-001219,PRD-0008,14,11400.0,7800.0,12.5,19950.0,139650.0,109200.0
ITM-0004463,ORD-001219,PRD-0065,9,9000.0,5800.0,7.5,6075.0,74925.0,52200.0
ITM-0004464,ORD-001220,PRD-0045,21,4400.0,2800.0,5.0,4620.0,87780.0,58800.0
ITM-0004465,ORD-001220,PRD-0031,46,1600.0,900.0,10.0,7360.0,66240.0,41400.0
ITM-0004466,ORD-001220,PRD-0011,8,50250.0,35950.0,0.0,0.0,402000.0,287600.0
ITM-0004467,ORD-001220,PRD-0028,71,6400.0,4200.0,5.0,22720.0,431680.0,298200.0
ITM-0004468,ORD-001220,PRD-0006,4,27000.0,19650.0,0.0,0.0,108000.0,78600.0
ITM-0004469,ORD-001220,PRD-0021,17,151550.0,109750.0,7.5,193226.25,2383123.75,1865750.0
ITM-0004470,ORD-001221,PRD-0034,5,2800.0,1650.0,7.5,1050.0,12950.0,8250.0
ITM-0004471,ORD-001221,PRD-0037,31,7650.0,5500.0,0.0,0.0,237150.0,170500.0
ITM-0004472,ORD-001222,PRD-0045,27,4400.0,2800.0,2.5,2970.0,115830.0,75600.0
ITM-0004473,ORD-001222,PRD-0034,20,2800.0,1650.0,7.5,4200.0,51800.0,33000.0
ITM-0004474,ORD-001223,PRD-0049,18,2250.0,1400.0,7.5,3037.5,37462.5,25200.0
ITM-0004475,ORD-001223,PRD-0031,18,1600.0,900.0,7.5,2160.0,26640.0,16200.0
ITM-0004476,ORD-001223,PRD-0067,18,2050.0,1250.0,0.0,0.0,36900.0,22500.0
ITM-0004477,ORD-001223,PRD-0011,3,50250.0,35950.0,0.0,0.0,150750.0,107850.0
ITM-0004478,ORD-001223,PRD-0052,6,40400.0,29250.0,2.5,6060.0,236340.0,175500.0
ITM-0004479,ORD-001223,PRD-0027,21,11500.0,7200.0,5.0,12075.0,229425.0,151200.0
ITM-0004480,ORD-001224,PRD-0049,42,2250.0,1400.0,10.0,9450.0,85050.0,58800.0
ITM-0004481,ORD-001224,PRD-0060,6,16450.0,11150.0,7.5,7402.5,91297.5,66900.0
ITM-0004482,ORD-001224,PRD-0038,18,32300.0,22650.0,7.5,43605.0,537795.0,407700.0
ITM-0004483,ORD-001225,PRD-0034,13,2800.0,1650.0,5.0,1820.0,34580.0,21450.0
ITM-0004484,ORD-001225,PRD-0050,42,1200.0,650.0,7.5,3780.0,46620.0,27300.0
ITM-0004485,ORD-001225,PRD-0052,25,40400.0,29250.0,0.0,0.0,1010000.0,731250.0
ITM-0004486,ORD-001226,PRD-0066,30,5300.0,3250.0,7.5,11925.0,147075.0,97500.0
ITM-0004487,ORD-001226,PRD-0011,8,50250.0,35950.0,2.5,10050.0,391950.0,287600.0
ITM-0004488,ORD-001226,PRD-0014,8,199750.0,146450.0,2.5,39950.0,1558050.0,1171600.0
ITM-0004489,ORD-001226,PRD-0008,4,11400.0,7800.0,5.0,2280.0,43320.0,31200.0
ITM-0004490,ORD-001227,PRD-0021,5,151550.0,109750.0,0.0,0.0,757750.0,548750.0
ITM-0004491,ORD-001227,PRD-0037,12,7650.0,5500.0,2.5,2295.0,89505.0,66000.0
ITM-0004492,ORD-001227,PRD-0048,2,160400.0,117650.0,7.5,24060.0,296740.0,235300.0
ITM-0004493,ORD-001227,PRD-0032,12,383350.0,305700.0,10.0,460020.0,4140180.0,3668400.0
ITM-0004494,ORD-001227,PRD-0005,14,11500.0,7900.0,2.5,4025.0,156975.0,110600.0
ITM-0004495,ORD-001227,PRD-0001,14,49000.0,35150.0,0.0,0.0,686000.0,492100.0
ITM-0004496,ORD-001227,PRD-0044,35,3350.0,2000.0,10.0,11725.0,105525.0,70000.0
ITM-0004497,ORD-001228,PRD-0032,7,383350.0,305700.0,0.0,0.0,2683450.0,2139900.0
ITM-0004498,ORD-001228,PRD-0036,7,170650.0,122850.0,10.0,119455.0,1075095.0,859950.0
ITM-0004499,ORD-001229,PRD-0040,18,70550.0,49600.0,5.0,63495.0,1206405.0,892800.0
ITM-0004500,ORD-001229,PRD-0025,3,32700.0,22850.0,7.5,7357.5,90742.5,68550.0
ITM-0004501,ORD-001230,PRD-0026,19,5050.0,3050.0,7.5,7196.25,88753.75,57950.0
ITM-0004502,ORD-001230,PRD-0005,9,11500.0,7900.0,5.0,5175.0,98325.0,71100.0
ITM-0004503,ORD-001230,PRD-0027,35,11500.0,7200.0,12.5,50312.5,352187.5,252000.0
ITM-0004504,ORD-001230,PRD-0053,9,50250.0,36300.0,5.0,22612.5,429637.5,326700.0
ITM-0004505,ORD-001230,PRD-0034,13,2800.0,1650.0,0.0,0.0,36400.0,21450.0
ITM-0004506,ORD-001230,PRD-0038,19,32300.0,22650.0,5.0,30685.0,583015.0,430350.0
ITM-0004507,ORD-001230,PRD-0011,9,50250.0,35950.0,5.0,22612.5,429637.5,323550.0
ITM-0004508,ORD-001231,PRD-0030,34,35850.0,25550.0,5.0,60945.0,1157955.0,868700.0
ITM-0004509,ORD-001231,PRD-0007,15,33250.0,23700.0,0.0,0.0,498750.0,355500.0
ITM-0004510,ORD-001231,PRD-0052,7,40400.0,29250.0,10.0,28280.0,254520.0,204750.0
ITM-0004511,ORD-001231,PRD-0053,5,50250.0,36300.0,0.0,0.0,251250.0,181500.0
ITM-0004512,ORD-001231,PRD-0066,37,5300.0,3250.0,2.5,4902.5,191197.5,120250.0
ITM-0004513,ORD-001231,PRD-0067,32,2050.0,1250.0,5.0,3280.0,62320.0,40000.0
ITM-0004514,ORD-001231,PRD-0069,2,41700.0,30300.0,5.0,4170.0,79230.0,60600.0
ITM-0004515,ORD-001232,PRD-0033,5,88100.0,66350.0,0.0,0.0,440500.0,331750.0
ITM-0004516,ORD-001233,PRD-0034,9,2800.0,1650.0,7.5,1890.0,23310.0,14850.0
ITM-0004517,ORD-001233,PRD-0050,21,1200.0,650.0,7.5,1890.0,23310.0,13650.0
ITM-0004518,ORD-001233,PRD-0038,2,32300.0,22650.0,7.5,4845.0,59755.0,45300.0
ITM-0004519,ORD-001234,PRD-0009,3,75050.0,56000.0,5.0,11257.5,213892.5,168000.0
ITM-0004520,ORD-001234,PRD-0064,5,40250.0,28850.0,0.0,0.0,201250.0,144250.0
ITM-0004521,ORD-001234,PRD-0005,3,11500.0,7900.0,0.0,0.0,34500.0,23700.0
ITM-0004522,ORD-001234,PRD-0032,3,383350.0,305700.0,0.0,0.0,1150050.0,917100.0
ITM-0004523,ORD-001235,PRD-0058,21,28050.0,19450.0,5.0,29452.5,559597.5,408450.0
ITM-0004524,ORD-001235,PRD-0006,12,27000.0,19650.0,2.5,8100.0,315900.0,235800.0
ITM-0004525,ORD-001236,PRD-0054,25,6000.0,4000.0,10.0,15000.0,135000.0,100000.0
ITM-0004526,ORD-001236,PRD-0050,22,1200.0,650.0,10.0,2640.0,23760.0,14300.0
ITM-0004527,ORD-001236,PRD-0069,2,41700.0,30300.0,10.0,8340.0,75060.0,60600.0
ITM-0004528,ORD-001237,PRD-0022,18,13950.0,9250.0,5.0,12555.0,238545.0,166500.0
ITM-0004529,ORD-001237,PRD-0027,72,11500.0,7200.0,0.0,0.0,828000.0,518400.0
ITM-0004530,ORD-001237,PRD-0048,21,160400.0,117650.0,7.5,252630.0,3115770.0,2470650.0
ITM-0004531,ORD-001237,PRD-0019,50,2950.0,1850.0,12.5,18437.5,129062.5,92500.0
ITM-0004532,ORD-001237,PRD-0007,7,33250.0,23700.0,5.0,11637.5,221112.5,165900.0
ITM-0004533,ORD-001238,PRD-0043,12,35950.0,25500.0,5.0,21570.0,409830.0,306000.0
ITM-0004534,ORD-001238,PRD-0050,36,1200.0,650.0,5.0,2160.0,41040.0,23400.0
ITM-0004535,ORD-001238,PRD-0027,24,11500.0,7200.0,5.0,13800.0,262200.0,172800.0
ITM-0004536,ORD-001238,PRD-0034,24,2800.0,1650.0,7.5,5040.0,62160.0,39600.0
ITM-0004537,ORD-001238,PRD-0007,24,33250.0,23700.0,5.0,39900.0,758100.0,568800.0
ITM-0004538,ORD-001238,PRD-0069,8,41700.0,30300.0,0.0,0.0,333600.0,242400.0
ITM-0004539,ORD-001238,PRD-0052,16,40400.0,29250.0,0.0,0.0,646400.0,468000.0
ITM-0004540,ORD-001239,PRD-0046,7,141200.0,107400.0,7.5,74130.0,914270.0,751800.0
ITM-0004541,ORD-001239,PRD-0030,31,35850.0,25550.0,0.0,0.0,1111350.0,792050.0
ITM-0004542,ORD-001239,PRD-0069,11,41700.0,30300.0,12.5,57337.5,401362.5,333300.0
ITM-0004543,ORD-001240,PRD-0052,13,40400.0,29250.0,5.0,26260.0,498940.0,380250.0
ITM-0004544,ORD-001240,PRD-0028,13,6400.0,4200.0,2.5,2080.0,81120.0,54600.0
ITM-0004545,ORD-001240,PRD-0034,9,2800.0,1650.0,5.0,1260.0,23940.0,14850.0
ITM-0004546,ORD-001241,PRD-0036,4,170650.0,122850.0,7.5,51195.0,631405.0,491400.0
ITM-0004547,ORD-001241,PRD-0049,11,2250.0,1400.0,5.0,1237.5,23512.5,15400.0
ITM-0004548,ORD-001241,PRD-0019,11,2950.0,1850.0,10.0,3245.0,29205.0,20350.0
ITM-0004549,ORD-001241,PRD-0011,4,50250.0,35950.0,10.0,20100.0,180900.0,143800.0
ITM-0004550,ORD-001241,PRD-0002,7,52050.0,38100.0,7.5,27326.25,337023.75,266700.0
ITM-0004551,ORD-001241,PRD-0052,9,40400.0,29250.0,0.0,0.0,363600.0,263250.0
ITM-0004552,ORD-001242,PRD-0026,34,5050.0,3050.0,5.0,8585.0,163115.0,103700.0
ITM-0004553,ORD-001242,PRD-0007,7,33250.0,23700.0,2.5,5818.75,226931.25,165900.0
ITM-0004554,ORD-001242,PRD-0045,21,4400.0,2800.0,7.5,6930.0,85470.0,58800.0
ITM-0004555,ORD-001242,PRD-0066,12,5300.0,3250.0,0.0,0.0,63600.0,39000.0
ITM-0004556,ORD-001242,PRD-0031,7,1600.0,900.0,10.0,1120.0,10080.0,6300.0
ITM-0004557,ORD-001243,PRD-0034,13,2800.0,1650.0,7.5,2730.0,33670.0,21450.0
ITM-0004558,ORD-001243,PRD-0066,31,5300.0,3250.0,2.5,4107.5,160192.5,100750.0
ITM-0004559,ORD-001243,PRD-0070,23,5100.0,3300.0,7.5,8797.5,108502.5,75900.0
ITM-0004560,ORD-001244,PRD-0060,13,16450.0,11150.0,2.5,5346.25,208503.75,144950.0
ITM-0004561,ORD-001244,PRD-0006,3,27000.0,19650.0,5.0,4050.0,76950.0,58950.0
ITM-0004562,ORD-001244,PRD-0034,7,2800.0,1650.0,2.5,490.0,19110.0,11550.0
ITM-0004563,ORD-001244,PRD-0031,37,1600.0,900.0,10.0,5920.0,53280.0,33300.0
ITM-0004564,ORD-001244,PRD-0040,13,70550.0,49600.0,12.5,114643.75,802506.25,644800.0
ITM-0004565,ORD-001244,PRD-0047,3,67750.0,48250.0,0.0,0.0,203250.0,144750.0
ITM-0004566,ORD-001245,PRD-0046,7,141200.0,107400.0,2.5,24710.0,963690.0,751800.0
ITM-0004567,ORD-001245,PRD-0032,21,383350.0,305700.0,5.0,402517.5,7647832.5,6419700.0
ITM-0004568,ORD-001246,PRD-0052,4,40400.0,29250.0,5.0,8080.0,153520.0,117000.0
ITM-0004569,ORD-001247,PRD-0023,13,46600.0,33950.0,10.0,60580.0,545220.0,441350.0
ITM-0004570,ORD-001248,PRD-0049,48,2250.0,1400.0,5.0,5400.0,102600.0,67200.0
ITM-0004571,ORD-001248,PRD-0040,17,70550.0,49600.0,7.5,89951.25,1109398.75,843200.0
ITM-0004572,ORD-001248,PRD-0037,44,7650.0,5500.0,7.5,25245.0,311355.0,242000.0
ITM-0004573,ORD-001248,PRD-0045,51,4400.0,2800.0,7.5,16830.0,207570.0,142800.0
ITM-0004574,ORD-001248,PRD-0013,51,8750.0,5350.0,5.0,22312.5,423937.5,272850.0
ITM-0004575,ORD-001249,PRD-0056,5,16900.0,12000.0,7.5,6337.5,78162.5,60000.0
ITM-0004576,ORD-001249,PRD-0006,14,27000.0,19650.0,5.0,18900.0,359100.0,275100.0
ITM-0004577,ORD-001249,PRD-0045,19,4400.0,2800.0,5.0,4180.0,79420.0,53200.0
ITM-0004578,ORD-001249,PRD-0013,24,8750.0,5350.0,5.0,10500.0,199500.0,128400.0
ITM-0004579,ORD-001250,PRD-0040,13,70550.0,49600.0,0.0,0.0,917150.0,644800.0
ITM-0004580,ORD-001250,PRD-0047,3,67750.0,48250.0,0.0,0.0,203250.0,144750.0
ITM-0004581,ORD-001250,PRD-0056,19,16900.0,12000.0,7.5,24082.5,297017.5,228000.0
ITM-0004582,ORD-001251,PRD-0034,2,2800.0,1650.0,10.0,560.0,5040.0,3300.0
ITM-0004583,ORD-001251,PRD-0045,15,4400.0,2800.0,5.0,3300.0,62700.0,42000.0
ITM-0004584,ORD-001251,PRD-0063,11,12650.0,8000.0,5.0,6957.5,132192.5,88000.0
ITM-0004585,ORD-001251,PRD-0049,21,2250.0,1400.0,12.5,5906.25,41343.75,29400.0
ITM-0004586,ORD-001251,PRD-0016,4,18750.0,12900.0,7.5,5625.0,69375.0,51600.0
ITM-0004587,ORD-001252,PRD-0037,54,7650.0,5500.0,0.0,0.0,413100.0,297000.0
ITM-0004588,ORD-001252,PRD-0005,16,11500.0,7900.0,5.0,9200.0,174800.0,126400.0
ITM-0004589,ORD-001253,PRD-0005,6,11500.0,7900.0,7.5,5175.0,63825.0,47400.0
ITM-0004590,ORD-001253,PRD-0069,4,41700.0,30300.0,0.0,0.0,166800.0,121200.0
ITM-0004591,ORD-001254,PRD-0048,5,160400.0,117650.0,0.0,0.0,802000.0,588250.0
ITM-0004592,ORD-001254,PRD-0034,5,2800.0,1650.0,5.0,700.0,13300.0,8250.0
ITM-0004593,ORD-001254,PRD-0066,10,5300.0,3250.0,7.5,3975.0,49025.0,32500.0
ITM-0004594,ORD-001254,PRD-0009,7,75050.0,56000.0,0.0,0.0,525350.0,392000.0
ITM-0004595,ORD-001254,PRD-0005,31,11500.0,7900.0,10.0,35650.0,320850.0,244900.0
ITM-0004596,ORD-001254,PRD-0003,7,88300.0,65000.0,7.5,46357.5,571742.5,455000.0
ITM-0004597,ORD-001254,PRD-0069,14,41700.0,30300.0,0.0,0.0,583800.0,424200.0
ITM-0004598,ORD-001255,PRD-0012,4,42850.0,31750.0,2.5,4285.0,167115.0,127000.0
ITM-0004599,ORD-001255,PRD-0038,7,32300.0,22650.0,10.0,22610.0,203490.0,158550.0
ITM-0004600,ORD-001255,PRD-0015,3,19300.0,12700.0,10.0,5790.0,52110.0,38100.0
ITM-0004601,ORD-001256,PRD-0064,4,40250.0,28850.0,10.0,16100.0,144900.0,115400.0
ITM-0004602,ORD-001256,PRD-0053,12,50250.0,36300.0,0.0,0.0,603000.0,435600.0
ITM-0004603,ORD-001256,PRD-0007,4,33250.0,23700.0,5.0,6650.0,126350.0,94800.0
ITM-0004604,ORD-001256,PRD-0014,2,199750.0,146450.0,5.0,19975.0,379525.0,292900.0
ITM-0004605,ORD-001257,PRD-0070,36,5100.0,3300.0,10.0,18360.0,165240.0,118800.0
ITM-0004606,ORD-001257,PRD-0025,2,32700.0,22850.0,10.0,6540.0,58860.0,45700.0
ITM-0004607,ORD-001257,PRD-0066,12,5300.0,3250.0,7.5,4770.0,58830.0,39000.0
ITM-0004608,ORD-001257,PRD-0036,14,170650.0,122850.0,5.0,119455.0,2269645.0,1719900.0
ITM-0004609,ORD-001257,PRD-0011,12,50250.0,35950.0,5.0,30150.0,572850.0,431400.0
ITM-0004610,ORD-001258,PRD-0023,3,46600.0,33950.0,5.0,6990.0,132810.0,101850.0
ITM-0004611,ORD-001258,PRD-0030,16,35850.0,25550.0,2.5,14340.0,559260.0,408800.0
ITM-0004612,ORD-001259,PRD-0030,28,35850.0,25550.0,5.0,50190.0,953610.0,715400.0
ITM-0004613,ORD-001259,PRD-0034,8,2800.0,1650.0,2.5,560.0,21840.0,13200.0
ITM-0004614,ORD-001259,PRD-0058,8,28050.0,19450.0,5.0,11220.0,213180.0,155600.0
ITM-0004615,ORD-001259,PRD-0028,39,6400.0,4200.0,0.0,0.0,249600.0,163800.0
ITM-0004616,ORD-001259,PRD-0021,2,151550.0,109750.0,7.5,22732.5,280367.5,219500.0
ITM-0004617,ORD-001259,PRD-0023,12,46600.0,33950.0,2.5,13980.0,545220.0,407400.0
ITM-0004618,ORD-001260,PRD-0006,9,27000.0,19650.0,2.5,6075.0,236925.0,176850.0
ITM-0004619,ORD-001260,PRD-0069,2,41700.0,30300.0,12.5,10425.0,72975.0,60600.0
ITM-0004620,ORD-001260,PRD-0043,14,35950.0,25500.0,7.5,37747.5,465552.5,357000.0
ITM-0004621,ORD-001261,PRD-0027,23,11500.0,7200.0,5.0,13225.0,251275.0,165600.0
ITM-0004622,ORD-001261,PRD-0037,38,7650.0,5500.0,0.0,0.0,290700.0,209000.0
ITM-0004623,ORD-001261,PRD-0038,10,32300.0,22650.0,7.5,24225.0,298775.0,226500.0
ITM-0004624,ORD-001261,PRD-0022,3,13950.0,9250.0,0.0,0.0,41850.0,27750.0
ITM-0004625,ORD-001262,PRD-0013,46,8750.0,5350.0,5.0,20125.0,382375.0,246100.0
ITM-0004626,ORD-001262,PRD-0066,16,5300.0,3250.0,0.0,0.0,84800.0,52000.0
ITM-0004627,ORD-001263,PRD-0037,40,7650.0,5500.0,10.0,30600.0,275400.0,220000.0
ITM-0004628,ORD-001263,PRD-0050,13,1200.0,650.0,7.5,1170.0,14430.0,8450.0
ITM-0004629,ORD-001264,PRD-0005,31,11500.0,7900.0,2.5,8912.5,347587.5,244900.0
ITM-0004630,ORD-001264,PRD-0037,62,7650.0,5500.0,2.5,11857.5,462442.5,341000.0
ITM-0004631,ORD-001264,PRD-0024,26,17950.0,12350.0,7.5,35002.5,431697.5,321100.0
ITM-0004632,ORD-001264,PRD-0022,3,13950.0,9250.0,7.5,3138.75,38711.25,27750.0
ITM-0004633,ORD-001265,PRD-0040,3,70550.0,49600.0,10.0,21165.0,190485.0,148800.0
ITM-0004634,ORD-001265,PRD-0005,9,11500.0,7900.0,0.0,0.0,103500.0,71100.0
ITM-0004635,ORD-001265,PRD-0057,9,25450.0,17350.0,7.5,17178.75,211871.25,156150.0
ITM-0004636,ORD-001266,PRD-0030,28,35850.0,25550.0,10.0,100380.0,903420.0,715400.0
ITM-0004637,ORD-001266,PRD-0015,6,19300.0,12700.0,10.0,11580.0,104220.0,76200.0
ITM-0004638,ORD-001266,PRD-0036,10,170650.0,122850.0,7.5,127987.5,1578512.5,1228500.0
ITM-0004639,ORD-001266,PRD-0034,6,2800.0,1650.0,2.5,420.0,16380.0,9900.0
ITM-0004640,ORD-001266,PRD-0033,2,88100.0,66350.0,0.0,0.0,176200.0,132700.0
ITM-0004641,ORD-001266,PRD-0009,4,75050.0,56000.0,5.0,15010.0,285190.0,224000.0
ITM-0004642,ORD-001267,PRD-0037,14,7650.0,5500.0,10.0,10710.0,96390.0,77000.0
ITM-0004643,ORD-001267,PRD-0011,8,50250.0,35950.0,0.0,0.0,402000.0,287600.0
ITM-0004644,ORD-001267,PRD-0062,28,13700.0,9000.0,5.0,19180.0,364420.0,252000.0
ITM-0004645,ORD-001268,PRD-0053,3,50250.0,36300.0,0.0,0.0,150750.0,108900.0
ITM-0004646,ORD-001268,PRD-0009,1,75050.0,56000.0,12.5,9381.25,65668.75,56000.0
ITM-0004647,ORD-001269,PRD-0066,18,5300.0,3250.0,5.0,4770.0,90630.0,58500.0
ITM-0004648,ORD-001269,PRD-0017,11,15250.0,10000.0,5.0,8387.5,159362.5,110000.0
ITM-0004649,ORD-001269,PRD-0009,9,75050.0,56000.0,0.0,0.0,675450.0,504000.0
ITM-0004650,ORD-001269,PRD-0051,11,7700.0,4850.0,2.5,2117.5,82582.5,53350.0
ITM-0004651,ORD-001270,PRD-0052,2,40400.0,29250.0,7.5,6060.0,74740.0,58500.0
ITM-0004652,ORD-001270,PRD-0003,1,88300.0,65000.0,7.5,6622.5,81677.5,65000.0
ITM-0004653,ORD-001270,PRD-0013,9,8750.0,5350.0,7.5,5906.25,72843.75,48150.0
ITM-0004654,ORD-001271,PRD-0048,6,160400.0,117650.0,0.0,0.0,962400.0,705900.0
ITM-0004655,ORD-001272,PRD-0012,3,42850.0,31750.0,7.5,9641.25,118908.75,95250.0
ITM-0004656,ORD-001272,PRD-0066,19,5300.0,3250.0,0.0,0.0,100700.0,61750.0
ITM-0004657,ORD-001273,PRD-0009,11,75050.0,56000.0,7.5,61916.25,763633.75,616000.0
ITM-0004658,ORD-001273,PRD-0024,27,17950.0,12350.0,0.0,0.0,484650.0,333450.0
ITM-0004659,ORD-001273,PRD-0008,2,11400.0,7800.0,12.5,2850.0,19950.0,15600.0
ITM-0004660,ORD-001273,PRD-0005,33,11500.0,7900.0,7.5,28462.5,351037.5,260700.0
ITM-0004661,ORD-001274,PRD-0005,20,11500.0,7900.0,5.0,11500.0,218500.0,158000.0
ITM-0004662,ORD-001274,PRD-0026,31,5050.0,3050.0,12.5,19568.75,136981.25,94550.0
ITM-0004663,ORD-001274,PRD-0011,8,50250.0,35950.0,12.5,50250.0,351750.0,287600.0
ITM-0004664,ORD-001274,PRD-0027,39,11500.0,7200.0,0.0,0.0,448500.0,280800.0
ITM-0004665,ORD-001274,PRD-0067,10,2050.0,1250.0,5.0,1025.0,19475.0,12500.0
ITM-0004666,ORD-001275,PRD-0066,13,5300.0,3250.0,0.0,0.0,68900.0,42250.0
ITM-0004667,ORD-001275,PRD-0034,3,2800.0,1650.0,2.5,210.0,8190.0,4950.0
ITM-0004668,ORD-001275,PRD-0049,13,2250.0,1400.0,10.0,2925.0,26325.0,18200.0
ITM-0004669,ORD-001276,PRD-0050,30,1200.0,650.0,0.0,0.0,36000.0,19500.0
ITM-0004670,ORD-001276,PRD-0044,48,3350.0,2000.0,5.0,8040.0,152760.0,96000.0
ITM-0004671,ORD-001276,PRD-0052,13,40400.0,29250.0,5.0,26260.0,498940.0,380250.0
ITM-0004672,ORD-001276,PRD-0064,3,40250.0,28850.0,7.5,9056.25,111693.75,86550.0
ITM-0004673,ORD-001277,PRD-0030,11,35850.0,25550.0,12.5,49293.75,345056.25,281050.0
ITM-0004674,ORD-001277,PRD-0069,16,41700.0,30300.0,2.5,16680.0,650520.0,484800.0
ITM-0004675,ORD-001277,PRD-0034,5,2800.0,1650.0,5.0,700.0,13300.0,8250.0
ITM-0004676,ORD-001277,PRD-0026,27,5050.0,3050.0,10.0,13635.0,122715.0,82350.0
ITM-0004677,ORD-001277,PRD-0013,49,8750.0,5350.0,0.0,0.0,428750.0,262150.0
ITM-0004678,ORD-001278,PRD-0063,7,12650.0,8000.0,10.0,8855.0,79695.0,56000.0
ITM-0004679,ORD-001278,PRD-0048,6,160400.0,117650.0,7.5,72180.0,890220.0,705900.0
ITM-0004680,ORD-001278,PRD-0013,23,8750.0,5350.0,10.0,20125.0,181125.0,123050.0
ITM-0004681,ORD-001279,PRD-0027,22,11500.0,7200.0,10.0,25300.0,227700.0,158400.0
ITM-0004682,ORD-001279,PRD-0005,12,11500.0,7900.0,5.0,6900.0,131100.0,94800.0
ITM-0004683,ORD-001280,PRD-0034,6,2800.0,1650.0,2.5,420.0,16380.0,9900.0
ITM-0004684,ORD-001280,PRD-0004,19,7100.0,4600.0,5.0,6745.0,128155.0,87400.0
ITM-0004685,ORD-001280,PRD-0021,10,151550.0,109750.0,0.0,0.0,1515500.0,1097500.0
ITM-0004686,ORD-001281,PRD-0009,12,75050.0,56000.0,2.5,22515.0,878085.0,672000.0
ITM-0004687,ORD-001282,PRD-0006,8,27000.0,19650.0,7.5,16200.0,199800.0,157200.0
ITM-0004688,ORD-001282,PRD-0027,13,11500.0,7200.0,10.0,14950.0,134550.0,93600.0
ITM-0004689,ORD-001283,PRD-0056,6,16900.0,12000.0,0.0,0.0,101400.0,72000.0
ITM-0004690,ORD-001283,PRD-0070,11,5100.0,3300.0,5.0,2805.0,53295.0,36300.0
ITM-0004691,ORD-001283,PRD-0047,3,67750.0,48250.0,0.0,0.0,203250.0,144750.0
ITM-0004692,ORD-001283,PRD-0057,9,25450.0,17350.0,5.0,11452.5,217597.5,156150.0
ITM-0004693,ORD-001284,PRD-0016,12,18750.0,12900.0,5.0,11250.0,213750.0,154800.0
ITM-0004694,ORD-001284,PRD-0045,22,4400.0,2800.0,2.5,2420.0,94380.0,61600.0
ITM-0004695,ORD-001284,PRD-0066,34,5300.0,3250.0,7.5,13515.0,166685.0,110500.0
ITM-0004696,ORD-001284,PRD-0063,41,12650.0,8000.0,0.0,0.0,518650.0,328000.0
ITM-0004697,ORD-001284,PRD-0034,2,2800.0,1650.0,5.0,280.0,5320.0,3300.0
ITM-0004698,ORD-001285,PRD-0030,17,35850.0,25550.0,5.0,30472.5,578977.5,434350.0
ITM-0004699,ORD-001285,PRD-0038,8,32300.0,22650.0,12.5,32300.0,226100.0,181200.0
ITM-0004700,ORD-001285,PRD-0046,4,141200.0,107400.0,7.5,42360.0,522440.0,429600.0
ITM-0004701,ORD-001286,PRD-0007,4,33250.0,23700.0,5.0,6650.0,126350.0,94800.0
ITM-0004702,ORD-001286,PRD-0016,3,18750.0,12900.0,10.0,5625.0,50625.0,38700.0
ITM-0004703,ORD-001286,PRD-0036,1,170650.0,122850.0,5.0,8532.5,162117.5,122850.0
ITM-0004704,ORD-001286,PRD-0026,4,5050.0,3050.0,2.5,505.0,19695.0,12200.0
ITM-0004705,ORD-001287,PRD-0050,2,1200.0,650.0,5.0,120.0,2280.0,1300.0
ITM-0004706,ORD-001288,PRD-0007,3,33250.0,23700.0,0.0,0.0,99750.0,71100.0
ITM-0004707,ORD-001288,PRD-0034,3,2800.0,1650.0,5.0,420.0,7980.0,4950.0
ITM-0004708,ORD-001288,PRD-0066,17,5300.0,3250.0,5.0,4505.0,85595.0,55250.0
ITM-0004709,ORD-001288,PRD-0027,30,11500.0,7200.0,5.0,17250.0,327750.0,216000.0
ITM-0004710,ORD-001289,PRD-0006,2,27000.0,19650.0,10.0,5400.0,48600.0,39300.0
ITM-0004711,ORD-001290,PRD-0007,6,33250.0,23700.0,10.0,19950.0,179550.0,142200.0
ITM-0004712,ORD-001290,PRD-0024,13,17950.0,12350.0,2.5,5833.75,227516.25,160550.0
ITM-0004713,ORD-001290,PRD-0034,2,2800.0,1650.0,7.5,420.0,5180.0,3300.0
ITM-0004714,ORD-001290,PRD-0061,12,5600.0,3650.0,7.5,5040.0,62160.0,43800.0
ITM-0004715,ORD-001291,PRD-0026,68,5050.0,3050.0,10.0,34340.0,309060.0,207400.0
ITM-0004716,ORD-001291,PRD-0049,14,2250.0,1400.0,12.5,3937.5,27562.5,19600.0
ITM-0004717,ORD-001291,PRD-0027,23,11500.0,7200.0,5.0,13225.0,251275.0,165600.0
ITM-0004718,ORD-001291,PRD-0058,11,28050.0,19450.0,0.0,0.0,308550.0,213950.0
ITM-0004719,ORD-001292,PRD-0063,28,12650.0,8000.0,0.0,0.0,354200.0,224000.0
ITM-0004720,ORD-001292,PRD-0005,18,11500.0,7900.0,5.0,10350.0,196650.0,142200.0
ITM-0004721,ORD-001293,PRD-0069,4,41700.0,30300.0,5.0,8340.0,158460.0,121200.0
ITM-0004722,ORD-001293,PRD-0005,7,11500.0,7900.0,0.0,0.0,80500.0,55300.0
ITM-0004723,ORD-001294,PRD-0058,4,28050.0,19450.0,7.5,8415.0,103785.0,77800.0
ITM-0004724,ORD-001294,PRD-0048,2,160400.0,117650.0,0.0,0.0,320800.0,235300.0
ITM-0004725,ORD-001294,PRD-0005,29,11500.0,7900.0,10.0,33350.0,300150.0,229100.0
ITM-0004726,ORD-001294,PRD-0064,12,40250.0,28850.0,12.5,60375.0,422625.0,346200.0
ITM-0004727,ORD-001294,PRD-0031,21,1600.0,900.0,2.5,840.0,32760.0,18900.0
ITM-0004728,ORD-001294,PRD-0049,21,2250.0,1400.0,10.0,4725.0,42525.0,29400.0
ITM-0004729,ORD-001295,PRD-0053,12,50250.0,36300.0,0.0,0.0,603000.0,435600.0
ITM-0004730,ORD-001295,PRD-0048,6,160400.0,117650.0,7.5,72180.0,890220.0,705900.0
ITM-0004731,ORD-001295,PRD-0022,2,13950.0,9250.0,2.5,697.5,27202.5,18500.0
ITM-0004732,ORD-001295,PRD-0005,19,11500.0,7900.0,12.5,27312.5,191187.5,150100.0
ITM-0004733,ORD-001295,PRD-0069,8,41700.0,30300.0,10.0,33360.0,300240.0,242400.0
ITM-0004734,ORD-001296,PRD-0008,24,11400.0,7800.0,5.0,13680.0,259920.0,187200.0
ITM-0004735,ORD-001296,PRD-0009,12,75050.0,56000.0,0.0,0.0,900600.0,672000.0
ITM-0004736,ORD-001296,PRD-0004,20,7100.0,4600.0,0.0,0.0,142000.0,92000.0
ITM-0004737,ORD-001296,PRD-0030,37,35850.0,25550.0,10.0,132645.0,1193805.0,945350.0
ITM-0004738,ORD-001296,PRD-0045,16,4400.0,2800.0,2.5,1760.0,68640.0,44800.0
ITM-0004739,ORD-001296,PRD-0058,16,28050.0,19450.0,5.0,22440.0,426360.0,311200.0
ITM-0004740,ORD-001297,PRD-0065,18,9000.0,5800.0,5.0,8100.0,153900.0,104400.0
ITM-0004741,ORD-001297,PRD-0040,4,70550.0,49600.0,12.5,35275.0,246925.0,198400.0
ITM-0004742,ORD-001297,PRD-0030,20,35850.0,25550.0,2.5,17925.0,699075.0,511000.0
ITM-0004743,ORD-001298,PRD-0011,13,50250.0,35950.0,2.5,16331.25,636918.75,467350.0
ITM-0004744,ORD-001298,PRD-0054,9,6000.0,4000.0,10.0,5400.0,48600.0,36000.0
ITM-0004745,ORD-001298,PRD-0007,13,33250.0,23700.0,10.0,43225.0,389025.0,308100.0
ITM-0004746,ORD-001298,PRD-0045,13,4400.0,2800.0,10.0,5720.0,51480.0,36400.0
ITM-0004747,ORD-001298,PRD-0066,18,5300.0,3250.0,10.0,9540.0,85860.0,58500.0
ITM-0004748,ORD-001298,PRD-0034,9,2800.0,1650.0,7.5,1890.0,23310.0,14850.0
ITM-0004749,ORD-001298,PRD-0035,9,195800.0,149250.0,7.5,132165.0,1630035.0,1343250.0
ITM-0004750,ORD-001299,PRD-0031,37,1600.0,900.0,0.0,0.0,59200.0,33300.0
ITM-0004751,ORD-001299,PRD-0004,54,7100.0,4600.0,5.0,19170.0,364230.0,248400.0
ITM-0004752,ORD-001299,PRD-0051,104,7700.0,4850.0,5.0,40040.0,760760.0,504400.0
ITM-0004753,ORD-001300,PRD-0053,3,50250.0,36300.0,5.0,7537.5,143212.5,108900.0
ITM-0004754,ORD-001300,PRD-0030,14,35850.0,25550.0,0.0,0.0,501900.0,357700.0
ITM-0004755,ORD-001300,PRD-0017,1,15250.0,10000.0,7.5,1143.75,14106.25,10000.0
ITM-0004756,ORD-001300,PRD-0069,7,41700.0,30300.0,10.0,29190.0,262710.0,212100.0
ITM-0004757,ORD-001301,PRD-0052,7,40400.0,29250.0,0.0,0.0,282800.0,204750.0
ITM-0004758,ORD-001301,PRD-0061,21,5600.0,3650.0,5.0,5880.0,111720.0,76650.0
ITM-0004759,ORD-001302,PRD-0037,8,7650.0,5500.0,7.5,4590.0,56610.0,44000.0
ITM-0004760,ORD-001302,PRD-0009,5,75050.0,56000.0,10.0,37525.0,337725.0,280000.0
ITM-0004761,ORD-001302,PRD-0032,2,383350.0,305700.0,7.5,57502.5,709197.5,611400.0
ITM-0004762,ORD-001302,PRD-0021,2,151550.0,109750.0,10.0,30310.0,272790.0,219500.0
ITM-0004763,ORD-001303,PRD-0004,31,7100.0,4600.0,10.0,22010.0,198090.0,142600.0
ITM-0004764,ORD-001303,PRD-0013,35,8750.0,5350.0,5.0,15312.5,290937.5,187250.0
ITM-0004765,ORD-001303,PRD-0030,27,35850.0,25550.0,7.5,72596.25,895353.75,689850.0
ITM-0004766,ORD-001304,PRD-0061,20,5600.0,3650.0,0.0,0.0,112000.0,73000.0
ITM-0004767,ORD-001304,PRD-0048,5,160400.0,117650.0,0.0,0.0,802000.0,588250.0
ITM-0004768,ORD-001304,PRD-0049,17,2250.0,1400.0,0.0,0.0,38250.0,23800.0
ITM-0004769,ORD-001304,PRD-0034,10,2800.0,1650.0,10.0,2800.0,25200.0,16500.0
ITM-0004770,ORD-001304,PRD-0045,29,4400.0,2800.0,7.5,9570.0,118030.0,81200.0
ITM-0004771,ORD-001305,PRD-0050,13,1200.0,650.0,10.0,1560.0,14040.0,8450.0
ITM-0004772,ORD-001306,PRD-0007,6,33250.0,23700.0,10.0,19950.0,179550.0,142200.0
ITM-0004773,ORD-001307,PRD-0016,14,18750.0,12900.0,0.0,0.0,262500.0,180600.0
ITM-0004774,ORD-001307,PRD-0066,19,5300.0,3250.0,5.0,5035.0,95665.0,61750.0
ITM-0004775,ORD-001307,PRD-0047,10,67750.0,48250.0,7.5,50812.5,626687.5,482500.0
ITM-0004776,ORD-001307,PRD-0048,12,160400.0,117650.0,2.5,48120.0,1876680.0,1411800.0
ITM-0004777,ORD-001307,PRD-0027,40,11500.0,7200.0,0.0,0.0,460000.0,288000.0
ITM-0004778,ORD-001307,PRD-0021,2,151550.0,109750.0,5.0,15155.0,287945.0,219500.0
ITM-0004779,ORD-001307,PRD-0007,12,33250.0,23700.0,7.5,29925.0,369075.0,284400.0
ITM-0004780,ORD-001308,PRD-0036,11,170650.0,122850.0,12.5,234643.75,1642506.25,1351350.0
ITM-0004781,ORD-001308,PRD-0015,8,19300.0,12700.0,10.0,15440.0,138960.0,101600.0
ITM-0004782,ORD-001308,PRD-0007,11,33250.0,23700.0,0.0,0.0,365750.0,260700.0
ITM-0004783,ORD-001308,PRD-0034,5,2800.0,1650.0,2.5,350.0,13650.0,8250.0
ITM-0004784,ORD-001309,PRD-0034,20,2800.0,1650.0,10.0,5600.0,50400.0,33000.0
ITM-0004785,ORD-001309,PRD-0035,10,195800.0,149250.0,2.5,48950.0,1909050.0,1492500.0
ITM-0004786,ORD-001309,PRD-0038,10,32300.0,22650.0,5.0,16150.0,306850.0,226500.0
ITM-0004787,ORD-001309,PRD-0049,36,2250.0,1400.0,2.5,2025.0,78975.0,50400.0
ITM-0004788,ORD-001310,PRD-0066,19,5300.0,3250.0,5.0,5035.0,95665.0,61750.0
ITM-0004789,ORD-001310,PRD-0009,4,75050.0,56000.0,7.5,22515.0,277685.0,224000.0
ITM-0004790,ORD-001310,PRD-0013,44,8750.0,5350.0,7.5,28875.0,356125.0,235400.0
ITM-0004791,ORD-001310,PRD-0022,8,13950.0,9250.0,0.0,0.0,111600.0,74000.0
ITM-0004792,ORD-001310,PRD-0053,8,50250.0,36300.0,5.0,20100.0,381900.0,290400.0
ITM-0004793,ORD-001310,PRD-0063,52,12650.0,8000.0,2.5,16445.0,641355.0,416000.0
ITM-0004794,ORD-001310,PRD-0004,8,7100.0,4600.0,12.5,7100.0,49700.0,36800.0
ITM-0004795,ORD-001311,PRD-0044,34,3350.0,2000.0,0.0,0.0,113900.0,68000.0
ITM-0004796,ORD-001311,PRD-0053,7,50250.0,36300.0,10.0,35175.0,316575.0,254100.0
ITM-0004797,ORD-001311,PRD-0028,18,6400.0,4200.0,7.5,8640.0,106560.0,75600.0
ITM-0004798,ORD-001311,PRD-0033,3,88100.0,66350.0,5.0,13215.0,251085.0,199050.0
ITM-0004799,ORD-001312,PRD-0052,7,40400.0,29250.0,5.0,14140.0,268660.0,204750.0
ITM-0004800,ORD-001312,PRD-0005,45,11500.0,7900.0,0.0,0.0,517500.0,355500.0
ITM-0004801,ORD-001312,PRD-0034,7,2800.0,1650.0,7.5,1470.0,18130.0,11550.0
ITM-0004802,ORD-001313,PRD-0045,7,4400.0,2800.0,0.0,0.0,30800.0,19600.0
ITM-0004803,ORD-001313,PRD-0031,8,1600.0,900.0,0.0,0.0,12800.0,7200.0
ITM-0004804,ORD-001314,PRD-0058,19,28050.0,19450.0,0.0,0.0,532950.0,369550.0
ITM-0004805,ORD-001314,PRD-0027,54,11500.0,7200.0,0.0,0.0,621000.0,388800.0
ITM-0004806,ORD-001314,PRD-0034,8,2800.0,1650.0,5.0,1120.0,21280.0,13200.0
ITM-0004807,ORD-001314,PRD-0007,16,33250.0,23700.0,5.0,26600.0,505400.0,379200.0
ITM-0004808,ORD-001315,PRD-0045,43,4400.0,2800.0,12.5,23650.0,165550.0,120400.0
ITM-0004809,ORD-001315,PRD-0030,9,35850.0,25550.0,5.0,16132.5,306517.5,229950.0
ITM-0004810,ORD-001316,PRD-0059,9,1850.0,1050.0,5.0,832.5,15817.5,9450.0
ITM-0004811,ORD-001316,PRD-0033,2,88100.0,66350.0,0.0,0.0,176200.0,132700.0
ITM-0004812,ORD-001317,PRD-0040,4,70550.0,49600.0,2.5,7055.0,275145.0,198400.0
ITM-0004813,ORD-001317,PRD-0014,5,199750.0,146450.0,10.0,99875.0,898875.0,732250.0
ITM-0004814,ORD-001317,PRD-0060,4,16450.0,11150.0,2.5,1645.0,64155.0,44600.0
ITM-0004815,ORD-001317,PRD-0027,10,11500.0,7200.0,2.5,2875.0,112125.0,72000.0
ITM-0004816,ORD-001318,PRD-0026,40,5050.0,3050.0,2.5,5050.0,196950.0,122000.0
ITM-0004817,ORD-001318,PRD-0007,8,33250.0,23700.0,12.5,33250.0,232750.0,189600.0
ITM-0004818,ORD-001318,PRD-0040,2,70550.0,49600.0,5.0,7055.0,134045.0,99200.0
ITM-0004819,ORD-001318,PRD-0053,10,50250.0,36300.0,5.0,25125.0,477375.0,363000.0
ITM-0004820,ORD-001319,PRD-0030,33,35850.0,25550.0,0.0,0.0,1183050.0,843150.0
ITM-0004821,ORD-001319,PRD-0058,21,28050.0,19450.0,5.0,29452.5,559597.5,408450.0
ITM-0004822,ORD-001319,PRD-0009,4,75050.0,56000.0,7.5,22515.0,277685.0,224000.0
ITM-0004823,ORD-001319,PRD-0015,12,19300.0,12700.0,5.0,11580.0,220020.0,152400.0
ITM-0004824,ORD-001319,PRD-0005,50,11500.0,7900.0,5.0,28750.0,546250.0,395000.0
ITM-0004825,ORD-001319,PRD-0066,21,5300.0,3250.0,10.0,11130.0,100170.0,68250.0
ITM-0004826,ORD-001320,PRD-0058,1,28050.0,19450.0,2.5,701.25,27348.75,19450.0
ITM-0004827,ORD-001320,PRD-0009,4,75050.0,56000.0,0.0,0.0,300200.0,224000.0
ITM-0004828,ORD-001321,PRD-0005,17,11500.0,7900.0,7.5,14662.5,180837.5,134300.0
ITM-0004829,ORD-001321,PRD-0052,6,40400.0,29250.0,0.0,0.0,242400.0,175500.0
ITM-0004830,ORD-001321,PRD-0051,24,7700.0,4850.0,10.0,18480.0,166320.0,116400.0
ITM-0004831,ORD-001321,PRD-0007,2,33250.0,23700.0,0.0,0.0,66500.0,47400.0
ITM-0004832,ORD-001322,PRD-0052,12,40400.0,29250.0,5.0,24240.0,460560.0,351000.0
ITM-0004833,ORD-001322,PRD-0057,12,25450.0,17350.0,7.5,22905.0,282495.0,208200.0
ITM-0004834,ORD-001322,PRD-0013,55,8750.0,5350.0,12.5,60156.25,421093.75,294250.0
ITM-0004835,ORD-001322,PRD-0027,33,11500.0,7200.0,0.0,0.0,379500.0,237600.0
ITM-0004836,ORD-001322,PRD-0007,5,33250.0,23700.0,12.5,20781.25,145468.75,118500.0
ITM-0004837,ORD-001323,PRD-0031,16,1600.0,900.0,5.0,1280.0,24320.0,14400.0
ITM-0004838,ORD-001323,PRD-0032,4,383350.0,305700.0,5.0,76670.0,1456730.0,1222800.0
ITM-0004839,ORD-001324,PRD-0060,3,16450.0,11150.0,2.5,1233.75,48116.25,33450.0
ITM-0004840,ORD-001324,PRD-0007,3,33250.0,23700.0,5.0,4987.5,94762.5,71100.0
ITM-0004841,ORD-001325,PRD-0021,3,151550.0,109750.0,7.5,34098.75,420551.25,329250.0
ITM-0004842,ORD-001325,PRD-0022,3,13950.0,9250.0,12.5,5231.25,36618.75,27750.0
ITM-0004843,ORD-001326,PRD-0053,5,50250.0,36300.0,10.0,25125.0,226125.0,181500.0
ITM-0004844,ORD-001326,PRD-0043,5,35950.0,25500.0,0.0,0.0,179750.0,127500.0
ITM-0004845,ORD-001326,PRD-0007,3,33250.0,23700.0,0.0,0.0,99750.0,71100.0
ITM-0004846,ORD-001327,PRD-0058,18,28050.0,19450.0,7.5,37867.5,467032.5,350100.0
ITM-0004847,ORD-001327,PRD-0021,4,151550.0,109750.0,10.0,60620.0,545580.0,439000.0
ITM-0004848,ORD-001327,PRD-0019,39,2950.0,1850.0,2.5,2876.25,112173.75,72150.0
ITM-0004849,ORD-001328,PRD-0034,1,2800.0,1650.0,7.5,210.0,2590.0,1650.0
ITM-0004850,ORD-001329,PRD-0028,21,6400.0,4200.0,10.0,13440.0,120960.0,88200.0
ITM-0004851,ORD-001329,PRD-0052,4,40400.0,29250.0,7.5,12120.0,149480.0,117000.0
ITM-0004852,ORD-001329,PRD-0060,5,16450.0,11150.0,12.5,10281.25,71968.75,55750.0
ITM-0004853,ORD-001329,PRD-0036,1,170650.0,122850.0,7.5,12798.75,157851.25,122850.0
ITM-0004854,ORD-001329,PRD-0011,7,50250.0,35950.0,12.5,43968.75,307781.25,251650.0
ITM-0004855,ORD-001330,PRD-0021,2,151550.0,109750.0,10.0,30310.0,272790.0,219500.0
ITM-0004856,ORD-001330,PRD-0031,11,1600.0,900.0,10.0,1760.0,15840.0,9900.0
ITM-0004857,ORD-001331,PRD-0029,9,30900.0,21650.0,7.5,20857.5,257242.5,194850.0
ITM-0004858,ORD-001331,PRD-0048,8,160400.0,117650.0,10.0,128320.0,1154880.0,941200.0
ITM-0004859,ORD-001331,PRD-0052,2,40400.0,29250.0,5.0,4040.0,76760.0,58500.0
ITM-0004860,ORD-001331,PRD-0005,14,11500.0,7900.0,0.0,0.0,161000.0,110600.0
ITM-0004861,ORD-001332,PRD-0045,31,4400.0,2800.0,2.5,3410.0,132990.0,86800.0
ITM-0004862,ORD-001332,PRD-0066,17,5300.0,3250.0,5.0,4505.0,85595.0,55250.0
ITM-0004863,ORD-001332,PRD-0037,31,7650.0,5500.0,7.5,17786.25,219363.75,170500.0
ITM-0004864,ORD-001332,PRD-0038,12,32300.0,22650.0,0.0,0.0,387600.0,271800.0
ITM-0004865,ORD-001332,PRD-0047,10,67750.0,48250.0,2.5,16937.5,660562.5,482500.0
ITM-0004866,ORD-001332,PRD-0065,26,9000.0,5800.0,2.5,5850.0,228150.0,150800.0
ITM-0004867,ORD-001333,PRD-0032,15,383350.0,305700.0,7.5,431268.75,5318981.25,4585500.0
ITM-0004868,ORD-001333,PRD-0024,55,17950.0,12350.0,7.5,74043.75,913206.25,679250.0
ITM-0004869,ORD-001333,PRD-0066,22,5300.0,3250.0,7.5,8745.0,107855.0,71500.0
ITM-0004870,ORD-001333,PRD-0011,4,50250.0,35950.0,10.0,20100.0,180900.0,143800.0
ITM-0004871,ORD-001334,PRD-0021,5,151550.0,109750.0,2.5,18943.75,738806.25,548750.0
ITM-0004872,ORD-001334,PRD-0062,27,13700.0,9000.0,7.5,27742.5,342157.5,243000.0
ITM-0004873,ORD-001335,PRD-0031,15,1600.0,900.0,2.5,600.0,23400.0,13500.0
ITM-0004874,ORD-001335,PRD-0016,6,18750.0,12900.0,5.0,5625.0,106875.0,77400.0
ITM-0004875,ORD-001336,PRD-0003,3,88300.0,65000.0,7.5,19867.5,245032.5,195000.0
ITM-0004876,ORD-001336,PRD-0034,3,2800.0,1650.0,2.5,210.0,8190.0,4950.0
ITM-0004877,ORD-001336,PRD-0038,18,32300.0,22650.0,0.0,0.0,581400.0,407700.0
ITM-0004878,ORD-001336,PRD-0005,15,11500.0,7900.0,7.5,12937.5,159562.5,118500.0
ITM-0004879,ORD-001336,PRD-0050,36,1200.0,650.0,5.0,2160.0,41040.0,23400.0
ITM-0004880,ORD-001336,PRD-0047,18,67750.0,48250.0,5.0,60975.0,1158525.0,868500.0
ITM-0004881,ORD-001336,PRD-0066,27,5300.0,3250.0,0.0,0.0,143100.0,87750.0
ITM-0004882,ORD-001337,PRD-0027,10,11500.0,7200.0,7.5,8625.0,106375.0,72000.0
ITM-0004883,ORD-001337,PRD-0049,6,2250.0,1400.0,12.5,1687.5,11812.5,8400.0
ITM-0004884,ORD-001337,PRD-0062,7,13700.0,9000.0,0.0,0.0,95900.0,63000.0
ITM-0004885,ORD-001338,PRD-0063,49,12650.0,8000.0,12.5,77481.25,542368.75,392000.0
ITM-0004886,ORD-001338,PRD-0003,24,88300.0,65000.0,2.5,52980.0,2066220.0,1560000.0
ITM-0004887,ORD-001338,PRD-0053,16,50250.0,36300.0,0.0,0.0,804000.0,580800.0
ITM-0004888,ORD-001338,PRD-0036,8,170650.0,122850.0,2.5,34130.0,1331070.0,982800.0
ITM-0004889,ORD-001338,PRD-0058,8,28050.0,19450.0,2.5,5610.0,218790.0,155600.0
ITM-0004890,ORD-001338,PRD-0023,20,46600.0,33950.0,5.0,46600.0,885400.0,679000.0
ITM-0004891,ORD-001338,PRD-0045,57,4400.0,2800.0,0.0,0.0,250800.0,159600.0
ITM-0004892,ORD-001339,PRD-0045,14,4400.0,2800.0,7.5,4620.0,56980.0,39200.0
ITM-0004893,ORD-001339,PRD-0005,9,11500.0,7900.0,5.0,5175.0,98325.0,71100.0
ITM-0004894,ORD-001339,PRD-0012,11,42850.0,31750.0,5.0,23567.5,447782.5,349250.0
ITM-0004895,ORD-001339,PRD-0069,4,41700.0,30300.0,5.0,8340.0,158460.0,121200.0
ITM-0004896,ORD-001339,PRD-0052,5,40400.0,29250.0,5.0,10100.0,191900.0,146250.0
ITM-0004897,ORD-001340,PRD-0005,21,11500.0,7900.0,0.0,0.0,241500.0,165900.0
ITM-0004898,ORD-001341,PRD-0032,4,383350.0,305700.0,7.5,115005.0,1418395.0,1222800.0
ITM-0004899,ORD-001341,PRD-0011,2,50250.0,35950.0,7.5,7537.5,92962.5,71900.0
ITM-0004900,ORD-001342,PRD-0023,7,46600.0,33950.0,7.5,24465.0,301735.0,237650.0
ITM-0004901,ORD-001342,PRD-0032,12,383350.0,305700.0,12.5,575025.0,4025175.0,3668400.0
ITM-0004902,ORD-001342,PRD-0050,12,1200.0,650.0,0.0,0.0,14400.0,7800.0
ITM-0004903,ORD-001342,PRD-0066,35,5300.0,3250.0,2.5,4637.5,180862.5,113750.0
ITM-0004904,ORD-001342,PRD-0021,2,151550.0,109750.0,10.0,30310.0,272790.0,219500.0
ITM-0004905,ORD-001343,PRD-0034,8,2800.0,1650.0,5.0,1120.0,21280.0,13200.0
ITM-0004906,ORD-001343,PRD-0004,4,7100.0,4600.0,5.0,1420.0,26980.0,18400.0
ITM-0004907,ORD-001343,PRD-0054,10,6000.0,4000.0,2.5,1500.0,58500.0,40000.0
ITM-0004908,ORD-001344,PRD-0065,14,9000.0,5800.0,5.0,6300.0,119700.0,81200.0
ITM-0004909,ORD-001344,PRD-0031,20,1600.0,900.0,5.0,1600.0,30400.0,18000.0
ITM-0004910,ORD-001344,PRD-0027,20,11500.0,7200.0,5.0,11500.0,218500.0,144000.0
ITM-0004911,ORD-001344,PRD-0030,34,35850.0,25550.0,5.0,60945.0,1157955.0,868700.0
ITM-0004912,ORD-001344,PRD-0069,17,41700.0,30300.0,5.0,35445.0,673455.0,515100.0
ITM-0004913,ORD-001344,PRD-0045,11,4400.0,2800.0,12.5,6050.0,42350.0,30800.0
ITM-0004914,ORD-001344,PRD-0005,8,11500.0,7900.0,5.0,4600.0,87400.0,63200.0
ITM-0004915,ORD-001345,PRD-0035,1,195800.0,149250.0,12.5,24475.0,171325.0,149250.0
ITM-0004916,ORD-001346,PRD-0031,18,1600.0,900.0,12.5,3600.0,25200.0,16200.0
ITM-0004917,ORD-001346,PRD-0052,18,40400.0,29250.0,2.5,18180.0,709020.0,526500.0
ITM-0004918,ORD-001346,PRD-0037,67,7650.0,5500.0,10.0,51255.0,461295.0,368500.0
ITM-0004919,ORD-001346,PRD-0011,7,50250.0,35950.0,10.0,35175.0,316575.0,251650.0
ITM-0004920,ORD-001346,PRD-0005,43,11500.0,7900.0,7.5,37087.5,457412.5,339700.0
ITM-0004921,ORD-001347,PRD-0032,24,383350.0,305700.0,0.0,0.0,9200400.0,7336800.0
ITM-0004922,ORD-001347,PRD-0031,16,1600.0,900.0,0.0,0.0,25600.0,14400.0
ITM-0004923,ORD-001347,PRD-0043,12,35950.0,25500.0,10.0,43140.0,388260.0,306000.0
ITM-0004924,ORD-001348,PRD-0025,11,32700.0,22850.0,5.0,17985.0,341715.0,251350.0
ITM-0004925,ORD-001348,PRD-0066,25,5300.0,3250.0,7.5,9937.5,122562.5,81250.0
ITM-0004926,ORD-001348,PRD-0034,11,2800.0,1650.0,0.0,0.0,30800.0,18150.0
ITM-0004927,ORD-001348,PRD-0015,8,19300.0,12700.0,7.5,11580.0,142820.0,101600.0
ITM-0004928,ORD-001349,PRD-0031,13,1600.0,900.0,5.0,1040.0,19760.0,11700.0
ITM-0004929,ORD-001349,PRD-0056,4,16900.0,12000.0,5.0,3380.0,64220.0,48000.0
ITM-0004930,ORD-001349,PRD-0049,17,2250.0,1400.0,2.5,956.25,37293.75,23800.0
ITM-0004931,ORD-001349,PRD-0032,17,383350.0,305700.0,5.0,325847.5,6191102.5,5196900.0
ITM-0004932,ORD-001349,PRD-0040,21,70550.0,49600.0,5.0,74077.5,1407472.5,1041600.0
ITM-0004933,ORD-001350,PRD-0017,7,15250.0,10000.0,5.0,5337.5,101412.5,70000.0
ITM-0004934,ORD-001350,PRD-0037,22,7650.0,5500.0,2.5,4207.5,164092.5,121000.0
ITM-0004935,ORD-001350,PRD-0053,5,50250.0,36300.0,0.0,0.0,251250.0,181500.0
ITM-0004936,ORD-001350,PRD-0007,4,33250.0,23700.0,10.0,13300.0,119700.0,94800.0
ITM-0004937,ORD-001351,PRD-0024,61,17950.0,12350.0,12.5,136868.75,958081.25,753350.0
ITM-0004938,ORD-001351,PRD-0069,15,41700.0,30300.0,5.0,31275.0,594225.0,454500.0
ITM-0004939,ORD-001351,PRD-0031,34,1600.0,900.0,2.5,1360.0,53040.0,30600.0
ITM-0004940,ORD-001351,PRD-0017,12,15250.0,10000.0,7.5,13725.0,169275.0,120000.0
ITM-0004941,ORD-001351,PRD-0011,5,50250.0,35950.0,10.0,25125.0,226125.0,179750.0
ITM-0004942,ORD-001351,PRD-0037,41,7650.0,5500.0,2.5,7841.25,305808.75,225500.0
ITM-0004943,ORD-001351,PRD-0045,22,4400.0,2800.0,5.0,4840.0,91960.0,61600.0
ITM-0004944,ORD-001352,PRD-0066,57,5300.0,3250.0,7.5,22657.5,279442.5,185250.0
ITM-0004945,ORD-001352,PRD-0002,12,52050.0,38100.0,0.0,0.0,624600.0,457200.0
ITM-0004946,ORD-001353,PRD-0007,4,33250.0,23700.0,2.5,3325.0,129675.0,94800.0
ITM-0004947,ORD-001353,PRD-0045,20,4400.0,2800.0,12.5,11000.0,77000.0,56000.0
ITM-0004948,ORD-001353,PRD-0016,11,18750.0,12900.0,7.5,15468.75,190781.25,141900.0
ITM-0004949,ORD-001353,PRD-0034,11,2800.0,1650.0,0.0,0.0,30800.0,18150.0
ITM-0004950,ORD-001353,PRD-0058,4,28050.0,19450.0,10.0,11220.0,100980.0,77800.0
ITM-0004951,ORD-001353,PRD-0063,51,12650.0,8000.0,0.0,0.0,645150.0,408000.0
ITM-0004952,ORD-001354,PRD-0028,54,6400.0,4200.0,2.5,8640.0,336960.0,226800.0
ITM-0004953,ORD-001354,PRD-0013,34,8750.0,5350.0,7.5,22312.5,275187.5,181900.0
ITM-0004954,ORD-001354,PRD-0007,2,33250.0,23700.0,7.5,4987.5,61512.5,47400.0
ITM-0004955,ORD-001354,PRD-0070,6,5100.0,3300.0,10.0,3060.0,27540.0,19800.0
ITM-0004956,ORD-001354,PRD-0011,13,50250.0,35950.0,5.0,32662.5,620587.5,467350.0
ITM-0004957,ORD-001354,PRD-0046,9,141200.0,107400.0,7.5,95310.0,1175490.0,966600.0
ITM-0004958,ORD-001355,PRD-0005,15,11500.0,7900.0,5.0,8625.0,163875.0,118500.0
ITM-0004959,ORD-001356,PRD-0008,15,11400.0,7800.0,0.0,0.0,171000.0,117000.0
ITM-0004960,ORD-001356,PRD-0048,5,160400.0,117650.0,5.0,40100.0,761900.0,588250.0
ITM-0004961,ORD-001356,PRD-0066,10,5300.0,3250.0,5.0,2650.0,50350.0,32500.0
ITM-0004962,ORD-001356,PRD-0030,10,35850.0,25550.0,7.5,26887.5,331612.5,255500.0
ITM-0004963,ORD-001357,PRD-0065,5,9000.0,5800.0,7.5,3375.0,41625.0,29000.0
ITM-0004964,ORD-001357,PRD-0022,4,13950.0,9250.0,5.0,2790.0,53010.0,37000.0
ITM-0004965,ORD-001358,PRD-0022,17,13950.0,9250.0,7.5,17786.25,219363.75,157250.0
ITM-0004966,ORD-001358,PRD-0033,4,88100.0,66350.0,0.0,0.0,352400.0,265400.0
ITM-0004967,ORD-001358,PRD-0053,8,50250.0,36300.0,5.0,20100.0,381900.0,290400.0
ITM-0004968,ORD-001359,PRD-0007,2,33250.0,23700.0,0.0,0.0,66500.0,47400.0
ITM-0004969,ORD-001359,PRD-0006,2,27000.0,19650.0,10.0,5400.0,48600.0,39300.0
ITM-0004970,ORD-001359,PRD-0053,12,50250.0,36300.0,7.5,45225.0,557775.0,435600.0
ITM-0004971,ORD-001360,PRD-0069,14,41700.0,30300.0,0.0,0.0,583800.0,424200.0
ITM-0004972,ORD-001360,PRD-0003,17,88300.0,65000.0,10.0,150110.0,1350990.0,1105000.0
ITM-0004973,ORD-001360,PRD-0032,7,383350.0,305700.0,5.0,134172.5,2549277.5,2139900.0
ITM-0004974,ORD-001360,PRD-0034,14,2800.0,1650.0,7.5,2940.0,36260.0,23100.0
ITM-0004975,ORD-001360,PRD-0037,24,7650.0,5500.0,12.5,22950.0,160650.0,132000.0
ITM-0004976,ORD-001360,PRD-0005,21,11500.0,7900.0,0.0,0.0,241500.0,165900.0
ITM-0004977,ORD-001360,PRD-0040,10,70550.0,49600.0,0.0,0.0,705500.0,496000.0
ITM-0004978,ORD-001361,PRD-0066,18,5300.0,3250.0,10.0,9540.0,85860.0,58500.0
ITM-0004979,ORD-001361,PRD-0043,21,35950.0,25500.0,5.0,37747.5,717202.5,535500.0
ITM-0004980,ORD-001361,PRD-0007,7,33250.0,23700.0,12.5,29093.75,203656.25,165900.0
ITM-0004981,ORD-001361,PRD-0023,14,46600.0,33950.0,2.5,16310.0,636090.0,475300.0
ITM-0004982,ORD-001361,PRD-0034,18,2800.0,1650.0,10.0,5040.0,45360.0,29700.0
ITM-0004983,ORD-001361,PRD-0012,11,42850.0,31750.0,10.0,47135.0,424215.0,349250.0
ITM-0004984,ORD-001362,PRD-0034,4,2800.0,1650.0,5.0,560.0,10640.0,6600.0
ITM-0004985,ORD-001363,PRD-0005,12,11500.0,7900.0,10.0,13800.0,124200.0,94800.0
ITM-0004986,ORD-001363,PRD-0016,12,18750.0,12900.0,5.0,11250.0,213750.0,154800.0
ITM-0004987,ORD-001363,PRD-0069,2,41700.0,30300.0,2.5,2085.0,81315.0,60600.0
ITM-0004988,ORD-001363,PRD-0013,33,8750.0,5350.0,2.5,7218.75,281531.25,176550.0
ITM-0004989,ORD-001363,PRD-0039,20,13350.0,9100.0,5.0,13350.0,253650.0,182000.0
ITM-0004990,ORD-001364,PRD-0034,17,2800.0,1650.0,7.5,3570.0,44030.0,28050.0
ITM-0004991,ORD-001364,PRD-0053,3,50250.0,36300.0,7.5,11306.25,139443.75,108900.0
ITM-0004992,ORD-001364,PRD-0066,34,5300.0,3250.0,2.5,4505.0,175695.0,110500.0
ITM-0004993,ORD-001364,PRD-0005,42,11500.0,7900.0,5.0,24150.0,458850.0,331800.0
ITM-0004994,ORD-001364,PRD-0040,11,70550.0,49600.0,12.5,97006.25,679043.75,545600.0
ITM-0004995,ORD-001364,PRD-0015,3,19300.0,12700.0,7.5,4342.5,53557.5,38100.0
ITM-0004996,ORD-001364,PRD-0058,8,28050.0,19450.0,10.0,22440.0,201960.0,155600.0
ITM-0004997,ORD-001365,PRD-0009,10,75050.0,56000.0,5.0,37525.0,712975.0,560000.0
ITM-0004998,ORD-001365,PRD-0034,8,2800.0,1650.0,10.0,2240.0,20160.0,13200.0
ITM-0004999,ORD-001366,PRD-0022,13,13950.0,9250.0,5.0,9067.5,172282.5,120250.0
ITM-0005000,ORD-001366,PRD-0051,34,7700.0,4850.0,5.0,13090.0,248710.0,164900.0
ITM-0005001,ORD-001366,PRD-0049,28,2250.0,1400.0,2.5,1575.0,61425.0,39200.0
ITM-0005002,ORD-001366,PRD-0005,21,11500.0,7900.0,0.0,0.0,241500.0,165900.0
ITM-0005003,ORD-001366,PRD-0030,15,35850.0,25550.0,10.0,53775.0,483975.0,383250.0
ITM-0005004,ORD-001367,PRD-0030,58,35850.0,25550.0,0.0,0.0,2079300.0,1481900.0
ITM-0005005,ORD-001367,PRD-0011,19,50250.0,35950.0,10.0,95475.0,859275.0,683050.0
ITM-0005006,ORD-001368,PRD-0050,7,1200.0,650.0,7.5,630.0,7770.0,4550.0
ITM-0005007,ORD-001368,PRD-0052,7,40400.0,29250.0,7.5,21210.0,261590.0,204750.0
ITM-0005008,ORD-001368,PRD-0069,14,41700.0,30300.0,10.0,58380.0,525420.0,424200.0
ITM-0005009,ORD-001368,PRD-0016,5,18750.0,12900.0,12.5,11718.75,82031.25,64500.0
ITM-0005010,ORD-001369,PRD-0031,10,1600.0,900.0,0.0,0.0,16000.0,9000.0
ITM-0005011,ORD-001369,PRD-0033,10,88100.0,66350.0,2.5,22025.0,858975.0,663500.0
ITM-0005012,ORD-001369,PRD-0050,25,1200.0,650.0,5.0,1500.0,28500.0,16250.0
ITM-0005013,ORD-001369,PRD-0036,2,170650.0,122850.0,5.0,17065.0,324235.0,245700.0
ITM-0005014,ORD-001369,PRD-0037,46,7650.0,5500.0,7.5,26392.5,325507.5,253000.0
ITM-0005015,ORD-001369,PRD-0058,4,28050.0,19450.0,7.5,8415.0,103785.0,77800.0
ITM-0005016,ORD-001369,PRD-0070,29,5100.0,3300.0,12.5,18487.5,129412.5,95700.0
ITM-0005017,ORD-001370,PRD-0007,5,33250.0,23700.0,0.0,0.0,166250.0,118500.0
ITM-0005018,ORD-001370,PRD-0005,17,11500.0,7900.0,2.5,4887.5,190612.5,134300.0
ITM-0005019,ORD-001370,PRD-0045,8,4400.0,2800.0,5.0,1760.0,33440.0,22400.0
ITM-0005020,ORD-001370,PRD-0016,3,18750.0,12900.0,7.5,4218.75,52031.25,38700.0
ITM-0005021,ORD-001371,PRD-0007,1,33250.0,23700.0,5.0,1662.5,31587.5,23700.0
ITM-0005022,ORD-001371,PRD-0066,3,5300.0,3250.0,5.0,795.0,15105.0,9750.0
ITM-0005023,ORD-001371,PRD-0069,1,41700.0,30300.0,5.0,2085.0,39615.0,30300.0
ITM-0005024,ORD-001372,PRD-0045,36,4400.0,2800.0,7.5,11880.0,146520.0,100800.0
ITM-0005025,ORD-001372,PRD-0026,14,5050.0,3050.0,10.0,7070.0,63630.0,42700.0
ITM-0005026,ORD-001372,PRD-0002,29,52050.0,38100.0,7.5,113208.75,1396241.25,1104900.0
ITM-0005027,ORD-001373,PRD-0036,3,170650.0,122850.0,7.5,38396.25,473553.75,368550.0
ITM-0005028,ORD-001374,PRD-0053,10,50250.0,36300.0,0.0,0.0,502500.0,363000.0
ITM-0005029,ORD-001374,PRD-0034,2,2800.0,1650.0,5.0,280.0,5320.0,3300.0
ITM-0005030,ORD-001374,PRD-0005,6,11500.0,7900.0,0.0,0.0,69000.0,47400.0
ITM-0005031,ORD-001374,PRD-0015,6,19300.0,12700.0,2.5,2895.0,112905.0,76200.0
ITM-0005032,ORD-001374,PRD-0067,20,2050.0,1250.0,5.0,2050.0,38950.0,25000.0
ITM-0005033,ORD-001375,PRD-0045,17,4400.0,2800.0,2.5,1870.0,72930.0,47600.0
ITM-0005034,ORD-001375,PRD-0015,14,19300.0,12700.0,7.5,20265.0,249935.0,177800.0
ITM-0005035,ORD-001375,PRD-0013,37,8750.0,5350.0,7.5,24281.25,299468.75,197950.0
ITM-0005036,ORD-001375,PRD-0011,17,50250.0,35950.0,2.5,21356.25,832893.75,611150.0
ITM-0005037,ORD-001375,PRD-0064,6,40250.0,28850.0,5.0,12075.0,229425.0,173100.0
ITM-0005038,ORD-001375,PRD-0021,17,151550.0,109750.0,0.0,0.0,2576350.0,1865750.0
ITM-0005039,ORD-001376,PRD-0066,17,5300.0,3250.0,12.5,11262.5,78837.5,55250.0
ITM-0005040,ORD-001376,PRD-0040,8,70550.0,49600.0,0.0,0.0,564400.0,396800.0
ITM-0005041,ORD-001377,PRD-0034,4,2800.0,1650.0,5.0,560.0,10640.0,6600.0
ITM-0005042,ORD-001377,PRD-0005,18,11500.0,7900.0,7.5,15525.0,191475.0,142200.0
ITM-0005043,ORD-001377,PRD-0026,31,5050.0,3050.0,2.5,3913.75,152636.25,94550.0
ITM-0005044,ORD-001377,PRD-0007,7,33250.0,23700.0,0.0,0.0,232750.0,165900.0
ITM-0005045,ORD-001377,PRD-0004,34,7100.0,4600.0,7.5,18105.0,223295.0,156400.0
ITM-0005046,ORD-001377,PRD-0023,4,46600.0,33950.0,7.5,13980.0,172420.0,135800.0
ITM-0005047,ORD-001377,PRD-0066,16,5300.0,3250.0,10.0,8480.0,76320.0,52000.0
ITM-0005048,ORD-001378,PRD-0023,2,46600.0,33950.0,10.0,9320.0,83880.0,67900.0
ITM-0005049,ORD-001378,PRD-0003,4,88300.0,65000.0,7.5,26490.0,326710.0,260000.0
ITM-0005050,ORD-001378,PRD-0032,11,383350.0,305700.0,0.0,0.0,4216850.0,3362700.0
ITM-0005051,ORD-001379,PRD-0058,12,28050.0,19450.0,7.5,25245.0,311355.0,233400.0
ITM-0005052,ORD-001379,PRD-0009,15,75050.0,56000.0,0.0,0.0,1125750.0,840000.0
ITM-0005053,ORD-001379,PRD-0036,7,170650.0,122850.0,7.5,89591.25,1104958.75,859950.0
ITM-0005054,ORD-001380,PRD-0036,7,170650.0,122850.0,0.0,0.0,1194550.0,859950.0
ITM-0005055,ORD-001380,PRD-0009,5,75050.0,56000.0,5.0,18762.5,356487.5,280000.0
ITM-0005056,ORD-001380,PRD-0034,9,2800.0,1650.0,0.0,0.0,25200.0,14850.0
ITM-0005057,ORD-001381,PRD-0007,6,33250.0,23700.0,10.0,19950.0,179550.0,142200.0
ITM-0005058,ORD-001381,PRD-0033,4,88100.0,66350.0,7.5,26430.0,325970.0,265400.0
ITM-0005059,ORD-001381,PRD-0034,5,2800.0,1650.0,0.0,0.0,14000.0,8250.0
ITM-0005060,ORD-001381,PRD-0022,6,13950.0,9250.0,0.0,0.0,83700.0,55500.0
ITM-0005061,ORD-001382,PRD-0050,31,1200.0,650.0,7.5,2790.0,34410.0,20150.0
ITM-0005062,ORD-001382,PRD-0011,21,50250.0,35950.0,5.0,52762.5,1002487.5,754950.0
ITM-0005063,ORD-001382,PRD-0034,14,2800.0,1650.0,5.0,1960.0,37240.0,23100.0
ITM-0005064,ORD-001382,PRD-0017,14,15250.0,10000.0,5.0,10675.0,202825.0,140000.0
ITM-0005065,ORD-001382,PRD-0052,7,40400.0,29250.0,0.0,0.0,282800.0,204750.0
ITM-0005066,ORD-001383,PRD-0004,20,7100.0,4600.0,5.0,7100.0,134900.0,92000.0
ITM-0005067,ORD-001383,PRD-0007,13,33250.0,23700.0,0.0,0.0,432250.0,308100.0
ITM-0005068,ORD-001383,PRD-0011,13,50250.0,35950.0,5.0,32662.5,620587.5,467350.0
ITM-0005069,ORD-001383,PRD-0009,4,75050.0,56000.0,2.5,7505.0,292695.0,224000.0
ITM-0005070,ORD-001384,PRD-0032,5,383350.0,305700.0,7.5,143756.25,1772993.75,1528500.0
ITM-0005071,ORD-001384,PRD-0034,1,2800.0,1650.0,10.0,280.0,2520.0,1650.0
ITM-0005072,ORD-001384,PRD-0037,22,7650.0,5500.0,5.0,8415.0,159885.0,121000.0
ITM-0005073,ORD-001384,PRD-0038,5,32300.0,22650.0,2.5,4037.5,157462.5,113250.0
ITM-0005074,ORD-001385,PRD-0051,30,7700.0,4850.0,0.0,0.0,231000.0,145500.0
ITM-0005075,ORD-001385,PRD-0005,28,11500.0,7900.0,5.0,16100.0,305900.0,221200.0
ITM-0005076,ORD-001385,PRD-0059,35,1850.0,1050.0,5.0,3237.5,61512.5,36750.0
ITM-0005077,ORD-001386,PRD-0033,2,88100.0,66350.0,12.5,22025.0,154175.0,132700.0
ITM-0005078,ORD-001386,PRD-0022,6,13950.0,9250.0,7.5,6277.5,77422.5,55500.0
ITM-0005079,ORD-001386,PRD-0029,3,30900.0,21650.0,7.5,6952.5,85747.5,64950.0
ITM-0005080,ORD-001387,PRD-0066,15,5300.0,3250.0,5.0,3975.0,75525.0,48750.0
ITM-0005081,ORD-001387,PRD-0052,8,40400.0,29250.0,7.5,24240.0,298960.0,234000.0
ITM-0005082,ORD-001387,PRD-0069,3,41700.0,30300.0,5.0,6255.0,118845.0,90900.0
ITM-0005083,ORD-001387,PRD-0067,4,2050.0,1250.0,2.5,205.0,7995.0,5000.0
ITM-0005084,ORD-001388,PRD-0045,9,4400.0,2800.0,7.5,2970.0,36630.0,25200.0
ITM-0005085,ORD-001388,PRD-0065,21,9000.0,5800.0,5.0,9450.0,179550.0,121800.0
ITM-0005086,ORD-001388,PRD-0027,12,11500.0,7200.0,10.0,13800.0,124200.0,86400.0
ITM-0005087,ORD-001388,PRD-0049,23,2250.0,1400.0,12.5,6468.75,45281.25,32200.0
ITM-0005088,ORD-001389,PRD-0053,4,50250.0,36300.0,7.5,15075.0,185925.0,145200.0
ITM-0005089,ORD-001389,PRD-0003,1,88300.0,65000.0,7.5,6622.5,81677.5,65000.0
ITM-0005090,ORD-001390,PRD-0032,8,383350.0,305700.0,5.0,153340.0,2913460.0,2445600.0
ITM-0005091,ORD-001390,PRD-0030,6,35850.0,25550.0,5.0,10755.0,204345.0,153300.0
ITM-0005092,ORD-001390,PRD-0016,4,18750.0,12900.0,0.0,0.0,75000.0,51600.0
ITM-0005093,ORD-001390,PRD-0026,21,5050.0,3050.0,7.5,7953.75,98096.25,64050.0
ITM-0005094,ORD-001391,PRD-0008,8,11400.0,7800.0,7.5,6840.0,84360.0,62400.0
ITM-0005095,ORD-001391,PRD-0069,8,41700.0,30300.0,5.0,16680.0,316920.0,242400.0
ITM-0005096,ORD-001392,PRD-0011,18,50250.0,35950.0,7.5,67837.5,836662.5,647100.0
ITM-0005097,ORD-001392,PRD-0034,4,2800.0,1650.0,5.0,560.0,10640.0,6600.0
ITM-0005098,ORD-001392,PRD-0019,50,2950.0,1850.0,0.0,0.0,147500.0,92500.0
ITM-0005099,ORD-001393,PRD-0007,2,33250.0,23700.0,5.0,3325.0,63175.0,47400.0
ITM-0005100,ORD-001393,PRD-0066,7,5300.0,3250.0,10.0,3710.0,33390.0,22750.0
ITM-0005101,ORD-001393,PRD-0014,2,199750.0,146450.0,7.5,29962.5,369537.5,292900.0
ITM-0005102,ORD-001393,PRD-0016,11,18750.0,12900.0,5.0,10312.5,195937.5,141900.0
ITM-0005103,ORD-001393,PRD-0003,9,88300.0,65000.0,5.0,39735.0,754965.0,585000.0
ITM-0005104,ORD-001394,PRD-0014,3,199750.0,146450.0,10.0,59925.0,539325.0,439350.0
ITM-0005105,ORD-001394,PRD-0040,8,70550.0,49600.0,2.5,14110.0,550290.0,396800.0
ITM-0005106,ORD-001394,PRD-0066,24,5300.0,3250.0,10.0,12720.0,114480.0,78000.0
ITM-0005107,ORD-001395,PRD-0040,2,70550.0,49600.0,0.0,0.0,141100.0,99200.0
ITM-0005108,ORD-001395,PRD-0049,15,2250.0,1400.0,0.0,0.0,33750.0,21000.0
ITM-0005109,ORD-001395,PRD-0045,15,4400.0,2800.0,5.0,3300.0,62700.0,42000.0
ITM-0005110,ORD-001395,PRD-0053,5,50250.0,36300.0,10.0,25125.0,226125.0,181500.0
ITM-0005111,ORD-001395,PRD-0066,11,5300.0,3250.0,5.0,2915.0,55385.0,35750.0
ITM-0005112,ORD-001396,PRD-0053,2,50250.0,36300.0,0.0,0.0,100500.0,72600.0
ITM-0005113,ORD-001396,PRD-0022,2,13950.0,9250.0,5.0,1395.0,26505.0,18500.0
ITM-0005114,ORD-001397,PRD-0052,10,40400.0,29250.0,10.0,40400.0,363600.0,292500.0
ITM-0005115,ORD-001397,PRD-0007,3,33250.0,23700.0,12.5,12468.75,87281.25,71100.0
ITM-0005116,ORD-001398,PRD-0050,14,1200.0,650.0,2.5,420.0,16380.0,9100.0
ITM-0005117,ORD-001398,PRD-0053,4,50250.0,36300.0,5.0,10050.0,190950.0,145200.0
ITM-0005118,ORD-001398,PRD-0036,1,170650.0,122850.0,0.0,0.0,170650.0,122850.0
ITM-0005119,ORD-001398,PRD-0066,7,5300.0,3250.0,7.5,2782.5,34317.5,22750.0
ITM-0005120,ORD-001399,PRD-0011,2,50250.0,35950.0,12.5,12562.5,87937.5,71900.0
ITM-0005121,ORD-001399,PRD-0007,1,33250.0,23700.0,10.0,3325.0,29925.0,23700.0
ITM-0005122,ORD-001400,PRD-0005,30,11500.0,7900.0,5.0,17250.0,327750.0,237000.0
ITM-0005123,ORD-001400,PRD-0030,16,35850.0,25550.0,5.0,28680.0,544920.0,408800.0
ITM-0005124,ORD-001400,PRD-0022,5,13950.0,9250.0,5.0,3487.5,66262.5,46250.0
ITM-0005125,ORD-001400,PRD-0048,7,160400.0,117650.0,7.5,84210.0,1038590.0,823550.0
ITM-0005126,ORD-001401,PRD-0007,7,33250.0,23700.0,5.0,11637.5,221112.5,165900.0
ITM-0005127,ORD-001401,PRD-0005,21,11500.0,7900.0,5.0,12075.0,229425.0,165900.0
ITM-0005128,ORD-001402,PRD-0034,9,2800.0,1650.0,2.5,630.0,24570.0,14850.0
ITM-0005129,ORD-001402,PRD-0023,14,46600.0,33950.0,2.5,16310.0,636090.0,475300.0
ITM-0005130,ORD-001402,PRD-0052,7,40400.0,29250.0,7.5,21210.0,261590.0,204750.0
ITM-0005131,ORD-001402,PRD-0065,34,9000.0,5800.0,7.5,22950.0,283050.0,197200.0
ITM-0005132,ORD-001403,PRD-0053,6,50250.0,36300.0,2.5,7537.5,293962.5,217800.0
ITM-0005133,ORD-001403,PRD-0007,1,33250.0,23700.0,7.5,2493.75,30756.25,23700.0
ITM-0005134,ORD-001404,PRD-0037,28,7650.0,5500.0,0.0,0.0,214200.0,154000.0
ITM-0005135,ORD-001404,PRD-0009,9,75050.0,56000.0,2.5,16886.25,658563.75,504000.0
ITM-0005136,ORD-001404,PRD-0048,2,160400.0,117650.0,7.5,24060.0,296740.0,235300.0
ITM-0005137,ORD-001405,PRD-0005,48,11500.0,7900.0,10.0,55200.0,496800.0,379200.0
ITM-0005138,ORD-001405,PRD-0033,7,88100.0,66350.0,5.0,30835.0,585865.0,464450.0
ITM-0005139,ORD-001405,PRD-0045,28,4400.0,2800.0,7.5,9240.0,113960.0,78400.0
ITM-0005140,ORD-001405,PRD-0023,7,46600.0,33950.0,12.5,40775.0,285425.0,237650.0
ITM-0005141,ORD-001405,PRD-0027,65,11500.0,7200.0,0.0,0.0,747500.0,468000.0
ITM-0005142,ORD-001405,PRD-0034,10,2800.0,1650.0,5.0,1400.0,26600.0,16500.0
ITM-0005143,ORD-001406,PRD-0007,12,33250.0,23700.0,5.0,19950.0,379050.0,284400.0
ITM-0005144,ORD-001406,PRD-0014,9,199750.0,146450.0,5.0,89887.5,1707862.5,1318050.0
ITM-0005145,ORD-001406,PRD-0053,6,50250.0,36300.0,5.0,15075.0,286425.0,217800.0
ITM-0005146,ORD-001406,PRD-0058,6,28050.0,19450.0,0.0,0.0,168300.0,116700.0
ITM-0005147,ORD-001406,PRD-0049,40,2250.0,1400.0,10.0,9000.0,81000.0,56000.0
ITM-0005148,ORD-001406,PRD-0045,31,4400.0,2800.0,7.5,10230.0,126170.0,86800.0
ITM-0005149,ORD-001407,PRD-0037,7,7650.0,5500.0,7.5,4016.25,49533.75,38500.0
ITM-0005150,ORD-001407,PRD-0069,2,41700.0,30300.0,5.0,4170.0,79230.0,60600.0
ITM-0005151,ORD-001407,PRD-0034,1,2800.0,1650.0,5.0,140.0,2660.0,1650.0
ITM-0005152,ORD-001407,PRD-0060,6,16450.0,11150.0,5.0,4935.0,93765.0,66900.0
ITM-0005153,ORD-001407,PRD-0049,5,2250.0,1400.0,5.0,562.5,10687.5,7000.0
ITM-0005154,ORD-001408,PRD-0021,3,151550.0,109750.0,7.5,34098.75,420551.25,329250.0
ITM-0005155,ORD-001408,PRD-0011,10,50250.0,35950.0,0.0,0.0,502500.0,359500.0
ITM-0005156,ORD-001408,PRD-0056,10,16900.0,12000.0,5.0,8450.0,160550.0,120000.0
ITM-0005157,ORD-001409,PRD-0034,9,2800.0,1650.0,10.0,2520.0,22680.0,14850.0
ITM-0005158,ORD-001409,PRD-0053,15,50250.0,36300.0,2.5,18843.75,734906.25,544500.0
ITM-0005159,ORD-001409,PRD-0045,33,4400.0,2800.0,2.5,3630.0,141570.0,92400.0
ITM-0005160,ORD-001409,PRD-0049,15,2250.0,1400.0,10.0,3375.0,30375.0,21000.0
ITM-0005161,ORD-001409,PRD-0027,57,11500.0,7200.0,2.5,16387.5,639112.5,410400.0
ITM-0005162,ORD-001409,PRD-0024,30,17950.0,12350.0,5.0,26925.0,511575.0,370500.0
ITM-0005163,ORD-001410,PRD-0031,30,1600.0,900.0,12.5,6000.0,42000.0,27000.0
ITM-0005164,ORD-001410,PRD-0030,15,35850.0,25550.0,5.0,26887.5,510862.5,383250.0
ITM-0005165,ORD-001410,PRD-0034,23,2800.0,1650.0,0.0,0.0,64400.0,37950.0
ITM-0005166,ORD-001410,PRD-0057,19,25450.0,17350.0,7.5,36266.25,447283.75,329650.0
ITM-0005167,ORD-001411,PRD-0007,3,33250.0,23700.0,2.5,2493.75,97256.25,71100.0
ITM-0005168,ORD-001411,PRD-0053,11,50250.0,36300.0,5.0,27637.5,525112.5,399300.0
ITM-0005169,ORD-001411,PRD-0034,14,2800.0,1650.0,7.5,2940.0,36260.0,23100.0
ITM-0005170,ORD-001411,PRD-0027,23,11500.0,7200.0,5.0,13225.0,251275.0,165600.0
ITM-0005171,ORD-001411,PRD-0066,17,5300.0,3250.0,0.0,0.0,90100.0,55250.0
ITM-0005172,ORD-001412,PRD-0026,33,5050.0,3050.0,5.0,8332.5,158317.5,100650.0
ITM-0005173,ORD-001412,PRD-0045,14,4400.0,2800.0,10.0,6160.0,55440.0,39200.0
ITM-0005174,ORD-001412,PRD-0060,8,16450.0,11150.0,7.5,9870.0,121730.0,89200.0
ITM-0005175,ORD-001412,PRD-0017,7,15250.0,10000.0,0.0,0.0,106750.0,70000.0
ITM-0005176,ORD-001412,PRD-0033,4,88100.0,66350.0,0.0,0.0,352400.0,265400.0
ITM-0005177,ORD-001413,PRD-0026,45,5050.0,3050.0,10.0,22725.0,204525.0,137250.0
ITM-0005178,ORD-001413,PRD-0022,4,13950.0,9250.0,5.0,2790.0,53010.0,37000.0
ITM-0005179,ORD-001413,PRD-0066,8,5300.0,3250.0,2.5,1060.0,41340.0,26000.0
ITM-0005180,ORD-001413,PRD-0049,28,2250.0,1400.0,5.0,3150.0,59850.0,39200.0
ITM-0005181,ORD-001414,PRD-0062,9,13700.0,9000.0,5.0,6165.0,117135.0,81000.0
ITM-0005182,ORD-001414,PRD-0069,17,41700.0,30300.0,10.0,70890.0,638010.0,515100.0
ITM-0005183,ORD-001414,PRD-0050,31,1200.0,650.0,5.0,1860.0,35340.0,20150.0
ITM-0005184,ORD-001415,PRD-0033,23,88100.0,66350.0,2.5,50657.5,1975642.5,1526050.0
ITM-0005185,ORD-001415,PRD-0009,15,75050.0,56000.0,5.0,56287.5,1069462.5,840000.0
ITM-0005186,ORD-001415,PRD-0036,19,170650.0,122850.0,5.0,162117.5,3080232.5,2334150.0
ITM-0005187,ORD-001415,PRD-0058,4,28050.0,19450.0,2.5,2805.0,109395.0,77800.0
ITM-0005188,ORD-001416,PRD-0046,5,141200.0,107400.0,2.5,17650.0,688350.0,537000.0
ITM-0005189,ORD-001416,PRD-0033,2,88100.0,66350.0,2.5,4405.0,171795.0,132700.0
ITM-0005190,ORD-001416,PRD-0027,23,11500.0,7200.0,5.0,13225.0,251275.0,165600.0
ITM-0005191,ORD-001416,PRD-0005,10,11500.0,7900.0,5.0,5750.0,109250.0,79000.0
ITM-0005192,ORD-001417,PRD-0060,11,16450.0,11150.0,0.0,0.0,180950.0,122650.0
ITM-0005193,ORD-001417,PRD-0007,18,33250.0,23700.0,2.5,14962.5,583537.5,426600.0
ITM-0005194,ORD-001418,PRD-0023,13,46600.0,33950.0,0.0,0.0,605800.0,441350.0
ITM-0005195,ORD-001418,PRD-0045,9,4400.0,2800.0,5.0,1980.0,37620.0,25200.0
ITM-0005196,ORD-001418,PRD-0010,9,50450.0,37650.0,7.5,34053.75,419996.25,338850.0
ITM-0005197,ORD-001418,PRD-0027,40,11500.0,7200.0,5.0,23000.0,437000.0,288000.0
ITM-0005198,ORD-001419,PRD-0005,19,11500.0,7900.0,5.0,10925.0,207575.0,150100.0
ITM-0005199,ORD-001420,PRD-0065,25,9000.0,5800.0,5.0,11250.0,213750.0,145000.0
ITM-0005200,ORD-001420,PRD-0032,12,383350.0,305700.0,0.0,0.0,4600200.0,3668400.0
ITM-0005201,ORD-001420,PRD-0030,29,35850.0,25550.0,2.5,25991.25,1013658.75,740950.0
ITM-0005202,ORD-001420,PRD-0060,8,16450.0,11150.0,0.0,0.0,131600.0,89200.0
ITM-0005203,ORD-001420,PRD-0007,4,33250.0,23700.0,12.5,16625.0,116375.0,94800.0
ITM-0005204,ORD-001421,PRD-0066,19,5300.0,3250.0,5.0,5035.0,95665.0,61750.0
ITM-0005205,ORD-001422,PRD-0066,7,5300.0,3250.0,7.5,2782.5,34317.5,22750.0
ITM-0005206,ORD-001422,PRD-0034,3,2800.0,1650.0,2.5,210.0,8190.0,4950.0
ITM-0005207,ORD-001422,PRD-0025,6,32700.0,22850.0,10.0,19620.0,176580.0,137100.0
ITM-0005208,ORD-001422,PRD-0035,8,195800.0,149250.0,7.5,117480.0,1448920.0,1194000.0
ITM-0005209,ORD-001422,PRD-0028,20,6400.0,4200.0,0.0,0.0,128000.0,84000.0
ITM-0005210,ORD-001423,PRD-0040,4,70550.0,49600.0,2.5,7055.0,275145.0,198400.0
ITM-0005211,ORD-001423,PRD-0031,15,1600.0,900.0,12.5,3000.0,21000.0,13500.0
ITM-0005212,ORD-001424,PRD-0066,18,5300.0,3250.0,0.0,0.0,95400.0,58500.0
ITM-0005213,ORD-001424,PRD-0032,5,383350.0,305700.0,10.0,191675.0,1725075.0,1528500.0
ITM-0005214,ORD-001424,PRD-0064,3,40250.0,28850.0,5.0,6037.5,114712.5,86550.0
ITM-0005215,ORD-001424,PRD-0029,3,30900.0,21650.0,5.0,4635.0,88065.0,64950.0
ITM-0005216,ORD-001424,PRD-0070,6,5100.0,3300.0,10.0,3060.0,27540.0,19800.0
ITM-0005217,ORD-001425,PRD-0039,17,13350.0,9100.0,0.0,0.0,226950.0,154700.0
ITM-0005218,ORD-001425,PRD-0031,36,1600.0,900.0,10.0,5760.0,51840.0,32400.0
ITM-0005219,ORD-001425,PRD-0004,7,7100.0,4600.0,12.5,6212.5,43487.5,32200.0
ITM-0005220,ORD-001425,PRD-0008,5,11400.0,7800.0,5.0,2850.0,54150.0,39000.0
ITM-0005221,ORD-001426,PRD-0049,25,2250.0,1400.0,5.0,2812.5,53437.5,35000.0
ITM-0005222,ORD-001426,PRD-0034,7,2800.0,1650.0,10.0,1960.0,17640.0,11550.0
ITM-0005223,ORD-001426,PRD-0023,18,46600.0,33950.0,10.0,83880.0,754920.0,611100.0
ITM-0005224,ORD-001426,PRD-0060,4,16450.0,11150.0,5.0,3290.0,62510.0,44600.0
ITM-0005225,ORD-001426,PRD-0016,14,18750.0,12900.0,2.5,6562.5,255937.5,180600.0
ITM-0005226,ORD-001426,PRD-0007,22,33250.0,23700.0,5.0,36575.0,694925.0,521400.0
ITM-0005227,ORD-001426,PRD-0031,11,1600.0,900.0,10.0,1760.0,15840.0,9900.0
ITM-0005228,ORD-001427,PRD-0050,13,1200.0,650.0,5.0,780.0,14820.0,8450.0
ITM-0005229,ORD-001427,PRD-0064,1,40250.0,28850.0,5.0,2012.5,38237.5,28850.0
ITM-0005230,ORD-001428,PRD-0064,3,40250.0,28850.0,5.0,6037.5,114712.5,86550.0
ITM-0005231,ORD-001428,PRD-0065,6,9000.0,5800.0,5.0,2700.0,51300.0,34800.0
ITM-0005232,ORD-001429,PRD-0010,4,50450.0,37650.0,2.5,5045.0,196755.0,150600.0
ITM-0005233,ORD-001429,PRD-0027,85,11500.0,7200.0,0.0,0.0,977500.0,612000.0
ITM-0005234,ORD-001430,PRD-0066,7,5300.0,3250.0,10.0,3710.0,33390.0,22750.0
ITM-0005235,ORD-001430,PRD-0034,9,2800.0,1650.0,0.0,0.0,25200.0,14850.0
ITM-0005236,ORD-001431,PRD-0001,2,49000.0,35150.0,10.0,9800.0,88200.0,70300.0
ITM-0005237,ORD-001431,PRD-0026,3,5050.0,3050.0,7.5,1136.25,14013.75,9150.0
ITM-0005238,ORD-001431,PRD-0025,4,32700.0,22850.0,7.5,9810.0,120990.0,91400.0
ITM-0005239,ORD-001431,PRD-0066,6,5300.0,3250.0,0.0,0.0,31800.0,19500.0
ITM-0005240,ORD-001432,PRD-0066,16,5300.0,3250.0,12.5,10600.0,74200.0,52000.0
ITM-0005241,ORD-001432,PRD-0027,21,11500.0,7200.0,12.5,30187.5,211312.5,151200.0
ITM-0005242,ORD-001432,PRD-0038,3,32300.0,22650.0,7.5,7267.5,89632.5,67950.0
ITM-0005243,ORD-001433,PRD-0036,1,170650.0,122850.0,12.5,21331.25,149318.75,122850.0
ITM-0005244,ORD-001433,PRD-0011,2,50250.0,35950.0,10.0,10050.0,90450.0,71900.0
ITM-0005245,ORD-001433,PRD-0007,6,33250.0,23700.0,0.0,0.0,199500.0,142200.0
ITM-0005246,ORD-001434,PRD-0066,3,5300.0,3250.0,0.0,0.0,15900.0,9750.0
ITM-0005247,ORD-001434,PRD-0063,6,12650.0,8000.0,7.5,5692.5,70207.5,48000.0
ITM-0005248,ORD-001435,PRD-0020,21,31900.0,22100.0,5.0,33495.0,636405.0,464100.0
ITM-0005249,ORD-001435,PRD-0053,11,50250.0,36300.0,0.0,0.0,552750.0,399300.0
ITM-0005250,ORD-001435,PRD-0026,39,5050.0,3050.0,10.0,19695.0,177255.0,118950.0
ITM-0005251,ORD-001436,PRD-0022,6,13950.0,9250.0,0.0,0.0,83700.0,55500.0
ITM-0005252,ORD-001436,PRD-0019,17,2950.0,1850.0,0.0,0.0,50150.0,31450.0
ITM-0005253,ORD-001436,PRD-0049,32,2250.0,1400.0,7.5,5400.0,66600.0,44800.0
ITM-0005254,ORD-001436,PRD-0018,8,39400.0,29550.0,2.5,7880.0,307320.0,236400.0
ITM-0005255,ORD-001437,PRD-0030,18,35850.0,25550.0,12.5,80662.5,564637.5,459900.0
ITM-0005256,ORD-001437,PRD-0027,18,11500.0,7200.0,5.0,10350.0,196650.0,129600.0
ITM-0005257,ORD-001438,PRD-0034,6,2800.0,1650.0,7.5,1260.0,15540.0,9900.0
ITM-0005258,ORD-001438,PRD-0067,6,2050.0,1250.0,0.0,0.0,12300.0,7500.0
ITM-0005259,ORD-001438,PRD-0069,7,41700.0,30300.0,0.0,0.0,291900.0,212100.0
ITM-0005260,ORD-001438,PRD-0049,15,2250.0,1400.0,10.0,3375.0,30375.0,21000.0
ITM-0005261,ORD-001439,PRD-0045,18,4400.0,2800.0,7.5,5940.0,73260.0,50400.0
ITM-0005262,ORD-001440,PRD-0007,16,33250.0,23700.0,5.0,26600.0,505400.0,379200.0
ITM-0005263,ORD-001440,PRD-0069,6,41700.0,30300.0,12.5,31275.0,218925.0,181800.0
ITM-0005264,ORD-001440,PRD-0061,31,5600.0,3650.0,0.0,0.0,173600.0,113150.0
ITM-0005265,ORD-001440,PRD-0049,9,2250.0,1400.0,0.0,0.0,20250.0,12600.0
ITM-0005266,ORD-001440,PRD-0009,13,75050.0,56000.0,5.0,48782.5,926867.5,728000.0
ITM-0005267,ORD-001440,PRD-0033,3,88100.0,66350.0,0.0,0.0,264300.0,199050.0
ITM-0005268,ORD-001441,PRD-0066,6,5300.0,3250.0,2.5,795.0,31005.0,19500.0
ITM-0005269,ORD-001441,PRD-0004,14,7100.0,4600.0,12.5,12425.0,86975.0,64400.0
ITM-0005270,ORD-001441,PRD-0068,2,29000.0,20900.0,5.0,2900.0,55100.0,41800.0
ITM-0005271,ORD-001442,PRD-0033,14,88100.0,66350.0,2.5,30835.0,1202565.0,928900.0
ITM-0005272,ORD-001442,PRD-0008,3,11400.0,7800.0,2.5,855.0,33345.0,23400.0
ITM-0005273,ORD-001442,PRD-0002,8,52050.0,38100.0,0.0,0.0,416400.0,304800.0
ITM-0005274,ORD-001443,PRD-0021,4,151550.0,109750.0,0.0,0.0,606200.0,439000.0
ITM-0005275,ORD-001443,PRD-0023,23,46600.0,33950.0,2.5,26795.0,1045005.0,780850.0
ITM-0005276,ORD-001443,PRD-0010,19,50450.0,37650.0,5.0,47927.5,910622.5,715350.0
ITM-0005277,ORD-001443,PRD-0005,54,11500.0,7900.0,7.5,46575.0,574425.0,426600.0
ITM-0005278,ORD-001443,PRD-0011,12,50250.0,35950.0,0.0,0.0,603000.0,431400.0
ITM-0005279,ORD-001443,PRD-0034,23,2800.0,1650.0,5.0,3220.0,61180.0,37950.0
ITM-0005280,ORD-001443,PRD-0044,31,3350.0,2000.0,10.0,10385.0,93465.0,62000.0
ITM-0005281,ORD-001444,PRD-0043,2,35950.0,25500.0,10.0,7190.0,64710.0,51000.0
ITM-0005282,ORD-001444,PRD-0032,2,383350.0,305700.0,0.0,0.0,766700.0,611400.0
ITM-0005283,ORD-001444,PRD-0069,2,41700.0,30300.0,0.0,0.0,83400.0,60600.0
ITM-0005284,ORD-001444,PRD-0007,1,33250.0,23700.0,0.0,0.0,33250.0,23700.0
ITM-0005285,ORD-001445,PRD-0058,1,28050.0,19450.0,7.5,2103.75,25946.25,19450.0
ITM-0005286,ORD-001445,PRD-0063,20,12650.0,8000.0,10.0,25300.0,227700.0,160000.0
ITM-0005287,ORD-001445,PRD-0066,7,5300.0,3250.0,5.0,1855.0,35245.0,22750.0
ITM-0005288,ORD-001445,PRD-0017,5,15250.0,10000.0,2.5,1906.25,74343.75,50000.0
ITM-0005289,ORD-001446,PRD-0030,9,35850.0,25550.0,5.0,16132.5,306517.5,229950.0
ITM-0005290,ORD-001446,PRD-0052,14,40400.0,29250.0,10.0,56560.0,509040.0,409500.0
ITM-0005291,ORD-001447,PRD-0025,2,32700.0,22850.0,7.5,4905.0,60495.0,45700.0
ITM-0005292,ORD-001447,PRD-0057,7,25450.0,17350.0,5.0,8907.5,169242.5,121450.0
ITM-0005293,ORD-001447,PRD-0007,6,33250.0,23700.0,2.5,4987.5,194512.5,142200.0
ITM-0005294,ORD-001447,PRD-0026,26,5050.0,3050.0,2.5,3282.5,128017.5,79300.0
ITM-0005295,ORD-001447,PRD-0034,3,2800.0,1650.0,2.5,210.0,8190.0,4950.0
ITM-0005296,ORD-001448,PRD-0001,4,49000.0,35150.0,5.0,9800.0,186200.0,140600.0
ITM-0005297,ORD-001448,PRD-0028,14,6400.0,4200.0,12.5,11200.0,78400.0,58800.0
ITM-0005298,ORD-001448,PRD-0032,4,383350.0,305700.0,2.5,38335.0,1495065.0,1222800.0
ITM-0005299,ORD-001449,PRD-0027,33,11500.0,7200.0,0.0,0.0,379500.0,237600.0
ITM-0005300,ORD-001449,PRD-0040,16,70550.0,49600.0,2.5,28220.0,1100580.0,793600.0
ITM-0005301,ORD-001449,PRD-0034,16,2800.0,1650.0,5.0,2240.0,42560.0,26400.0
ITM-0005302,ORD-001449,PRD-0069,13,41700.0,30300.0,10.0,54210.0,487890.0,393900.0
ITM-0005303,ORD-001449,PRD-0065,49,9000.0,5800.0,7.5,33075.0,407925.0,284200.0
ITM-0005304,ORD-001449,PRD-0057,16,25450.0,17350.0,0.0,0.0,407200.0,277600.0
ITM-0005305,ORD-001449,PRD-0063,62,12650.0,8000.0,2.5,19607.5,764692.5,496000.0
ITM-0005306,ORD-001450,PRD-0036,14,170650.0,122850.0,0.0,0.0,2389100.0,1719900.0
ITM-0005307,ORD-001450,PRD-0049,18,2250.0,1400.0,10.0,4050.0,36450.0,25200.0
ITM-0005308,ORD-001450,PRD-0013,27,8750.0,5350.0,2.5,5906.25,230343.75,144450.0
ITM-0005309,ORD-001451,PRD-0050,20,1200.0,650.0,2.5,600.0,23400.0,13000.0
ITM-0005310,ORD-001451,PRD-0038,10,32300.0,22650.0,5.0,16150.0,306850.0,226500.0
ITM-0005311,ORD-001451,PRD-0065,13,9000.0,5800.0,5.0,5850.0,111150.0,75400.0
ITM-0005312,ORD-001451,PRD-0045,20,4400.0,2800.0,0.0,0.0,88000.0,56000.0
ITM-0005313,ORD-001452,PRD-0045,20,4400.0,2800.0,10.0,8800.0,79200.0,56000.0
ITM-0005314,ORD-001452,PRD-0005,21,11500.0,7900.0,7.5,18112.5,223387.5,165900.0
ITM-0005315,ORD-001452,PRD-0049,25,2250.0,1400.0,10.0,5625.0,50625.0,35000.0
ITM-0005316,ORD-001452,PRD-0003,9,88300.0,65000.0,7.5,59602.5,735097.5,585000.0
ITM-0005317,ORD-001452,PRD-0034,9,2800.0,1650.0,12.5,3150.0,22050.0,14850.0
ITM-0005318,ORD-001453,PRD-0003,12,88300.0,65000.0,10.0,105960.0,953640.0,780000.0
ITM-0005319,ORD-001453,PRD-0026,15,5050.0,3050.0,7.5,5681.25,70068.75,45750.0
ITM-0005320,ORD-001453,PRD-0005,20,11500.0,7900.0,12.5,28750.0,201250.0,158000.0
ITM-0005321,ORD-001453,PRD-0025,9,32700.0,22850.0,0.0,0.0,294300.0,205650.0
ITM-0005322,ORD-001453,PRD-0030,29,35850.0,25550.0,5.0,51982.5,987667.5,740950.0
ITM-0005323,ORD-001453,PRD-0046,3,141200.0,107400.0,12.5,52950.0,370650.0,322200.0
ITM-0005324,ORD-001453,PRD-0047,15,67750.0,48250.0,0.0,0.0,1016250.0,723750.0
ITM-0005325,ORD-001454,PRD-0013,36,8750.0,5350.0,2.5,7875.0,307125.0,192600.0
ITM-0005326,ORD-001454,PRD-0063,21,12650.0,8000.0,7.5,19923.75,245726.25,168000.0
ITM-0005327,ORD-001455,PRD-0006,5,27000.0,19650.0,7.5,10125.0,124875.0,98250.0
ITM-0005328,ORD-001456,PRD-0006,3,27000.0,19650.0,5.0,4050.0,76950.0,58950.0
ITM-0005329,ORD-001456,PRD-0021,3,151550.0,109750.0,0.0,0.0,454650.0,329250.0
ITM-0005330,ORD-001456,PRD-0046,1,141200.0,107400.0,10.0,14120.0,127080.0,107400.0
ITM-0005331,ORD-001456,PRD-0008,1,11400.0,7800.0,12.5,1425.0,9975.0,7800.0
ITM-0005332,ORD-001457,PRD-0010,3,50450.0,37650.0,5.0,7567.5,143782.5,112950.0
ITM-0005333,ORD-001457,PRD-0033,1,88100.0,66350.0,0.0,0.0,88100.0,66350.0
ITM-0005334,ORD-001457,PRD-0053,6,50250.0,36300.0,0.0,0.0,301500.0,217800.0
ITM-0005335,ORD-001458,PRD-0066,16,5300.0,3250.0,0.0,0.0,84800.0,52000.0
ITM-0005336,ORD-001458,PRD-0017,8,15250.0,10000.0,5.0,6100.0,115900.0,80000.0
ITM-0005337,ORD-001458,PRD-0052,2,40400.0,29250.0,5.0,4040.0,76760.0,58500.0
ITM-0005338,ORD-001458,PRD-0005,16,11500.0,7900.0,5.0,9200.0,174800.0,126400.0
ITM-0005339,ORD-001459,PRD-0064,1,40250.0,28850.0,5.0,2012.5,38237.5,28850.0
ITM-0005340,ORD-001459,PRD-0007,4,33250.0,23700.0,10.0,13300.0,119700.0,94800.0
ITM-0005341,ORD-001460,PRD-0049,5,2250.0,1400.0,2.5,281.25,10968.75,7000.0
ITM-0005342,ORD-001460,PRD-0007,4,33250.0,23700.0,0.0,0.0,133000.0,94800.0
ITM-0005343,ORD-001461,PRD-0050,15,1200.0,650.0,0.0,0.0,18000.0,9750.0
ITM-0005344,ORD-001461,PRD-0058,8,28050.0,19450.0,0.0,0.0,224400.0,155600.0
ITM-0005345,ORD-001461,PRD-0069,8,41700.0,30300.0,7.5,25020.0,308580.0,242400.0
ITM-0005346,ORD-001462,PRD-0040,18,70550.0,49600.0,0.0,0.0,1269900.0,892800.0
ITM-0005347,ORD-001462,PRD-0037,74,7650.0,5500.0,2.5,14152.5,551947.5,407000.0
ITM-0005348,ORD-001462,PRD-0007,11,33250.0,23700.0,5.0,18287.5,347462.5,260700.0
ITM-0005349,ORD-001462,PRD-0027,55,11500.0,7200.0,2.5,15812.5,616687.5,396000.0
ITM-0005350,ORD-001462,PRD-0021,7,151550.0,109750.0,2.5,26521.25,1034328.75,768250.0
ITM-0005351,ORD-001462,PRD-0049,22,2250.0,1400.0,0.0,0.0,49500.0,30800.0
ITM-0005352,ORD-001462,PRD-0005,26,11500.0,7900.0,7.5,22425.0,276575.0,205400.0
ITM-0005353,ORD-001463,PRD-0067,17,2050.0,1250.0,7.5,2613.75,32236.25,21250.0
ITM-0005354,ORD-001463,PRD-0005,27,11500.0,7900.0,0.0,0.0,310500.0,213300.0
ITM-0005355,ORD-001463,PRD-0053,13,50250.0,36300.0,10.0,65325.0,587925.0,471900.0
ITM-0005356,ORD-001464,PRD-0066,26,5300.0,3250.0,10.0,13780.0,124020.0,84500.0
ITM-0005357,ORD-001464,PRD-0022,4,13950.0,9250.0,5.0,2790.0,53010.0,37000.0
ITM-0005358,ORD-001464,PRD-0032,12,383350.0,305700.0,10.0,460020.0,4140180.0,3668400.0
ITM-0005359,ORD-001465,PRD-0050,26,1200.0,650.0,10.0,3120.0,28080.0,16900.0
ITM-0005360,ORD-001465,PRD-0007,4,33250.0,23700.0,12.5,16625.0,116375.0,94800.0
ITM-0005361,ORD-001465,PRD-0035,6,195800.0,149250.0,0.0,0.0,1174800.0,895500.0
ITM-0005362,ORD-001465,PRD-0052,7,40400.0,29250.0,10.0,28280.0,254520.0,204750.0
ITM-0005363,ORD-001466,PRD-0034,3,2800.0,1650.0,10.0,840.0,7560.0,4950.0
ITM-0005364,ORD-001466,PRD-0045,33,4400.0,2800.0,2.5,3630.0,141570.0,92400.0
ITM-0005365,ORD-001466,PRD-0038,3,32300.0,22650.0,2.5,2422.5,94477.5,67950.0
ITM-0005366,ORD-001466,PRD-0066,36,5300.0,3250.0,10.0,19080.0,171720.0,117000.0
ITM-0005367,ORD-001467,PRD-0031,39,1600.0,900.0,5.0,3120.0,59280.0,35100.0
ITM-0005368,ORD-001467,PRD-0050,49,1200.0,650.0,5.0,2940.0,55860.0,31850.0
ITM-0005369,ORD-001467,PRD-0023,13,46600.0,33950.0,5.0,30290.0,575510.0,441350.0
ITM-0005370,ORD-001467,PRD-0022,10,13950.0,9250.0,0.0,0.0,139500.0,92500.0
ITM-0005371,ORD-001467,PRD-0034,10,2800.0,1650.0,5.0,1400.0,26600.0,16500.0
ITM-0005372,ORD-001467,PRD-0033,13,88100.0,66350.0,2.5,28632.5,1116667.5,862550.0
ITM-0005373,ORD-001468,PRD-0017,11,15250.0,10000.0,7.5,12581.25,155168.75,110000.0
ITM-0005374,ORD-001468,PRD-0019,21,2950.0,1850.0,2.5,1548.75,60401.25,38850.0
ITM-0005375,ORD-001468,PRD-0066,18,5300.0,3250.0,0.0,0.0,95400.0,58500.0
ITM-0005376,ORD-001468,PRD-0005,25,11500.0,7900.0,0.0,0.0,287500.0,197500.0
ITM-0005377,ORD-001469,PRD-0046,5,141200.0,107400.0,2.5,17650.0,688350.0,537000.0
ITM-0005378,ORD-001469,PRD-0028,12,6400.0,4200.0,7.5,5760.0,71040.0,50400.0
ITM-0005379,ORD-001469,PRD-0053,2,50250.0,36300.0,5.0,5025.0,95475.0,72600.0
ITM-0005380,ORD-001469,PRD-0014,4,199750.0,146450.0,7.5,59925.0,739075.0,585800.0
ITM-0005381,ORD-001469,PRD-0003,5,88300.0,65000.0,7.5,33112.5,408387.5,325000.0
ITM-0005382,ORD-001470,PRD-0027,62,11500.0,7200.0,2.5,17825.0,695175.0,446400.0
ITM-0005383,ORD-001470,PRD-0045,17,4400.0,2800.0,5.0,3740.0,71060.0,47600.0
ITM-0005384,ORD-001470,PRD-0040,7,70550.0,49600.0,7.5,37038.75,456811.25,347200.0
ITM-0005385,ORD-001470,PRD-0053,5,50250.0,36300.0,7.5,18843.75,232406.25,181500.0
ITM-0005386,ORD-001470,PRD-0063,49,12650.0,8000.0,7.5,46488.75,573361.25,392000.0
ITM-0005387,ORD-001470,PRD-0007,10,33250.0,23700.0,2.5,8312.5,324187.5,237000.0
ITM-0005388,ORD-001470,PRD-0028,17,6400.0,4200.0,5.0,5440.0,103360.0,71400.0
ITM-0005389,ORD-001471,PRD-0005,16,11500.0,7900.0,7.5,13800.0,170200.0,126400.0
ITM-0005390,ORD-001471,PRD-0039,15,13350.0,9100.0,2.5,5006.25,195243.75,136500.0
ITM-0005391,ORD-001471,PRD-0052,7,40400.0,29250.0,5.0,14140.0,268660.0,204750.0
ITM-0005392,ORD-001472,PRD-0013,6,8750.0,5350.0,0.0,0.0,52500.0,32100.0
ITM-0005393,ORD-001472,PRD-0059,10,1850.0,1050.0,0.0,0.0,18500.0,10500.0
ITM-0005394,ORD-001473,PRD-0060,14,16450.0,11150.0,2.5,5757.5,224542.5,156100.0
ITM-0005395,ORD-001473,PRD-0023,10,46600.0,33950.0,10.0,46600.0,419400.0,339500.0
ITM-0005396,ORD-001473,PRD-0034,21,2800.0,1650.0,7.5,4410.0,54390.0,34650.0
ITM-0005397,ORD-001473,PRD-0069,3,41700.0,30300.0,10.0,12510.0,112590.0,90900.0
ITM-0005398,ORD-001474,PRD-0008,4,11400.0,7800.0,2.5,1140.0,44460.0,31200.0
ITM-0005399,ORD-001474,PRD-0007,2,33250.0,23700.0,10.0,6650.0,59850.0,47400.0
ITM-0005400,ORD-001474,PRD-0024,16,17950.0,12350.0,5.0,14360.0,272840.0,197600.0
ITM-0005401,ORD-001475,PRD-0046,7,141200.0,107400.0,5.0,49420.0,938980.0,751800.0
ITM-0005402,ORD-001475,PRD-0034,1,2800.0,1650.0,0.0,0.0,2800.0,1650.0
ITM-0005403,ORD-001476,PRD-0069,23,41700.0,30300.0,5.0,47955.0,911145.0,696900.0
ITM-0005404,ORD-001476,PRD-0027,26,11500.0,7200.0,2.5,7475.0,291525.0,187200.0
ITM-0005405,ORD-001476,PRD-0019,57,2950.0,1850.0,0.0,0.0,168150.0,105450.0
ITM-0005406,ORD-001476,PRD-0043,15,35950.0,25500.0,2.5,13481.25,525768.75,382500.0
ITM-0005407,ORD-001476,PRD-0058,19,28050.0,19450.0,2.5,13323.75,519626.25,369550.0
ITM-0005408,ORD-001476,PRD-0022,15,13950.0,9250.0,2.5,5231.25,204018.75,138750.0
ITM-0005409,ORD-001477,PRD-0069,25,41700.0,30300.0,7.5,78187.5,964312.5,757500.0
ITM-0005410,ORD-001477,PRD-0017,21,15250.0,10000.0,2.5,8006.25,312243.75,210000.0
ITM-0005411,ORD-001477,PRD-0026,50,5050.0,3050.0,5.0,12625.0,239875.0,152500.0
ITM-0005412,ORD-001477,PRD-0024,29,17950.0,12350.0,0.0,0.0,520550.0,358150.0
ITM-0005413,ORD-001478,PRD-0064,3,40250.0,28850.0,0.0,0.0,120750.0,86550.0
ITM-0005414,ORD-001478,PRD-0069,4,41700.0,30300.0,2.5,4170.0,162630.0,121200.0
ITM-0005415,ORD-001478,PRD-0026,7,5050.0,3050.0,10.0,3535.0,31815.0,21350.0
ITM-0005416,ORD-001479,PRD-0007,20,33250.0,23700.0,5.0,33250.0,631750.0,474000.0
ITM-0005417,ORD-001479,PRD-0033,7,88100.0,66350.0,5.0,30835.0,585865.0,464450.0
ITM-0005418,ORD-001479,PRD-0037,37,7650.0,5500.0,0.0,0.0,283050.0,203500.0
ITM-0005419,ORD-001479,PRD-0065,48,9000.0,5800.0,0.0,0.0,432000.0,278400.0
ITM-0005420,ORD-001479,PRD-0014,10,199750.0,146450.0,10.0,199750.0,1797750.0,1464500.0
ITM-0005421,ORD-001479,PRD-0006,10,27000.0,19650.0,7.5,20250.0,249750.0,196500.0
ITM-0005422,ORD-001479,PRD-0057,10,25450.0,17350.0,0.0,0.0,254500.0,173500.0
ITM-0005423,ORD-001480,PRD-0030,11,35850.0,25550.0,0.0,0.0,394350.0,281050.0
ITM-0005424,ORD-001481,PRD-0052,17,40400.0,29250.0,7.5,51510.0,635290.0,497250.0
ITM-0005425,ORD-001481,PRD-0027,35,11500.0,7200.0,12.5,50312.5,352187.5,252000.0
ITM-0005426,ORD-001482,PRD-0066,56,5300.0,3250.0,0.0,0.0,296800.0,182000.0
ITM-0005427,ORD-001482,PRD-0020,20,31900.0,22100.0,5.0,31900.0,606100.0,442000.0
ITM-0005428,ORD-001483,PRD-0052,4,40400.0,29250.0,10.0,16160.0,145440.0,117000.0
ITM-0005429,ORD-001483,PRD-0066,11,5300.0,3250.0,5.0,2915.0,55385.0,35750.0
ITM-0005430,ORD-001483,PRD-0007,4,33250.0,23700.0,10.0,13300.0,119700.0,94800.0
ITM-0005431,ORD-001484,PRD-0063,24,12650.0,8000.0,7.5,22770.0,280830.0,192000.0
ITM-0005432,ORD-001484,PRD-0049,9,2250.0,1400.0,10.0,2025.0,18225.0,12600.0
ITM-0005433,ORD-001484,PRD-0053,7,50250.0,36300.0,5.0,17587.5,334162.5,254100.0
ITM-0005434,ORD-001484,PRD-0005,15,11500.0,7900.0,5.0,8625.0,163875.0,118500.0
ITM-0005435,ORD-001485,PRD-0009,3,75050.0,56000.0,10.0,22515.0,202635.0,168000.0
ITM-0005436,ORD-001485,PRD-0023,7,46600.0,33950.0,0.0,0.0,326200.0,237650.0
ITM-0005437,ORD-001485,PRD-0048,20,160400.0,117650.0,7.5,240600.0,2967400.0,2353000.0
ITM-0005438,ORD-001485,PRD-0045,43,4400.0,2800.0,5.0,9460.0,179740.0,120400.0
ITM-0005439,ORD-001485,PRD-0069,20,41700.0,30300.0,2.5,20850.0,813150.0,606000.0
ITM-0005440,ORD-001485,PRD-0035,17,195800.0,149250.0,5.0,166430.0,3162170.0,2537250.0
ITM-0005441,ORD-001485,PRD-0046,7,141200.0,107400.0,5.0,49420.0,938980.0,751800.0
ITM-0005442,ORD-001486,PRD-0048,11,160400.0,117650.0,10.0,176440.0,1587960.0,1294150.0
ITM-0005443,ORD-001486,PRD-0040,9,70550.0,49600.0,7.5,47621.25,587328.75,446400.0
ITM-0005444,ORD-001486,PRD-0008,2,11400.0,7800.0,12.5,2850.0,19950.0,15600.0
ITM-0005445,ORD-001486,PRD-0029,4,30900.0,21650.0,5.0,6180.0,117420.0,86600.0
ITM-0005446,ORD-001486,PRD-0045,19,4400.0,2800.0,5.0,4180.0,79420.0,53200.0
ITM-0005447,ORD-001487,PRD-0024,6,17950.0,12350.0,2.5,2692.5,105007.5,74100.0
ITM-0005448,ORD-001488,PRD-0030,9,35850.0,25550.0,0.0,0.0,322650.0,229950.0
ITM-0005449,ORD-001488,PRD-0007,6,33250.0,23700.0,2.5,4987.5,194512.5,142200.0
ITM-0005450,ORD-001488,PRD-0034,2,2800.0,1650.0,5.0,280.0,5320.0,3300.0
ITM-0005451,ORD-001489,PRD-0045,44,4400.0,2800.0,5.0,9680.0,183920.0,123200.0
ITM-0005452,ORD-001489,PRD-0069,7,41700.0,30300.0,7.5,21892.5,270007.5,212100.0
ITM-0005453,ORD-001489,PRD-0053,10,50250.0,36300.0,7.5,37687.5,464812.5,363000.0
ITM-0005454,ORD-001489,PRD-0034,20,2800.0,1650.0,0.0,0.0,56000.0,33000.0
ITM-0005455,ORD-001489,PRD-0011,17,50250.0,35950.0,2.5,21356.25,832893.75,611150.0
ITM-0005456,ORD-001489,PRD-0033,7,88100.0,66350.0,5.0,30835.0,585865.0,464450.0
ITM-0005457,ORD-001489,PRD-0063,44,12650.0,8000.0,5.0,27830.0,528770.0,352000.0
ITM-0005458,ORD-001490,PRD-0050,23,1200.0,650.0,0.0,0.0,27600.0,14950.0
ITM-0005459,ORD-001490,PRD-0048,7,160400.0,117650.0,5.0,56140.0,1066660.0,823550.0
ITM-0005460,ORD-001490,PRD-0069,13,41700.0,30300.0,7.5,40657.5,501442.5,393900.0
ITM-0005461,ORD-001490,PRD-0041,10,70000.0,52200.0,5.0,35000.0,665000.0,522000.0
ITM-0005462,ORD-001490,PRD-0063,56,12650.0,8000.0,5.0,35420.0,672980.0,448000.0
ITM-0005463,ORD-001491,PRD-0022,16,13950.0,9250.0,5.0,11160.0,212040.0,148000.0
ITM-0005464,ORD-001491,PRD-0027,37,11500.0,7200.0,7.5,31912.5,393587.5,266400.0
ITM-0005465,ORD-001491,PRD-0015,13,19300.0,12700.0,2.5,6272.5,244627.5,165100.0
ITM-0005466,ORD-001491,PRD-0001,3,49000.0,35150.0,7.5,11025.0,135975.0,105450.0
ITM-0005467,ORD-001491,PRD-0031,34,1600.0,900.0,7.5,4080.0,50320.0,30600.0
ITM-0005468,ORD-001491,PRD-0066,34,5300.0,3250.0,7.5,13515.0,166685.0,110500.0
ITM-0005469,ORD-001491,PRD-0009,13,75050.0,56000.0,5.0,48782.5,926867.5,728000.0
ITM-0005470,ORD-001492,PRD-0065,2,9000.0,5800.0,2.5,450.0,17550.0,11600.0
ITM-0005471,ORD-001493,PRD-0007,2,33250.0,23700.0,5.0,3325.0,63175.0,47400.0
ITM-0005472,ORD-001493,PRD-0069,8,41700.0,30300.0,2.5,8340.0,325260.0,242400.0
ITM-0005473,ORD-001493,PRD-0067,10,2050.0,1250.0,0.0,0.0,20500.0,12500.0
ITM-0005474,ORD-001493,PRD-0006,10,27000.0,19650.0,0.0,0.0,270000.0,196500.0
ITM-0005475,ORD-001494,PRD-0036,4,170650.0,122850.0,10.0,68260.0,614340.0,491400.0
ITM-0005476,ORD-001494,PRD-0003,1,88300.0,65000.0,10.0,8830.0,79470.0,65000.0
ITM-0005477,ORD-001494,PRD-0008,8,11400.0,7800.0,2.5,2280.0,88920.0,62400.0
ITM-0005478,ORD-001494,PRD-0001,7,49000.0,35150.0,7.5,25725.0,317275.0,246050.0
ITM-0005479,ORD-001494,PRD-0052,7,40400.0,29250.0,5.0,14140.0,268660.0,204750.0
ITM-0005480,ORD-001495,PRD-0052,12,40400.0,29250.0,7.5,36360.0,448440.0,351000.0
ITM-0005481,ORD-001496,PRD-0005,7,11500.0,7900.0,7.5,6037.5,74462.5,55300.0
ITM-0005482,ORD-001496,PRD-0052,2,40400.0,29250.0,12.5,10100.0,70700.0,58500.0
ITM-0005483,ORD-001496,PRD-0059,17,1850.0,1050.0,0.0,0.0,31450.0,17850.0
ITM-0005484,ORD-001496,PRD-0040,9,70550.0,49600.0,0.0,0.0,634950.0,446400.0
ITM-0005485,ORD-001496,PRD-0064,13,40250.0,28850.0,10.0,52325.0,470925.0,375050.0
ITM-0005486,ORD-001497,PRD-0032,9,383350.0,305700.0,5.0,172507.5,3277642.5,2751300.0
ITM-0005487,ORD-001498,PRD-0058,2,28050.0,19450.0,5.0,2805.0,53295.0,38900.0
ITM-0005488,ORD-001499,PRD-0022,2,13950.0,9250.0,0.0,0.0,27900.0,18500.0
ITM-0005489,ORD-001500,PRD-0050,17,1200.0,650.0,5.0,1020.0,19380.0,11050.0
ITM-0005490,ORD-001500,PRD-0045,25,4400.0,2800.0,7.5,8250.0,101750.0,70000.0
ITM-0005491,ORD-001501,PRD-0007,8,33250.0,23700.0,10.0,26600.0,239400.0,189600.0
ITM-0005492,ORD-001501,PRD-0037,64,7650.0,5500.0,0.0,0.0,489600.0,352000.0
ITM-0005493,ORD-001501,PRD-0022,20,13950.0,9250.0,7.5,20925.0,258075.0,185000.0
ITM-0005494,ORD-001502,PRD-0021,1,151550.0,109750.0,7.5,11366.25,140183.75,109750.0
ITM-0005495,ORD-001502,PRD-0034,6,2800.0,1650.0,2.5,420.0,16380.0,9900.0
ITM-0005496,ORD-001503,PRD-0069,15,41700.0,30300.0,0.0,0.0,625500.0,454500.0
ITM-0005497,ORD-001503,PRD-0034,19,2800.0,1650.0,5.0,2660.0,50540.0,31350.0
ITM-0005498,ORD-001503,PRD-0007,15,33250.0,23700.0,2.5,12468.75,486281.25,355500.0
ITM-0005499,ORD-001504,PRD-0045,12,4400.0,2800.0,5.0,2640.0,50160.0,33600.0
ITM-0005500,ORD-001504,PRD-0034,2,2800.0,1650.0,2.5,140.0,5460.0,3300.0
ITM-0005501,ORD-001505,PRD-0003,2,88300.0,65000.0,0.0,0.0,176600.0,130000.0
ITM-0005502,ORD-001505,PRD-0037,11,7650.0,5500.0,12.5,10518.75,73631.25,60500.0
ITM-0005503,ORD-001506,PRD-0018,7,39400.0,29550.0,12.5,34475.0,241325.0,206850.0
ITM-0005504,ORD-001506,PRD-0027,24,11500.0,7200.0,12.5,34500.0,241500.0,172800.0
ITM-0005505,ORD-001506,PRD-0043,1,35950.0,25500.0,7.5,2696.25,33253.75,25500.0
ITM-0005506,ORD-001506,PRD-0007,4,33250.0,23700.0,0.0,0.0,133000.0,94800.0
ITM-0005507,ORD-001507,PRD-0033,3,88100.0,66350.0,5.0,13215.0,251085.0,199050.0
ITM-0005508,ORD-001508,PRD-0023,15,46600.0,33950.0,5.0,34950.0,664050.0,509250.0
ITM-0005509,ORD-001508,PRD-0037,15,7650.0,5500.0,7.5,8606.25,106143.75,82500.0
ITM-0005510,ORD-001508,PRD-0031,32,1600.0,900.0,10.0,5120.0,46080.0,28800.0
ITM-0005511,ORD-001508,PRD-0063,44,12650.0,8000.0,5.0,27830.0,528770.0,352000.0
ITM-0005512,ORD-001508,PRD-0034,15,2800.0,1650.0,10.0,4200.0,37800.0,24750.0
ITM-0005513,ORD-001508,PRD-0039,29,13350.0,9100.0,2.5,9678.75,377471.25,263900.0
ITM-0005514,ORD-001509,PRD-0053,21,50250.0,36300.0,12.5,131906.25,923343.75,762300.0
ITM-0005515,ORD-001509,PRD-0066,41,5300.0,3250.0,2.5,5432.5,211867.5,133250.0
ITM-0005516,ORD-001509,PRD-0035,12,195800.0,149250.0,2.5,58740.0,2290860.0,1791000.0
ITM-0005517,ORD-001509,PRD-0048,4,160400.0,117650.0,10.0,64160.0,577440.0,470600.0
ITM-0005518,ORD-001509,PRD-0015,21,19300.0,12700.0,5.0,20265.0,385035.0,266700.0
ITM-0005519,ORD-001509,PRD-0011,21,50250.0,35950.0,0.0,0.0,1055250.0,754950.0
ITM-0005520,ORD-001510,PRD-0053,7,50250.0,36300.0,5.0,17587.5,334162.5,254100.0
ITM-0005521,ORD-001510,PRD-0069,9,41700.0,30300.0,5.0,18765.0,356535.0,272700.0
ITM-0005522,ORD-001510,PRD-0030,11,35850.0,25550.0,5.0,19717.5,374632.5,281050.0
ITM-0005523,ORD-001510,PRD-0032,14,383350.0,305700.0,7.5,402517.5,4964382.5,4279800.0
ITM-0005524,ORD-001510,PRD-0005,20,11500.0,7900.0,2.5,5750.0,224250.0,158000.0
ITM-0005525,ORD-001510,PRD-0033,9,88100.0,66350.0,0.0,0.0,792900.0,597150.0
ITM-0005526,ORD-001510,PRD-0052,9,40400.0,29250.0,12.5,45450.0,318150.0,263250.0
ITM-0005527,ORD-001511,PRD-0063,11,12650.0,8000.0,10.0,13915.0,125235.0,88000.0
ITM-0005528,ORD-001511,PRD-0028,47,6400.0,4200.0,0.0,0.0,300800.0,197400.0
ITM-0005529,ORD-001511,PRD-0034,6,2800.0,1650.0,5.0,840.0,15960.0,9900.0
ITM-0005530,ORD-001511,PRD-0031,13,1600.0,900.0,10.0,2080.0,18720.0,11700.0
ITM-0005531,ORD-001512,PRD-0066,23,5300.0,3250.0,2.5,3047.5,118852.5,74750.0
ITM-0005532,ORD-001512,PRD-0019,25,2950.0,1850.0,7.5,5531.25,68218.75,46250.0
ITM-0005533,ORD-001512,PRD-0005,34,11500.0,7900.0,0.0,0.0,391000.0,268600.0
ITM-0005534,ORD-001512,PRD-0049,16,2250.0,1400.0,5.0,1800.0,34200.0,22400.0
ITM-0005535,ORD-001513,PRD-0005,5,11500.0,7900.0,7.5,4312.5,53187.5,39500.0
ITM-0005536,ORD-001513,PRD-0055,1,43600.0,31400.0,5.0,2180.0,41420.0,31400.0
ITM-0005537,ORD-001513,PRD-0070,5,5100.0,3300.0,10.0,2550.0,22950.0,16500.0
ITM-0005538,ORD-001513,PRD-0049,18,2250.0,1400.0,5.0,2025.0,38475.0,25200.0
ITM-0005539,ORD-001513,PRD-0069,1,41700.0,30300.0,2.5,1042.5,40657.5,30300.0
ITM-0005540,ORD-001514,PRD-0034,2,2800.0,1650.0,7.5,420.0,5180.0,3300.0
ITM-0005541,ORD-001514,PRD-0007,8,33250.0,23700.0,5.0,13300.0,252700.0,189600.0
ITM-0005542,ORD-001514,PRD-0014,8,199750.0,146450.0,5.0,79900.0,1518100.0,1171600.0
ITM-0005543,ORD-001515,PRD-0015,2,19300.0,12700.0,7.5,2895.0,35705.0,25400.0
ITM-0005544,ORD-001515,PRD-0053,4,50250.0,36300.0,5.0,10050.0,190950.0,145200.0
ITM-0005545,ORD-001515,PRD-0063,20,12650.0,8000.0,5.0,12650.0,240350.0,160000.0
ITM-0005546,ORD-001515,PRD-0037,26,7650.0,5500.0,2.5,4972.5,193927.5,143000.0
ITM-0005547,ORD-001515,PRD-0012,7,42850.0,31750.0,5.0,14997.5,284952.5,222250.0
ITM-0005548,ORD-001516,PRD-0066,8,5300.0,3250.0,12.5,5300.0,37100.0,26000.0
ITM-0005549,ORD-001516,PRD-0015,6,19300.0,12700.0,5.0,5790.0,110010.0,76200.0
ITM-0005550,ORD-001516,PRD-0027,53,11500.0,7200.0,5.0,30475.0,579025.0,381600.0
ITM-0005551,ORD-001516,PRD-0053,2,50250.0,36300.0,5.0,5025.0,95475.0,72600.0
ITM-0005552,ORD-001516,PRD-0013,42,8750.0,5350.0,0.0,0.0,367500.0,224700.0
ITM-0005553,ORD-001516,PRD-0040,13,70550.0,49600.0,5.0,45857.5,871292.5,644800.0
ITM-0005554,ORD-001517,PRD-0006,7,27000.0,19650.0,5.0,9450.0,179550.0,137550.0
ITM-0005555,ORD-001517,PRD-0036,4,170650.0,122850.0,10.0,68260.0,614340.0,491400.0
ITM-0005556,ORD-001517,PRD-0005,4,11500.0,7900.0,2.5,1150.0,44850.0,31600.0
ITM-0005557,ORD-001517,PRD-0053,1,50250.0,36300.0,2.5,1256.25,48993.75,36300.0
ITM-0005558,ORD-001518,PRD-0069,7,41700.0,30300.0,5.0,14595.0,277305.0,212100.0
ITM-0005559,ORD-001518,PRD-0053,2,50250.0,36300.0,0.0,0.0,100500.0,72600.0
ITM-0005560,ORD-001518,PRD-0034,7,2800.0,1650.0,0.0,0.0,19600.0,11550.0
ITM-0005561,ORD-001518,PRD-0059,26,1850.0,1050.0,12.5,6012.5,42087.5,27300.0
ITM-0005562,ORD-001519,PRD-0005,18,11500.0,7900.0,7.5,15525.0,191475.0,142200.0
ITM-0005563,ORD-001519,PRD-0010,3,50450.0,37650.0,5.0,7567.5,143782.5,112950.0
ITM-0005564,ORD-001519,PRD-0045,18,4400.0,2800.0,5.0,3960.0,75240.0,50400.0
ITM-0005565,ORD-001519,PRD-0049,9,2250.0,1400.0,2.5,506.25,19743.75,12600.0
ITM-0005566,ORD-001520,PRD-0045,12,4400.0,2800.0,5.0,2640.0,50160.0,33600.0
ITM-0005567,ORD-001520,PRD-0050,11,1200.0,650.0,5.0,660.0,12540.0,7150.0
ITM-0005568,ORD-001520,PRD-0037,19,7650.0,5500.0,7.5,10901.25,134448.75,104500.0
ITM-0005569,ORD-001520,PRD-0014,5,199750.0,146450.0,7.5,74906.25,923843.75,732250.0
ITM-0005570,ORD-001521,PRD-0021,3,151550.0,109750.0,5.0,22732.5,431917.5,329250.0
ITM-0005571,ORD-001521,PRD-0032,3,383350.0,305700.0,7.5,86253.75,1063796.25,917100.0
ITM-0005572,ORD-001521,PRD-0048,17,160400.0,117650.0,5.0,136340.0,2590460.0,2000050.0
ITM-0005573,ORD-001521,PRD-0034,12,2800.0,1650.0,10.0,3360.0,30240.0,19800.0
ITM-0005574,ORD-001521,PRD-0036,9,170650.0,122850.0,5.0,76792.5,1459057.5,1105650.0
ITM-0005575,ORD-001522,PRD-0037,37,7650.0,5500.0,7.5,21228.75,261821.25,203500.0
ITM-0005576,ORD-001523,PRD-0034,2,2800.0,1650.0,10.0,560.0,5040.0,3300.0
ITM-0005577,ORD-001523,PRD-0032,6,383350.0,305700.0,2.5,57502.5,2242597.5,1834200.0
ITM-0005578,ORD-001523,PRD-0014,8,199750.0,146450.0,2.5,39950.0,1558050.0,1171600.0
ITM-0005579,ORD-001523,PRD-0051,10,7700.0,4850.0,5.0,3850.0,73150.0,48500.0
ITM-0005580,ORD-001523,PRD-0037,49,7650.0,5500.0,10.0,37485.0,337365.0,269500.0
ITM-0005581,ORD-001524,PRD-0003,2,88300.0,65000.0,2.5,4415.0,172185.0,130000.0
ITM-0005582,ORD-001524,PRD-0005,3,11500.0,7900.0,2.5,862.5,33637.5,23700.0
ITM-0005583,ORD-001524,PRD-0054,13,6000.0,4000.0,10.0,7800.0,70200.0,52000.0
ITM-0005584,ORD-001524,PRD-0036,6,170650.0,122850.0,2.5,25597.5,998302.5,737100.0
ITM-0005585,ORD-001525,PRD-0032,16,383350.0,305700.0,0.0,0.0,6133600.0,4891200.0
ITM-0005586,ORD-001525,PRD-0006,23,27000.0,19650.0,10.0,62100.0,558900.0,451950.0
ITM-0005587,ORD-001525,PRD-0058,12,28050.0,19450.0,7.5,25245.0,311355.0,233400.0
ITM-0005588,ORD-001525,PRD-0022,12,13950.0,9250.0,10.0,16740.0,150660.0,111000.0
ITM-0005589,ORD-001525,PRD-0067,39,2050.0,1250.0,7.5,5996.25,73953.75,48750.0
ITM-0005590,ORD-001526,PRD-0045,20,4400.0,2800.0,0.0,0.0,88000.0,56000.0
ITM-0005591,ORD-001526,PRD-0034,11,2800.0,1650.0,0.0,0.0,30800.0,18150.0
ITM-0005592,ORD-001526,PRD-0011,4,50250.0,35950.0,5.0,10050.0,190950.0,143800.0
ITM-0005593,ORD-001527,PRD-0001,2,49000.0,35150.0,2.5,2450.0,95550.0,70300.0
ITM-0005594,ORD-001527,PRD-0008,5,11400.0,7800.0,0.0,0.0,57000.0,39000.0
ITM-0005595,ORD-001527,PRD-0028,61,6400.0,4200.0,5.0,19520.0,370880.0,256200.0
ITM-0005596,ORD-001527,PRD-0070,24,5100.0,3300.0,2.5,3060.0,119340.0,79200.0
ITM-0005597,ORD-001527,PRD-0043,12,35950.0,25500.0,0.0,0.0,431400.0,306000.0
ITM-0005598,ORD-001528,PRD-0066,31,5300.0,3250.0,10.0,16430.0,147870.0,100750.0
ITM-0005599,ORD-001528,PRD-0017,2,15250.0,10000.0,10.0,3050.0,27450.0,20000.0
ITM-0005600,ORD-001529,PRD-0011,5,50250.0,35950.0,5.0,12562.5,238687.5,179750.0
ITM-0005601,ORD-001529,PRD-0050,13,1200.0,650.0,12.5,1950.0,13650.0,8450.0
ITM-0005602,ORD-001530,PRD-0018,2,39400.0,29550.0,5.0,3940.0,74860.0,59100.0
ITM-0005603,ORD-001530,PRD-0013,13,8750.0,5350.0,5.0,5687.5,108062.5,69550.0
ITM-0005604,ORD-001530,PRD-0052,6,40400.0,29250.0,5.0,12120.0,230280.0,175500.0
ITM-0005605,ORD-001530,PRD-0021,6,151550.0,109750.0,12.5,113662.5,795637.5,658500.0
ITM-0005606,ORD-001530,PRD-0065,6,9000.0,5800.0,7.5,4050.0,49950.0,34800.0
ITM-0005607,ORD-001531,PRD-0034,11,2800.0,1650.0,0.0,0.0,30800.0,18150.0
ITM-0005608,ORD-001531,PRD-0053,7,50250.0,36300.0,5.0,17587.5,334162.5,254100.0
ITM-0005609,ORD-001531,PRD-0006,11,27000.0,19650.0,12.5,37125.0,259875.0,216150.0
ITM-0005610,ORD-001531,PRD-0058,9,28050.0,19450.0,5.0,12622.5,239827.5,175050.0
ITM-0005611,ORD-001531,PRD-0066,20,5300.0,3250.0,10.0,10600.0,95400.0,65000.0
ITM-0005612,ORD-001532,PRD-0037,47,7650.0,5500.0,5.0,17977.5,341572.5,258500.0
ITM-0005613,ORD-001532,PRD-0007,12,33250.0,23700.0,5.0,19950.0,379050.0,284400.0
ITM-0005614,ORD-001532,PRD-0038,5,32300.0,22650.0,0.0,0.0,161500.0,113250.0
ITM-0005615,ORD-001532,PRD-0028,58,6400.0,4200.0,5.0,18560.0,352640.0,243600.0
ITM-0005616,ORD-001532,PRD-0069,5,41700.0,30300.0,2.5,5212.5,203287.5,151500.0
ITM-0005617,ORD-001532,PRD-0055,2,43600.0,31400.0,0.0,0.0,87200.0,62800.0
ITM-0005618,ORD-001532,PRD-0045,28,4400.0,2800.0,0.0,0.0,123200.0,78400.0
ITM-0005619,ORD-001533,PRD-0053,6,50250.0,36300.0,0.0,0.0,301500.0,217800.0
ITM-0005620,ORD-001533,PRD-0013,74,8750.0,5350.0,5.0,32375.0,615125.0,395900.0
ITM-0005621,ORD-001533,PRD-0037,47,7650.0,5500.0,0.0,0.0,359550.0,258500.0
ITM-0005622,ORD-001534,PRD-0062,15,13700.0,9000.0,0.0,0.0,205500.0,135000.0
ITM-0005623,ORD-001534,PRD-0057,2,25450.0,17350.0,7.5,3817.5,47082.5,34700.0
ITM-0005624,ORD-001534,PRD-0003,6,88300.0,65000.0,10.0,52980.0,476820.0,390000.0
ITM-0005625,ORD-001534,PRD-0010,2,50450.0,37650.0,10.0,10090.0,90810.0,75300.0
ITM-0005626,ORD-001535,PRD-0021,20,151550.0,109750.0,12.5,378875.0,2652125.0,2195000.0
ITM-0005627,ORD-001535,PRD-0066,46,5300.0,3250.0,7.5,18285.0,225515.0,149500.0
ITM-0005628,ORD-001536,PRD-0005,24,11500.0,7900.0,10.0,27600.0,248400.0,189600.0
ITM-0005629,ORD-001536,PRD-0049,24,2250.0,1400.0,5.0,2700.0,51300.0,33600.0
ITM-0005630,ORD-001536,PRD-0021,2,151550.0,109750.0,5.0,15155.0,287945.0,219500.0
ITM-0005631,ORD-001537,PRD-0027,3,11500.0,7200.0,5.0,1725.0,32775.0,21600.0
ITM-0005632,ORD-001537,PRD-0016,3,18750.0,12900.0,5.0,2812.5,53437.5,38700.0
ITM-0005633,ORD-001537,PRD-0066,5,5300.0,3250.0,0.0,0.0,26500.0,16250.0
ITM-0005634,ORD-001538,PRD-0066,7,5300.0,3250.0,5.0,1855.0,35245.0,22750.0
ITM-0005635,ORD-001538,PRD-0005,37,11500.0,7900.0,10.0,42550.0,382950.0,292300.0
ITM-0005636,ORD-001538,PRD-0034,7,2800.0,1650.0,12.5,2450.0,17150.0,11550.0
ITM-0005637,ORD-001538,PRD-0044,20,3350.0,2000.0,0.0,0.0,67000.0,40000.0
ITM-0005638,ORD-001539,PRD-0052,14,40400.0,29250.0,12.5,70700.0,494900.0,409500.0
ITM-0005639,ORD-001539,PRD-0034,21,2800.0,1650.0,10.0,5880.0,52920.0,34650.0
ITM-0005640,ORD-001539,PRD-0066,39,5300.0,3250.0,5.0,10335.0,196365.0,126750.0
ITM-0005641,ORD-001540,PRD-0021,2,151550.0,109750.0,0.0,0.0,303100.0,219500.0
ITM-0005642,ORD-001540,PRD-0027,25,11500.0,7200.0,10.0,28750.0,258750.0,180000.0
ITM-0005643,ORD-001540,PRD-0004,23,7100.0,4600.0,0.0,0.0,163300.0,105800.0
ITM-0005644,ORD-001540,PRD-0005,11,11500.0,7900.0,7.5,9487.5,117012.5,86900.0
ITM-0005645,ORD-001540,PRD-0034,11,2800.0,1650.0,10.0,3080.0,27720.0,18150.0
ITM-0005646,ORD-001541,PRD-0013,17,8750.0,5350.0,5.0,7437.5,141312.5,90950.0
ITM-0005647,ORD-001541,PRD-0066,17,5300.0,3250.0,2.5,2252.5,87847.5,55250.0
ITM-0005648,ORD-001541,PRD-0068,4,29000.0,20900.0,7.5,8700.0,107300.0,83600.0
ITM-0005649,ORD-001542,PRD-0014,2,199750.0,146450.0,7.5,29962.5,369537.5,292900.0
ITM-0005650,ORD-001542,PRD-0027,32,11500.0,7200.0,2.5,9200.0,358800.0,230400.0
ITM-0005651,ORD-001542,PRD-0012,7,42850.0,31750.0,0.0,0.0,299950.0,222250.0
ITM-0005652,ORD-001542,PRD-0022,14,13950.0,9250.0,10.0,19530.0,175770.0,129500.0
ITM-0005653,ORD-001542,PRD-0032,7,383350.0,305700.0,10.0,268345.0,2415105.0,2139900.0
ITM-0005654,ORD-001543,PRD-0055,4,43600.0,31400.0,10.0,17440.0,156960.0,125600.0
ITM-0005655,ORD-001543,PRD-0027,32,11500.0,7200.0,5.0,18400.0,349600.0,230400.0
ITM-0005656,ORD-001543,PRD-0034,8,2800.0,1650.0,7.5,1680.0,20720.0,13200.0
ITM-0005657,ORD-001544,PRD-0030,4,35850.0,25550.0,12.5,17925.0,125475.0,102200.0
ITM-0005658,ORD-001545,PRD-0040,6,70550.0,49600.0,0.0,0.0,423300.0,297600.0
ITM-0005659,ORD-001545,PRD-0035,2,195800.0,149250.0,10.0,39160.0,352440.0,298500.0
ITM-0005660,ORD-001545,PRD-0022,7,13950.0,9250.0,5.0,4882.5,92767.5,64750.0
ITM-0005661,ORD-001546,PRD-0007,2,33250.0,23700.0,10.0,6650.0,59850.0,47400.0
ITM-0005662,ORD-001547,PRD-0026,20,5050.0,3050.0,5.0,5050.0,95950.0,61000.0
ITM-0005663,ORD-001547,PRD-0050,20,1200.0,650.0,7.5,1800.0,22200.0,13000.0
ITM-0005664,ORD-001547,PRD-0023,16,46600.0,33950.0,5.0,37280.0,708320.0,543200.0
ITM-0005665,ORD-001548,PRD-0061,14,5600.0,3650.0,5.0,3920.0,74480.0,51100.0
ITM-0005666,ORD-001548,PRD-0064,21,40250.0,28850.0,7.5,63393.75,781856.25,605850.0
ITM-0005667,ORD-001548,PRD-0066,35,5300.0,3250.0,7.5,13912.5,171587.5,113750.0
ITM-0005668,ORD-001548,PRD-0034,21,2800.0,1650.0,5.0,2940.0,55860.0,34650.0
ITM-0005669,ORD-001548,PRD-0038,3,32300.0,22650.0,10.0,9690.0,87210.0,67950.0
ITM-0005670,ORD-001548,PRD-0037,62,7650.0,5500.0,0.0,0.0,474300.0,341000.0
ITM-0005671,ORD-001549,PRD-0007,8,33250.0,23700.0,5.0,13300.0,252700.0,189600.0
ITM-0005672,ORD-001549,PRD-0069,8,41700.0,30300.0,5.0,16680.0,316920.0,242400.0
ITM-0005673,ORD-001549,PRD-0046,12,141200.0,107400.0,5.0,84720.0,1609680.0,1288800.0
ITM-0005674,ORD-001549,PRD-0037,47,7650.0,5500.0,5.0,17977.5,341572.5,258500.0
ITM-0005675,ORD-001549,PRD-0057,8,25450.0,17350.0,10.0,20360.0,183240.0,138800.0
ITM-0005676,ORD-001550,PRD-0066,42,5300.0,3250.0,0.0,0.0,222600.0,136500.0
ITM-0005677,ORD-001550,PRD-0036,6,170650.0,122850.0,10.0,102390.0,921510.0,737100.0
ITM-0005678,ORD-001550,PRD-0034,15,2800.0,1650.0,0.0,0.0,42000.0,24750.0
ITM-0005679,ORD-001550,PRD-0011,18,50250.0,35950.0,5.0,45225.0,859275.0,647100.0
ITM-0005680,ORD-001550,PRD-0029,15,30900.0,21650.0,5.0,23175.0,440325.0,324750.0
ITM-0005681,ORD-001550,PRD-0042,27,16900.0,11500.0,2.5,11407.5,444892.5,310500.0
ITM-0005682,ORD-001551,PRD-0058,4,28050.0,19450.0,0.0,0.0,112200.0,77800.0
ITM-0005683,ORD-001551,PRD-0009,10,75050.0,56000.0,5.0,37525.0,712975.0,560000.0
ITM-0005684,ORD-001552,PRD-0035,5,195800.0,149250.0,7.5,73425.0,905575.0,746250.0
ITM-0005685,ORD-001553,PRD-0031,5,1600.0,900.0,7.5,600.0,7400.0,4500.0
ITM-0005686,ORD-001554,PRD-0027,11,11500.0,7200.0,7.5,9487.5,117012.5,79200.0
ITM-0005687,ORD-001554,PRD-0040,4,70550.0,49600.0,2.5,7055.0,275145.0,198400.0
ITM-0005688,ORD-001554,PRD-0069,3,41700.0,30300.0,10.0,12510.0,112590.0,90900.0
ITM-0005689,ORD-001555,PRD-0032,12,383350.0,305700.0,2.5,115005.0,4485195.0,3668400.0
ITM-0005690,ORD-001555,PRD-0027,79,11500.0,7200.0,7.5,68137.5,840362.5,568800.0
ITM-0005691,ORD-001556,PRD-0052,4,40400.0,29250.0,10.0,16160.0,145440.0,117000.0
ITM-0005692,ORD-001556,PRD-0025,4,32700.0,22850.0,2.5,3270.0,127530.0,91400.0
ITM-0005693,ORD-001556,PRD-0005,7,11500.0,7900.0,5.0,4025.0,76475.0,55300.0
ITM-0005694,ORD-001556,PRD-0007,6,33250.0,23700.0,0.0,0.0,199500.0,142200.0
ITM-0005695,ORD-001556,PRD-0064,6,40250.0,28850.0,7.5,18112.5,223387.5,173100.0
ITM-0005696,ORD-001557,PRD-0027,49,11500.0,7200.0,5.0,28175.0,535325.0,352800.0
ITM-0005697,ORD-001557,PRD-0064,2,40250.0,28850.0,5.0,4025.0,76475.0,57700.0
ITM-0005698,ORD-001557,PRD-0029,2,30900.0,21650.0,10.0,6180.0,55620.0,43300.0
ITM-0005699,ORD-001557,PRD-0005,20,11500.0,7900.0,5.0,11500.0,218500.0,158000.0
ITM-0005700,ORD-001557,PRD-0030,18,35850.0,25550.0,2.5,16132.5,629167.5,459900.0
ITM-0005701,ORD-001558,PRD-0045,11,4400.0,2800.0,2.5,1210.0,47190.0,30800.0
ITM-0005702,ORD-001558,PRD-0009,11,75050.0,56000.0,7.5,61916.25,763633.75,616000.0
ITM-0005703,ORD-001559,PRD-0045,26,4400.0,2800.0,7.5,8580.0,105820.0,72800.0
ITM-0005704,ORD-001559,PRD-0028,48,6400.0,4200.0,5.0,15360.0,291840.0,201600.0
ITM-0005705,ORD-001560,PRD-0015,2,19300.0,12700.0,5.0,1930.0,36670.0,25400.0
ITM-0005706,ORD-001560,PRD-0052,4,40400.0,29250.0,0.0,0.0,161600.0,117000.0
ITM-0005707,ORD-001560,PRD-0042,10,16900.0,11500.0,0.0,0.0,169000.0,115000.0
ITM-0005708,ORD-001561,PRD-0026,20,5050.0,3050.0,0.0,0.0,101000.0,61000.0
ITM-0005709,ORD-001561,PRD-0009,2,75050.0,56000.0,2.5,3752.5,146347.5,112000.0
ITM-0005710,ORD-001561,PRD-0031,8,1600.0,900.0,10.0,1280.0,11520.0,7200.0
ITM-0005711,ORD-001562,PRD-0009,11,75050.0,56000.0,2.5,20638.75,804911.25,616000.0
ITM-0005712,ORD-001563,PRD-0061,23,5600.0,3650.0,5.0,6440.0,122360.0,83950.0
ITM-0005713,ORD-001563,PRD-0070,20,5100.0,3300.0,0.0,0.0,102000.0,66000.0
ITM-0005714,ORD-001563,PRD-0007,11,33250.0,23700.0,0.0,0.0,365750.0,260700.0
ITM-0005715,ORD-001564,PRD-0031,43,1600.0,900.0,5.0,3440.0,65360.0,38700.0
ITM-0005716,ORD-001564,PRD-0045,51,4400.0,2800.0,7.5,16830.0,207570.0,142800.0
ITM-0005717,ORD-001565,PRD-0028,32,6400.0,4200.0,10.0,20480.0,184320.0,134400.0
ITM-0005718,ORD-001565,PRD-0051,30,7700.0,4850.0,5.0,11550.0,219450.0,145500.0
ITM-0005719,ORD-001566,PRD-0007,7,33250.0,23700.0,5.0,11637.5,221112.5,165900.0
ITM-0005720,ORD-001566,PRD-0028,38,6400.0,4200.0,2.5,6080.0,237120.0,159600.0
ITM-0005721,ORD-001566,PRD-0027,29,11500.0,7200.0,0.0,0.0,333500.0,208800.0
ITM-0005722,ORD-001567,PRD-0006,25,27000.0,19650.0,5.0,33750.0,641250.0,491250.0
ITM-0005723,ORD-001567,PRD-0011,13,50250.0,35950.0,2.5,16331.25,636918.75,467350.0
ITM-0005724,ORD-001567,PRD-0004,25,7100.0,4600.0,5.0,8875.0,168625.0,115000.0
ITM-0005725,ORD-001567,PRD-0005,58,11500.0,7900.0,10.0,66700.0,600300.0,458200.0
ITM-0005726,ORD-001568,PRD-0066,13,5300.0,3250.0,0.0,0.0,68900.0,42250.0
ITM-0005727,ORD-001568,PRD-0030,20,35850.0,25550.0,2.5,17925.0,699075.0,511000.0
ITM-0005728,ORD-001568,PRD-0039,18,13350.0,9100.0,7.5,18022.5,222277.5,163800.0
ITM-0005729,ORD-001568,PRD-0053,13,50250.0,36300.0,10.0,65325.0,587925.0,471900.0
ITM-0005730,ORD-001569,PRD-0064,2,40250.0,28850.0,5.0,4025.0,76475.0,57700.0
ITM-0005731,ORD-001570,PRD-0033,24,88100.0,66350.0,5.0,105720.0,2008680.0,1592400.0
ITM-0005732,ORD-001570,PRD-0003,12,88300.0,65000.0,2.5,26490.0,1033110.0,780000.0
ITM-0005733,ORD-001570,PRD-0039,48,13350.0,9100.0,2.5,16020.0,624780.0,436800.0
ITM-0005734,ORD-001570,PRD-0052,4,40400.0,29250.0,7.5,12120.0,149480.0,117000.0
ITM-0005735,ORD-001570,PRD-0036,8,170650.0,122850.0,2.5,34130.0,1331070.0,982800.0
ITM-0005736,ORD-001570,PRD-0034,24,2800.0,1650.0,7.5,5040.0,62160.0,39600.0
ITM-0005737,ORD-001571,PRD-0003,5,88300.0,65000.0,7.5,33112.5,408387.5,325000.0
ITM-0005738,ORD-001571,PRD-0005,12,11500.0,7900.0,7.5,10350.0,127650.0,94800.0
ITM-0005739,ORD-001571,PRD-0050,4,1200.0,650.0,0.0,0.0,4800.0,2600.0
ITM-0005740,ORD-001571,PRD-0032,2,383350.0,305700.0,0.0,0.0,766700.0,611400.0
ITM-0005741,ORD-001572,PRD-0034,7,2800.0,1650.0,5.0,980.0,18620.0,11550.0
ITM-0005742,ORD-001572,PRD-0043,7,35950.0,25500.0,5.0,12582.5,239067.5,178500.0
ITM-0005743,ORD-001572,PRD-0005,15,11500.0,7900.0,7.5,12937.5,159562.5,118500.0
ITM-0005744,ORD-001572,PRD-0057,11,25450.0,17350.0,7.5,20996.25,258953.75,190850.0
ITM-0005745,ORD-001572,PRD-0066,31,5300.0,3250.0,5.0,8215.0,156085.0,100750.0
ITM-0005746,ORD-001572,PRD-0063,31,12650.0,8000.0,5.0,19607.5,372542.5,248000.0
ITM-0005747,ORD-001572,PRD-0036,2,170650.0,122850.0,10.0,34130.0,307170.0,245700.0
ITM-0005748,ORD-001573,PRD-0057,4,25450.0,17350.0,10.0,10180.0,91620.0,69400.0
ITM-0005749,ORD-001573,PRD-0045,39,4400.0,2800.0,5.0,8580.0,163020.0,109200.0
ITM-0005750,ORD-001573,PRD-0028,25,6400.0,4200.0,10.0,16000.0,144000.0,105000.0
ITM-0005751,ORD-001573,PRD-0069,14,41700.0,30300.0,5.0,29190.0,554610.0,424200.0
ITM-0005752,ORD-001574,PRD-0037,49,7650.0,5500.0,0.0,0.0,374850.0,269500.0
ITM-0005753,ORD-001574,PRD-0005,41,11500.0,7900.0,5.0,23575.0,447925.0,323900.0
ITM-0005754,ORD-001574,PRD-0034,11,2800.0,1650.0,5.0,1540.0,29260.0,18150.0
ITM-0005755,ORD-001574,PRD-0032,8,383350.0,305700.0,7.5,230010.0,2836790.0,2445600.0
ITM-0005756,ORD-001575,PRD-0069,12,41700.0,30300.0,2.5,12510.0,487890.0,363600.0
ITM-0005757,ORD-001575,PRD-0040,7,70550.0,49600.0,7.5,37038.75,456811.25,347200.0
ITM-0005758,ORD-001575,PRD-0047,5,67750.0,48250.0,5.0,16937.5,321812.5,241250.0
ITM-0005759,ORD-001575,PRD-0011,5,50250.0,35950.0,5.0,12562.5,238687.5,179750.0
ITM-0005760,ORD-001576,PRD-0052,8,40400.0,29250.0,5.0,16160.0,307040.0,234000.0
ITM-0005761,ORD-001576,PRD-0066,38,5300.0,3250.0,2.5,5035.0,196365.0,123500.0
ITM-0005762,ORD-001576,PRD-0034,23,2800.0,1650.0,10.0,6440.0,57960.0,37950.0
ITM-0005763,ORD-001576,PRD-0045,57,4400.0,2800.0,0.0,0.0,250800.0,159600.0
ITM-0005764,ORD-001576,PRD-0053,11,50250.0,36300.0,2.5,13818.75,538931.25,399300.0
ITM-0005765,ORD-001576,PRD-0014,8,199750.0,146450.0,0.0,0.0,1598000.0,1171600.0
ITM-0005766,ORD-001577,PRD-0034,2,2800.0,1650.0,0.0,0.0,5600.0,3300.0
ITM-0005767,ORD-001577,PRD-0007,2,33250.0,23700.0,2.5,1662.5,64837.5,47400.0
ITM-0005768,ORD-001577,PRD-0069,9,41700.0,30300.0,0.0,0.0,375300.0,272700.0
ITM-0005769,ORD-001577,PRD-0049,23,2250.0,1400.0,0.0,0.0,51750.0,32200.0
ITM-0005770,ORD-001577,PRD-0066,11,5300.0,3250.0,5.0,2915.0,55385.0,35750.0
ITM-0005771,ORD-001578,PRD-0005,46,11500.0,7900.0,2.5,13225.0,515775.0,363400.0
ITM-0005772,ORD-001578,PRD-0038,21,32300.0,22650.0,10.0,67830.0,610470.0,475650.0
ITM-0005773,ORD-001579,PRD-0009,13,75050.0,56000.0,5.0,48782.5,926867.5,728000.0
ITM-0005774,ORD-001579,PRD-0031,28,1600.0,900.0,2.5,1120.0,43680.0,25200.0
ITM-0005775,ORD-001579,PRD-0066,26,5300.0,3250.0,2.5,3445.0,134355.0,84500.0
ITM-0005776,ORD-001579,PRD-0034,6,2800.0,1650.0,5.0,840.0,15960.0,9900.0
ITM-0005777,ORD-001580,PRD-0044,37,3350.0,2000.0,10.0,12395.0,111555.0,74000.0
ITM-0005778,ORD-001580,PRD-0033,2,88100.0,66350.0,5.0,8810.0,167390.0,132700.0
ITM-0005779,ORD-001580,PRD-0009,2,75050.0,56000.0,5.0,7505.0,142595.0,112000.0
ITM-0005780,ORD-001580,PRD-0036,11,170650.0,122850.0,2.5,46928.75,1830221.25,1351350.0
ITM-0005781,ORD-001581,PRD-0003,10,88300.0,65000.0,7.5,66225.0,816775.0,650000.0
ITM-0005782,ORD-001581,PRD-0053,3,50250.0,36300.0,7.5,11306.25,139443.75,108900.0
ITM-0005783,ORD-001581,PRD-0028,23,6400.0,4200.0,7.5,11040.0,136160.0,96600.0
ITM-0005784,ORD-001581,PRD-0038,2,32300.0,22650.0,0.0,0.0,64600.0,45300.0
ITM-0005785,ORD-001582,PRD-0034,8,2800.0,1650.0,2.5,560.0,21840.0,13200.0
ITM-0005786,ORD-001582,PRD-0007,6,33250.0,23700.0,10.0,19950.0,179550.0,142200.0
ITM-0005787,ORD-001583,PRD-0058,14,28050.0,19450.0,12.5,49087.5,343612.5,272300.0
ITM-0005788,ORD-001583,PRD-0066,32,5300.0,3250.0,7.5,12720.0,156880.0,104000.0
ITM-0005789,ORD-001583,PRD-0005,22,11500.0,7900.0,2.5,6325.0,246675.0,173800.0
ITM-0005790,ORD-001583,PRD-0068,8,29000.0,20900.0,10.0,23200.0,208800.0,167200.0
ITM-0005791,ORD-001584,PRD-0006,3,27000.0,19650.0,10.0,8100.0,72900.0,58950.0
ITM-0005792,ORD-001584,PRD-0054,8,6000.0,4000.0,5.0,2400.0,45600.0,32000.0
ITM-0005793,ORD-001584,PRD-0033,3,88100.0,66350.0,0.0,0.0,264300.0,199050.0
ITM-0005794,ORD-001584,PRD-0027,32,11500.0,7200.0,5.0,18400.0,349600.0,230400.0
ITM-0005795,ORD-001584,PRD-0003,16,88300.0,65000.0,5.0,70640.0,1342160.0,1040000.0
ITM-0005796,ORD-001584,PRD-0035,11,195800.0,149250.0,2.5,53845.0,2099955.0,1641750.0
ITM-0005797,ORD-001585,PRD-0024,68,17950.0,12350.0,10.0,122060.0,1098540.0,839800.0
ITM-0005798,ORD-001585,PRD-0035,8,195800.0,149250.0,7.5,117480.0,1448920.0,1194000.0
ITM-0005799,ORD-001585,PRD-0004,11,7100.0,4600.0,7.5,5857.5,72242.5,50600.0
ITM-0005800,ORD-001585,PRD-0027,53,11500.0,7200.0,7.5,45712.5,563787.5,381600.0
ITM-0005801,ORD-001585,PRD-0034,23,2800.0,1650.0,10.0,6440.0,57960.0,37950.0
ITM-0005802,ORD-001585,PRD-0032,8,383350.0,305700.0,2.5,76670.0,2990130.0,2445600.0
ITM-0005803,ORD-001585,PRD-0015,4,19300.0,12700.0,7.5,5790.0,71410.0,50800.0
ITM-0005804,ORD-001586,PRD-0024,36,17950.0,12350.0,10.0,64620.0,581580.0,444600.0
ITM-0005805,ORD-001586,PRD-0053,9,50250.0,36300.0,2.5,11306.25,440943.75,326700.0
ITM-0005806,ORD-001587,PRD-0069,7,41700.0,30300.0,2.5,7297.5,284602.5,212100.0
ITM-0005807,ORD-001588,PRD-0033,17,88100.0,66350.0,5.0,74885.0,1422815.0,1127950.0
ITM-0005808,ORD-001588,PRD-0007,17,33250.0,23700.0,7.5,42393.75,522856.25,402900.0
ITM-0005809,ORD-001589,PRD-0050,62,1200.0,650.0,0.0,0.0,74400.0,40300.0
ITM-0005810,ORD-001589,PRD-0066,29,5300.0,3250.0,0.0,0.0,153700.0,94250.0
ITM-0005811,ORD-001589,PRD-0053,21,50250.0,36300.0,10.0,105525.0,949725.0,762300.0
ITM-0005812,ORD-001590,PRD-0058,1,28050.0,19450.0,7.5,2103.75,25946.25,19450.0
ITM-0005813,ORD-001590,PRD-0035,3,195800.0,149250.0,10.0,58740.0,528660.0,447750.0
ITM-0005814,ORD-001591,PRD-0051,22,7700.0,4850.0,12.5,21175.0,148225.0,106700.0
ITM-0005815,ORD-001591,PRD-0031,31,1600.0,900.0,5.0,2480.0,47120.0,27900.0
ITM-0005816,ORD-001591,PRD-0026,31,5050.0,3050.0,5.0,7827.5,148722.5,94550.0
ITM-0005817,ORD-001591,PRD-0034,3,2800.0,1650.0,2.5,210.0,8190.0,4950.0
ITM-0005818,ORD-001591,PRD-0067,15,2050.0,1250.0,12.5,3843.75,26906.25,18750.0
ITM-0005819,ORD-001591,PRD-0005,40,11500.0,7900.0,2.5,11500.0,448500.0,316000.0
ITM-0005820,ORD-001592,PRD-0004,11,7100.0,4600.0,2.5,1952.5,76147.5,50600.0
ITM-0005821,ORD-001592,PRD-0053,6,50250.0,36300.0,2.5,7537.5,293962.5,217800.0
ITM-0005822,ORD-001592,PRD-0027,11,11500.0,7200.0,0.0,0.0,126500.0,79200.0
ITM-0005823,ORD-001592,PRD-0030,11,35850.0,25550.0,12.5,49293.75,345056.25,281050.0
ITM-0005824,ORD-001593,PRD-0005,6,11500.0,7900.0,2.5,1725.0,67275.0,47400.0
ITM-0005825,ORD-001593,PRD-0011,3,50250.0,35950.0,0.0,0.0,150750.0,107850.0
ITM-0005826,ORD-001594,PRD-0034,3,2800.0,1650.0,5.0,420.0,7980.0,4950.0
ITM-0005827,ORD-001594,PRD-0069,13,41700.0,30300.0,0.0,0.0,542100.0,393900.0
ITM-0005828,ORD-001594,PRD-0004,39,7100.0,4600.0,5.0,13845.0,263055.0,179400.0
ITM-0005829,ORD-001594,PRD-0037,26,7650.0,5500.0,2.5,4972.5,193927.5,143000.0
ITM-0005830,ORD-001594,PRD-0017,7,15250.0,10000.0,0.0,0.0,106750.0,70000.0
ITM-0005831,ORD-001594,PRD-0009,3,75050.0,56000.0,5.0,11257.5,213892.5,168000.0
ITM-0005832,ORD-001595,PRD-0032,4,383350.0,305700.0,0.0,0.0,1533400.0,1222800.0
ITM-0005833,ORD-001595,PRD-0034,4,2800.0,1650.0,5.0,560.0,10640.0,6600.0
ITM-0005834,ORD-001595,PRD-0063,22,12650.0,8000.0,10.0,27830.0,250470.0,176000.0
ITM-0005835,ORD-001596,PRD-0034,2,2800.0,1650.0,12.5,700.0,4900.0,3300.0
ITM-0005836,ORD-001597,PRD-0031,15,1600.0,900.0,5.0,1200.0,22800.0,13500.0
ITM-0005837,ORD-001597,PRD-0052,9,40400.0,29250.0,7.5,27270.0,336330.0,263250.0
ITM-0005838,ORD-001597,PRD-0060,12,16450.0,11150.0,0.0,0.0,197400.0,133800.0
ITM-0005839,ORD-001598,PRD-0044,20,3350.0,2000.0,5.0,3350.0,63650.0,40000.0
ITM-0005840,ORD-001598,PRD-0057,1,25450.0,17350.0,10.0,2545.0,22905.0,17350.0
ITM-0005841,ORD-001598,PRD-0016,7,18750.0,12900.0,10.0,13125.0,118125.0,90300.0
ITM-0005842,ORD-001598,PRD-0031,14,1600.0,900.0,2.5,560.0,21840.0,12600.0
ITM-0005843,ORD-001599,PRD-0068,4,29000.0,20900.0,7.5,8700.0,107300.0,83600.0
ITM-0005844,ORD-001599,PRD-0066,14,5300.0,3250.0,5.0,3710.0,70490.0,45500.0
ITM-0005845,ORD-001599,PRD-0029,6,30900.0,21650.0,5.0,9270.0,176130.0,129900.0
ITM-0005846,ORD-001599,PRD-0013,30,8750.0,5350.0,7.5,19687.5,242812.5,160500.0
ITM-0005847,ORD-001599,PRD-0019,17,2950.0,1850.0,0.0,0.0,50150.0,31450.0
ITM-0005848,ORD-001600,PRD-0046,1,141200.0,107400.0,10.0,14120.0,127080.0,107400.0
ITM-0005849,ORD-001600,PRD-0004,18,7100.0,4600.0,0.0,0.0,127800.0,82800.0
ITM-0005850,ORD-001601,PRD-0069,1,41700.0,30300.0,0.0,0.0,41700.0,30300.0
ITM-0005851,ORD-001602,PRD-0007,7,33250.0,23700.0,0.0,0.0,232750.0,165900.0
ITM-0005852,ORD-001602,PRD-0066,36,5300.0,3250.0,5.0,9540.0,181260.0,117000.0
ITM-0005853,ORD-001602,PRD-0045,10,4400.0,2800.0,0.0,0.0,44000.0,28000.0
ITM-0005854,ORD-001603,PRD-0032,2,383350.0,305700.0,7.5,57502.5,709197.5,611400.0
ITM-0005855,ORD-001604,PRD-0053,20,50250.0,36300.0,2.5,25125.0,979875.0,726000.0
ITM-0005856,ORD-001604,PRD-0008,16,11400.0,7800.0,5.0,9120.0,173280.0,124800.0
ITM-0005857,ORD-001605,PRD-0069,5,41700.0,30300.0,0.0,0.0,208500.0,151500.0
ITM-0005858,ORD-001605,PRD-0030,12,35850.0,25550.0,0.0,0.0,430200.0,306600.0
ITM-0005859,ORD-001605,PRD-0028,14,6400.0,4200.0,0.0,0.0,89600.0,58800.0
ITM-0005860,ORD-001605,PRD-0058,12,28050.0,19450.0,5.0,16830.0,319770.0,233400.0
ITM-0005861,ORD-001605,PRD-0034,7,2800.0,1650.0,7.5,1470.0,18130.0,11550.0
ITM-0005862,ORD-001605,PRD-0031,7,1600.0,900.0,7.5,840.0,10360.0,6300.0
ITM-0005863,ORD-001606,PRD-0021,15,151550.0,109750.0,12.5,284156.25,1989093.75,1646250.0
ITM-0005864,ORD-001606,PRD-0037,55,7650.0,5500.0,5.0,21037.5,399712.5,302500.0
ITM-0005865,ORD-001606,PRD-0016,15,18750.0,12900.0,7.5,21093.75,260156.25,193500.0
ITM-0005866,ORD-001606,PRD-0017,3,15250.0,10000.0,7.5,3431.25,42318.75,30000.0
ITM-0005867,ORD-001606,PRD-0057,8,25450.0,17350.0,5.0,10180.0,193420.0,138800.0
ITM-0005868,ORD-001606,PRD-0030,28,35850.0,25550.0,0.0,0.0,1003800.0,715400.0
ITM-0005869,ORD-001606,PRD-0034,15,2800.0,1650.0,2.5,1050.0,40950.0,24750.0
ITM-0005870,ORD-001607,PRD-0053,2,50250.0,36300.0,7.5,7537.5,92962.5,72600.0
ITM-0005871,ORD-001607,PRD-0037,47,7650.0,5500.0,0.0,0.0,359550.0,258500.0
ITM-0005872,ORD-001607,PRD-0050,27,1200.0,650.0,10.0,3240.0,29160.0,17550.0
ITM-0005873,ORD-001607,PRD-0045,30,4400.0,2800.0,10.0,13200.0,118800.0,84000.0
ITM-0005874,ORD-001608,PRD-0022,15,13950.0,9250.0,7.5,15693.75,193556.25,138750.0
ITM-0005875,ORD-001608,PRD-0045,37,4400.0,2800.0,5.0,8140.0,154660.0,103600.0
ITM-0005876,ORD-001608,PRD-0023,3,46600.0,33950.0,12.5,17475.0,122325.0,101850.0
ITM-0005877,ORD-001609,PRD-0045,15,4400.0,2800.0,10.0,6600.0,59400.0,42000.0
ITM-0005878,ORD-001609,PRD-0002,20,52050.0,38100.0,5.0,52050.0,988950.0,762000.0
ITM-0005879,ORD-001609,PRD-0005,9,11500.0,7900.0,7.5,7762.5,95737.5,71100.0
ITM-0005880,ORD-001609,PRD-0004,17,7100.0,4600.0,5.0,6035.0,114665.0,78200.0
ITM-0005881,ORD-001610,PRD-0027,28,11500.0,7200.0,2.5,8050.0,313950.0,201600.0
ITM-0005882,ORD-001610,PRD-0070,28,5100.0,3300.0,10.0,14280.0,128520.0,92400.0
ITM-0005883,ORD-001610,PRD-0052,5,40400.0,29250.0,10.0,20200.0,181800.0,146250.0
ITM-0005884,ORD-001611,PRD-0064,10,40250.0,28850.0,5.0,20125.0,382375.0,288500.0
ITM-0005885,ORD-001612,PRD-0005,28,11500.0,7900.0,10.0,32200.0,289800.0,221200.0
ITM-0005886,ORD-001612,PRD-0052,14,40400.0,29250.0,10.0,56560.0,509040.0,409500.0
ITM-0005887,ORD-001613,PRD-0004,8,7100.0,4600.0,7.5,4260.0,52540.0,36800.0
ITM-0005888,ORD-001613,PRD-0045,6,4400.0,2800.0,10.0,2640.0,23760.0,16800.0
ITM-0005889,ORD-001613,PRD-0013,17,8750.0,5350.0,10.0,14875.0,133875.0,90950.0
ITM-0005890,ORD-001613,PRD-0053,2,50250.0,36300.0,0.0,0.0,100500.0,72600.0
ITM-0005891,ORD-001613,PRD-0052,1,40400.0,29250.0,7.5,3030.0,37370.0,29250.0
ITM-0005892,ORD-001614,PRD-0033,2,88100.0,66350.0,12.5,22025.0,154175.0,132700.0
ITM-0005893,ORD-001614,PRD-0069,2,41700.0,30300.0,0.0,0.0,83400.0,60600.0
ITM-0005894,ORD-001615,PRD-0069,1,41700.0,30300.0,2.5,1042.5,40657.5,30300.0
ITM-0005895,ORD-001616,PRD-0004,61,7100.0,4600.0,5.0,21655.0,411445.0,280600.0
ITM-0005896,ORD-001616,PRD-0034,12,2800.0,1650.0,5.0,1680.0,31920.0,19800.0
ITM-0005897,ORD-001616,PRD-0060,12,16450.0,11150.0,2.5,4935.0,192465.0,133800.0
ITM-0005898,ORD-001616,PRD-0065,36,9000.0,5800.0,5.0,16200.0,307800.0,208800.0
ITM-0005899,ORD-001616,PRD-0007,16,33250.0,23700.0,0.0,0.0,532000.0,379200.0
ITM-0005900,ORD-001616,PRD-0031,57,1600.0,900.0,0.0,0.0,91200.0,51300.0
ITM-0005901,ORD-001616,PRD-0070,20,5100.0,3300.0,7.5,7650.0,94350.0,66000.0
ITM-0005902,ORD-001617,PRD-0058,10,28050.0,19450.0,5.0,14025.0,266475.0,194500.0
ITM-0005903,ORD-001617,PRD-0052,12,40400.0,29250.0,7.5,36360.0,448440.0,351000.0
ITM-0005904,ORD-001618,PRD-0007,4,33250.0,23700.0,2.5,3325.0,129675.0,94800.0
ITM-0005905,ORD-001618,PRD-0009,2,75050.0,56000.0,5.0,7505.0,142595.0,112000.0
ITM-0005906,ORD-001619,PRD-0036,4,170650.0,122850.0,0.0,0.0,682600.0,491400.0
ITM-0005907,ORD-001619,PRD-0045,19,4400.0,2800.0,5.0,4180.0,79420.0,53200.0
ITM-0005908,ORD-001619,PRD-0040,11,70550.0,49600.0,7.5,58203.75,717846.25,545600.0
ITM-0005909,ORD-001619,PRD-0064,7,40250.0,28850.0,7.5,21131.25,260618.75,201950.0
ITM-0005910,ORD-001619,PRD-0066,48,5300.0,3250.0,7.5,19080.0,235320.0,156000.0
ITM-0005911,ORD-001619,PRD-0057,7,25450.0,17350.0,0.0,0.0,178150.0,121450.0
ITM-0005912,ORD-001620,PRD-0008,4,11400.0,7800.0,5.0,2280.0,43320.0,31200.0
ITM-0005913,ORD-001620,PRD-0066,2,5300.0,3250.0,12.5,1325.0,9275.0,6500.0
ITM-0005914,ORD-001620,PRD-0069,1,41700.0,30300.0,10.0,4170.0,37530.0,30300.0
ITM-0005915,ORD-001621,PRD-0003,4,88300.0,65000.0,2.5,8830.0,344370.0,260000.0
ITM-0005916,ORD-001622,PRD-0036,15,170650.0,122850.0,2.5,63993.75,2495756.25,1842750.0
ITM-0005917,ORD-001622,PRD-0009,3,75050.0,56000.0,7.5,16886.25,208263.75,168000.0
ITM-0005918,ORD-001622,PRD-0005,28,11500.0,7900.0,0.0,0.0,322000.0,221200.0
ITM-0005919,ORD-001622,PRD-0057,12,25450.0,17350.0,5.0,15270.0,290130.0,208200.0
ITM-0005920,ORD-001623,PRD-0040,5,70550.0,49600.0,0.0,0.0,352750.0,248000.0
ITM-0005921,ORD-001623,PRD-0053,7,50250.0,36300.0,2.5,8793.75,342956.25,254100.0
ITM-0005922,ORD-001623,PRD-0032,3,383350.0,305700.0,5.0,57502.5,1092547.5,917100.0
ITM-0005923,ORD-001623,PRD-0054,8,6000.0,4000.0,5.0,2400.0,45600.0,32000.0
ITM-0005924,ORD-001623,PRD-0066,9,5300.0,3250.0,2.5,1192.5,46507.5,29250.0
ITM-0005925,ORD-001624,PRD-0036,8,170650.0,122850.0,10.0,136520.0,1228680.0,982800.0
ITM-0005926,ORD-001624,PRD-0058,16,28050.0,19450.0,5.0,22440.0,426360.0,311200.0
ITM-0005927,ORD-001624,PRD-0005,56,11500.0,7900.0,10.0,64400.0,579600.0,442400.0
ITM-0005928,ORD-001624,PRD-0045,28,4400.0,2800.0,2.5,3080.0,120120.0,78400.0
ITM-0005929,ORD-001624,PRD-0033,16,88100.0,66350.0,0.0,0.0,1409600.0,1061600.0
ITM-0005930,ORD-001625,PRD-0017,23,15250.0,10000.0,5.0,17537.5,333212.5,230000.0
ITM-0005931,ORD-001625,PRD-0058,4,28050.0,19450.0,0.0,0.0,112200.0,77800.0
ITM-0005932,ORD-001625,PRD-0034,8,2800.0,1650.0,0.0,0.0,22400.0,13200.0
ITM-0005933,ORD-001625,PRD-0069,4,41700.0,30300.0,0.0,0.0,166800.0,121200.0
ITM-0005934,ORD-001625,PRD-0063,74,12650.0,8000.0,0.0,0.0,936100.0,592000.0
ITM-0005935,ORD-001626,PRD-0031,14,1600.0,900.0,5.0,1120.0,21280.0,12600.0
ITM-0005936,ORD-001626,PRD-0009,5,75050.0,56000.0,7.5,28143.75,347106.25,280000.0
ITM-0005937,ORD-001626,PRD-0048,7,160400.0,117650.0,5.0,56140.0,1066660.0,823550.0
ITM-0005938,ORD-001627,PRD-0013,28,8750.0,5350.0,2.5,6125.0,238875.0,149800.0
ITM-0005939,ORD-001627,PRD-0038,6,32300.0,22650.0,12.5,24225.0,169575.0,135900.0
ITM-0005940,ORD-001627,PRD-0025,10,32700.0,22850.0,12.5,40875.0,286125.0,228500.0
ITM-0005941,ORD-001627,PRD-0052,10,40400.0,29250.0,5.0,20200.0,383800.0,292500.0
ITM-0005942,ORD-001627,PRD-0036,2,170650.0,122850.0,5.0,17065.0,324235.0,245700.0
ITM-0005943,ORD-001627,PRD-0007,4,33250.0,23700.0,5.0,6650.0,126350.0,94800.0
ITM-0005944,ORD-001628,PRD-0065,43,9000.0,5800.0,5.0,19350.0,367650.0,249400.0
ITM-0005945,ORD-001628,PRD-0050,55,1200.0,650.0,7.5,4950.0,61050.0,35750.0
ITM-0005946,ORD-001628,PRD-0053,20,50250.0,36300.0,10.0,100500.0,904500.0,726000.0
ITM-0005947,ORD-001628,PRD-0011,24,50250.0,35950.0,0.0,0.0,1206000.0,862800.0
ITM-0005948,ORD-001628,PRD-0069,12,41700.0,30300.0,0.0,0.0,500400.0,363600.0
ITM-0005949,ORD-001628,PRD-0066,43,5300.0,3250.0,5.0,11395.0,216505.0,139750.0
ITM-0005950,ORD-001629,PRD-0021,10,151550.0,109750.0,5.0,75775.0,1439725.0,1097500.0
ITM-0005951,ORD-001629,PRD-0052,10,40400.0,29250.0,5.0,20200.0,383800.0,292500.0
ITM-0005952,ORD-001629,PRD-0069,16,41700.0,30300.0,12.5,83400.0,583800.0,484800.0
ITM-0005953,ORD-001629,PRD-0007,19,33250.0,23700.0,2.5,15793.75,615956.25,450300.0
ITM-0005954,ORD-001629,PRD-0023,6,46600.0,33950.0,10.0,27960.0,251640.0,203700.0
ITM-0005955,ORD-001629,PRD-0017,19,15250.0,10000.0,2.5,7243.75,282506.25,190000.0
ITM-0005956,ORD-001629,PRD-0034,16,2800.0,1650.0,5.0,2240.0,42560.0,26400.0
ITM-0005957,ORD-001630,PRD-0024,27,17950.0,12350.0,7.5,36348.75,448301.25,333450.0
ITM-0005958,ORD-001630,PRD-0069,5,41700.0,30300.0,2.5,5212.5,203287.5,151500.0
ITM-0005959,ORD-001631,PRD-0052,14,40400.0,29250.0,12.5,70700.0,494900.0,409500.0
ITM-0005960,ORD-001631,PRD-0050,7,1200.0,650.0,2.5,210.0,8190.0,4550.0
ITM-0005961,ORD-001631,PRD-0011,12,50250.0,35950.0,0.0,0.0,603000.0,431400.0
ITM-0005962,ORD-001631,PRD-0053,7,50250.0,36300.0,10.0,35175.0,316575.0,254100.0
ITM-0005963,ORD-001632,PRD-0006,10,27000.0,19650.0,7.5,20250.0,249750.0,196500.0
ITM-0005964,ORD-001632,PRD-0059,18,1850.0,1050.0,7.5,2497.5,30802.5,18900.0
ITM-0005965,ORD-001633,PRD-0005,34,11500.0,7900.0,5.0,19550.0,371450.0,268600.0
ITM-0005966,ORD-001633,PRD-0069,13,41700.0,30300.0,2.5,13552.5,528547.5,393900.0
ITM-0005967,ORD-001633,PRD-0033,11,88100.0,66350.0,5.0,48455.0,920645.0,729850.0
ITM-0005968,ORD-001633,PRD-0034,9,2800.0,1650.0,5.0,1260.0,23940.0,14850.0
ITM-0005969,ORD-001634,PRD-0045,9,4400.0,2800.0,7.5,2970.0,36630.0,25200.0
ITM-0005970,ORD-001634,PRD-0051,13,7700.0,4850.0,0.0,0.0,100100.0,63050.0
ITM-0005971,ORD-001634,PRD-0061,24,5600.0,3650.0,2.5,3360.0,131040.0,87600.0
ITM-0005972,ORD-001634,PRD-0053,4,50250.0,36300.0,7.5,15075.0,185925.0,145200.0
ITM-0005973,ORD-001634,PRD-0034,4,2800.0,1650.0,7.5,840.0,10360.0,6600.0
ITM-0005974,ORD-001635,PRD-0037,10,7650.0,5500.0,5.0,3825.0,72675.0,55000.0
ITM-0005975,ORD-001635,PRD-0070,10,5100.0,3300.0,5.0,2550.0,48450.0,33000.0
ITM-0005976,ORD-001636,PRD-0037,35,7650.0,5500.0,10.0,26775.0,240975.0,192500.0
ITM-0005977,ORD-001636,PRD-0069,1,41700.0,30300.0,5.0,2085.0,39615.0,30300.0
ITM-0005978,ORD-001636,PRD-0036,7,170650.0,122850.0,2.5,29863.75,1164686.25,859950.0
ITM-0005979,ORD-001637,PRD-0049,11,2250.0,1400.0,0.0,0.0,24750.0,15400.0
ITM-0005980,ORD-001637,PRD-0059,21,1850.0,1050.0,10.0,3885.0,34965.0,22050.0
ITM-0005981,ORD-001637,PRD-0007,16,33250.0,23700.0,5.0,26600.0,505400.0,379200.0
ITM-0005982,ORD-001637,PRD-0032,5,383350.0,305700.0,2.5,47918.75,1868831.25,1528500.0
ITM-0005983,ORD-001638,PRD-0052,8,40400.0,29250.0,7.5,24240.0,298960.0,234000.0
ITM-0005984,ORD-001638,PRD-0045,33,4400.0,2800.0,2.5,3630.0,141570.0,92400.0
ITM-0005985,ORD-001638,PRD-0005,33,11500.0,7900.0,10.0,37950.0,341550.0,260700.0
ITM-0005986,ORD-001639,PRD-0050,11,1200.0,650.0,7.5,990.0,12210.0,7150.0
ITM-0005987,ORD-001639,PRD-0005,5,11500.0,7900.0,2.5,1437.5,56062.5,39500.0
ITM-0005988,ORD-001639,PRD-0055,11,43600.0,31400.0,5.0,23980.0,455620.0,345400.0
ITM-0005989,ORD-001639,PRD-0045,27,4400.0,2800.0,5.0,5940.0,112860.0,75600.0
ITM-0005990,ORD-001639,PRD-0060,5,16450.0,11150.0,7.5,6168.75,76081.25,55750.0
ITM-0005991,ORD-001640,PRD-0066,21,5300.0,3250.0,7.5,8347.5,102952.5,68250.0
ITM-0005992,ORD-001640,PRD-0032,16,383350.0,305700.0,5.0,306680.0,5826920.0,4891200.0
ITM-0005993,ORD-001640,PRD-0034,3,2800.0,1650.0,5.0,420.0,7980.0,4950.0
ITM-0005994,ORD-001641,PRD-0057,1,25450.0,17350.0,7.5,1908.75,23541.25,17350.0
ITM-0005995,ORD-001642,PRD-0051,22,7700.0,4850.0,0.0,0.0,169400.0,106700.0
ITM-0005996,ORD-001642,PRD-0017,7,15250.0,10000.0,5.0,5337.5,101412.5,70000.0
ITM-0005997,ORD-001642,PRD-0065,7,9000.0,5800.0,5.0,3150.0,59850.0,40600.0
ITM-0005998,ORD-001642,PRD-0019,7,2950.0,1850.0,0.0,0.0,20650.0,12950.0
ITM-0005999,ORD-001642,PRD-0005,3,11500.0,7900.0,0.0,0.0,34500.0,23700.0
ITM-0006000,ORD-001643,PRD-0038,8,32300.0,22650.0,2.5,6460.0,251940.0,181200.0
ITM-0006001,ORD-001643,PRD-0032,13,383350.0,305700.0,2.5,124588.75,4858961.25,3974100.0
ITM-0006002,ORD-001643,PRD-0033,16,88100.0,66350.0,7.5,105720.0,1303880.0,1061600.0
ITM-0006003,ORD-001643,PRD-0007,10,33250.0,23700.0,2.5,8312.5,324187.5,237000.0
ITM-0006004,ORD-001643,PRD-0058,8,28050.0,19450.0,5.0,11220.0,213180.0,155600.0
ITM-0006005,ORD-001643,PRD-0050,10,1200.0,650.0,0.0,0.0,12000.0,6500.0
ITM-0006006,ORD-001644,PRD-0031,10,1600.0,900.0,2.5,400.0,15600.0,9000.0
ITM-0006007,ORD-001644,PRD-0037,38,7650.0,5500.0,5.0,14535.0,276165.0,209000.0
ITM-0006008,ORD-001645,PRD-0060,3,16450.0,11150.0,7.5,3701.25,45648.75,33450.0
ITM-0006009,ORD-001645,PRD-0005,22,11500.0,7900.0,7.5,18975.0,234025.0,173800.0
ITM-0006010,ORD-001645,PRD-0003,14,88300.0,65000.0,7.5,92715.0,1143485.0,910000.0
ITM-0006011,ORD-001645,PRD-0045,39,4400.0,2800.0,10.0,17160.0,154440.0,109200.0
ITM-0006012,ORD-001645,PRD-0027,52,11500.0,7200.0,0.0,0.0,598000.0,374400.0
ITM-0006013,ORD-001645,PRD-0058,3,28050.0,19450.0,2.5,2103.75,82046.25,58350.0
ITM-0006014,ORD-001645,PRD-0053,17,50250.0,36300.0,2.5,21356.25,832893.75,617100.0
ITM-0006015,ORD-001646,PRD-0034,10,2800.0,1650.0,7.5,2100.0,25900.0,16500.0
ITM-0006016,ORD-001646,PRD-0032,13,383350.0,305700.0,7.5,373766.25,4609783.75,3974100.0
ITM-0006017,ORD-001646,PRD-0027,23,11500.0,7200.0,5.0,13225.0,251275.0,165600.0
ITM-0006018,ORD-001646,PRD-0012,10,42850.0,31750.0,2.5,10712.5,417787.5,317500.0
ITM-0006019,ORD-001646,PRD-0014,7,199750.0,146450.0,2.5,34956.25,1363293.75,1025150.0
ITM-0006020,ORD-001646,PRD-0007,3,33250.0,23700.0,10.0,9975.0,89775.0,71100.0
ITM-0006021,ORD-001646,PRD-0013,59,8750.0,5350.0,7.5,38718.75,477531.25,315650.0
ITM-0006022,ORD-001647,PRD-0034,1,2800.0,1650.0,7.5,210.0,2590.0,1650.0
ITM-0006023,ORD-001647,PRD-0062,7,13700.0,9000.0,10.0,9590.0,86310.0,63000.0
ITM-0006024,ORD-001647,PRD-0027,21,11500.0,7200.0,0.0,0.0,241500.0,151200.0
ITM-0006025,ORD-001648,PRD-0037,48,7650.0,5500.0,12.5,45900.0,321300.0,264000.0
ITM-0006026,ORD-001648,PRD-0034,13,2800.0,1650.0,12.5,4550.0,31850.0,21450.0
ITM-0006027,ORD-001648,PRD-0056,16,16900.0,12000.0,10.0,27040.0,243360.0,192000.0
ITM-0006028,ORD-001648,PRD-0069,13,41700.0,30300.0,5.0,27105.0,514995.0,393900.0
ITM-0006029,ORD-001648,PRD-0019,45,2950.0,1850.0,2.5,3318.75,129431.25,83250.0
ITM-0006030,ORD-001648,PRD-0045,10,4400.0,2800.0,5.0,2200.0,41800.0,28000.0
ITM-0006031,ORD-001648,PRD-0030,10,35850.0,25550.0,0.0,0.0,358500.0,255500.0
ITM-0006032,ORD-001649,PRD-0045,18,4400.0,2800.0,0.0,0.0,79200.0,50400.0
ITM-0006033,ORD-001649,PRD-0039,6,13350.0,9100.0,7.5,6007.5,74092.5,54600.0
ITM-0006034,ORD-001649,PRD-0033,8,88100.0,66350.0,5.0,35240.0,669560.0,530800.0
ITM-0006035,ORD-001650,PRD-0069,4,41700.0,30300.0,10.0,16680.0,150120.0,121200.0
ITM-0006036,ORD-001650,PRD-0034,4,2800.0,1650.0,7.5,840.0,10360.0,6600.0
ITM-0006037,ORD-001650,PRD-0043,4,35950.0,25500.0,10.0,14380.0,129420.0,102000.0
ITM-0006038,ORD-001650,PRD-0021,4,151550.0,109750.0,2.5,15155.0,591045.0,439000.0
ITM-0006039,ORD-001651,PRD-0027,20,11500.0,7200.0,5.0,11500.0,218500.0,144000.0
ITM-0006040,ORD-001651,PRD-0047,4,67750.0,48250.0,12.5,33875.0,237125.0,193000.0
ITM-0006041,ORD-001651,PRD-0011,4,50250.0,35950.0,2.5,5025.0,195975.0,143800.0
ITM-0006042,ORD-001651,PRD-0016,4,18750.0,12900.0,0.0,0.0,75000.0,51600.0
ITM-0006043,ORD-001651,PRD-0029,4,30900.0,21650.0,7.5,9270.0,114330.0,86600.0
ITM-0006044,ORD-001651,PRD-0052,13,40400.0,29250.0,0.0,0.0,525200.0,380250.0
ITM-0006045,ORD-001651,PRD-0069,13,41700.0,30300.0,5.0,27105.0,514995.0,393900.0
ITM-0006046,ORD-001652,PRD-0004,44,7100.0,4600.0,12.5,39050.0,273350.0,202400.0
ITM-0006047,ORD-001652,PRD-0011,7,50250.0,35950.0,2.5,8793.75,342956.25,251650.0
ITM-0006048,ORD-001652,PRD-0017,14,15250.0,10000.0,7.5,16012.5,197487.5,140000.0
ITM-0006049,ORD-001652,PRD-0068,20,29000.0,20900.0,0.0,0.0,580000.0,418000.0
ITM-0006050,ORD-001653,PRD-0016,9,18750.0,12900.0,5.0,8437.5,160312.5,116100.0
ITM-0006051,ORD-001653,PRD-0005,17,11500.0,7900.0,5.0,9775.0,185725.0,134300.0
ITM-0006052,ORD-001653,PRD-0064,9,40250.0,28850.0,12.5,45281.25,316968.75,259650.0
ITM-0006053,ORD-001653,PRD-0009,17,75050.0,56000.0,0.0,0.0,1275850.0,952000.0
ITM-0006054,ORD-001653,PRD-0003,3,88300.0,65000.0,0.0,0.0,264900.0,195000.0
ITM-0006055,ORD-001653,PRD-0007,6,33250.0,23700.0,5.0,9975.0,189525.0,142200.0
ITM-0006056,ORD-001653,PRD-0048,6,160400.0,117650.0,2.5,24060.0,938340.0,705900.0
ITM-0006057,ORD-001654,PRD-0004,11,7100.0,4600.0,5.0,3905.0,74195.0,50600.0
ITM-0006058,ORD-001654,PRD-0026,16,5050.0,3050.0,7.5,6060.0,74740.0,48800.0
ITM-0006059,ORD-001654,PRD-0006,7,27000.0,19650.0,0.0,0.0,189000.0,137550.0
ITM-0006060,ORD-001654,PRD-0007,3,33250.0,23700.0,10.0,9975.0,89775.0,71100.0
ITM-0006061,ORD-001654,PRD-0032,4,383350.0,305700.0,0.0,0.0,1533400.0,1222800.0
ITM-0006062,ORD-001655,PRD-0034,2,2800.0,1650.0,10.0,560.0,5040.0,3300.0
ITM-0006063,ORD-001655,PRD-0069,2,41700.0,30300.0,10.0,8340.0,75060.0,60600.0
ITM-0006064,ORD-001656,PRD-0009,3,75050.0,56000.0,5.0,11257.5,213892.5,168000.0
ITM-0006065,ORD-001656,PRD-0015,6,19300.0,12700.0,2.5,2895.0,112905.0,76200.0
ITM-0006066,ORD-001657,PRD-0027,10,11500.0,7200.0,5.0,5750.0,109250.0,72000.0
ITM-0006067,ORD-001657,PRD-0040,4,70550.0,49600.0,10.0,28220.0,253980.0,198400.0
ITM-0006068,ORD-001658,PRD-0063,11,12650.0,8000.0,7.5,10436.25,128713.75,88000.0
ITM-0006069,ORD-001658,PRD-0005,2,11500.0,7900.0,7.5,1725.0,21275.0,15800.0
ITM-0006070,ORD-001658,PRD-0069,3,41700.0,30300.0,10.0,12510.0,112590.0,90900.0
ITM-0006071,ORD-001659,PRD-0050,20,1200.0,650.0,0.0,0.0,24000.0,13000.0
ITM-0006072,ORD-001659,PRD-0031,30,1600.0,900.0,0.0,0.0,48000.0,27000.0
ITM-0006073,ORD-001659,PRD-0045,30,4400.0,2800.0,0.0,0.0,132000.0,84000.0
ITM-0006074,ORD-001659,PRD-0022,4,13950.0,9250.0,0.0,0.0,55800.0,37000.0
ITM-0006075,ORD-001659,PRD-0069,13,41700.0,30300.0,0.0,0.0,542100.0,393900.0
ITM-0006076,ORD-001660,PRD-0053,10,50250.0,36300.0,10.0,50250.0,452250.0,363000.0
ITM-0006077,ORD-001660,PRD-0015,6,19300.0,12700.0,7.5,8685.0,107115.0,76200.0
ITM-0006078,ORD-001660,PRD-0037,37,7650.0,5500.0,5.0,14152.5,268897.5,203500.0
ITM-0006079,ORD-001660,PRD-0040,12,70550.0,49600.0,5.0,42330.0,804270.0,595200.0
ITM-0006080,ORD-001660,PRD-0007,4,33250.0,23700.0,0.0,0.0,133000.0,94800.0
ITM-0006081,ORD-001660,PRD-0043,6,35950.0,25500.0,0.0,0.0,215700.0,153000.0
ITM-0006082,ORD-001661,PRD-0037,24,7650.0,5500.0,10.0,18360.0,165240.0,132000.0
ITM-0006083,ORD-001661,PRD-0057,3,25450.0,17350.0,7.5,5726.25,70623.75,52050.0
ITM-0006084,ORD-001662,PRD-0039,46,13350.0,9100.0,0.0,0.0,614100.0,418600.0
ITM-0006085,ORD-001662,PRD-0008,20,11400.0,7800.0,5.0,11400.0,216600.0,156000.0
ITM-0006086,ORD-001662,PRD-0069,20,41700.0,30300.0,7.5,62550.0,771450.0,606000.0
ITM-0006087,ORD-001663,PRD-0033,11,88100.0,66350.0,10.0,96910.0,872190.0,729850.0
ITM-0006088,ORD-001663,PRD-0038,11,32300.0,22650.0,2.5,8882.5,346417.5,249150.0
ITM-0006089,ORD-001663,PRD-0037,50,7650.0,5500.0,10.0,38250.0,344250.0,275000.0
ITM-0006090,ORD-001663,PRD-0030,14,35850.0,25550.0,0.0,0.0,501900.0,357700.0
ITM-0006091,ORD-001663,PRD-0016,14,18750.0,12900.0,5.0,13125.0,249375.0,180600.0
ITM-0006092,ORD-001664,PRD-0023,4,46600.0,33950.0,7.5,13980.0,172420.0,135800.0
ITM-0006093,ORD-001664,PRD-0050,20,1200.0,650.0,2.5,600.0,23400.0,13000.0
ITM-0006094,ORD-001665,PRD-0066,22,5300.0,3250.0,7.5,8745.0,107855.0,71500.0
ITM-0006095,ORD-001665,PRD-0005,36,11500.0,7900.0,12.5,51750.0,362250.0,284400.0
ITM-0006096,ORD-001665,PRD-0009,14,75050.0,56000.0,5.0,52535.0,998165.0,784000.0
ITM-0006097,ORD-001665,PRD-0023,3,46600.0,33950.0,7.5,10485.0,129315.0,101850.0
ITM-0006098,ORD-001666,PRD-0033,5,88100.0,66350.0,0.0,0.0,440500.0,331750.0
ITM-0006099,ORD-001666,PRD-0023,5,46600.0,33950.0,10.0,23300.0,209700.0,169750.0
ITM-0006100,ORD-001666,PRD-0036,7,170650.0,122850.0,7.5,89591.25,1104958.75,859950.0
ITM-0006101,ORD-001666,PRD-0045,12,4400.0,2800.0,5.0,2640.0,50160.0,33600.0
ITM-0006102,ORD-001667,PRD-0058,11,28050.0,19450.0,2.5,7713.75,300836.25,213950.0
ITM-0006103,ORD-001667,PRD-0034,8,2800.0,1650.0,5.0,1120.0,21280.0,13200.0
ITM-0006104,ORD-001667,PRD-0037,38,7650.0,5500.0,7.5,21802.5,268897.5,209000.0
ITM-0006105,ORD-001667,PRD-0022,8,13950.0,9250.0,12.5,13950.0,97650.0,74000.0
ITM-0006106,ORD-001667,PRD-0054,25,6000.0,4000.0,7.5,11250.0,138750.0,100000.0
ITM-0006107,ORD-001668,PRD-0066,20,5300.0,3250.0,7.5,7950.0,98050.0,65000.0
ITM-0006108,ORD-001668,PRD-0063,47,12650.0,8000.0,10.0,59455.0,535095.0,376000.0
ITM-0006109,ORD-001669,PRD-0011,7,50250.0,35950.0,0.0,0.0,351750.0,251650.0
ITM-0006110,ORD-001669,PRD-0066,11,5300.0,3250.0,0.0,0.0,58300.0,35750.0
ITM-0006111,ORD-001669,PRD-0034,11,2800.0,1650.0,0.0,0.0,30800.0,18150.0
ITM-0006112,ORD-001669,PRD-0033,11,88100.0,66350.0,12.5,121137.5,847962.5,729850.0
ITM-0006113,ORD-001669,PRD-0027,64,11500.0,7200.0,5.0,36800.0,699200.0,460800.0
ITM-0006114,ORD-001670,PRD-0022,3,13950.0,9250.0,0.0,0.0,41850.0,27750.0
ITM-0006115,ORD-001670,PRD-0058,1,28050.0,19450.0,7.5,2103.75,25946.25,19450.0
ITM-0006116,ORD-001670,PRD-0037,34,7650.0,5500.0,5.0,13005.0,247095.0,187000.0
ITM-0006117,ORD-001670,PRD-0017,9,15250.0,10000.0,7.5,10293.75,126956.25,90000.0
ITM-0006118,ORD-001671,PRD-0003,5,88300.0,65000.0,5.0,22075.0,419425.0,325000.0
ITM-0006119,ORD-001672,PRD-0007,2,33250.0,23700.0,2.5,1662.5,64837.5,47400.0
ITM-0006120,ORD-001672,PRD-0034,4,2800.0,1650.0,0.0,0.0,11200.0,6600.0
ITM-0006121,ORD-001673,PRD-0027,22,11500.0,7200.0,7.5,18975.0,234025.0,158400.0
ITM-0006122,ORD-001674,PRD-0050,36,1200.0,650.0,10.0,4320.0,38880.0,23400.0
ITM-0006123,ORD-001674,PRD-0011,10,50250.0,35950.0,7.5,37687.5,464812.5,359500.0
ITM-0006124,ORD-001674,PRD-0066,36,5300.0,3250.0,0.0,0.0,190800.0,117000.0
ITM-0006125,ORD-001675,PRD-0058,2,28050.0,19450.0,5.0,2805.0,53295.0,38900.0
ITM-0006126,ORD-001675,PRD-0034,5,2800.0,1650.0,5.0,700.0,13300.0,8250.0
ITM-0006127,ORD-001675,PRD-0053,7,50250.0,36300.0,2.5,8793.75,342956.25,254100.0
ITM-0006128,ORD-001675,PRD-0037,27,7650.0,5500.0,7.5,15491.25,191058.75,148500.0
ITM-0006129,ORD-001675,PRD-0049,7,2250.0,1400.0,2.5,393.75,15356.25,9800.0
ITM-0006130,ORD-001676,PRD-0045,15,4400.0,2800.0,0.0,0.0,66000.0,42000.0
ITM-0006131,ORD-001676,PRD-0058,3,28050.0,19450.0,0.0,0.0,84150.0,58350.0
ITM-0006132,ORD-001676,PRD-0066,12,5300.0,3250.0,12.5,7950.0,55650.0,39000.0
ITM-0006133,ORD-001676,PRD-0002,18,52050.0,38100.0,0.0,0.0,936900.0,685800.0
ITM-0006134,ORD-001677,PRD-0052,9,40400.0,29250.0,12.5,45450.0,318150.0,263250.0
ITM-0006135,ORD-001677,PRD-0053,11,50250.0,36300.0,2.5,13818.75,538931.25,399300.0
ITM-0006136,ORD-001677,PRD-0034,11,2800.0,1650.0,12.5,3850.0,26950.0,18150.0
ITM-0006137,ORD-001677,PRD-0043,9,35950.0,25500.0,7.5,24266.25,299283.75,229500.0
ITM-0006138,ORD-001678,PRD-0033,2,88100.0,66350.0,0.0,0.0,176200.0,132700.0
ITM-0006139,ORD-001678,PRD-0007,1,33250.0,23700.0,5.0,1662.5,31587.5,23700.0
ITM-0006140,ORD-001678,PRD-0049,5,2250.0,1400.0,5.0,562.5,10687.5,7000.0
ITM-0006141,ORD-001678,PRD-0056,7,16900.0,12000.0,5.0,5915.0,112385.0,84000.0
ITM-0006142,ORD-001679,PRD-0062,24,13700.0,9000.0,10.0,32880.0,295920.0,216000.0
ITM-0006143,ORD-001679,PRD-0053,2,50250.0,36300.0,2.5,2512.5,97987.5,72600.0
ITM-0006144,ORD-001679,PRD-0056,12,16900.0,12000.0,5.0,10140.0,192660.0,144000.0
ITM-0006145,ORD-001679,PRD-0045,16,4400.0,2800.0,0.0,0.0,70400.0,44800.0
ITM-0006146,ORD-001679,PRD-0027,42,11500.0,7200.0,10.0,48300.0,434700.0,302400.0
ITM-0006147,ORD-001680,PRD-0030,6,35850.0,25550.0,10.0,21510.0,193590.0,153300.0
ITM-0006148,ORD-001680,PRD-0004,8,7100.0,4600.0,0.0,0.0,56800.0,36800.0
ITM-0006149,ORD-001680,PRD-0034,2,2800.0,1650.0,7.5,420.0,5180.0,3300.0
ITM-0006150,ORD-001681,PRD-0002,15,52050.0,38100.0,0.0,0.0,780750.0,571500.0
ITM-0006151,ORD-001682,PRD-0033,2,88100.0,66350.0,0.0,0.0,176200.0,132700.0
ITM-0006152,ORD-001682,PRD-0044,15,3350.0,2000.0,5.0,2512.5,47737.5,30000.0
ITM-0006153,ORD-001682,PRD-0034,2,2800.0,1650.0,7.5,420.0,5180.0,3300.0
ITM-0006154,ORD-001682,PRD-0066,5,5300.0,3250.0,5.0,1325.0,25175.0,16250.0
ITM-0006155,ORD-001683,PRD-0043,9,35950.0,25500.0,7.5,24266.25,299283.75,229500.0
ITM-0006156,ORD-001683,PRD-0069,10,41700.0,30300.0,7.5,31275.0,385725.0,303000.0
ITM-0006157,ORD-001683,PRD-0023,3,46600.0,33950.0,0.0,0.0,139800.0,101850.0
ITM-0006158,ORD-001683,PRD-0063,10,12650.0,8000.0,5.0,6325.0,120175.0,80000.0
ITM-0006159,ORD-001683,PRD-0027,24,11500.0,7200.0,0.0,0.0,276000.0,172800.0
ITM-0006160,ORD-001684,PRD-0027,48,11500.0,7200.0,2.5,13800.0,538200.0,345600.0
ITM-0006161,ORD-001684,PRD-0019,10,2950.0,1850.0,0.0,0.0,29500.0,18500.0
ITM-0006162,ORD-001685,PRD-0027,20,11500.0,7200.0,12.5,28750.0,201250.0,144000.0
ITM-0006163,ORD-001685,PRD-0005,7,11500.0,7900.0,7.5,6037.5,74462.5,55300.0
ITM-0006164,ORD-001685,PRD-0007,5,33250.0,23700.0,5.0,8312.5,157937.5,118500.0
ITM-0006165,ORD-001685,PRD-0050,6,1200.0,650.0,7.5,540.0,6660.0,3900.0
ITM-0006166,ORD-001686,PRD-0032,20,383350.0,305700.0,2.5,191675.0,7475325.0,6114000.0
ITM-0006167,ORD-001686,PRD-0016,12,18750.0,12900.0,2.5,5625.0,219375.0,154800.0
ITM-0006168,ORD-001686,PRD-0033,16,88100.0,66350.0,5.0,70480.0,1339120.0,1061600.0
ITM-0006169,ORD-001687,PRD-0069,19,41700.0,30300.0,7.5,59422.5,732877.5,575700.0
ITM-0006170,ORD-001687,PRD-0063,74,12650.0,8000.0,7.5,70207.5,865892.5,592000.0
ITM-0006171,ORD-001687,PRD-0007,4,33250.0,23700.0,2.5,3325.0,129675.0,94800.0
ITM-0006172,ORD-001687,PRD-0036,19,170650.0,122850.0,7.5,243176.25,2999173.75,2334150.0
ITM-0006173,ORD-001687,PRD-0005,48,11500.0,7900.0,10.0,55200.0,496800.0,379200.0
ITM-0006174,ORD-001687,PRD-0026,33,5050.0,3050.0,10.0,16665.0,149985.0,100650.0
ITM-0006175,ORD-001687,PRD-0033,11,88100.0,66350.0,7.5,72682.5,896417.5,729850.0
ITM-0006176,ORD-001688,PRD-0009,2,75050.0,56000.0,5.0,7505.0,142595.0,112000.0
ITM-0006177,ORD-001689,PRD-0019,13,2950.0,1850.0,0.0,0.0,38350.0,24050.0
ITM-0006178,ORD-001689,PRD-0007,8,33250.0,23700.0,5.0,13300.0,252700.0,189600.0
ITM-0006179,ORD-001689,PRD-0049,4,2250.0,1400.0,5.0,450.0,8550.0,5600.0
ITM-0006180,ORD-001689,PRD-0010,1,50450.0,37650.0,7.5,3783.75,46666.25,37650.0
ITM-0006181,ORD-001690,PRD-0007,10,33250.0,23700.0,7.5,24937.5,307562.5,237000.0
ITM-0006182,ORD-001690,PRD-0025,2,32700.0,22850.0,0.0,0.0,65400.0,45700.0
ITM-0006183,ORD-001690,PRD-0069,5,41700.0,30300.0,0.0,0.0,208500.0,151500.0
ITM-0006184,ORD-001691,PRD-0005,36,11500.0,7900.0,7.5,31050.0,382950.0,284400.0
ITM-0006185,ORD-001691,PRD-0028,54,6400.0,4200.0,2.5,8640.0,336960.0,226800.0
ITM-0006186,ORD-001691,PRD-0025,22,32700.0,22850.0,10.0,71940.0,647460.0,502700.0
ITM-0006187,ORD-001691,PRD-0015,11,19300.0,12700.0,2.5,5307.5,206992.5,139700.0
ITM-0006188,ORD-001692,PRD-0065,33,9000.0,5800.0,7.5,22275.0,274725.0,191400.0
ITM-0006189,ORD-001692,PRD-0050,24,1200.0,650.0,7.5,2160.0,26640.0,15600.0
ITM-0006190,ORD-001693,PRD-0007,1,33250.0,23700.0,0.0,0.0,33250.0,23700.0
ITM-0006191,ORD-001693,PRD-0066,6,5300.0,3250.0,5.0,1590.0,30210.0,19500.0
ITM-0006192,ORD-001694,PRD-0049,22,2250.0,1400.0,10.0,4950.0,44550.0,30800.0
ITM-0006193,ORD-001694,PRD-0032,9,383350.0,305700.0,10.0,345015.0,3105135.0,2751300.0
ITM-0006194,ORD-001694,PRD-0036,13,170650.0,122850.0,0.0,0.0,2218450.0,1597050.0
ITM-0006195,ORD-001694,PRD-0007,13,33250.0,23700.0,0.0,0.0,432250.0,308100.0
ITM-0006196,ORD-001694,PRD-0060,9,16450.0,11150.0,2.5,3701.25,144348.75,100350.0
ITM-0006197,ORD-001695,PRD-0022,13,13950.0,9250.0,0.0,0.0,181350.0,120250.0
ITM-0006198,ORD-001695,PRD-0016,6,18750.0,12900.0,7.5,8437.5,104062.5,77400.0
ITM-0006199,ORD-001695,PRD-0037,48,7650.0,5500.0,10.0,36720.0,330480.0,264000.0
ITM-0006200,ORD-001695,PRD-0049,29,2250.0,1400.0,0.0,0.0,65250.0,40600.0
ITM-0006201,ORD-001696,PRD-0026,7,5050.0,3050.0,2.5,883.75,34466.25,21350.0
ITM-0006202,ORD-001696,PRD-0063,12,12650.0,8000.0,5.0,7590.0,144210.0,96000.0
ITM-0006203,ORD-001696,PRD-0018,2,39400.0,29550.0,0.0,0.0,78800.0,59100.0
ITM-0006204,ORD-001696,PRD-0009,1,75050.0,56000.0,5.0,3752.5,71297.5,56000.0
ITM-0006205,ORD-001697,PRD-0007,6,33250.0,23700.0,10.0,19950.0,179550.0,142200.0
ITM-0006206,ORD-001697,PRD-0026,25,5050.0,3050.0,10.0,12625.0,113625.0,76250.0
ITM-0006207,ORD-001697,PRD-0005,5,11500.0,7900.0,10.0,5750.0,51750.0,39500.0
ITM-0006208,ORD-001697,PRD-0053,2,50250.0,36300.0,10.0,10050.0,90450.0,72600.0
ITM-0006209,ORD-001698,PRD-0045,36,4400.0,2800.0,0.0,0.0,158400.0,100800.0
ITM-0006210,ORD-001698,PRD-0030,51,35850.0,25550.0,5.0,91417.5,1736932.5,1303050.0
ITM-0006211,ORD-001698,PRD-0053,7,50250.0,36300.0,2.5,8793.75,342956.25,254100.0
ITM-0006212,ORD-001698,PRD-0007,7,33250.0,23700.0,10.0,23275.0,209475.0,165900.0
ITM-0006213,ORD-001698,PRD-0047,15,67750.0,48250.0,0.0,0.0,1016250.0,723750.0
ITM-0006214,ORD-001698,PRD-0034,15,2800.0,1650.0,0.0,0.0,42000.0,24750.0
ITM-0006215,ORD-001699,PRD-0049,21,2250.0,1400.0,0.0,0.0,47250.0,29400.0
ITM-0006216,ORD-001699,PRD-0032,12,383350.0,305700.0,7.5,345015.0,4255185.0,3668400.0
ITM-0006217,ORD-001699,PRD-0027,53,11500.0,7200.0,2.5,15237.5,594262.5,381600.0
ITM-0006218,ORD-001699,PRD-0052,15,40400.0,29250.0,0.0,0.0,606000.0,438750.0
ITM-0006219,ORD-001699,PRD-0030,35,35850.0,25550.0,12.5,156843.75,1097906.25,894250.0
ITM-0006220,ORD-001699,PRD-0034,12,2800.0,1650.0,2.5,840.0,32760.0,19800.0
ITM-0006221,ORD-001699,PRD-0063,65,12650.0,8000.0,10.0,82225.0,740025.0,520000.0
ITM-0006222,ORD-001700,PRD-0052,1,40400.0,29250.0,2.5,1010.0,39390.0,29250.0
ITM-0006223,ORD-001701,PRD-0005,14,11500.0,7900.0,5.0,8050.0,152950.0,110600.0
ITM-0006224,ORD-001701,PRD-0027,58,11500.0,7200.0,0.0,0.0,667000.0,417600.0
ITM-0006225,ORD-001701,PRD-0014,2,199750.0,146450.0,10.0,39950.0,359550.0,292900.0
ITM-0006226,ORD-001702,PRD-0005,7,11500.0,7900.0,10.0,8050.0,72450.0,55300.0
ITM-0006227,ORD-001702,PRD-0037,50,7650.0,5500.0,0.0,0.0,382500.0,275000.0
ITM-0006228,ORD-001702,PRD-0007,11,33250.0,23700.0,10.0,36575.0,329175.0,260700.0
ITM-0006229,ORD-001702,PRD-0063,20,12650.0,8000.0,5.0,12650.0,240350.0,160000.0
ITM-0006230,ORD-001702,PRD-0053,11,50250.0,36300.0,0.0,0.0,552750.0,399300.0
ITM-0006231,ORD-001702,PRD-0031,7,1600.0,900.0,7.5,840.0,10360.0,6300.0
ITM-0006232,ORD-001702,PRD-0034,9,2800.0,1650.0,7.5,1890.0,23310.0,14850.0
ITM-0006233,ORD-001703,PRD-0058,9,28050.0,19450.0,7.5,18933.75,233516.25,175050.0
ITM-0006234,ORD-001704,PRD-0034,8,2800.0,1650.0,5.0,1120.0,21280.0,13200.0
ITM-0006235,ORD-001704,PRD-0066,21,5300.0,3250.0,10.0,11130.0,100170.0,68250.0
ITM-0006236,ORD-001704,PRD-0011,8,50250.0,35950.0,0.0,0.0,402000.0,287600.0
ITM-0006237,ORD-001704,PRD-0009,1,75050.0,56000.0,0.0,0.0,75050.0,56000.0
ITM-0006238,ORD-001704,PRD-0052,4,40400.0,29250.0,0.0,0.0,161600.0,117000.0
ITM-0006239,ORD-001705,PRD-0030,22,35850.0,25550.0,10.0,78870.0,709830.0,562100.0
ITM-0006240,ORD-001705,PRD-0013,33,8750.0,5350.0,5.0,14437.5,274312.5,176550.0
ITM-0006241,ORD-001705,PRD-0032,9,383350.0,305700.0,10.0,345015.0,3105135.0,2751300.0
ITM-0006242,ORD-001706,PRD-0053,3,50250.0,36300.0,5.0,7537.5,143212.5,108900.0
ITM-0006243,ORD-001706,PRD-0019,7,2950.0,1850.0,10.0,2065.0,18585.0,12950.0
ITM-0006244,ORD-001706,PRD-0032,3,383350.0,305700.0,0.0,0.0,1150050.0,917100.0
ITM-0006245,ORD-001707,PRD-0013,32,8750.0,5350.0,0.0,0.0,280000.0,171200.0
ITM-0006246,ORD-001707,PRD-0058,2,28050.0,19450.0,5.0,2805.0,53295.0,38900.0
ITM-0006247,ORD-001707,PRD-0031,30,1600.0,900.0,7.5,3600.0,44400.0,27000.0
ITM-0006248,ORD-001707,PRD-0040,10,70550.0,49600.0,10.0,70550.0,634950.0,496000.0
ITM-0006249,ORD-001708,PRD-0016,4,18750.0,12900.0,10.0,7500.0,67500.0,51600.0
ITM-0006250,ORD-001709,PRD-0025,6,32700.0,22850.0,7.5,14715.0,181485.0,137100.0
ITM-0006251,ORD-001709,PRD-0007,2,33250.0,23700.0,2.5,1662.5,64837.5,47400.0
ITM-0006252,ORD-001709,PRD-0043,8,35950.0,25500.0,5.0,14380.0,273220.0,204000.0
ITM-0006253,ORD-001709,PRD-0023,2,46600.0,33950.0,10.0,9320.0,83880.0,67900.0
ITM-0006254,ORD-001710,PRD-0016,21,18750.0,12900.0,2.5,9843.75,383906.25,270900.0
ITM-0006255,ORD-001710,PRD-0007,3,33250.0,23700.0,7.5,7481.25,92268.75,71100.0
ITM-0006256,ORD-001710,PRD-0031,10,1600.0,900.0,10.0,1600.0,14400.0,9000.0
ITM-0006257,ORD-001710,PRD-0036,7,170650.0,122850.0,7.5,89591.25,1104958.75,859950.0
ITM-0006258,ORD-001710,PRD-0021,17,151550.0,109750.0,10.0,257635.0,2318715.0,1865750.0
ITM-0006259,ORD-001711,PRD-0049,31,2250.0,1400.0,5.0,3487.5,66262.5,43400.0
ITM-0006260,ORD-001711,PRD-0060,10,16450.0,11150.0,10.0,16450.0,148050.0,111500.0
ITM-0006261,ORD-001712,PRD-0005,35,11500.0,7900.0,0.0,0.0,402500.0,276500.0
ITM-0006262,ORD-001712,PRD-0035,3,195800.0,149250.0,7.5,44055.0,543345.0,447750.0
ITM-0006263,ORD-001713,PRD-0018,8,39400.0,29550.0,5.0,15760.0,299440.0,236400.0
ITM-0006264,ORD-001713,PRD-0056,13,16900.0,12000.0,10.0,21970.0,197730.0,156000.0
ITM-0006265,ORD-001714,PRD-0069,3,41700.0,30300.0,5.0,6255.0,118845.0,90900.0
ITM-0006266,ORD-001714,PRD-0009,6,75050.0,56000.0,10.0,45030.0,405270.0,336000.0
ITM-0006267,ORD-001714,PRD-0022,3,13950.0,9250.0,5.0,2092.5,39757.5,27750.0
ITM-0006268,ORD-001715,PRD-0045,5,4400.0,2800.0,5.0,1100.0,20900.0,14000.0
ITM-0006269,ORD-001715,PRD-0055,2,43600.0,31400.0,7.5,6540.0,80660.0,62800.0
ITM-0006270,ORD-001715,PRD-0064,1,40250.0,28850.0,0.0,0.0,40250.0,28850.0
ITM-0006271,ORD-001715,PRD-0036,1,170650.0,122850.0,0.0,0.0,170650.0,122850.0
ITM-0006272,ORD-001716,PRD-0049,31,2250.0,1400.0,5.0,3487.5,66262.5,43400.0
ITM-0006273,ORD-001716,PRD-0038,23,32300.0,22650.0,5.0,37145.0,705755.0,520950.0
ITM-0006274,ORD-001716,PRD-0030,31,35850.0,25550.0,2.5,27783.75,1083566.25,792050.0
ITM-0006275,ORD-001716,PRD-0051,97,7700.0,4850.0,10.0,74690.0,672210.0,470450.0
ITM-0006276,ORD-001716,PRD-0034,12,2800.0,1650.0,0.0,0.0,33600.0,19800.0
ITM-0006277,ORD-001716,PRD-0045,31,4400.0,2800.0,7.5,10230.0,126170.0,86800.0
ITM-0006278,ORD-001716,PRD-0052,16,40400.0,29250.0,5.0,32320.0,614080.0,468000.0
ITM-0006279,ORD-001717,PRD-0067,4,2050.0,1250.0,5.0,410.0,7790.0,5000.0
ITM-0006280,ORD-001717,PRD-0005,2,11500.0,7900.0,5.0,1150.0,21850.0,15800.0
ITM-0006281,ORD-001717,PRD-0070,4,5100.0,3300.0,10.0,2040.0,18360.0,13200.0
ITM-0006282,ORD-001718,PRD-0068,14,29000.0,20900.0,0.0,0.0,406000.0,292600.0
ITM-0006283,ORD-001718,PRD-0033,14,88100.0,66350.0,2.5,30835.0,1202565.0,928900.0
ITM-0006284,ORD-001718,PRD-0037,49,7650.0,5500.0,5.0,18742.5,356107.5,269500.0
ITM-0006285,ORD-001719,PRD-0069,3,41700.0,30300.0,5.0,6255.0,118845.0,90900.0
ITM-0006286,ORD-001719,PRD-0024,17,17950.0,12350.0,7.5,22886.25,282263.75,209950.0
ITM-0006287,ORD-001720,PRD-0030,19,35850.0,25550.0,0.0,0.0,681150.0,485450.0
ITM-0006288,ORD-001720,PRD-0036,6,170650.0,122850.0,10.0,102390.0,921510.0,737100.0
ITM-0006289,ORD-001720,PRD-0063,9,12650.0,8000.0,10.0,11385.0,102465.0,72000.0
ITM-0006290,ORD-001721,PRD-0031,10,1600.0,900.0,0.0,0.0,16000.0,9000.0
ITM-0006291,ORD-001721,PRD-0032,3,383350.0,305700.0,0.0,0.0,1150050.0,917100.0
ITM-0006292,ORD-001722,PRD-0013,76,8750.0,5350.0,2.5,16625.0,648375.0,406600.0
ITM-0006293,ORD-001722,PRD-0030,29,35850.0,25550.0,2.5,25991.25,1013658.75,740950.0
ITM-0006294,ORD-001722,PRD-0034,4,2800.0,1650.0,0.0,0.0,11200.0,6600.0
ITM-0006295,ORD-001722,PRD-0005,22,11500.0,7900.0,12.5,31625.0,221375.0,173800.0
ITM-0006296,ORD-001722,PRD-0021,18,151550.0,109750.0,10.0,272790.0,2455110.0,1975500.0
ITM-0006297,ORD-001722,PRD-0069,22,41700.0,30300.0,2.5,22935.0,894465.0,666600.0
ITM-0006298,ORD-001723,PRD-0034,17,2800.0,1650.0,2.5,1190.0,46410.0,28050.0
ITM-0006299,ORD-001723,PRD-0035,20,195800.0,149250.0,10.0,391600.0,3524400.0,2985000.0
ITM-0006300,ORD-001723,PRD-0066,34,5300.0,3250.0,10.0,18020.0,162180.0,110500.0
ITM-0006301,ORD-001724,PRD-0025,7,32700.0,22850.0,7.5,17167.5,211732.5,159950.0
ITM-0006302,ORD-001724,PRD-0065,20,9000.0,5800.0,0.0,0.0,180000.0,116000.0
ITM-0006303,ORD-001724,PRD-0031,26,1600.0,900.0,0.0,0.0,41600.0,23400.0
ITM-0006304,ORD-001724,PRD-0034,2,2800.0,1650.0,10.0,560.0,5040.0,3300.0
ITM-0006305,ORD-001724,PRD-0026,31,5050.0,3050.0,2.5,3913.75,152636.25,94550.0
ITM-0006306,ORD-001724,PRD-0066,31,5300.0,3250.0,12.5,20537.5,143762.5,100750.0
ITM-0006307,ORD-001725,PRD-0027,31,11500.0,7200.0,5.0,17825.0,338675.0,223200.0
ITM-0006308,ORD-001725,PRD-0004,11,7100.0,4600.0,0.0,0.0,78100.0,50600.0
ITM-0006309,ORD-001725,PRD-0058,6,28050.0,19450.0,7.5,12622.5,155677.5,116700.0
ITM-0006310,ORD-001726,PRD-0011,17,50250.0,35950.0,5.0,42712.5,811537.5,611150.0
ITM-0006311,ORD-001726,PRD-0007,7,33250.0,23700.0,0.0,0.0,232750.0,165900.0
ITM-0006312,ORD-001726,PRD-0003,7,88300.0,65000.0,7.5,46357.5,571742.5,455000.0
ITM-0006313,ORD-001726,PRD-0045,21,4400.0,2800.0,0.0,0.0,92400.0,58800.0
ITM-0006314,ORD-001727,PRD-0053,14,50250.0,36300.0,5.0,35175.0,668325.0,508200.0
ITM-0006315,ORD-001727,PRD-0045,28,4400.0,2800.0,5.0,6160.0,117040.0,78400.0
ITM-0006316,ORD-001728,PRD-0032,2,383350.0,305700.0,7.5,57502.5,709197.5,611400.0
ITM-0006317,ORD-001728,PRD-0037,6,7650.0,5500.0,5.0,2295.0,43605.0,33000.0
ITM-0006318,ORD-001729,PRD-0009,5,75050.0,56000.0,5.0,18762.5,356487.5,280000.0
ITM-0006319,ORD-001729,PRD-0006,12,27000.0,19650.0,5.0,16200.0,307800.0,235800.0
ITM-0006320,ORD-001729,PRD-0033,9,88100.0,66350.0,7.5,59467.5,733432.5,597150.0
ITM-0006321,ORD-001730,PRD-0056,13,16900.0,12000.0,10.0,21970.0,197730.0,156000.0
ITM-0006322,ORD-001730,PRD-0017,6,15250.0,10000.0,0.0,0.0,91500.0,60000.0
ITM-0006323,ORD-001730,PRD-0066,47,5300.0,3250.0,7.5,18682.5,230417.5,152750.0
ITM-0006324,ORD-001730,PRD-0034,16,2800.0,1650.0,2.5,1120.0,43680.0,26400.0
ITM-0006325,ORD-001731,PRD-0037,8,7650.0,5500.0,7.5,4590.0,56610.0,44000.0
ITM-0006326,ORD-001731,PRD-0055,7,43600.0,31400.0,5.0,15260.0,289940.0,219800.0
ITM-0006327,ORD-001731,PRD-0007,2,33250.0,23700.0,5.0,3325.0,63175.0,47400.0
ITM-0006328,ORD-001732,PRD-0048,12,160400.0,117650.0,5.0,96240.0,1828560.0,1411800.0
ITM-0006329,ORD-001732,PRD-0005,8,11500.0,7900.0,7.5,6900.0,85100.0,63200.0
ITM-0006330,ORD-001732,PRD-0064,8,40250.0,28850.0,2.5,8050.0,313950.0,230800.0
ITM-0006331,ORD-001732,PRD-0033,10,88100.0,66350.0,0.0,0.0,881000.0,663500.0
ITM-0006332,ORD-001732,PRD-0027,51,11500.0,7200.0,12.5,73312.5,513187.5,367200.0
ITM-0006333,ORD-001732,PRD-0007,12,33250.0,23700.0,5.0,19950.0,379050.0,284400.0
ITM-0006334,ORD-001733,PRD-0005,42,11500.0,7900.0,2.5,12075.0,470925.0,331800.0
ITM-0006335,ORD-001733,PRD-0053,10,50250.0,36300.0,5.0,25125.0,477375.0,363000.0
ITM-0006336,ORD-001733,PRD-0034,6,2800.0,1650.0,0.0,0.0,16800.0,9900.0
ITM-0006337,ORD-001733,PRD-0036,6,170650.0,122850.0,10.0,102390.0,921510.0,737100.0
ITM-0006338,ORD-001733,PRD-0069,19,41700.0,30300.0,2.5,19807.5,772492.5,575700.0
ITM-0006339,ORD-001733,PRD-0052,6,40400.0,29250.0,5.0,12120.0,230280.0,175500.0
ITM-0006340,ORD-001734,PRD-0021,19,151550.0,109750.0,5.0,143972.5,2735477.5,2085250.0
ITM-0006341,ORD-001734,PRD-0005,25,11500.0,7900.0,7.5,21562.5,265937.5,197500.0
ITM-0006342,ORD-001734,PRD-0045,41,4400.0,2800.0,7.5,13530.0,166870.0,114800.0
ITM-0006343,ORD-001734,PRD-0020,3,31900.0,22100.0,12.5,11962.5,83737.5,66300.0
ITM-0006344,ORD-001734,PRD-0032,9,383350.0,305700.0,10.0,345015.0,3105135.0,2751300.0
ITM-0006345,ORD-001734,PRD-0013,34,8750.0,5350.0,7.5,22312.5,275187.5,181900.0
ITM-0006346,ORD-001734,PRD-0016,13,18750.0,12900.0,12.5,30468.75,213281.25,167700.0
ITM-0006347,ORD-001735,PRD-0021,3,151550.0,109750.0,7.5,34098.75,420551.25,329250.0
ITM-0006348,ORD-001735,PRD-0011,3,50250.0,35950.0,5.0,7537.5,143212.5,107850.0
ITM-0006349,ORD-001736,PRD-0069,4,41700.0,30300.0,0.0,0.0,166800.0,121200.0
ITM-0006350,ORD-001736,PRD-0007,2,33250.0,23700.0,12.5,8312.5,58187.5,47400.0
ITM-0006351,ORD-001737,PRD-0006,15,27000.0,19650.0,5.0,20250.0,384750.0,294750.0
ITM-0006352,ORD-001737,PRD-0032,4,383350.0,305700.0,2.5,38335.0,1495065.0,1222800.0
ITM-0006353,ORD-001737,PRD-0069,7,41700.0,30300.0,7.5,21892.5,270007.5,212100.0
ITM-0006354,ORD-001737,PRD-0034,15,2800.0,1650.0,5.0,2100.0,39900.0,24750.0
ITM-0006355,ORD-001737,PRD-0070,18,5100.0,3300.0,5.0,4590.0,87210.0,59400.0
ITM-0006356,ORD-001737,PRD-0017,7,15250.0,10000.0,5.0,5337.5,101412.5,70000.0
ITM-0006357,ORD-001738,PRD-0034,15,2800.0,1650.0,7.5,3150.0,38850.0,24750.0
ITM-0006358,ORD-001738,PRD-0004,25,7100.0,4600.0,0.0,0.0,177500.0,115000.0
ITM-0006359,ORD-001738,PRD-0069,10,41700.0,30300.0,0.0,0.0,417000.0,303000.0
ITM-0006360,ORD-001738,PRD-0056,7,16900.0,12000.0,7.5,8872.5,109427.5,84000.0
ITM-0006361,ORD-001738,PRD-0058,10,28050.0,19450.0,7.5,21037.5,259462.5,194500.0
ITM-0006362,ORD-001739,PRD-0032,2,383350.0,305700.0,0.0,0.0,766700.0,611400.0
ITM-0006363,ORD-001739,PRD-0022,3,13950.0,9250.0,7.5,3138.75,38711.25,27750.0
ITM-0006364,ORD-001739,PRD-0031,10,1600.0,900.0,2.5,400.0,15600.0,9000.0
ITM-0006365,ORD-001740,PRD-0021,8,151550.0,109750.0,0.0,0.0,1212400.0,878000.0
ITM-0006366,ORD-001740,PRD-0045,22,4400.0,2800.0,0.0,0.0,96800.0,61600.0
ITM-0006367,ORD-001741,PRD-0016,11,18750.0,12900.0,5.0,10312.5,195937.5,141900.0
ITM-0006368,ORD-001741,PRD-0038,11,32300.0,22650.0,5.0,17765.0,337535.0,249150.0
ITM-0006369,ORD-001741,PRD-0011,9,50250.0,35950.0,2.5,11306.25,440943.75,323550.0
ITM-0006370,ORD-001741,PRD-0005,25,11500.0,7900.0,2.5,7187.5,280312.5,197500.0
ITM-0006371,ORD-001742,PRD-0030,7,35850.0,25550.0,5.0,12547.5,238402.5,178850.0
ITM-0006372,ORD-001743,PRD-0070,33,5100.0,3300.0,5.0,8415.0,159885.0,108900.0
ITM-0006373,ORD-001743,PRD-0045,46,4400.0,2800.0,10.0,20240.0,182160.0,128800.0
ITM-0006374,ORD-001743,PRD-0029,7,30900.0,21650.0,2.5,5407.5,210892.5,151550.0
ITM-0006375,ORD-001743,PRD-0048,20,160400.0,117650.0,7.5,240600.0,2967400.0,2353000.0
ITM-0006376,ORD-001743,PRD-0028,46,6400.0,4200.0,5.0,14720.0,279680.0,193200.0
ITM-0006377,ORD-001743,PRD-0063,76,12650.0,8000.0,10.0,96140.0,865260.0,608000.0
ITM-0006378,ORD-001743,PRD-0027,26,11500.0,7200.0,7.5,22425.0,276575.0,187200.0
ITM-0006379,ORD-001744,PRD-0053,2,50250.0,36300.0,5.0,5025.0,95475.0,72600.0
ITM-0006380,ORD-001744,PRD-0063,19,12650.0,8000.0,2.5,6008.75,234341.25,152000.0
ITM-0006381,ORD-001744,PRD-0005,6,11500.0,7900.0,10.0,6900.0,62100.0,47400.0
ITM-0006382,ORD-001744,PRD-0069,2,41700.0,30300.0,5.0,4170.0,79230.0,60600.0
ITM-0006383,ORD-001744,PRD-0027,11,11500.0,7200.0,5.0,6325.0,120175.0,79200.0
ITM-0006384,ORD-001744,PRD-0060,11,16450.0,11150.0,12.5,22618.75,158331.25,122650.0
ITM-0006385,ORD-001745,PRD-0007,12,33250.0,23700.0,5.0,19950.0,379050.0,284400.0
ITM-0006386,ORD-001745,PRD-0036,15,170650.0,122850.0,7.5,191981.25,2367768.75,1842750.0
ITM-0006387,ORD-001745,PRD-0045,34,4400.0,2800.0,0.0,0.0,149600.0,95200.0
ITM-0006388,ORD-001745,PRD-0053,15,50250.0,36300.0,7.5,56531.25,697218.75,544500.0
ITM-0006389,ORD-001746,PRD-0028,11,6400.0,4200.0,2.5,1760.0,68640.0,46200.0
ITM-0006390,ORD-001746,PRD-0069,6,41700.0,30300.0,5.0,12510.0,237690.0,181800.0
ITM-0006391,ORD-001747,PRD-0046,11,141200.0,107400.0,12.5,194150.0,1359050.0,1181400.0
ITM-0006392,ORD-001747,PRD-0058,4,28050.0,19450.0,10.0,11220.0,100980.0,77800.0
ITM-0006393,ORD-001747,PRD-0060,6,16450.0,11150.0,2.5,2467.5,96232.5,66900.0
ITM-0006394,ORD-001748,PRD-0036,1,170650.0,122850.0,2.5,4266.25,166383.75,122850.0
ITM-0006395,ORD-001748,PRD-0069,5,41700.0,30300.0,0.0,0.0,208500.0,151500.0
ITM-0006396,ORD-001749,PRD-0063,25,12650.0,8000.0,2.5,7906.25,308343.75,200000.0
ITM-0006397,ORD-001749,PRD-0053,7,50250.0,36300.0,10.0,35175.0,316575.0,254100.0
ITM-0006398,ORD-001749,PRD-0022,4,13950.0,9250.0,7.5,4185.0,51615.0,37000.0
ITM-0006399,ORD-001749,PRD-0030,12,35850.0,25550.0,7.5,32265.0,397935.0,306600.0
ITM-0006400,ORD-001749,PRD-0009,8,75050.0,56000.0,7.5,45030.0,555370.0,448000.0
ITM-0006401,ORD-001750,PRD-0016,11,18750.0,12900.0,2.5,5156.25,201093.75,141900.0
ITM-0006402,ORD-001750,PRD-0048,4,160400.0,117650.0,7.5,48120.0,593480.0,470600.0
ITM-0006403,ORD-001750,PRD-0040,4,70550.0,49600.0,2.5,7055.0,275145.0,198400.0
ITM-0006404,ORD-001750,PRD-0028,11,6400.0,4200.0,2.5,1760.0,68640.0,46200.0
ITM-0006405,ORD-001750,PRD-0066,11,5300.0,3250.0,0.0,0.0,58300.0,35750.0
ITM-0006406,ORD-001750,PRD-0069,7,41700.0,30300.0,12.5,36487.5,255412.5,212100.0
ITM-0006407,ORD-001750,PRD-0027,26,11500.0,7200.0,10.0,29900.0,269100.0,187200.0
ITM-0006408,ORD-001751,PRD-0016,10,18750.0,12900.0,10.0,18750.0,168750.0,129000.0
ITM-0006409,ORD-001751,PRD-0031,17,1600.0,900.0,10.0,2720.0,24480.0,15300.0
ITM-0006410,ORD-001751,PRD-0053,7,50250.0,36300.0,0.0,0.0,351750.0,254100.0
ITM-0006411,ORD-001751,PRD-0052,7,40400.0,29250.0,0.0,0.0,282800.0,204750.0
ITM-0006412,ORD-001751,PRD-0066,10,5300.0,3250.0,12.5,6625.0,46375.0,32500.0
ITM-0006413,ORD-001751,PRD-0037,23,7650.0,5500.0,5.0,8797.5,167152.5,126500.0
ITM-0006414,ORD-001752,PRD-0032,6,383350.0,305700.0,0.0,0.0,2300100.0,1834200.0
ITM-0006415,ORD-001752,PRD-0008,8,11400.0,7800.0,10.0,9120.0,82080.0,62400.0
ITM-0006416,ORD-001753,PRD-0016,7,18750.0,12900.0,10.0,13125.0,118125.0,90300.0
ITM-0006417,ORD-001753,PRD-0030,11,35850.0,25550.0,0.0,0.0,394350.0,281050.0
ITM-0006418,ORD-001754,PRD-0050,23,1200.0,650.0,7.5,2070.0,25530.0,14950.0
ITM-0006419,ORD-001754,PRD-0023,8,46600.0,33950.0,5.0,18640.0,354160.0,271600.0
ITM-0006420,ORD-001754,PRD-0045,50,4400.0,2800.0,5.0,11000.0,209000.0,140000.0
ITM-0006421,ORD-001754,PRD-0066,35,5300.0,3250.0,10.0,18550.0,166950.0,113750.0
ITM-0006422,ORD-001754,PRD-0009,8,75050.0,56000.0,0.0,0.0,600400.0,448000.0
ITM-0006423,ORD-001754,PRD-0032,12,383350.0,305700.0,7.5,345015.0,4255185.0,3668400.0
ITM-0006424,ORD-001755,PRD-0032,2,383350.0,305700.0,0.0,0.0,766700.0,611400.0
ITM-0006425,ORD-001755,PRD-0049,34,2250.0,1400.0,0.0,0.0,76500.0,47600.0
ITM-0006426,ORD-001755,PRD-0034,2,2800.0,1650.0,10.0,560.0,5040.0,3300.0
ITM-0006427,ORD-001755,PRD-0033,15,88100.0,66350.0,2.5,33037.5,1288462.5,995250.0
ITM-0006428,ORD-001755,PRD-0027,15,11500.0,7200.0,7.5,12937.5,159562.5,108000.0
ITM-0006429,ORD-001756,PRD-0038,7,32300.0,22650.0,10.0,22610.0,203490.0,158550.0
ITM-0006430,ORD-001756,PRD-0066,13,5300.0,3250.0,5.0,3445.0,65455.0,42250.0
ITM-0006431,ORD-001756,PRD-0047,9,67750.0,48250.0,2.5,15243.75,594506.25,434250.0
ITM-0006432,ORD-001757,PRD-0019,3,2950.0,1850.0,0.0,0.0,8850.0,5550.0
ITM-0006433,ORD-001758,PRD-0005,13,11500.0,7900.0,5.0,7475.0,142025.0,102700.0
ITM-0006434,ORD-001758,PRD-0024,7,17950.0,12350.0,0.0,0.0,125650.0,86450.0
ITM-0006435,ORD-001758,PRD-0045,14,4400.0,2800.0,10.0,6160.0,55440.0,39200.0
ITM-0006436,ORD-001758,PRD-0016,4,18750.0,12900.0,2.5,1875.0,73125.0,51600.0
ITM-0006437,ORD-001758,PRD-0007,1,33250.0,23700.0,2.5,831.25,32418.75,23700.0
ITM-0006438,ORD-001759,PRD-0058,8,28050.0,19450.0,0.0,0.0,224400.0,155600.0
ITM-0006439,ORD-001759,PRD-0066,8,5300.0,3250.0,0.0,0.0,42400.0,26000.0
ITM-0006440,ORD-001760,PRD-0049,10,2250.0,1400.0,7.5,1687.5,20812.5,14000.0
ITM-0006441,ORD-001760,PRD-0031,17,1600.0,900.0,5.0,1360.0,25840.0,15300.0
ITM-0006442,ORD-001760,PRD-0027,24,11500.0,7200.0,0.0,0.0,276000.0,172800.0
ITM-0006443,ORD-001760,PRD-0045,14,4400.0,2800.0,7.5,4620.0,56980.0,39200.0
ITM-0006444,ORD-001760,PRD-0069,12,41700.0,30300.0,10.0,50040.0,450360.0,363600.0
ITM-0006445,ORD-001761,PRD-0024,55,17950.0,12350.0,0.0,0.0,987250.0,679250.0
ITM-0006446,ORD-001761,PRD-0053,11,50250.0,36300.0,10.0,55275.0,497475.0,399300.0
ITM-0006447,ORD-001761,PRD-0045,28,4400.0,2800.0,10.0,12320.0,110880.0,78400.0
ITM-0006448,ORD-001762,PRD-0066,26,5300.0,3250.0,7.5,10335.0,127465.0,84500.0
ITM-0006449,ORD-001762,PRD-0019,13,2950.0,1850.0,5.0,1917.5,36432.5,24050.0
ITM-0006450,ORD-001763,PRD-0043,2,35950.0,25500.0,5.0,3595.0,68305.0,51000.0
ITM-0006451,ORD-001763,PRD-0052,1,40400.0,29250.0,10.0,4040.0,36360.0,29250.0
ITM-0006452,ORD-001763,PRD-0066,6,5300.0,3250.0,0.0,0.0,31800.0,19500.0
ITM-0006453,ORD-001764,PRD-0003,4,88300.0,65000.0,7.5,26490.0,326710.0,260000.0
ITM-0006454,ORD-001764,PRD-0063,47,12650.0,8000.0,7.5,44591.25,549958.75,376000.0
ITM-0006455,ORD-001764,PRD-0045,51,4400.0,2800.0,2.5,5610.0,218790.0,142800.0
ITM-0006456,ORD-001764,PRD-0025,11,32700.0,22850.0,2.5,8992.5,350707.5,251350.0
ITM-0006457,ORD-001764,PRD-0023,7,46600.0,33950.0,0.0,0.0,326200.0,237650.0
ITM-0006458,ORD-001765,PRD-0038,4,32300.0,22650.0,2.5,3230.0,125970.0,90600.0
ITM-0006459,ORD-001765,PRD-0004,11,7100.0,4600.0,7.5,5857.5,72242.5,50600.0
ITM-0006460,ORD-001765,PRD-0033,7,88100.0,66350.0,0.0,0.0,616700.0,464450.0
ITM-0006461,ORD-001765,PRD-0034,21,2800.0,1650.0,5.0,2940.0,55860.0,34650.0
ITM-0006462,ORD-001765,PRD-0037,67,7650.0,5500.0,0.0,0.0,512550.0,368500.0
ITM-0006463,ORD-001765,PRD-0052,11,40400.0,29250.0,5.0,22220.0,422180.0,321750.0
ITM-0006464,ORD-001765,PRD-0022,7,13950.0,9250.0,2.5,2441.25,95208.75,64750.0
ITM-0006465,ORD-001766,PRD-0058,1,28050.0,19450.0,0.0,0.0,28050.0,19450.0
ITM-0006466,ORD-001766,PRD-0038,1,32300.0,22650.0,7.5,2422.5,29877.5,22650.0
ITM-0006467,ORD-001766,PRD-0005,9,11500.0,7900.0,10.0,10350.0,93150.0,71100.0
ITM-0006468,ORD-001766,PRD-0034,3,2800.0,1650.0,5.0,420.0,7980.0,4950.0
ITM-0006469,ORD-001766,PRD-0050,4,1200.0,650.0,7.5,360.0,4440.0,2600.0
ITM-0006470,ORD-001767,PRD-0034,5,2800.0,1650.0,2.5,350.0,13650.0,8250.0
ITM-0006471,ORD-001767,PRD-0013,15,8750.0,5350.0,2.5,3281.25,127968.75,80250.0
ITM-0006472,ORD-001768,PRD-0052,4,40400.0,29250.0,0.0,0.0,161600.0,117000.0
ITM-0006473,ORD-001768,PRD-0021,2,151550.0,109750.0,2.5,7577.5,295522.5,219500.0
ITM-0006474,ORD-001768,PRD-0005,9,11500.0,7900.0,0.0,0.0,103500.0,71100.0
ITM-0006475,ORD-001768,PRD-0014,6,199750.0,146450.0,2.5,29962.5,1168537.5,878700.0
ITM-0006476,ORD-001768,PRD-0022,11,13950.0,9250.0,2.5,3836.25,149613.75,101750.0
ITM-0006477,ORD-001769,PRD-0066,14,5300.0,3250.0,5.0,3710.0,70490.0,45500.0
ITM-0006478,ORD-001769,PRD-0036,7,170650.0,122850.0,5.0,59727.5,1134822.5,859950.0
ITM-0006479,ORD-001770,PRD-0065,35,9000.0,5800.0,7.5,23625.0,291375.0,203000.0
ITM-0006480,ORD-001770,PRD-0066,35,5300.0,3250.0,5.0,9275.0,176225.0,113750.0
ITM-0006481,ORD-001770,PRD-0052,12,40400.0,29250.0,2.5,12120.0,472680.0,351000.0
ITM-0006482,ORD-001771,PRD-0009,4,75050.0,56000.0,7.5,22515.0,277685.0,224000.0
ITM-0006483,ORD-001771,PRD-0040,8,70550.0,49600.0,2.5,14110.0,550290.0,396800.0
ITM-0006484,ORD-001771,PRD-0069,8,41700.0,30300.0,2.5,8340.0,325260.0,242400.0
ITM-0006485,ORD-001771,PRD-0066,18,5300.0,3250.0,0.0,0.0,95400.0,58500.0
ITM-0006486,ORD-001772,PRD-0069,2,41700.0,30300.0,10.0,8340.0,75060.0,60600.0
ITM-0006487,ORD-001773,PRD-0030,18,35850.0,25550.0,7.5,48397.5,596902.5,459900.0
ITM-0006488,ORD-001773,PRD-0053,4,50250.0,36300.0,0.0,0.0,201000.0,145200.0
ITM-0006489,ORD-001774,PRD-0034,5,2800.0,1650.0,5.0,700.0,13300.0,8250.0
ITM-0006490,ORD-001775,PRD-0013,25,8750.0,5350.0,0.0,0.0,218750.0,133750.0
ITM-0006491,ORD-001775,PRD-0033,6,88100.0,66350.0,0.0,0.0,528600.0,398100.0
ITM-0006492,ORD-001775,PRD-0064,8,40250.0,28850.0,5.0,16100.0,305900.0,230800.0
ITM-0006493,ORD-001776,PRD-0009,2,75050.0,56000.0,7.5,11257.5,138842.5,112000.0
ITM-0006494,ORD-001776,PRD-0021,2,151550.0,109750.0,7.5,22732.5,280367.5,219500.0
ITM-0006495,ORD-001776,PRD-0037,36,7650.0,5500.0,5.0,13770.0,261630.0,198000.0
ITM-0006496,ORD-001776,PRD-0033,2,88100.0,66350.0,5.0,8810.0,167390.0,132700.0
ITM-0006497,ORD-001776,PRD-0060,6,16450.0,11150.0,7.5,7402.5,91297.5,66900.0
ITM-0006498,ORD-001777,PRD-0069,8,41700.0,30300.0,5.0,16680.0,316920.0,242400.0
ITM-0006499,ORD-001778,PRD-0034,4,2800.0,1650.0,12.5,1400.0,9800.0,6600.0
ITM-0006500,ORD-001778,PRD-0031,19,1600.0,900.0,7.5,2280.0,28120.0,17100.0
ITM-0006501,ORD-001778,PRD-0043,16,35950.0,25500.0,2.5,14380.0,560820.0,408000.0
ITM-0006502,ORD-001779,PRD-0036,15,170650.0,122850.0,0.0,0.0,2559750.0,1842750.0
ITM-0006503,ORD-001779,PRD-0063,69,12650.0,8000.0,12.5,109106.25,763743.75,552000.0
ITM-0006504,ORD-001779,PRD-0064,15,40250.0,28850.0,5.0,30187.5,573562.5,432750.0
ITM-0006505,ORD-001779,PRD-0022,4,13950.0,9250.0,10.0,5580.0,50220.0,37000.0
ITM-0006506,ORD-001779,PRD-0009,15,75050.0,56000.0,10.0,112575.0,1013175.0,840000.0
ITM-0006507,ORD-001780,PRD-0070,7,5100.0,3300.0,0.0,0.0,35700.0,23100.0
ITM-0006508,ORD-001780,PRD-0037,8,7650.0,5500.0,0.0,0.0,61200.0,44000.0
ITM-0006509,ORD-001780,PRD-0005,8,11500.0,7900.0,12.5,11500.0,80500.0,63200.0
ITM-0006510,ORD-001781,PRD-0037,50,7650.0,5500.0,12.5,47812.5,334687.5,275000.0
ITM-0006511,ORD-001781,PRD-0048,14,160400.0,117650.0,0.0,0.0,2245600.0,1647100.0
ITM-0006512,ORD-001781,PRD-0005,33,11500.0,7900.0,10.0,37950.0,341550.0,260700.0
ITM-0006513,ORD-001781,PRD-0069,14,41700.0,30300.0,5.0,29190.0,554610.0,424200.0
ITM-0006514,ORD-001782,PRD-0037,12,7650.0,5500.0,0.0,0.0,91800.0,66000.0
ITM-0006515,ORD-001782,PRD-0021,10,151550.0,109750.0,5.0,75775.0,1439725.0,1097500.0
ITM-0006516,ORD-001782,PRD-0066,24,5300.0,3250.0,5.0,6360.0,120840.0,78000.0
ITM-0006517,ORD-001782,PRD-0034,8,2800.0,1650.0,7.5,1680.0,20720.0,13200.0
ITM-0006518,ORD-001782,PRD-0007,6,33250.0,23700.0,5.0,9975.0,189525.0,142200.0
ITM-0006519,ORD-001782,PRD-0046,4,141200.0,107400.0,7.5,42360.0,522440.0,429600.0
ITM-0006520,ORD-001782,PRD-0017,6,15250.0,10000.0,5.0,4575.0,86925.0,60000.0
ITM-0006521,ORD-001783,PRD-0005,40,11500.0,7900.0,10.0,46000.0,414000.0,316000.0
ITM-0006522,ORD-001783,PRD-0069,10,41700.0,30300.0,5.0,20850.0,396150.0,303000.0
ITM-0006523,ORD-001783,PRD-0060,20,16450.0,11150.0,7.5,24675.0,304325.0,223000.0
ITM-0006524,ORD-001783,PRD-0027,76,11500.0,7200.0,7.5,65550.0,808450.0,547200.0
ITM-0006525,ORD-001784,PRD-0027,37,11500.0,7200.0,10.0,42550.0,382950.0,266400.0
ITM-0006526,ORD-001784,PRD-0013,20,8750.0,5350.0,0.0,0.0,175000.0,107000.0
ITM-0006527,ORD-001784,PRD-0028,9,6400.0,4200.0,0.0,0.0,57600.0,37800.0
ITM-0006528,ORD-001784,PRD-0057,2,25450.0,17350.0,2.5,1272.5,49627.5,34700.0
ITM-0006529,ORD-001785,PRD-0040,7,70550.0,49600.0,5.0,24692.5,469157.5,347200.0
ITM-0006530,ORD-001785,PRD-0004,13,7100.0,4600.0,5.0,4615.0,87685.0,59800.0
ITM-0006531,ORD-001785,PRD-0005,11,11500.0,7900.0,5.0,6325.0,120175.0,86900.0
ITM-0006532,ORD-001785,PRD-0048,7,160400.0,117650.0,7.5,84210.0,1038590.0,823550.0
ITM-0006533,ORD-001785,PRD-0013,35,8750.0,5350.0,7.5,22968.75,283281.25,187250.0
ITM-0006534,ORD-001786,PRD-0045,12,4400.0,2800.0,5.0,2640.0,50160.0,33600.0
ITM-0006535,ORD-001787,PRD-0011,10,50250.0,35950.0,0.0,0.0,502500.0,359500.0
ITM-0006536,ORD-001787,PRD-0007,6,33250.0,23700.0,5.0,9975.0,189525.0,142200.0
ITM-0006537,ORD-001788,PRD-0066,23,5300.0,3250.0,5.0,6095.0,115805.0,74750.0
ITM-0006538,ORD-001788,PRD-0007,2,33250.0,23700.0,0.0,0.0,66500.0,47400.0
ITM-0006539,ORD-001788,PRD-0045,12,4400.0,2800.0,10.0,5280.0,47520.0,33600.0
ITM-0006540,ORD-001788,PRD-0049,10,2250.0,1400.0,5.0,1125.0,21375.0,14000.0
ITM-0006541,ORD-001788,PRD-0037,49,7650.0,5500.0,12.5,46856.25,327993.75,269500.0
ITM-0006542,ORD-001789,PRD-0011,7,50250.0,35950.0,12.5,43968.75,307781.25,251650.0
ITM-0006543,ORD-001789,PRD-0016,1,18750.0,12900.0,0.0,0.0,18750.0,12900.0
ITM-0006544,ORD-001789,PRD-0006,3,27000.0,19650.0,10.0,8100.0,72900.0,58950.0
ITM-0006545,ORD-001789,PRD-0005,14,11500.0,7900.0,12.5,20125.0,140875.0,110600.0
ITM-0006546,ORD-001789,PRD-0060,1,16450.0,11150.0,7.5,1233.75,15216.25,11150.0
ITM-0006547,ORD-001790,PRD-0030,28,35850.0,25550.0,0.0,0.0,1003800.0,715400.0
ITM-0006548,ORD-001790,PRD-0067,36,2050.0,1250.0,5.0,3690.0,70110.0,45000.0
ITM-0006549,ORD-001790,PRD-0053,8,50250.0,36300.0,5.0,20100.0,381900.0,290400.0
ITM-0006550,ORD-001790,PRD-0066,44,5300.0,3250.0,7.5,17490.0,215710.0,143000.0
ITM-0006551,ORD-001790,PRD-0052,8,40400.0,29250.0,0.0,0.0,323200.0,234000.0
ITM-0006552,ORD-001791,PRD-0066,21,5300.0,3250.0,0.0,0.0,111300.0,68250.0
ITM-0006553,ORD-001791,PRD-0040,6,70550.0,49600.0,2.5,10582.5,412717.5,297600.0
ITM-0006554,ORD-001791,PRD-0037,74,7650.0,5500.0,0.0,0.0,566100.0,407000.0
ITM-0006555,ORD-001791,PRD-0027,55,11500.0,7200.0,5.0,31625.0,600875.0,396000.0
ITM-0006556,ORD-001791,PRD-0044,58,3350.0,2000.0,5.0,9715.0,184585.0,116000.0
ITM-0006557,ORD-001791,PRD-0069,12,41700.0,30300.0,7.5,37530.0,462870.0,363600.0
ITM-0006558,ORD-001792,PRD-0034,4,2800.0,1650.0,5.0,560.0,10640.0,6600.0
ITM-0006559,ORD-001792,PRD-0027,17,11500.0,7200.0,5.0,9775.0,185725.0,122400.0
ITM-0006560,ORD-001792,PRD-0053,4,50250.0,36300.0,0.0,0.0,201000.0,145200.0
ITM-0006561,ORD-001792,PRD-0016,4,18750.0,12900.0,5.0,3750.0,71250.0,51600.0
ITM-0006562,ORD-001792,PRD-0066,32,5300.0,3250.0,5.0,8480.0,161120.0,104000.0
ITM-0006563,ORD-001793,PRD-0058,13,28050.0,19450.0,10.0,36465.0,328185.0,252850.0
ITM-0006564,ORD-001793,PRD-0034,15,2800.0,1650.0,5.0,2100.0,39900.0,24750.0
ITM-0006565,ORD-001793,PRD-0064,10,40250.0,28850.0,5.0,20125.0,382375.0,288500.0
ITM-0006566,ORD-001794,PRD-0033,9,88100.0,66350.0,7.5,59467.5,733432.5,597150.0
ITM-0006567,ORD-001794,PRD-0021,9,151550.0,109750.0,7.5,102296.25,1261653.75,987750.0
ITM-0006568,ORD-001794,PRD-0025,13,32700.0,22850.0,0.0,0.0,425100.0,297050.0
ITM-0006569,ORD-001795,PRD-0007,10,33250.0,23700.0,7.5,24937.5,307562.5,237000.0
ITM-0006570,ORD-001795,PRD-0051,28,7700.0,4850.0,5.0,10780.0,204820.0,135800.0
ITM-0006571,ORD-001796,PRD-0037,58,7650.0,5500.0,5.0,22185.0,421515.0,319000.0
ITM-0006572,ORD-001796,PRD-0056,3,16900.0,12000.0,5.0,2535.0,48165.0,36000.0
ITM-0006573,ORD-001796,PRD-0066,24,5300.0,3250.0,5.0,6360.0,120840.0,78000.0
ITM-0006574,ORD-001797,PRD-0033,4,88100.0,66350.0,2.5,8810.0,343590.0,265400.0
ITM-0006575,ORD-001797,PRD-0044,33,3350.0,2000.0,10.0,11055.0,99495.0,66000.0
ITM-0006576,ORD-001797,PRD-0067,25,2050.0,1250.0,10.0,5125.0,46125.0,31250.0
ITM-0006577,ORD-001798,PRD-0054,14,6000.0,4000.0,0.0,0.0,84000.0,56000.0
ITM-0006578,ORD-001799,PRD-0045,33,4400.0,2800.0,5.0,7260.0,137940.0,92400.0
ITM-0006579,ORD-001799,PRD-0050,33,1200.0,650.0,5.0,1980.0,37620.0,21450.0
ITM-0006580,ORD-001800,PRD-0054,24,6000.0,4000.0,10.0,14400.0,129600.0,96000.0
ITM-0006581,ORD-001800,PRD-0034,4,2800.0,1650.0,5.0,560.0,10640.0,6600.0
ITM-0006582,ORD-001800,PRD-0007,5,33250.0,23700.0,2.5,4156.25,162093.75,118500.0
ITM-0006583,ORD-001800,PRD-0016,5,18750.0,12900.0,0.0,0.0,93750.0,64500.0
ITM-0006584,ORD-001800,PRD-0005,9,11500.0,7900.0,0.0,0.0,103500.0,71100.0
ITM-0006585,ORD-001800,PRD-0060,4,16450.0,11150.0,0.0,0.0,65800.0,44600.0
ITM-0006586,ORD-001801,PRD-0023,7,46600.0,33950.0,2.5,8155.0,318045.0,237650.0
ITM-0006587,ORD-001802,PRD-0038,8,32300.0,22650.0,0.0,0.0,258400.0,181200.0
ITM-0006588,ORD-001802,PRD-0034,2,2800.0,1650.0,7.5,420.0,5180.0,3300.0
ITM-0006589,ORD-001802,PRD-0023,12,46600.0,33950.0,10.0,55920.0,503280.0,407400.0
ITM-0006590,ORD-001802,PRD-0032,2,383350.0,305700.0,0.0,0.0,766700.0,611400.0
ITM-0006591,ORD-001803,PRD-0032,2,383350.0,305700.0,10.0,76670.0,690030.0,611400.0
ITM-0006592,ORD-001803,PRD-0069,3,41700.0,30300.0,7.5,9382.5,115717.5,90900.0
ITM-0006593,ORD-001804,PRD-0030,6,35850.0,25550.0,5.0,10755.0,204345.0,153300.0
ITM-0006594,ORD-001804,PRD-0058,9,28050.0,19450.0,7.5,18933.75,233516.25,175050.0
ITM-0006595,ORD-001804,PRD-0053,8,50250.0,36300.0,0.0,0.0,402000.0,290400.0
ITM-0006596,ORD-001804,PRD-0005,24,11500.0,7900.0,0.0,0.0,276000.0,189600.0
ITM-0006597,ORD-001804,PRD-0069,3,41700.0,30300.0,0.0,0.0,125100.0,90900.0
ITM-0006598,ORD-001805,PRD-0032,13,383350.0,305700.0,10.0,498355.0,4485195.0,3974100.0
ITM-0006599,ORD-001805,PRD-0066,22,5300.0,3250.0,10.0,11660.0,104940.0,71500.0
ITM-0006600,ORD-001805,PRD-0004,11,7100.0,4600.0,0.0,0.0,78100.0,50600.0
ITM-0006601,ORD-001805,PRD-0019,20,2950.0,1850.0,5.0,2950.0,56050.0,37000.0
ITM-0006602,ORD-001805,PRD-0060,4,16450.0,11150.0,5.0,3290.0,62510.0,44600.0
ITM-0006603,ORD-001805,PRD-0022,9,13950.0,9250.0,2.5,3138.75,122411.25,83250.0
ITM-0006604,ORD-001806,PRD-0061,25,5600.0,3650.0,10.0,14000.0,126000.0,91250.0
ITM-0006605,ORD-001806,PRD-0050,47,1200.0,650.0,0.0,0.0,56400.0,30550.0
ITM-0006606,ORD-001807,PRD-0023,9,46600.0,33950.0,2.5,10485.0,408915.0,305550.0
ITM-0006607,ORD-001807,PRD-0005,27,11500.0,7900.0,2.5,7762.5,302737.5,213300.0
ITM-0006608,ORD-001807,PRD-0044,27,3350.0,2000.0,2.5,2261.25,88188.75,54000.0
ITM-0006609,ORD-001807,PRD-0014,9,199750.0,146450.0,2.5,44943.75,1752806.25,1318050.0
ITM-0006610,ORD-001807,PRD-0021,7,151550.0,109750.0,7.5,79563.75,981286.25,768250.0
ITM-0006611,ORD-001808,PRD-0045,32,4400.0,2800.0,5.0,7040.0,133760.0,89600.0
ITM-0006612,ORD-001808,PRD-0013,42,8750.0,5350.0,7.5,27562.5,339937.5,224700.0
ITM-0006613,ORD-001809,PRD-0009,3,75050.0,56000.0,5.0,11257.5,213892.5,168000.0
ITM-0006614,ORD-001809,PRD-0013,19,8750.0,5350.0,5.0,8312.5,157937.5,101650.0
ITM-0006615,ORD-001809,PRD-0016,11,18750.0,12900.0,7.5,15468.75,190781.25,141900.0
ITM-0006616,ORD-001809,PRD-0005,31,11500.0,7900.0,5.0,17825.0,338675.0,244900.0
ITM-0006617,ORD-001809,PRD-0048,11,160400.0,117650.0,7.5,132330.0,1632070.0,1294150.0
ITM-0006618,ORD-001809,PRD-0027,36,11500.0,7200.0,10.0,41400.0,372600.0,259200.0
ITM-0006619,ORD-001809,PRD-0008,6,11400.0,7800.0,7.5,5130.0,63270.0,46800.0
ITM-0006620,ORD-001810,PRD-0027,7,11500.0,7200.0,10.0,8050.0,72450.0,50400.0
ITM-0006621,ORD-001810,PRD-0057,7,25450.0,17350.0,0.0,0.0,178150.0,121450.0
ITM-0006622,ORD-001810,PRD-0009,7,75050.0,56000.0,7.5,39401.25,485948.75,392000.0
ITM-0006623,ORD-001811,PRD-0069,4,41700.0,30300.0,5.0,8340.0,158460.0,121200.0
ITM-0006624,ORD-001811,PRD-0022,19,13950.0,9250.0,12.5,33131.25,231918.75,175750.0
ITM-0006625,ORD-001811,PRD-0059,23,1850.0,1050.0,2.5,1063.75,41486.25,24150.0
ITM-0006626,ORD-001811,PRD-0005,26,11500.0,7900.0,10.0,29900.0,269100.0,205400.0
ITM-0006627,ORD-001811,PRD-0053,19,50250.0,36300.0,5.0,47737.5,907012.5,689700.0
ITM-0006628,ORD-001811,PRD-0034,8,2800.0,1650.0,2.5,560.0,21840.0,13200.0
ITM-0006629,ORD-001812,PRD-0056,2,16900.0,12000.0,2.5,845.0,32955.0,24000.0
ITM-0006630,ORD-001812,PRD-0045,9,4400.0,2800.0,7.5,2970.0,36630.0,25200.0
ITM-0006631,ORD-001812,PRD-0032,14,383350.0,305700.0,2.5,134172.5,5232727.5,4279800.0
ITM-0006632,ORD-001812,PRD-0003,2,88300.0,65000.0,2.5,4415.0,172185.0,130000.0
ITM-0006633,ORD-001813,PRD-0058,14,28050.0,19450.0,12.5,49087.5,343612.5,272300.0
ITM-0006634,ORD-001813,PRD-0053,21,50250.0,36300.0,0.0,0.0,1055250.0,762300.0
ITM-0006635,ORD-001813,PRD-0032,4,383350.0,305700.0,0.0,0.0,1533400.0,1222800.0
ITM-0006636,ORD-001813,PRD-0022,21,13950.0,9250.0,12.5,36618.75,256331.25,194250.0
ITM-0006637,ORD-001813,PRD-0001,14,49000.0,35150.0,0.0,0.0,686000.0,492100.0
ITM-0006638,ORD-001813,PRD-0064,7,40250.0,28850.0,10.0,28175.0,253575.0,201950.0
ITM-0006639,ORD-001813,PRD-0005,32,11500.0,7900.0,7.5,27600.0,340400.0,252800.0
ITM-0006640,ORD-001814,PRD-0069,20,41700.0,30300.0,10.0,83400.0,750600.0,606000.0
ITM-0006641,ORD-001814,PRD-0047,13,67750.0,48250.0,2.5,22018.75,858731.25,627250.0
ITM-0006642,ORD-001815,PRD-0053,13,50250.0,36300.0,10.0,65325.0,587925.0,471900.0
ITM-0006643,ORD-001815,PRD-0014,15,199750.0,146450.0,5.0,149812.5,2846437.5,2196750.0
ITM-0006644,ORD-001815,PRD-0034,3,2800.0,1650.0,0.0,0.0,8400.0,4950.0
ITM-0006645,ORD-001816,PRD-0003,8,88300.0,65000.0,0.0,0.0,706400.0,520000.0
ITM-0006646,ORD-001817,PRD-0013,14,8750.0,5350.0,7.5,9187.5,113312.5,74900.0
ITM-0006647,ORD-001817,PRD-0042,5,16900.0,11500.0,12.5,10562.5,73937.5,57500.0
ITM-0006648,ORD-001818,PRD-0021,10,151550.0,109750.0,5.0,75775.0,1439725.0,1097500.0
ITM-0006649,ORD-001818,PRD-0053,5,50250.0,36300.0,0.0,0.0,251250.0,181500.0
ITM-0006650,ORD-001818,PRD-0027,57,11500.0,7200.0,0.0,0.0,655500.0,410400.0
ITM-0006651,ORD-001818,PRD-0009,10,75050.0,56000.0,2.5,18762.5,731737.5,560000.0
ITM-0006652,ORD-001818,PRD-0014,5,199750.0,146450.0,5.0,49937.5,948812.5,732250.0
ITM-0006653,ORD-001819,PRD-0060,6,16450.0,11150.0,7.5,7402.5,91297.5,66900.0
ITM-0006654,ORD-001819,PRD-0067,30,2050.0,1250.0,7.5,4612.5,56887.5,37500.0
ITM-0006655,ORD-001819,PRD-0050,8,1200.0,650.0,7.5,720.0,8880.0,5200.0
ITM-0006656,ORD-001820,PRD-0045,19,4400.0,2800.0,10.0,8360.0,75240.0,53200.0
ITM-0006657,ORD-001820,PRD-0037,67,7650.0,5500.0,5.0,25627.5,486922.5,368500.0
ITM-0006658,ORD-001820,PRD-0004,28,7100.0,4600.0,5.0,9940.0,188860.0,128800.0
ITM-0006659,ORD-001820,PRD-0038,8,32300.0,22650.0,5.0,12920.0,245480.0,181200.0
ITM-0006660,ORD-001821,PRD-0013,29,8750.0,5350.0,10.0,25375.0,228375.0,155150.0
ITM-0006661,ORD-001821,PRD-0034,7,2800.0,1650.0,7.5,1470.0,18130.0,11550.0
ITM-0006662,ORD-001821,PRD-0005,22,11500.0,7900.0,0.0,0.0,253000.0,173800.0
ITM-0006663,ORD-001822,PRD-0066,31,5300.0,3250.0,7.5,12322.5,151977.5,100750.0
ITM-0006664,ORD-001822,PRD-0011,12,50250.0,35950.0,7.5,45225.0,557775.0,431400.0
ITM-0006665,ORD-001822,PRD-0053,4,50250.0,36300.0,0.0,0.0,201000.0,145200.0
ITM-0006666,ORD-001822,PRD-0034,8,2800.0,1650.0,5.0,1120.0,21280.0,13200.0
ITM-0006667,ORD-001822,PRD-0060,12,16450.0,11150.0,7.5,14805.0,182595.0,133800.0
ITM-0006668,ORD-001823,PRD-0004,36,7100.0,4600.0,5.0,12780.0,242820.0,165600.0
ITM-0006669,ORD-001823,PRD-0005,33,11500.0,7900.0,5.0,18975.0,360525.0,260700.0
ITM-0006670,ORD-001823,PRD-0037,29,7650.0,5500.0,5.0,11092.5,210757.5,159500.0
ITM-0006671,ORD-001824,PRD-0013,31,8750.0,5350.0,5.0,13562.5,257687.5,165850.0
ITM-0006672,ORD-001824,PRD-0034,5,2800.0,1650.0,5.0,700.0,13300.0,8250.0
ITM-0006673,ORD-001824,PRD-0022,10,13950.0,9250.0,10.0,13950.0,125550.0,92500.0
ITM-0006674,ORD-001825,PRD-0017,2,15250.0,10000.0,0.0,0.0,30500.0,20000.0
ITM-0006675,ORD-001825,PRD-0045,27,4400.0,2800.0,7.5,8910.0,109890.0,75600.0
ITM-0006676,ORD-001825,PRD-0057,6,25450.0,17350.0,5.0,7635.0,145065.0,104100.0
ITM-0006677,ORD-001825,PRD-0037,16,7650.0,5500.0,5.0,6120.0,116280.0,88000.0
ITM-0006678,ORD-001826,PRD-0036,5,170650.0,122850.0,5.0,42662.5,810587.5,614250.0
ITM-0006679,ORD-001827,PRD-0003,1,88300.0,65000.0,2.5,2207.5,86092.5,65000.0
ITM-0006680,ORD-001828,PRD-0032,1,383350.0,305700.0,5.0,19167.5,364182.5,305700.0
ITM-0006681,ORD-001829,PRD-0050,27,1200.0,650.0,2.5,810.0,31590.0,17550.0
ITM-0006682,ORD-001829,PRD-0066,6,5300.0,3250.0,10.0,3180.0,28620.0,19500.0
ITM-0006683,ORD-001829,PRD-0028,27,6400.0,4200.0,7.5,12960.0,159840.0,113400.0
ITM-0006684,ORD-001830,PRD-0064,2,40250.0,28850.0,7.5,6037.5,74462.5,57700.0
ITM-0006685,ORD-001831,PRD-0035,12,195800.0,149250.0,10.0,234960.0,2114640.0,1791000.0
ITM-0006686,ORD-001831,PRD-0043,15,35950.0,25500.0,10.0,53925.0,485325.0,382500.0
ITM-0006687,ORD-001831,PRD-0070,30,5100.0,3300.0,2.5,3825.0,149175.0,99000.0
ITM-0006688,ORD-001831,PRD-0009,9,75050.0,56000.0,5.0,33772.5,641677.5,504000.0
ITM-0006689,ORD-001831,PRD-0021,9,151550.0,109750.0,5.0,68197.5,1295752.5,987750.0
ITM-0006690,ORD-001831,PRD-0045,39,4400.0,2800.0,5.0,8580.0,163020.0,109200.0
ITM-0006691,ORD-001832,PRD-0009,16,75050.0,56000.0,10.0,120080.0,1080720.0,896000.0
ITM-0006692,ORD-001832,PRD-0011,8,50250.0,35950.0,0.0,0.0,402000.0,287600.0
ITM-0006693,ORD-001832,PRD-0043,20,35950.0,25500.0,5.0,35950.0,683050.0,510000.0
ITM-0006694,ORD-001833,PRD-0017,7,15250.0,10000.0,2.5,2668.75,104081.25,70000.0
ITM-0006695,ORD-001833,PRD-0043,4,35950.0,25500.0,10.0,14380.0,129420.0,102000.0
ITM-0006696,ORD-001834,PRD-0032,25,383350.0,305700.0,0.0,0.0,9583750.0,7642500.0
ITM-0006697,ORD-001834,PRD-0048,20,160400.0,117650.0,5.0,160400.0,3047600.0,2353000.0
ITM-0006698,ORD-001834,PRD-0007,25,33250.0,23700.0,0.0,0.0,831250.0,592500.0
ITM-0006699,ORD-001834,PRD-0061,61,5600.0,3650.0,0.0,0.0,341600.0,222650.0
ITM-0006700,ORD-001834,PRD-0036,20,170650.0,122850.0,10.0,341300.0,3071700.0,2457000.0
ITM-0006701,ORD-001834,PRD-0017,25,15250.0,10000.0,0.0,0.0,381250.0,250000.0
ITM-0006702,ORD-001834,PRD-0066,20,5300.0,3250.0,0.0,0.0,106000.0,65000.0
ITM-0006703,ORD-001835,PRD-0056,4,16900.0,12000.0,10.0,6760.0,60840.0,48000.0
ITM-0006704,ORD-001835,PRD-0033,5,88100.0,66350.0,12.5,55062.5,385437.5,331750.0
ITM-0006705,ORD-001835,PRD-0022,6,13950.0,9250.0,5.0,4185.0,79515.0,55500.0
ITM-0006706,ORD-001836,PRD-0005,8,11500.0,7900.0,7.5,6900.0,85100.0,63200.0
ITM-0006707,ORD-001836,PRD-0048,2,160400.0,117650.0,0.0,0.0,320800.0,235300.0
ITM-0006708,ORD-001837,PRD-0017,9,15250.0,10000.0,5.0,6862.5,130387.5,90000.0
ITM-0006709,ORD-001838,PRD-0034,3,2800.0,1650.0,2.5,210.0,8190.0,4950.0
ITM-0006710,ORD-001838,PRD-0054,9,6000.0,4000.0,5.0,2700.0,51300.0,36000.0
ITM-0006711,ORD-001838,PRD-0066,12,5300.0,3250.0,10.0,6360.0,57240.0,39000.0
ITM-0006712,ORD-001839,PRD-0036,4,170650.0,122850.0,5.0,34130.0,648470.0,491400.0
ITM-0006713,ORD-001839,PRD-0033,1,88100.0,66350.0,5.0,4405.0,83695.0,66350.0
ITM-0006714,ORD-001839,PRD-0064,5,40250.0,28850.0,10.0,20125.0,181125.0,144250.0
ITM-0006715,ORD-001840,PRD-0005,23,11500.0,7900.0,5.0,13225.0,251275.0,181700.0
ITM-0006716,ORD-001840,PRD-0034,13,2800.0,1650.0,10.0,3640.0,32760.0,21450.0
ITM-0006717,ORD-001840,PRD-0003,2,88300.0,65000.0,5.0,8830.0,167770.0,130000.0
ITM-0006718,ORD-001840,PRD-0007,8,33250.0,23700.0,7.5,19950.0,246050.0,189600.0
ITM-0006719,ORD-001841,PRD-0070,5,5100.0,3300.0,0.0,0.0,25500.0,16500.0
ITM-0006720,ORD-001841,PRD-0049,9,2250.0,1400.0,5.0,1012.5,19237.5,12600.0
ITM-0006721,ORD-001841,PRD-0052,2,40400.0,29250.0,2.5,2020.0,78780.0,58500.0
ITM-0006722,ORD-001842,PRD-0045,27,4400.0,2800.0,2.5,2970.0,115830.0,75600.0
ITM-0006723,ORD-001842,PRD-0005,22,11500.0,7900.0,0.0,0.0,253000.0,173800.0
ITM-0006724,ORD-001842,PRD-0066,35,5300.0,3250.0,5.0,9275.0,176225.0,113750.0
ITM-0006725,ORD-001842,PRD-0058,10,28050.0,19450.0,12.5,35062.5,245437.5,194500.0
ITM-0006726,ORD-001842,PRD-0030,17,35850.0,25550.0,12.5,76181.25,533268.75,434350.0
ITM-0006727,ORD-001843,PRD-0069,15,41700.0,30300.0,2.5,15637.5,609862.5,454500.0
ITM-0006728,ORD-001843,PRD-0052,18,40400.0,29250.0,5.0,36360.0,690840.0,526500.0
ITM-0006729,ORD-001843,PRD-0029,22,30900.0,21650.0,5.0,33990.0,645810.0,476300.0
ITM-0006730,ORD-001843,PRD-0032,22,383350.0,305700.0,5.0,421685.0,8012015.0,6725400.0
ITM-0006731,ORD-001844,PRD-0012,5,42850.0,31750.0,0.0,0.0,214250.0,158750.0
ITM-0006732,ORD-001844,PRD-0053,5,50250.0,36300.0,7.5,18843.75,232406.25,181500.0
ITM-0006733,ORD-001844,PRD-0030,13,35850.0,25550.0,10.0,46605.0,419445.0,332150.0
ITM-0006734,ORD-001844,PRD-0043,7,35950.0,25500.0,0.0,0.0,251650.0,178500.0
ITM-0006735,ORD-001844,PRD-0034,10,2800.0,1650.0,12.5,3500.0,24500.0,16500.0
ITM-0006736,ORD-001845,PRD-0036,3,170650.0,122850.0,2.5,12798.75,499151.25,368550.0
ITM-0006737,ORD-001845,PRD-0069,21,41700.0,30300.0,5.0,43785.0,831915.0,636300.0
ITM-0006738,ORD-001846,PRD-0053,7,50250.0,36300.0,0.0,0.0,351750.0,254100.0
ITM-0006739,ORD-001846,PRD-0019,10,2950.0,1850.0,2.5,737.5,28762.5,18500.0
ITM-0006740,ORD-001846,PRD-0049,14,2250.0,1400.0,5.0,1575.0,29925.0,19600.0
ITM-0006741,ORD-001847,PRD-0007,14,33250.0,23700.0,12.5,58187.5,407312.5,331800.0
ITM-0006742,ORD-001847,PRD-0040,12,70550.0,49600.0,5.0,42330.0,804270.0,595200.0
ITM-0006743,ORD-001847,PRD-0005,22,11500.0,7900.0,7.5,18975.0,234025.0,173800.0
ITM-0006744,ORD-001848,PRD-0029,4,30900.0,21650.0,0.0,0.0,123600.0,86600.0
ITM-0006745,ORD-001848,PRD-0069,5,41700.0,30300.0,0.0,0.0,208500.0,151500.0
ITM-0006746,ORD-001848,PRD-0020,4,31900.0,22100.0,7.5,9570.0,118030.0,88400.0
ITM-0006747,ORD-001849,PRD-0034,20,2800.0,1650.0,7.5,4200.0,51800.0,33000.0
ITM-0006748,ORD-001849,PRD-0009,16,75050.0,56000.0,7.5,90060.0,1110740.0,896000.0
ITM-0006749,ORD-001849,PRD-0007,12,33250.0,23700.0,0.0,0.0,399000.0,284400.0
ITM-0006750,ORD-001849,PRD-0069,24,41700.0,30300.0,2.5,25020.0,975780.0,727200.0
ITM-0006751,ORD-001849,PRD-0031,35,1600.0,900.0,5.0,2800.0,53200.0,31500.0
ITM-0006752,ORD-001850,PRD-0011,20,50250.0,35950.0,7.5,75375.0,929625.0,719000.0
ITM-0006753,ORD-001850,PRD-0034,17,2800.0,1650.0,10.0,4760.0,42840.0,28050.0
ITM-0006754,ORD-001850,PRD-0054,34,6000.0,4000.0,5.0,10200.0,193800.0,136000.0
ITM-0006755,ORD-001850,PRD-0048,17,160400.0,117650.0,5.0,136340.0,2590460.0,2000050.0
ITM-0006756,ORD-001850,PRD-0069,10,41700.0,30300.0,10.0,41700.0,375300.0,303000.0
ITM-0006757,ORD-001851,PRD-0050,14,1200.0,650.0,7.5,1260.0,15540.0,9100.0
ITM-0006758,ORD-001851,PRD-0069,7,41700.0,30300.0,0.0,0.0,291900.0,212100.0
ITM-0006759,ORD-001851,PRD-0031,11,1600.0,900.0,0.0,0.0,17600.0,9900.0
ITM-0006760,ORD-001851,PRD-0046,4,141200.0,107400.0,2.5,14120.0,550680.0,429600.0
ITM-0006761,ORD-001851,PRD-0015,9,19300.0,12700.0,7.5,13027.5,160672.5,114300.0
ITM-0006762,ORD-001851,PRD-0005,25,11500.0,7900.0,10.0,28750.0,258750.0,197500.0
ITM-0006763,ORD-001852,PRD-0024,10,17950.0,12350.0,7.5,13462.5,166037.5,123500.0
ITM-0006764,ORD-001853,PRD-0049,42,2250.0,1400.0,0.0,0.0,94500.0,58800.0
ITM-0006765,ORD-001853,PRD-0040,10,70550.0,49600.0,2.5,17637.5,687862.5,496000.0
ITM-0006766,ORD-001853,PRD-0005,35,11500.0,7900.0,0.0,0.0,402500.0,276500.0
ITM-0006767,ORD-001853,PRD-0068,6,29000.0,20900.0,12.5,21750.0,152250.0,125400.0
ITM-0006768,ORD-001853,PRD-0007,19,33250.0,23700.0,0.0,0.0,631750.0,450300.0
ITM-0006769,ORD-001853,PRD-0052,6,40400.0,29250.0,12.5,30300.0,212100.0,175500.0
ITM-0006770,ORD-001853,PRD-0037,23,7650.0,5500.0,0.0,0.0,175950.0,126500.0
ITM-0006771,ORD-001854,PRD-0069,6,41700.0,30300.0,2.5,6255.0,243945.0,181800.0
ITM-0006772,ORD-001855,PRD-0062,36,13700.0,9000.0,5.0,24660.0,468540.0,324000.0
ITM-0006773,ORD-001855,PRD-0050,8,1200.0,650.0,10.0,960.0,8640.0,5200.0
ITM-0006774,ORD-001855,PRD-0042,28,16900.0,11500.0,7.5,35490.0,437710.0,322000.0
ITM-0006775,ORD-001855,PRD-0029,3,30900.0,21650.0,0.0,0.0,92700.0,64950.0
ITM-0006776,ORD-001855,PRD-0034,8,2800.0,1650.0,0.0,0.0,22400.0,13200.0
ITM-0006777,ORD-001856,PRD-0034,6,2800.0,1650.0,10.0,1680.0,15120.0,9900.0
ITM-0006778,ORD-001856,PRD-0045,5,4400.0,2800.0,10.0,2200.0,19800.0,14000.0
ITM-0006779,ORD-001856,PRD-0003,2,88300.0,65000.0,7.5,13245.0,163355.0,130000.0
ITM-0006780,ORD-001856,PRD-0032,1,383350.0,305700.0,5.0,19167.5,364182.5,305700.0
ITM-0006781,ORD-001857,PRD-0023,6,46600.0,33950.0,2.5,6990.0,272610.0,203700.0
ITM-0006782,ORD-001857,PRD-0016,4,18750.0,12900.0,10.0,7500.0,67500.0,51600.0
ITM-0006783,ORD-001857,PRD-0032,10,383350.0,305700.0,7.5,287512.5,3545987.5,3057000.0
ITM-0006784,ORD-001857,PRD-0063,25,12650.0,8000.0,10.0,31625.0,284625.0,200000.0
ITM-0006785,ORD-001857,PRD-0049,19,2250.0,1400.0,5.0,2137.5,40612.5,26600.0
ITM-0006786,ORD-001858,PRD-0050,33,1200.0,650.0,0.0,0.0,39600.0,21450.0
ITM-0006787,ORD-001858,PRD-0045,16,4400.0,2800.0,7.5,5280.0,65120.0,44800.0
ITM-0006788,ORD-001859,PRD-0045,4,4400.0,2800.0,7.5,1320.0,16280.0,11200.0
ITM-0006789,ORD-001859,PRD-0060,1,16450.0,11150.0,7.5,1233.75,15216.25,11150.0
ITM-0006790,ORD-001859,PRD-0004,2,7100.0,4600.0,0.0,0.0,14200.0,9200.0
ITM-0006791,ORD-001859,PRD-0063,15,12650.0,8000.0,5.0,9487.5,180262.5,120000.0
ITM-0006792,ORD-001860,PRD-0005,15,11500.0,7900.0,5.0,8625.0,163875.0,118500.0
ITM-0006793,ORD-001860,PRD-0049,24,2250.0,1400.0,2.5,1350.0,52650.0,33600.0
ITM-0006794,ORD-001860,PRD-0050,36,1200.0,650.0,10.0,4320.0,38880.0,23400.0
ITM-0006795,ORD-001860,PRD-0030,21,35850.0,25550.0,2.5,18821.25,734028.75,536550.0
ITM-0006796,ORD-001860,PRD-0011,15,50250.0,35950.0,5.0,37687.5,716062.5,539250.0
ITM-0006797,ORD-001860,PRD-0047,9,67750.0,48250.0,5.0,30487.5,579262.5,434250.0
ITM-0006798,ORD-001861,PRD-0025,8,32700.0,22850.0,10.0,26160.0,235440.0,182800.0
ITM-0006799,ORD-001861,PRD-0018,12,39400.0,29550.0,10.0,47280.0,425520.0,354600.0
ITM-0006800,ORD-001861,PRD-0067,28,2050.0,1250.0,10.0,5740.0,51660.0,35000.0
ITM-0006801,ORD-001861,PRD-0043,10,35950.0,25500.0,10.0,35950.0,323550.0,255000.0
ITM-0006802,ORD-001861,PRD-0050,8,1200.0,650.0,7.5,720.0,8880.0,5200.0
ITM-0006803,ORD-001862,PRD-0007,14,33250.0,23700.0,0.0,0.0,465500.0,331800.0
ITM-0006804,ORD-001862,PRD-0032,14,383350.0,305700.0,2.5,134172.5,5232727.5,4279800.0
ITM-0006805,ORD-001862,PRD-0045,7,4400.0,2800.0,5.0,1540.0,29260.0,19600.0
ITM-0006806,ORD-001862,PRD-0022,9,13950.0,9250.0,2.5,3138.75,122411.25,83250.0
ITM-0006807,ORD-001862,PRD-0054,21,6000.0,4000.0,7.5,9450.0,116550.0,84000.0
ITM-0006808,ORD-001863,PRD-0034,1,2800.0,1650.0,7.5,210.0,2590.0,1650.0
ITM-0006809,ORD-001864,PRD-0058,1,28050.0,19450.0,5.0,1402.5,26647.5,19450.0
ITM-0006810,ORD-001865,PRD-0030,38,35850.0,25550.0,7.5,102172.5,1260127.5,970900.0
ITM-0006811,ORD-001865,PRD-0051,18,7700.0,4850.0,0.0,0.0,138600.0,87300.0
ITM-0006812,ORD-001865,PRD-0004,15,7100.0,4600.0,10.0,10650.0,95850.0,69000.0
ITM-0006813,ORD-001865,PRD-0026,32,5050.0,3050.0,5.0,8080.0,153520.0,97600.0
ITM-0006814,ORD-001865,PRD-0063,27,12650.0,8000.0,2.5,8538.75,333011.25,216000.0
ITM-0006815,ORD-001866,PRD-0016,5,18750.0,12900.0,2.5,2343.75,91406.25,64500.0
ITM-0006816,ORD-001866,PRD-0067,9,2050.0,1250.0,5.0,922.5,17527.5,11250.0
ITM-0006817,ORD-001867,PRD-0037,86,7650.0,5500.0,10.0,65790.0,592110.0,473000.0
ITM-0006818,ORD-001867,PRD-0046,16,141200.0,107400.0,5.0,112960.0,2146240.0,1718400.0
ITM-0006819,ORD-001868,PRD-0007,3,33250.0,23700.0,5.0,4987.5,94762.5,71100.0
ITM-0006820,ORD-001868,PRD-0045,9,4400.0,2800.0,7.5,2970.0,36630.0,25200.0
ITM-0006821,ORD-001868,PRD-0035,1,195800.0,149250.0,5.0,9790.0,186010.0,149250.0
ITM-0006822,ORD-001869,PRD-0048,2,160400.0,117650.0,7.5,24060.0,296740.0,235300.0
ITM-0006823,ORD-001869,PRD-0037,20,7650.0,5500.0,2.5,3825.0,149175.0,110000.0
ITM-0006824,ORD-001870,PRD-0057,5,25450.0,17350.0,5.0,6362.5,120887.5,86750.0
ITM-0006825,ORD-001870,PRD-0005,14,11500.0,7900.0,7.5,12075.0,148925.0,110600.0
ITM-0006826,ORD-001870,PRD-0017,4,15250.0,10000.0,0.0,0.0,61000.0,40000.0
ITM-0006827,ORD-001870,PRD-0037,42,7650.0,5500.0,10.0,32130.0,289170.0,231000.0
ITM-0006828,ORD-001870,PRD-0007,7,33250.0,23700.0,7.5,17456.25,215293.75,165900.0
ITM-0006829,ORD-001871,PRD-0034,8,2800.0,1650.0,7.5,1680.0,20720.0,13200.0
ITM-0006830,ORD-001871,PRD-0060,2,16450.0,11150.0,0.0,0.0,32900.0,22300.0
ITM-0006831,ORD-001871,PRD-0059,29,1850.0,1050.0,7.5,4023.75,49626.25,30450.0
ITM-0006832,ORD-001871,PRD-0049,11,2250.0,1400.0,10.0,2475.0,22275.0,15400.0
ITM-0006833,ORD-001871,PRD-0029,11,30900.0,21650.0,5.0,16995.0,322905.0,238150.0
ITM-0006834,ORD-001872,PRD-0053,11,50250.0,36300.0,5.0,27637.5,525112.5,399300.0
ITM-0006835,ORD-001872,PRD-0066,14,5300.0,3250.0,5.0,3710.0,70490.0,45500.0
ITM-0006836,ORD-001872,PRD-0052,11,40400.0,29250.0,5.0,22220.0,422180.0,321750.0
ITM-0006837,ORD-001872,PRD-0003,7,88300.0,65000.0,5.0,30905.0,587195.0,455000.0
ITM-0006838,ORD-001872,PRD-0023,7,46600.0,33950.0,12.5,40775.0,285425.0,237650.0
ITM-0006839,ORD-001873,PRD-0027,19,11500.0,7200.0,5.0,10925.0,207575.0,136800.0
ITM-0006840,ORD-001874,PRD-0009,7,75050.0,56000.0,2.5,13133.75,512216.25,392000.0
ITM-0006841,ORD-001874,PRD-0037,52,7650.0,5500.0,5.0,19890.0,377910.0,286000.0
ITM-0006842,ORD-001874,PRD-0065,15,9000.0,5800.0,2.5,3375.0,131625.0,87000.0
ITM-0006843,ORD-001874,PRD-0060,22,16450.0,11150.0,5.0,18095.0,343805.0,245300.0
ITM-0006844,ORD-001875,PRD-0060,8,16450.0,11150.0,0.0,0.0,131600.0,89200.0
ITM-0006845,ORD-001875,PRD-0044,35,3350.0,2000.0,5.0,5862.5,111387.5,70000.0
ITM-0006846,ORD-001875,PRD-0040,8,70550.0,49600.0,10.0,56440.0,507960.0,396800.0
ITM-0006847,ORD-001875,PRD-0007,10,33250.0,23700.0,12.5,41562.5,290937.5,237000.0
ITM-0006848,ORD-001876,PRD-0046,3,141200.0,107400.0,2.5,10590.0,413010.0,322200.0
ITM-0006849,ORD-001876,PRD-0009,5,75050.0,56000.0,2.5,9381.25,365868.75,280000.0
ITM-0006850,ORD-001876,PRD-0066,20,5300.0,3250.0,5.0,5300.0,100700.0,65000.0
ITM-0006851,ORD-001876,PRD-0036,1,170650.0,122850.0,10.0,17065.0,153585.0,122850.0
ITM-0006852,ORD-001877,PRD-0066,8,5300.0,3250.0,5.0,2120.0,40280.0,26000.0
ITM-0006853,ORD-001878,PRD-0007,3,33250.0,23700.0,7.5,7481.25,92268.75,71100.0
ITM-0006854,ORD-001878,PRD-0006,10,27000.0,19650.0,7.5,20250.0,249750.0,196500.0
ITM-0006855,ORD-001878,PRD-0053,3,50250.0,36300.0,0.0,0.0,150750.0,108900.0
ITM-0006856,ORD-001878,PRD-0013,41,8750.0,5350.0,5.0,17937.5,340812.5,219350.0
ITM-0006857,ORD-001879,PRD-0066,44,5300.0,3250.0,0.0,0.0,233200.0,143000.0
ITM-0006858,ORD-001879,PRD-0027,48,11500.0,7200.0,12.5,69000.0,483000.0,345600.0
ITM-0006859,ORD-001879,PRD-0026,64,5050.0,3050.0,7.5,24240.0,298960.0,195200.0
ITM-0006860,ORD-001879,PRD-0040,16,70550.0,49600.0,2.5,28220.0,1100580.0,793600.0
ITM-0006861,ORD-001879,PRD-0045,16,4400.0,2800.0,5.0,3520.0,66880.0,44800.0
ITM-0006862,ORD-001879,PRD-0017,8,15250.0,10000.0,5.0,6100.0,115900.0,80000.0
ITM-0006863,ORD-001879,PRD-0031,36,1600.0,900.0,12.5,7200.0,50400.0,32400.0
ITM-0006864,ORD-001880,PRD-0005,13,11500.0,7900.0,5.0,7475.0,142025.0,102700.0
ITM-0006865,ORD-001880,PRD-0033,7,88100.0,66350.0,2.5,15417.5,601282.5,464450.0
ITM-0006866,ORD-001880,PRD-0054,7,6000.0,4000.0,10.0,4200.0,37800.0,28000.0
ITM-0006867,ORD-001881,PRD-0034,6,2800.0,1650.0,2.5,420.0,16380.0,9900.0
ITM-0006868,ORD-001881,PRD-0066,8,5300.0,3250.0,0.0,0.0,42400.0,26000.0
ITM-0006869,ORD-001881,PRD-0064,3,40250.0,28850.0,7.5,9056.25,111693.75,86550.0
ITM-0006870,ORD-001882,PRD-0066,10,5300.0,3250.0,5.0,2650.0,50350.0,32500.0
ITM-0006871,ORD-001882,PRD-0052,2,40400.0,29250.0,5.0,4040.0,76760.0,58500.0
ITM-0006872,ORD-001882,PRD-0045,16,4400.0,2800.0,2.5,1760.0,68640.0,44800.0
ITM-0006873,ORD-001882,PRD-0069,8,41700.0,30300.0,0.0,0.0,333600.0,242400.0
ITM-0006874,ORD-001883,PRD-0037,21,7650.0,5500.0,7.5,12048.75,148601.25,115500.0
ITM-0006875,ORD-001883,PRD-0009,3,75050.0,56000.0,12.5,28143.75,197006.25,168000.0
ITM-0006876,ORD-001884,PRD-0069,1,41700.0,30300.0,0.0,0.0,41700.0,30300.0
ITM-0006877,ORD-001884,PRD-0041,7,70000.0,52200.0,0.0,0.0,490000.0,365400.0
ITM-0006878,ORD-001884,PRD-0032,3,383350.0,305700.0,2.5,28751.25,1121298.75,917100.0
ITM-0006879,ORD-001885,PRD-0033,2,88100.0,66350.0,5.0,8810.0,167390.0,132700.0
ITM-0006880,ORD-001885,PRD-0061,12,5600.0,3650.0,5.0,3360.0,63840.0,43800.0
ITM-0006881,ORD-001885,PRD-0066,15,5300.0,3250.0,5.0,3975.0,75525.0,48750.0
ITM-0006882,ORD-001886,PRD-0052,3,40400.0,29250.0,2.5,3030.0,118170.0,87750.0
ITM-0006883,ORD-001886,PRD-0066,15,5300.0,3250.0,5.0,3975.0,75525.0,48750.0
ITM-0006884,ORD-001886,PRD-0064,2,40250.0,28850.0,2.5,2012.5,78487.5,57700.0
ITM-0006885,ORD-001886,PRD-0005,14,11500.0,7900.0,7.5,12075.0,148925.0,110600.0
ITM-0006886,ORD-001887,PRD-0006,10,27000.0,19650.0,2.5,6750.0,263250.0,196500.0
ITM-0006887,ORD-001887,PRD-0037,14,7650.0,5500.0,10.0,10710.0,96390.0,77000.0
ITM-0006888,ORD-001887,PRD-0011,6,50250.0,35950.0,5.0,15075.0,286425.0,215700.0
ITM-0006889,ORD-001887,PRD-0052,8,40400.0,29250.0,0.0,0.0,323200.0,234000.0
ITM-0006890,ORD-001888,PRD-0028,52,6400.0,4200.0,5.0,16640.0,316160.0,218400.0
ITM-0006891,ORD-001888,PRD-0037,26,7650.0,5500.0,0.0,0.0,198900.0,143000.0
ITM-0006892,ORD-001888,PRD-0027,22,11500.0,7200.0,5.0,12650.0,240350.0,158400.0
ITM-0006893,ORD-001888,PRD-0030,49,35850.0,25550.0,10.0,175665.0,1580985.0,1251950.0
ITM-0006894,ORD-001889,PRD-0007,4,33250.0,23700.0,0.0,0.0,133000.0,94800.0
ITM-0006895,ORD-001889,PRD-0037,22,7650.0,5500.0,5.0,8415.0,159885.0,121000.0
ITM-0006896,ORD-001889,PRD-0053,11,50250.0,36300.0,10.0,55275.0,497475.0,399300.0
ITM-0006897,ORD-001890,PRD-0049,12,2250.0,1400.0,0.0,0.0,27000.0,16800.0
ITM-0006898,ORD-001890,PRD-0032,3,383350.0,305700.0,2.5,28751.25,1121298.75,917100.0
ITM-0006899,ORD-001890,PRD-0013,37,8750.0,5350.0,0.0,0.0,323750.0,197950.0
ITM-0006900,ORD-001890,PRD-0034,7,2800.0,1650.0,5.0,980.0,18620.0,11550.0
ITM-0006901,ORD-001891,PRD-0034,8,2800.0,1650.0,5.0,1120.0,21280.0,13200.0
ITM-0006902,ORD-001891,PRD-0031,17,1600.0,900.0,5.0,1360.0,25840.0,15300.0
ITM-0006903,ORD-001891,PRD-0053,4,50250.0,36300.0,10.0,20100.0,180900.0,145200.0
ITM-0006904,ORD-001891,PRD-0028,21,6400.0,4200.0,5.0,6720.0,127680.0,88200.0
ITM-0006905,ORD-001891,PRD-0030,34,35850.0,25550.0,0.0,0.0,1218900.0,868700.0
ITM-0006906,ORD-001892,PRD-0045,16,4400.0,2800.0,0.0,0.0,70400.0,44800.0
ITM-0006907,ORD-001892,PRD-0065,19,9000.0,5800.0,2.5,4275.0,166725.0,110200.0
ITM-0006908,ORD-001892,PRD-0007,10,33250.0,23700.0,0.0,0.0,332500.0,237000.0
ITM-0006909,ORD-001892,PRD-0052,19,40400.0,29250.0,2.5,19190.0,748410.0,555750.0
ITM-0006910,ORD-001893,PRD-0022,12,13950.0,9250.0,2.5,4185.0,163215.0,111000.0
ITM-0006911,ORD-001893,PRD-0069,17,41700.0,30300.0,5.0,35445.0,673455.0,515100.0
ITM-0006912,ORD-001893,PRD-0050,26,1200.0,650.0,10.0,3120.0,28080.0,16900.0
ITM-0006913,ORD-001893,PRD-0064,12,40250.0,28850.0,10.0,48300.0,434700.0,346200.0
ITM-0006914,ORD-001893,PRD-0019,17,2950.0,1850.0,5.0,2507.5,47642.5,31450.0
ITM-0006915,ORD-001894,PRD-0038,12,32300.0,22650.0,5.0,19380.0,368220.0,271800.0
ITM-0006916,ORD-001894,PRD-0049,34,2250.0,1400.0,5.0,3825.0,72675.0,47600.0
ITM-0006917,ORD-001894,PRD-0034,6,2800.0,1650.0,10.0,1680.0,15120.0,9900.0
ITM-0006918,ORD-001894,PRD-0005,12,11500.0,7900.0,2.5,3450.0,134550.0,94800.0
ITM-0006919,ORD-001894,PRD-0007,6,33250.0,23700.0,5.0,9975.0,189525.0,142200.0
ITM-0006920,ORD-001894,PRD-0064,9,40250.0,28850.0,7.5,27168.75,335081.25,259650.0
ITM-0006921,ORD-001895,PRD-0045,41,4400.0,2800.0,2.5,4510.0,175890.0,114800.0
ITM-0006922,ORD-001895,PRD-0032,22,383350.0,305700.0,5.0,421685.0,8012015.0,6725400.0
ITM-0006923,ORD-001896,PRD-0038,6,32300.0,22650.0,0.0,0.0,193800.0,135900.0
ITM-0006924,ORD-001896,PRD-0034,5,2800.0,1650.0,5.0,700.0,13300.0,8250.0
ITM-0006925,ORD-001896,PRD-0050,8,1200.0,650.0,0.0,0.0,9600.0,5200.0
ITM-0006926,ORD-001896,PRD-0013,20,8750.0,5350.0,7.5,13125.0,161875.0,107000.0
ITM-0006927,ORD-001897,PRD-0005,6,11500.0,7900.0,10.0,6900.0,62100.0,47400.0
ITM-0006928,ORD-001897,PRD-0066,6,5300.0,3250.0,7.5,2385.0,29415.0,19500.0
ITM-0006929,ORD-001897,PRD-0045,24,4400.0,2800.0,7.5,7920.0,97680.0,67200.0
ITM-0006930,ORD-001897,PRD-0013,29,8750.0,5350.0,10.0,25375.0,228375.0,155150.0
ITM-0006931,ORD-001898,PRD-0061,9,5600.0,3650.0,5.0,2520.0,47880.0,32850.0
ITM-0006932,ORD-001898,PRD-0050,16,1200.0,650.0,0.0,0.0,19200.0,10400.0
ITM-0006933,ORD-001899,PRD-0037,26,7650.0,5500.0,5.0,9945.0,188955.0,143000.0
ITM-0006934,ORD-001899,PRD-0019,7,2950.0,1850.0,0.0,0.0,20650.0,12950.0
ITM-0006935,ORD-001899,PRD-0013,23,8750.0,5350.0,5.0,10062.5,191187.5,123050.0
ITM-0006936,ORD-001899,PRD-0016,2,18750.0,12900.0,10.0,3750.0,33750.0,25800.0
ITM-0006937,ORD-001900,PRD-0009,9,75050.0,56000.0,2.5,16886.25,658563.75,504000.0
ITM-0006938,ORD-001900,PRD-0034,6,2800.0,1650.0,2.5,420.0,16380.0,9900.0
ITM-0006939,ORD-001900,PRD-0007,12,33250.0,23700.0,5.0,19950.0,379050.0,284400.0
ITM-0006940,ORD-001900,PRD-0032,3,383350.0,305700.0,12.5,143756.25,1006293.75,917100.0
ITM-0006941,ORD-001900,PRD-0038,6,32300.0,22650.0,7.5,14535.0,179265.0,135900.0
ITM-0006942,ORD-001901,PRD-0023,13,46600.0,33950.0,2.5,15145.0,590655.0,441350.0
ITM-0006943,ORD-001901,PRD-0053,13,50250.0,36300.0,2.5,16331.25,636918.75,471900.0
ITM-0006944,ORD-001901,PRD-0066,29,5300.0,3250.0,0.0,0.0,153700.0,94250.0
ITM-0006945,ORD-001901,PRD-0030,29,35850.0,25550.0,5.0,51982.5,987667.5,740950.0
ITM-0006946,ORD-001902,PRD-0011,4,50250.0,35950.0,10.0,20100.0,180900.0,143800.0
ITM-0006947,ORD-001902,PRD-0028,36,6400.0,4200.0,5.0,11520.0,218880.0,151200.0
ITM-0006948,ORD-001902,PRD-0034,2,2800.0,1650.0,5.0,280.0,5320.0,3300.0
ITM-0006949,ORD-001902,PRD-0040,2,70550.0,49600.0,10.0,14110.0,126990.0,99200.0
ITM-0006950,ORD-001902,PRD-0056,2,16900.0,12000.0,7.5,2535.0,31265.0,24000.0
ITM-0006951,ORD-001903,PRD-0059,13,1850.0,1050.0,7.5,1803.75,22246.25,13650.0
ITM-0006952,ORD-001903,PRD-0001,4,49000.0,35150.0,12.5,24500.0,171500.0,140600.0
ITM-0006953,ORD-001904,PRD-0058,14,28050.0,19450.0,10.0,39270.0,353430.0,272300.0
ITM-0006954,ORD-001905,PRD-0004,8,7100.0,4600.0,7.5,4260.0,52540.0,36800.0
ITM-0006955,ORD-001905,PRD-0036,6,170650.0,122850.0,0.0,0.0,1023900.0,737100.0
ITM-0006956,ORD-001905,PRD-0040,6,70550.0,49600.0,0.0,0.0,423300.0,297600.0
ITM-0006957,ORD-001905,PRD-0050,24,1200.0,650.0,5.0,1440.0,27360.0,15600.0
ITM-0006958,ORD-001906,PRD-0067,4,2050.0,1250.0,5.0,410.0,7790.0,5000.0
ITM-0006959,ORD-001907,PRD-0034,20,2800.0,1650.0,2.5,1400.0,54600.0,33000.0
ITM-0006960,ORD-001907,PRD-0070,40,5100.0,3300.0,5.0,10200.0,193800.0,132000.0
ITM-0006961,ORD-001907,PRD-0066,33,5300.0,3250.0,5.0,8745.0,166155.0,107250.0
ITM-0006962,ORD-001908,PRD-0014,6,199750.0,146450.0,2.5,29962.5,1168537.5,878700.0
ITM-0006963,ORD-001908,PRD-0046,2,141200.0,107400.0,2.5,7060.0,275340.0,214800.0
ITM-0006964,ORD-001908,PRD-0017,9,15250.0,10000.0,12.5,17156.25,120093.75,90000.0
ITM-0006965,ORD-001909,PRD-0031,10,1600.0,900.0,5.0,800.0,15200.0,9000.0
ITM-0006966,ORD-001910,PRD-0037,25,7650.0,5500.0,10.0,19125.0,172125.0,137500.0
ITM-0006967,ORD-001910,PRD-0028,22,6400.0,4200.0,5.0,7040.0,133760.0,92400.0
ITM-0006968,ORD-001910,PRD-0058,14,28050.0,19450.0,7.5,29452.5,363247.5,272300.0
ITM-0006969,ORD-001910,PRD-0011,14,50250.0,35950.0,7.5,52762.5,650737.5,503300.0
ITM-0006970,ORD-001910,PRD-0063,49,12650.0,8000.0,0.0,0.0,619850.0,392000.0
ITM-0006971,ORD-001910,PRD-0052,5,40400.0,29250.0,5.0,10100.0,191900.0,146250.0
ITM-0006972,ORD-001910,PRD-0031,27,1600.0,900.0,0.0,0.0,43200.0,24300.0
ITM-0006973,ORD-001911,PRD-0011,2,50250.0,35950.0,2.5,2512.5,97987.5,71900.0
ITM-0006974,ORD-001911,PRD-0058,7,28050.0,19450.0,0.0,0.0,196350.0,136150.0
ITM-0006975,ORD-001912,PRD-0016,20,18750.0,12900.0,5.0,18750.0,356250.0,258000.0
ITM-0006976,ORD-001912,PRD-0034,3,2800.0,1650.0,10.0,840.0,7560.0,4950.0
ITM-0006977,ORD-001912,PRD-0053,17,50250.0,36300.0,0.0,0.0,854250.0,617100.0
ITM-0006978,ORD-001913,PRD-0023,12,46600.0,33950.0,5.0,27960.0,531240.0,407400.0
ITM-0006979,ORD-001913,PRD-0046,2,141200.0,107400.0,2.5,7060.0,275340.0,214800.0
ITM-0006980,ORD-001913,PRD-0034,7,2800.0,1650.0,5.0,980.0,18620.0,11550.0
ITM-0006981,ORD-001913,PRD-0013,55,8750.0,5350.0,0.0,0.0,481250.0,294250.0
ITM-0006982,ORD-001913,PRD-0005,7,11500.0,7900.0,5.0,4025.0,76475.0,55300.0
ITM-0006983,ORD-001913,PRD-0064,5,40250.0,28850.0,5.0,10062.5,191187.5,144250.0
ITM-0006984,ORD-001914,PRD-0060,4,16450.0,11150.0,0.0,0.0,65800.0,44600.0
ITM-0006985,ORD-001914,PRD-0005,25,11500.0,7900.0,5.0,14375.0,273125.0,197500.0
ITM-0006986,ORD-001914,PRD-0021,18,151550.0,109750.0,10.0,272790.0,2455110.0,1975500.0
ITM-0006987,ORD-001914,PRD-0026,22,5050.0,3050.0,2.5,2777.5,108322.5,67100.0
ITM-0006988,ORD-001915,PRD-0052,7,40400.0,29250.0,7.5,21210.0,261590.0,204750.0
ITM-0006989,ORD-001916,PRD-0066,32,5300.0,3250.0,0.0,0.0,169600.0,104000.0
ITM-0006990,ORD-001916,PRD-0003,19,88300.0,65000.0,5.0,83885.0,1593815.0,1235000.0
ITM-0006991,ORD-001916,PRD-0049,49,2250.0,1400.0,0.0,0.0,110250.0,68600.0
ITM-0006992,ORD-001916,PRD-0058,3,28050.0,19450.0,7.5,6311.25,77838.75,58350.0
ITM-0006993,ORD-001917,PRD-0017,2,15250.0,10000.0,10.0,3050.0,27450.0,20000.0
ITM-0006994,ORD-001917,PRD-0047,9,67750.0,48250.0,7.5,45731.25,564018.75,434250.0
ITM-0006995,ORD-001917,PRD-0007,2,33250.0,23700.0,2.5,1662.5,64837.5,47400.0
ITM-0006996,ORD-001917,PRD-0032,11,383350.0,305700.0,12.5,527106.25,3689743.75,3362700.0
ITM-0006997,ORD-001917,PRD-0004,22,7100.0,4600.0,5.0,7810.0,148390.0,101200.0
ITM-0006998,ORD-001917,PRD-0069,11,41700.0,30300.0,2.5,11467.5,447232.5,333300.0
ITM-0006999,ORD-001918,PRD-0005,43,11500.0,7900.0,7.5,37087.5,457412.5,339700.0
ITM-0007000,ORD-001918,PRD-0066,34,5300.0,3250.0,10.0,18020.0,162180.0,110500.0
ITM-0007001,ORD-001918,PRD-0031,37,1600.0,900.0,10.0,5920.0,53280.0,33300.0
ITM-0007002,ORD-001918,PRD-0013,15,8750.0,5350.0,2.5,3281.25,127968.75,80250.0
ITM-0007003,ORD-001918,PRD-0004,28,7100.0,4600.0,10.0,19880.0,178920.0,128800.0
ITM-0007004,ORD-001918,PRD-0034,9,2800.0,1650.0,10.0,2520.0,22680.0,14850.0
ITM-0007005,ORD-001919,PRD-0069,5,41700.0,30300.0,2.5,5212.5,203287.5,151500.0
ITM-0007006,ORD-001919,PRD-0017,5,15250.0,10000.0,5.0,3812.5,72437.5,50000.0
ITM-0007007,ORD-001919,PRD-0068,9,29000.0,20900.0,2.5,6525.0,254475.0,188100.0
ITM-0007008,ORD-001919,PRD-0042,35,16900.0,11500.0,5.0,29575.0,561925.0,402500.0
ITM-0007009,ORD-001919,PRD-0060,9,16450.0,11150.0,5.0,7402.5,140647.5,100350.0
ITM-0007010,ORD-001920,PRD-0034,10,2800.0,1650.0,2.5,700.0,27300.0,16500.0
ITM-0007011,ORD-001920,PRD-0036,7,170650.0,122850.0,0.0,0.0,1194550.0,859950.0
ITM-0007012,ORD-001920,PRD-0053,10,50250.0,36300.0,10.0,50250.0,452250.0,363000.0
ITM-0007013,ORD-001920,PRD-0005,13,11500.0,7900.0,10.0,14950.0,134550.0,102700.0
ITM-0007014,ORD-001920,PRD-0007,3,33250.0,23700.0,0.0,0.0,99750.0,71100.0
ITM-0007015,ORD-001921,PRD-0040,12,70550.0,49600.0,0.0,0.0,846600.0,595200.0
ITM-0007016,ORD-001921,PRD-0045,10,4400.0,2800.0,2.5,1100.0,42900.0,28000.0
ITM-0007017,ORD-001921,PRD-0038,10,32300.0,22650.0,10.0,32300.0,290700.0,226500.0
ITM-0007018,ORD-001922,PRD-0060,17,16450.0,11150.0,0.0,0.0,279650.0,189550.0
ITM-0007019,ORD-001922,PRD-0021,14,151550.0,109750.0,10.0,212170.0,1909530.0,1536500.0
ITM-0007020,ORD-001922,PRD-0052,7,40400.0,29250.0,0.0,0.0,282800.0,204750.0
ITM-0007021,ORD-001922,PRD-0019,24,2950.0,1850.0,5.0,3540.0,67260.0,44400.0
ITM-0007022,ORD-001923,PRD-0043,9,35950.0,25500.0,2.5,8088.75,315461.25,229500.0
ITM-0007023,ORD-001924,PRD-0066,19,5300.0,3250.0,7.5,7552.5,93147.5,61750.0
ITM-0007024,ORD-001924,PRD-0034,2,2800.0,1650.0,10.0,560.0,5040.0,3300.0
ITM-0007025,ORD-001924,PRD-0032,14,383350.0,305700.0,7.5,402517.5,4964382.5,4279800.0
ITM-0007026,ORD-001925,PRD-0004,17,7100.0,4600.0,0.0,0.0,120700.0,78200.0
ITM-0007027,ORD-001925,PRD-0060,8,16450.0,11150.0,10.0,13160.0,118440.0,89200.0
ITM-0007028,ORD-001925,PRD-0034,4,2800.0,1650.0,12.5,1400.0,9800.0,6600.0
ITM-0007029,ORD-001925,PRD-0014,8,199750.0,146450.0,0.0,0.0,1598000.0,1171600.0
ITM-0007030,ORD-001926,PRD-0053,9,50250.0,36300.0,2.5,11306.25,440943.75,326700.0
ITM-0007031,ORD-001927,PRD-0055,10,43600.0,31400.0,5.0,21800.0,414200.0,314000.0
ITM-0007032,ORD-001927,PRD-0050,6,1200.0,650.0,7.5,540.0,6660.0,3900.0
ITM-0007033,ORD-001927,PRD-0069,6,41700.0,30300.0,10.0,25020.0,225180.0,181800.0
ITM-0007034,ORD-001927,PRD-0030,8,35850.0,25550.0,0.0,0.0,286800.0,204400.0
ITM-0007035,ORD-001927,PRD-0006,10,27000.0,19650.0,5.0,13500.0,256500.0,196500.0
ITM-0007036,ORD-001928,PRD-0021,2,151550.0,109750.0,0.0,0.0,303100.0,219500.0
ITM-0007037,ORD-001928,PRD-0007,5,33250.0,23700.0,0.0,0.0,166250.0,118500.0
ITM-0007038,ORD-001928,PRD-0070,26,5100.0,3300.0,5.0,6630.0,125970.0,85800.0
ITM-0007039,ORD-001928,PRD-0027,17,11500.0,7200.0,10.0,19550.0,175950.0,122400.0
ITM-0007040,ORD-001928,PRD-0005,14,11500.0,7900.0,10.0,16100.0,144900.0,110600.0
ITM-0007041,ORD-001929,PRD-0036,2,170650.0,122850.0,5.0,17065.0,324235.0,245700.0
ITM-0007042,ORD-001930,PRD-0040,3,70550.0,49600.0,7.5,15873.75,195776.25,148800.0
ITM-0007043,ORD-001930,PRD-0005,11,11500.0,7900.0,5.0,6325.0,120175.0,86900.0
ITM-0007044,ORD-001930,PRD-0036,3,170650.0,122850.0,12.5,63993.75,447956.25,368550.0
ITM-0007045,ORD-001931,PRD-0038,13,32300.0,22650.0,7.5,31492.5,388407.5,294450.0
ITM-0007046,ORD-001931,PRD-0050,29,1200.0,650.0,12.5,4350.0,30450.0,18850.0
ITM-0007047,ORD-001931,PRD-0053,13,50250.0,36300.0,0.0,0.0,653250.0,471900.0
ITM-0007048,ORD-001931,PRD-0031,39,1600.0,900.0,5.0,3120.0,59280.0,35100.0
ITM-0007049,ORD-001932,PRD-0018,10,39400.0,29550.0,2.5,9850.0,384150.0,295500.0
ITM-0007050,ORD-001932,PRD-0046,10,141200.0,107400.0,10.0,141200.0,1270800.0,1074000.0
ITM-0007051,ORD-001932,PRD-0027,43,11500.0,7200.0,7.5,37087.5,457412.5,309600.0
ITM-0007052,ORD-001932,PRD-0052,20,40400.0,29250.0,5.0,40400.0,767600.0,585000.0
ITM-0007053,ORD-001932,PRD-0033,3,88100.0,66350.0,7.5,19822.5,244477.5,199050.0
ITM-0007054,ORD-001932,PRD-0069,7,41700.0,30300.0,10.0,29190.0,262710.0,212100.0
ITM-0007055,ORD-001932,PRD-0034,17,2800.0,1650.0,10.0,4760.0,42840.0,28050.0
ITM-0007056,ORD-001933,PRD-0054,6,6000.0,4000.0,10.0,3600.0,32400.0,24000.0
ITM-0007057,ORD-001933,PRD-0025,2,32700.0,22850.0,2.5,1635.0,63765.0,45700.0
ITM-0007058,ORD-001933,PRD-0052,7,40400.0,29250.0,7.5,21210.0,261590.0,204750.0
ITM-0007059,ORD-001934,PRD-0002,36,52050.0,38100.0,2.5,46845.0,1826955.0,1371600.0
ITM-0007060,ORD-001934,PRD-0031,12,1600.0,900.0,7.5,1440.0,17760.0,10800.0
ITM-0007061,ORD-001935,PRD-0064,4,40250.0,28850.0,0.0,0.0,161000.0,115400.0
ITM-0007062,ORD-001935,PRD-0011,9,50250.0,35950.0,5.0,22612.5,429637.5,323550.0
ITM-0007063,ORD-001936,PRD-0009,11,75050.0,56000.0,10.0,82555.0,742995.0,616000.0
ITM-0007064,ORD-001936,PRD-0034,4,2800.0,1650.0,10.0,1120.0,10080.0,6600.0
ITM-0007065,ORD-001936,PRD-0005,17,11500.0,7900.0,5.0,9775.0,185725.0,134300.0
ITM-0007066,ORD-001936,PRD-0054,13,6000.0,4000.0,10.0,7800.0,70200.0,52000.0
ITM-0007067,ORD-001936,PRD-0066,28,5300.0,3250.0,5.0,7420.0,140980.0,91000.0
ITM-0007068,ORD-001936,PRD-0023,7,46600.0,33950.0,7.5,24465.0,301735.0,237650.0
ITM-0007069,ORD-001937,PRD-0039,18,13350.0,9100.0,5.0,12015.0,228285.0,163800.0
ITM-0007070,ORD-001937,PRD-0036,5,170650.0,122850.0,10.0,85325.0,767925.0,614250.0
ITM-0007071,ORD-001937,PRD-0045,5,4400.0,2800.0,0.0,0.0,22000.0,14000.0
ITM-0007072,ORD-001938,PRD-0034,2,2800.0,1650.0,7.5,420.0,5180.0,3300.0
ITM-0007073,ORD-001938,PRD-0003,6,88300.0,65000.0,10.0,52980.0,476820.0,390000.0
ITM-0007074,ORD-001938,PRD-0011,4,50250.0,35950.0,5.0,10050.0,190950.0,143800.0
ITM-0007075,ORD-001938,PRD-0007,4,33250.0,23700.0,12.5,16625.0,116375.0,94800.0
ITM-0007076,ORD-001938,PRD-0017,12,15250.0,10000.0,7.5,13725.0,169275.0,120000.0
ITM-0007077,ORD-001938,PRD-0066,27,5300.0,3250.0,0.0,0.0,143100.0,87750.0
ITM-0007078,ORD-001939,PRD-0045,5,4400.0,2800.0,2.5,550.0,21450.0,14000.0
ITM-0007079,ORD-001940,PRD-0017,4,15250.0,10000.0,7.5,4575.0,56425.0,40000.0
ITM-0007080,ORD-001941,PRD-0025,4,32700.0,22850.0,0.0,0.0,130800.0,91400.0
ITM-0007081,ORD-001941,PRD-0008,11,11400.0,7800.0,5.0,6270.0,119130.0,85800.0
ITM-0007082,ORD-001941,PRD-0045,21,4400.0,2800.0,5.0,4620.0,87780.0,58800.0
ITM-0007083,ORD-001941,PRD-0006,4,27000.0,19650.0,7.5,8100.0,99900.0,78600.0
ITM-0007084,ORD-001941,PRD-0057,11,25450.0,17350.0,7.5,20996.25,258953.75,190850.0
ITM-0007085,ORD-001941,PRD-0017,7,15250.0,10000.0,7.5,8006.25,98743.75,70000.0
ITM-0007086,ORD-001942,PRD-0049,6,2250.0,1400.0,2.5,337.5,13162.5,8400.0
ITM-0007087,ORD-001942,PRD-0025,2,32700.0,22850.0,10.0,6540.0,58860.0,45700.0
ITM-0007088,ORD-001942,PRD-0021,3,151550.0,109750.0,7.5,34098.75,420551.25,329250.0
ITM-0007089,ORD-001942,PRD-0005,4,11500.0,7900.0,10.0,4600.0,41400.0,31600.0
ITM-0007090,ORD-001943,PRD-0012,10,42850.0,31750.0,0.0,0.0,428500.0,317500.0
ITM-0007091,ORD-001943,PRD-0040,8,70550.0,49600.0,2.5,14110.0,550290.0,396800.0
ITM-0007092,ORD-001943,PRD-0015,10,19300.0,12700.0,7.5,14475.0,178525.0,127000.0
ITM-0007093,ORD-001943,PRD-0034,10,2800.0,1650.0,2.5,700.0,27300.0,16500.0
ITM-0007094,ORD-001943,PRD-0038,15,32300.0,22650.0,2.5,12112.5,472387.5,339750.0
ITM-0007095,ORD-001943,PRD-0027,53,11500.0,7200.0,0.0,0.0,609500.0,381600.0
ITM-0007096,ORD-001943,PRD-0066,23,5300.0,3250.0,7.5,9142.5,112757.5,74750.0
ITM-0007097,ORD-001944,PRD-0025,4,32700.0,22850.0,7.5,9810.0,120990.0,91400.0
ITM-0007098,ORD-001944,PRD-0007,23,33250.0,23700.0,2.5,19118.75,745631.25,545100.0
ITM-0007099,ORD-001944,PRD-0034,23,2800.0,1650.0,0.0,0.0,64400.0,37950.0
ITM-0007100,ORD-001944,PRD-0027,27,11500.0,7200.0,10.0,31050.0,279450.0,194400.0
ITM-0007101,ORD-001945,PRD-0052,2,40400.0,29250.0,7.5,6060.0,74740.0,58500.0
ITM-0007102,ORD-001945,PRD-0043,10,35950.0,25500.0,2.5,8987.5,350512.5,255000.0
ITM-0007103,ORD-001945,PRD-0029,14,30900.0,21650.0,0.0,0.0,432600.0,303100.0
ITM-0007104,ORD-001945,PRD-0031,14,1600.0,900.0,10.0,2240.0,20160.0,12600.0
ITM-0007105,ORD-001946,PRD-0041,4,70000.0,52200.0,2.5,7000.0,273000.0,208800.0
ITM-0007106,ORD-001946,PRD-0020,9,31900.0,22100.0,10.0,28710.0,258390.0,198900.0
ITM-0007107,ORD-001946,PRD-0031,18,1600.0,900.0,5.0,1440.0,27360.0,16200.0
ITM-0007108,ORD-001946,PRD-0047,9,67750.0,48250.0,5.0,30487.5,579262.5,434250.0
ITM-0007109,ORD-001946,PRD-0034,9,2800.0,1650.0,0.0,0.0,25200.0,14850.0
ITM-0007110,ORD-001946,PRD-0039,11,13350.0,9100.0,5.0,7342.5,139507.5,100100.0
ITM-0007111,ORD-001946,PRD-0005,16,11500.0,7900.0,10.0,18400.0,165600.0,126400.0
ITM-0007112,ORD-001947,PRD-0005,30,11500.0,7900.0,5.0,17250.0,327750.0,237000.0
ITM-0007113,ORD-001947,PRD-0023,2,46600.0,33950.0,7.5,6990.0,86210.0,67900.0
ITM-0007114,ORD-001947,PRD-0015,8,19300.0,12700.0,0.0,0.0,154400.0,101600.0
ITM-0007115,ORD-001948,PRD-0037,13,7650.0,5500.0,5.0,4972.5,94477.5,71500.0
ITM-0007116,ORD-001948,PRD-0047,9,67750.0,48250.0,5.0,30487.5,579262.5,434250.0
ITM-0007117,ORD-001948,PRD-0050,25,1200.0,650.0,5.0,1500.0,28500.0,16250.0
ITM-0007118,ORD-001948,PRD-0052,2,40400.0,29250.0,0.0,0.0,80800.0,58500.0
ITM-0007119,ORD-001949,PRD-0001,7,49000.0,35150.0,7.5,25725.0,317275.0,246050.0
ITM-0007120,ORD-001949,PRD-0024,32,17950.0,12350.0,5.0,28720.0,545680.0,395200.0
ITM-0007121,ORD-001949,PRD-0022,2,13950.0,9250.0,7.5,2092.5,25807.5,18500.0
ITM-0007122,ORD-001949,PRD-0034,9,2800.0,1650.0,7.5,1890.0,23310.0,14850.0
ITM-0007123,ORD-001950,PRD-0014,3,199750.0,146450.0,2.5,14981.25,584268.75,439350.0
ITM-0007124,ORD-001950,PRD-0066,23,5300.0,3250.0,2.5,3047.5,118852.5,74750.0
ITM-0007125,ORD-001950,PRD-0008,2,11400.0,7800.0,0.0,0.0,22800.0,15600.0
ITM-0007126,ORD-001950,PRD-0069,5,41700.0,30300.0,5.0,10425.0,198075.0,151500.0
ITM-0007127,ORD-001951,PRD-0031,37,1600.0,900.0,7.5,4440.0,54760.0,33300.0
ITM-0007128,ORD-001951,PRD-0026,25,5050.0,3050.0,5.0,6312.5,119937.5,76250.0
ITM-0007129,ORD-001951,PRD-0005,7,11500.0,7900.0,10.0,8050.0,72450.0,55300.0
ITM-0007130,ORD-001952,PRD-0005,21,11500.0,7900.0,2.5,6037.5,235462.5,165900.0
ITM-0007131,ORD-001952,PRD-0057,8,25450.0,17350.0,5.0,10180.0,193420.0,138800.0
ITM-0007132,ORD-001953,PRD-0045,35,4400.0,2800.0,5.0,7700.0,146300.0,98000.0
ITM-0007133,ORD-001953,PRD-0048,5,160400.0,117650.0,12.5,100250.0,701750.0,588250.0
ITM-0007134,ORD-001953,PRD-0067,25,2050.0,1250.0,7.5,3843.75,47406.25,31250.0
ITM-0007135,ORD-001953,PRD-0009,14,75050.0,56000.0,0.0,0.0,1050700.0,784000.0
ITM-0007136,ORD-001954,PRD-0043,4,35950.0,25500.0,5.0,7190.0,136610.0,102000.0
ITM-0007137,ORD-001954,PRD-0058,5,28050.0,19450.0,0.0,0.0,140250.0,97250.0
ITM-0007138,ORD-001955,PRD-0021,2,151550.0,109750.0,5.0,15155.0,287945.0,219500.0
ITM-0007139,ORD-001955,PRD-0003,3,88300.0,65000.0,0.0,0.0,264900.0,195000.0
ITM-0007140,ORD-001956,PRD-0007,8,33250.0,23700.0,5.0,13300.0,252700.0,189600.0
ITM-0007141,ORD-001956,PRD-0019,16,2950.0,1850.0,5.0,2360.0,44840.0,29600.0
ITM-0007142,ORD-001956,PRD-0045,14,4400.0,2800.0,7.5,4620.0,56980.0,39200.0
ITM-0007143,ORD-001956,PRD-0053,6,50250.0,36300.0,2.5,7537.5,293962.5,217800.0
ITM-0007144,ORD-001956,PRD-0050,7,1200.0,650.0,7.5,630.0,7770.0,4550.0
ITM-0007145,ORD-001957,PRD-0005,11,11500.0,7900.0,7.5,9487.5,117012.5,86900.0
ITM-0007146,ORD-001957,PRD-0019,11,2950.0,1850.0,0.0,0.0,32450.0,20350.0
ITM-0007147,ORD-001957,PRD-0007,6,33250.0,23700.0,0.0,0.0,199500.0,142200.0
ITM-0007148,ORD-001957,PRD-0009,7,75050.0,56000.0,10.0,52535.0,472815.0,392000.0
ITM-0007149,ORD-001958,PRD-0040,13,70550.0,49600.0,2.5,22928.75,894221.25,644800.0
ITM-0007150,ORD-001958,PRD-0013,18,8750.0,5350.0,0.0,0.0,157500.0,96300.0
ITM-0007151,ORD-001958,PRD-0055,13,43600.0,31400.0,10.0,56680.0,510120.0,408200.0
ITM-0007152,ORD-001958,PRD-0007,5,33250.0,23700.0,5.0,8312.5,157937.5,118500.0
ITM-0007153,ORD-001958,PRD-0025,8,32700.0,22850.0,0.0,0.0,261600.0,182800.0
ITM-0007154,ORD-001958,PRD-0045,34,4400.0,2800.0,7.5,11220.0,138380.0,95200.0
ITM-0007155,ORD-001958,PRD-0046,10,141200.0,107400.0,5.0,70600.0,1341400.0,1074000.0
ITM-0007156,ORD-001959,PRD-0058,2,28050.0,19450.0,2.5,1402.5,54697.5,38900.0
ITM-0007157,ORD-001959,PRD-0007,2,33250.0,23700.0,5.0,3325.0,63175.0,47400.0
ITM-0007158,ORD-001959,PRD-0066,18,5300.0,3250.0,7.5,7155.0,88245.0,58500.0
ITM-0007159,ORD-001959,PRD-0034,6,2800.0,1650.0,12.5,2100.0,14700.0,9900.0
ITM-0007160,ORD-001959,PRD-0005,17,11500.0,7900.0,5.0,9775.0,185725.0,134300.0
ITM-0007161,ORD-001960,PRD-0031,9,1600.0,900.0,0.0,0.0,14400.0,8100.0
ITM-0007162,ORD-001961,PRD-0055,2,43600.0,31400.0,5.0,4360.0,82840.0,62800.0
ITM-0007163,ORD-001962,PRD-0037,18,7650.0,5500.0,5.0,6885.0,130815.0,99000.0
ITM-0007164,ORD-001962,PRD-0039,9,13350.0,9100.0,5.0,6007.5,114142.5,81900.0
ITM-0007165,ORD-001962,PRD-0016,1,18750.0,12900.0,7.5,1406.25,17343.75,12900.0
ITM-0007166,ORD-001962,PRD-0004,10,7100.0,4600.0,7.5,5325.0,65675.0,46000.0
ITM-0007167,ORD-001963,PRD-0005,10,11500.0,7900.0,0.0,0.0,115000.0,79000.0
ITM-0007168,ORD-001963,PRD-0049,27,2250.0,1400.0,10.0,6075.0,54675.0,37800.0
ITM-0007169,ORD-001963,PRD-0057,5,25450.0,17350.0,5.0,6362.5,120887.5,86750.0
ITM-0007170,ORD-001963,PRD-0034,12,2800.0,1650.0,5.0,1680.0,31920.0,19800.0
ITM-0007171,ORD-001963,PRD-0021,5,151550.0,109750.0,2.5,18943.75,738806.25,548750.0
ITM-0007172,ORD-001963,PRD-0004,7,7100.0,4600.0,2.5,1242.5,48457.5,32200.0
ITM-0007173,ORD-001964,PRD-0005,24,11500.0,7900.0,0.0,0.0,276000.0,189600.0
ITM-0007174,ORD-001964,PRD-0046,6,141200.0,107400.0,2.5,21180.0,826020.0,644400.0
ITM-0007175,ORD-001964,PRD-0003,2,88300.0,65000.0,0.0,0.0,176600.0,130000.0
ITM-0007176,ORD-001965,PRD-0034,2,2800.0,1650.0,10.0,560.0,5040.0,3300.0
ITM-0007177,ORD-001965,PRD-0009,5,75050.0,56000.0,5.0,18762.5,356487.5,280000.0
ITM-0007178,ORD-001965,PRD-0066,32,5300.0,3250.0,5.0,8480.0,161120.0,104000.0
ITM-0007179,ORD-001965,PRD-0037,52,7650.0,5500.0,5.0,19890.0,377910.0,286000.0
ITM-0007180,ORD-001966,PRD-0053,5,50250.0,36300.0,7.5,18843.75,232406.25,181500.0
ITM-0007181,ORD-001966,PRD-0012,2,42850.0,31750.0,0.0,0.0,85700.0,63500.0
ITM-0007182,ORD-001966,PRD-0049,8,2250.0,1400.0,7.5,1350.0,16650.0,11200.0
ITM-0007183,ORD-001966,PRD-0034,3,2800.0,1650.0,0.0,0.0,8400.0,4950.0
ITM-0007184,ORD-001967,PRD-0045,42,4400.0,2800.0,7.5,13860.0,170940.0,117600.0
ITM-0007185,ORD-001967,PRD-0034,18,2800.0,1650.0,0.0,0.0,50400.0,29700.0
ITM-0007186,ORD-001967,PRD-0060,15,16450.0,11150.0,5.0,12337.5,234412.5,167250.0
ITM-0007187,ORD-001968,PRD-0037,28,7650.0,5500.0,5.0,10710.0,203490.0,154000.0
ITM-0007188,ORD-001968,PRD-0050,7,1200.0,650.0,5.0,420.0,7980.0,4550.0
ITM-0007189,ORD-001968,PRD-0066,22,5300.0,3250.0,0.0,0.0,116600.0,71500.0
ITM-0007190,ORD-001968,PRD-0034,10,2800.0,1650.0,0.0,0.0,28000.0,16500.0
ITM-0007191,ORD-001968,PRD-0016,10,18750.0,12900.0,5.0,9375.0,178125.0,129000.0
ITM-0007192,ORD-001969,PRD-0027,12,11500.0,7200.0,5.0,6900.0,131100.0,86400.0
ITM-0007193,ORD-001969,PRD-0031,11,1600.0,900.0,2.5,440.0,17160.0,9900.0
ITM-0007194,ORD-001969,PRD-0005,11,11500.0,7900.0,0.0,0.0,126500.0,86900.0
ITM-0007195,ORD-001970,PRD-0015,1,19300.0,12700.0,5.0,965.0,18335.0,12700.0
ITM-0007196,ORD-001970,PRD-0004,6,7100.0,4600.0,2.5,1065.0,41535.0,27600.0
ITM-0007197,ORD-001970,PRD-0018,1,39400.0,29550.0,7.5,2955.0,36445.0,29550.0
ITM-0007198,ORD-001971,PRD-0009,1,75050.0,56000.0,5.0,3752.5,71297.5,56000.0
ITM-0007199,ORD-001971,PRD-0034,4,2800.0,1650.0,5.0,560.0,10640.0,6600.0
ITM-0007200,ORD-001971,PRD-0023,6,46600.0,33950.0,7.5,20970.0,258630.0,203700.0
ITM-0007201,ORD-001971,PRD-0045,6,4400.0,2800.0,12.5,3300.0,23100.0,16800.0
ITM-0007202,ORD-001972,PRD-0063,10,12650.0,8000.0,12.5,15812.5,110687.5,80000.0
ITM-0007203,ORD-001972,PRD-0007,4,33250.0,23700.0,5.0,6650.0,126350.0,94800.0
ITM-0007204,ORD-001973,PRD-0037,10,7650.0,5500.0,0.0,0.0,76500.0,55000.0
ITM-0007205,ORD-001973,PRD-0007,12,33250.0,23700.0,12.5,49875.0,349125.0,284400.0
ITM-0007206,ORD-001974,PRD-0045,13,4400.0,2800.0,10.0,5720.0,51480.0,36400.0
ITM-0007207,ORD-001974,PRD-0007,9,33250.0,23700.0,5.0,14962.5,284287.5,213300.0
ITM-0007208,ORD-001974,PRD-0058,6,28050.0,19450.0,7.5,12622.5,155677.5,116700.0
ITM-0007209,ORD-001974,PRD-0030,16,35850.0,25550.0,7.5,43020.0,530580.0,408800.0
ITM-0007210,ORD-001975,PRD-0014,6,199750.0,146450.0,7.5,89887.5,1108612.5,878700.0
ITM-0007211,ORD-001975,PRD-0069,2,41700.0,30300.0,12.5,10425.0,72975.0,60600.0
ITM-0007212,ORD-001975,PRD-0007,9,33250.0,23700.0,7.5,22443.75,276806.25,213300.0
ITM-0007213,ORD-001975,PRD-0052,9,40400.0,29250.0,10.0,36360.0,327240.0,263250.0
ITM-0007214,ORD-001975,PRD-0030,23,35850.0,25550.0,5.0,41227.5,783322.5,587650.0
ITM-0007215,ORD-001975,PRD-0043,11,35950.0,25500.0,7.5,29658.75,365791.25,280500.0
ITM-0007216,ORD-001975,PRD-0024,34,17950.0,12350.0,0.0,0.0,610300.0,419900.0
ITM-0007217,ORD-001976,PRD-0047,2,67750.0,48250.0,7.5,10162.5,125337.5,96500.0
ITM-0007218,ORD-001976,PRD-0006,12,27000.0,19650.0,7.5,24300.0,299700.0,235800.0
ITM-0007219,ORD-001977,PRD-0014,7,199750.0,146450.0,0.0,0.0,1398250.0,1025150.0
ITM-0007220,ORD-001977,PRD-0033,7,88100.0,66350.0,0.0,0.0,616700.0,464450.0
ITM-0007221,ORD-001978,PRD-0034,15,2800.0,1650.0,5.0,2100.0,39900.0,24750.0
ITM-0007222,ORD-001978,PRD-0011,19,50250.0,35950.0,7.5,71606.25,883143.75,683050.0
ITM-0007223,ORD-001978,PRD-0040,11,70550.0,49600.0,5.0,38802.5,737247.5,545600.0
ITM-0007224,ORD-001978,PRD-0002,11,52050.0,38100.0,0.0,0.0,572550.0,419100.0
ITM-0007225,ORD-001978,PRD-0036,11,170650.0,122850.0,5.0,93857.5,1783292.5,1351350.0
ITM-0007226,ORD-001978,PRD-0037,46,7650.0,5500.0,5.0,17595.0,334305.0,253000.0
ITM-0007227,ORD-001979,PRD-0053,11,50250.0,36300.0,5.0,27637.5,525112.5,399300.0
ITM-0007228,ORD-001979,PRD-0038,17,32300.0,22650.0,2.5,13727.5,535372.5,385050.0
ITM-0007229,ORD-001979,PRD-0013,28,8750.0,5350.0,7.5,18375.0,226625.0,149800.0
ITM-0007230,ORD-001980,PRD-0037,22,7650.0,5500.0,10.0,16830.0,151470.0,121000.0
ITM-0007231,ORD-001980,PRD-0010,4,50450.0,37650.0,5.0,10090.0,191710.0,150600.0
ITM-0007232,ORD-001980,PRD-0040,12,70550.0,49600.0,10.0,84660.0,761940.0,595200.0
ITM-0007233,ORD-001980,PRD-0059,27,1850.0,1050.0,0.0,0.0,49950.0,28350.0
ITM-0007234,ORD-001981,PRD-0034,2,2800.0,1650.0,2.5,140.0,5460.0,3300.0
ITM-0007235,ORD-001981,PRD-0036,6,170650.0,122850.0,0.0,0.0,1023900.0,737100.0
ITM-0007236,ORD-001981,PRD-0041,6,70000.0,52200.0,0.0,0.0,420000.0,313200.0
ITM-0007237,ORD-001981,PRD-0015,10,19300.0,12700.0,0.0,0.0,193000.0,127000.0
ITM-0007238,ORD-001981,PRD-0032,10,383350.0,305700.0,0.0,0.0,3833500.0,3057000.0
ITM-0007239,ORD-001982,PRD-0064,3,40250.0,28850.0,5.0,6037.5,114712.5,86550.0
ITM-0007240,ORD-001982,PRD-0066,21,5300.0,3250.0,0.0,0.0,111300.0,68250.0
ITM-0007241,ORD-001982,PRD-0058,8,28050.0,19450.0,5.0,11220.0,213180.0,155600.0
ITM-0007242,ORD-001982,PRD-0005,8,11500.0,7900.0,10.0,9200.0,82800.0,63200.0
ITM-0007243,ORD-001983,PRD-0007,3,33250.0,23700.0,10.0,9975.0,89775.0,71100.0
ITM-0007244,ORD-001983,PRD-0014,8,199750.0,146450.0,2.5,39950.0,1558050.0,1171600.0
ITM-0007245,ORD-001984,PRD-0005,9,11500.0,7900.0,0.0,0.0,103500.0,71100.0
ITM-0007246,ORD-001984,PRD-0066,9,5300.0,3250.0,7.5,3577.5,44122.5,29250.0
ITM-0007247,ORD-001984,PRD-0034,4,2800.0,1650.0,2.5,280.0,10920.0,6600.0
ITM-0007248,ORD-001984,PRD-0060,1,16450.0,11150.0,2.5,411.25,16038.75,11150.0
ITM-0007249,ORD-001985,PRD-0066,10,5300.0,3250.0,0.0,0.0,53000.0,32500.0
ITM-0007250,ORD-001985,PRD-0011,21,50250.0,35950.0,0.0,0.0,1055250.0,754950.0
ITM-0007251,ORD-001985,PRD-0069,17,41700.0,30300.0,7.5,53167.5,655732.5,515100.0
ITM-0007252,ORD-001985,PRD-0045,17,4400.0,2800.0,7.5,5610.0,69190.0,47600.0
ITM-0007253,ORD-001985,PRD-0050,14,1200.0,650.0,2.5,420.0,16380.0,9100.0
ITM-0007254,ORD-001985,PRD-0058,21,28050.0,19450.0,2.5,14726.25,574323.75,408450.0
ITM-0007255,ORD-001985,PRD-0034,10,2800.0,1650.0,5.0,1400.0,26600.0,16500.0
ITM-0007256,ORD-001986,PRD-0058,5,28050.0,19450.0,7.5,10518.75,129731.25,97250.0
ITM-0007257,ORD-001986,PRD-0054,16,6000.0,4000.0,0.0,0.0,96000.0,64000.0
ITM-0007258,ORD-001986,PRD-0022,2,13950.0,9250.0,7.5,2092.5,25807.5,18500.0
ITM-0007259,ORD-001986,PRD-0045,13,4400.0,2800.0,7.5,4290.0,52910.0,36400.0
ITM-0007260,ORD-001986,PRD-0012,9,42850.0,31750.0,7.5,28923.75,356726.25,285750.0
ITM-0007261,ORD-001987,PRD-0030,9,35850.0,25550.0,5.0,16132.5,306517.5,229950.0
ITM-0007262,ORD-001987,PRD-0014,11,199750.0,146450.0,2.5,54931.25,2142318.75,1610950.0
ITM-0007263,ORD-001987,PRD-0027,42,11500.0,7200.0,5.0,24150.0,458850.0,302400.0
ITM-0007264,ORD-001987,PRD-0004,13,7100.0,4600.0,5.0,4615.0,87685.0,59800.0
ITM-0007265,ORD-001987,PRD-0024,47,17950.0,12350.0,5.0,42182.5,801467.5,580450.0
ITM-0007266,ORD-001988,PRD-0047,2,67750.0,48250.0,0.0,0.0,135500.0,96500.0
ITM-0007267,ORD-001988,PRD-0023,5,46600.0,33950.0,0.0,0.0,233000.0,169750.0
ITM-0007268,ORD-001988,PRD-0039,9,13350.0,9100.0,5.0,6007.5,114142.5,81900.0
ITM-0007269,ORD-001988,PRD-0005,6,11500.0,7900.0,10.0,6900.0,62100.0,47400.0
ITM-0007270,ORD-001989,PRD-0032,2,383350.0,305700.0,5.0,38335.0,728365.0,611400.0
ITM-0007271,ORD-001990,PRD-0034,10,2800.0,1650.0,7.5,2100.0,25900.0,16500.0
ITM-0007272,ORD-001990,PRD-0052,10,40400.0,29250.0,0.0,0.0,404000.0,292500.0
ITM-0007273,ORD-001990,PRD-0009,12,75050.0,56000.0,2.5,22515.0,878085.0,672000.0
ITM-0007274,ORD-001991,PRD-0030,15,35850.0,25550.0,7.5,40331.25,497418.75,383250.0
ITM-0007275,ORD-001992,PRD-0022,15,13950.0,9250.0,7.5,15693.75,193556.25,138750.0
ITM-0007276,ORD-001992,PRD-0034,12,2800.0,1650.0,5.0,1680.0,31920.0,19800.0
ITM-0007277,ORD-001992,PRD-0005,20,11500.0,7900.0,5.0,11500.0,218500.0,158000.0
ITM-0007278,ORD-001992,PRD-0069,15,41700.0,30300.0,12.5,78187.5,547312.5,454500.0
ITM-0007279,ORD-001993,PRD-0015,8,19300.0,12700.0,0.0,0.0,154400.0,101600.0
ITM-0007280,ORD-001994,PRD-0006,4,27000.0,19650.0,10.0,10800.0,97200.0,78600.0
ITM-0007281,ORD-001994,PRD-0053,8,50250.0,36300.0,5.0,20100.0,381900.0,290400.0
ITM-0007282,ORD-001995,PRD-0013,88,8750.0,5350.0,12.5,96250.0,673750.0,470800.0
ITM-0007283,ORD-001995,PRD-0007,18,33250.0,23700.0,0.0,0.0,598500.0,426600.0
ITM-0007284,ORD-001996,PRD-0011,2,50250.0,35950.0,7.5,7537.5,92962.5,71900.0
ITM-0007285,ORD-001996,PRD-0030,6,35850.0,25550.0,2.5,5377.5,209722.5,153300.0
ITM-0007286,ORD-001997,PRD-0045,20,4400.0,2800.0,5.0,4400.0,83600.0,56000.0
ITM-0007287,ORD-001997,PRD-0007,2,33250.0,23700.0,5.0,3325.0,63175.0,47400.0
ITM-0007288,ORD-001997,PRD-0033,5,88100.0,66350.0,10.0,44050.0,396450.0,331750.0
ITM-0007289,ORD-001997,PRD-0067,14,2050.0,1250.0,0.0,0.0,28700.0,17500.0
ITM-0007290,ORD-001997,PRD-0032,2,383350.0,305700.0,5.0,38335.0,728365.0,611400.0
ITM-0007291,ORD-001998,PRD-0046,3,141200.0,107400.0,5.0,21180.0,402420.0,322200.0
ITM-0007292,ORD-001998,PRD-0050,20,1200.0,650.0,0.0,0.0,24000.0,13000.0
ITM-0007293,ORD-001998,PRD-0032,8,383350.0,305700.0,0.0,0.0,3066800.0,2445600.0
ITM-0007294,ORD-001998,PRD-0044,62,3350.0,2000.0,0.0,0.0,207700.0,124000.0
ITM-0007295,ORD-001999,PRD-0007,9,33250.0,23700.0,0.0,0.0,299250.0,213300.0
ITM-0007296,ORD-001999,PRD-0034,5,2800.0,1650.0,0.0,0.0,14000.0,8250.0
ITM-0007297,ORD-001999,PRD-0056,5,16900.0,12000.0,0.0,0.0,84500.0,60000.0
ITM-0007298,ORD-001999,PRD-0038,9,32300.0,22650.0,0.0,0.0,290700.0,203850.0
ITM-0007299,ORD-002000,PRD-0005,14,11500.0,7900.0,10.0,16100.0,144900.0,110600.0
ITM-0007300,ORD-002000,PRD-0016,5,18750.0,12900.0,5.0,4687.5,89062.5,64500.0
ITM-0007301,ORD-002000,PRD-0007,3,33250.0,23700.0,7.5,7481.25,92268.75,71100.0
ITM-0007302,ORD-002000,PRD-0033,8,88100.0,66350.0,0.0,0.0,704800.0,530800.0
ITM-0007303,ORD-002001,PRD-0069,14,41700.0,30300.0,0.0,0.0,583800.0,424200.0
ITM-0007304,ORD-002001,PRD-0045,14,4400.0,2800.0,12.5,7700.0,53900.0,39200.0
ITM-0007305,ORD-002001,PRD-0005,14,11500.0,7900.0,2.5,4025.0,156975.0,110600.0
ITM-0007306,ORD-002001,PRD-0009,7,75050.0,56000.0,0.0,0.0,525350.0,392000.0
ITM-0007307,ORD-002001,PRD-0016,14,18750.0,12900.0,2.5,6562.5,255937.5,180600.0
ITM-0007308,ORD-002001,PRD-0023,14,46600.0,33950.0,5.0,32620.0,619780.0,475300.0
ITM-0007309,ORD-002001,PRD-0029,7,30900.0,21650.0,10.0,21630.0,194670.0,151550.0
ITM-0007310,ORD-002002,PRD-0030,48,35850.0,25550.0,10.0,172080.0,1548720.0,1226400.0
ITM-0007311,ORD-002002,PRD-0009,14,75050.0,56000.0,5.0,52535.0,998165.0,784000.0
ITM-0007312,ORD-002002,PRD-0066,52,5300.0,3250.0,10.0,27560.0,248040.0,169000.0
ITM-0007313,ORD-002002,PRD-0034,21,2800.0,1650.0,12.5,7350.0,51450.0,34650.0
ITM-0007314,ORD-002002,PRD-0003,10,88300.0,65000.0,12.5,110375.0,772625.0,650000.0
ITM-0007315,ORD-002002,PRD-0015,10,19300.0,12700.0,5.0,9650.0,183350.0,127000.0
ITM-0007316,ORD-002003,PRD-0066,6,5300.0,3250.0,5.0,1590.0,30210.0,19500.0
ITM-0007317,ORD-002003,PRD-0021,6,151550.0,109750.0,5.0,45465.0,863835.0,658500.0
ITM-0007318,ORD-002003,PRD-0049,13,2250.0,1400.0,2.5,731.25,28518.75,18200.0
ITM-0007319,ORD-002003,PRD-0030,26,35850.0,25550.0,10.0,93210.0,838890.0,664300.0
ITM-0007320,ORD-002004,PRD-0057,12,25450.0,17350.0,2.5,7635.0,297765.0,208200.0
ITM-0007321,ORD-002004,PRD-0008,12,11400.0,7800.0,10.0,13680.0,123120.0,93600.0
ITM-0007322,ORD-002004,PRD-0005,35,11500.0,7900.0,10.0,40250.0,362250.0,276500.0
ITM-0007323,ORD-002005,PRD-0005,26,11500.0,7900.0,7.5,22425.0,276575.0,205400.0
ITM-0007324,ORD-002005,PRD-0007,9,33250.0,23700.0,7.5,22443.75,276806.25,213300.0
ITM-0007325,ORD-002005,PRD-0013,18,8750.0,5350.0,5.0,7875.0,149625.0,96300.0
ITM-0007326,ORD-002006,PRD-0015,3,19300.0,12700.0,7.5,4342.5,53557.5,38100.0
ITM-0007327,ORD-002007,PRD-0049,43,2250.0,1400.0,10.0,9675.0,87075.0,60200.0
ITM-0007328,ORD-002007,PRD-0058,19,28050.0,19450.0,5.0,26647.5,506302.5,369550.0
ITM-0007329,ORD-002007,PRD-0066,15,5300.0,3250.0,10.0,7950.0,71550.0,48750.0
ITM-0007330,ORD-002007,PRD-0030,43,35850.0,25550.0,5.0,77077.5,1464472.5,1098650.0
ITM-0007331,ORD-002008,PRD-0066,14,5300.0,3250.0,2.5,1855.0,72345.0,45500.0
ITM-0007332,ORD-002009,PRD-0060,13,16450.0,11150.0,2.5,5346.25,208503.75,144950.0
ITM-0007333,ORD-002009,PRD-0038,8,32300.0,22650.0,5.0,12920.0,245480.0,181200.0
ITM-0007334,ORD-002009,PRD-0053,15,50250.0,36300.0,7.5,56531.25,697218.75,544500.0
ITM-0007335,ORD-002009,PRD-0040,10,70550.0,49600.0,7.5,52912.5,652587.5,496000.0
ITM-0007336,ORD-002009,PRD-0005,38,11500.0,7900.0,5.0,21850.0,415150.0,300200.0
ITM-0007337,ORD-002009,PRD-0009,15,75050.0,56000.0,0.0,0.0,1125750.0,840000.0
ITM-0007338,ORD-002010,PRD-0022,21,13950.0,9250.0,7.5,21971.25,270978.75,194250.0
ITM-0007339,ORD-002010,PRD-0005,25,11500.0,7900.0,5.0,14375.0,273125.0,197500.0
ITM-0007340,ORD-002010,PRD-0031,21,1600.0,900.0,10.0,3360.0,30240.0,18900.0
ITM-0007341,ORD-002010,PRD-0007,14,33250.0,23700.0,10.0,46550.0,418950.0,331800.0
ITM-0007342,ORD-002011,PRD-0006,12,27000.0,19650.0,5.0,16200.0,307800.0,235800.0
ITM-0007343,ORD-002011,PRD-0034,12,2800.0,1650.0,2.5,840.0,32760.0,19800.0
ITM-0007344,ORD-002011,PRD-0066,15,5300.0,3250.0,2.5,1987.5,77512.5,48750.0
ITM-0007345,ORD-002011,PRD-0036,12,170650.0,122850.0,2.5,51195.0,1996605.0,1474200.0
ITM-0007346,ORD-002011,PRD-0063,30,12650.0,8000.0,5.0,18975.0,360525.0,240000.0
ITM-0007347,ORD-002011,PRD-0064,9,40250.0,28850.0,5.0,18112.5,344137.5,259650.0
ITM-0007348,ORD-002012,PRD-0011,4,50250.0,35950.0,12.5,25125.0,175875.0,143800.0
ITM-0007349,ORD-002012,PRD-0050,19,1200.0,650.0,10.0,2280.0,20520.0,12350.0
ITM-0007350,ORD-002012,PRD-0034,23,2800.0,1650.0,7.5,4830.0,59570.0,37950.0
ITM-0007351,ORD-002012,PRD-0007,8,33250.0,23700.0,2.5,6650.0,259350.0,189600.0
ITM-0007352,ORD-002013,PRD-0053,11,50250.0,36300.0,7.5,41456.25,511293.75,399300.0
ITM-0007353,ORD-002013,PRD-0058,10,28050.0,19450.0,7.5,21037.5,259462.5,194500.0
ITM-0007354,ORD-002013,PRD-0032,2,383350.0,305700.0,0.0,0.0,766700.0,611400.0
ITM-0007355,ORD-002013,PRD-0069,6,41700.0,30300.0,7.5,18765.0,231435.0,181800.0
ITM-0007356,ORD-002013,PRD-0036,8,170650.0,122850.0,5.0,68260.0,1296940.0,982800.0
ITM-0007357,ORD-002014,PRD-0045,26,4400.0,2800.0,5.0,5720.0,108680.0,72800.0
ITM-0007358,ORD-002014,PRD-0009,11,75050.0,56000.0,7.5,61916.25,763633.75,616000.0
ITM-0007359,ORD-002014,PRD-0050,34,1200.0,650.0,0.0,0.0,40800.0,22100.0
ITM-0007360,ORD-002014,PRD-0058,8,28050.0,19450.0,5.0,11220.0,213180.0,155600.0
ITM-0007361,ORD-002014,PRD-0034,19,2800.0,1650.0,10.0,5320.0,47880.0,31350.0
ITM-0007362,ORD-002014,PRD-0014,23,199750.0,146450.0,0.0,0.0,4594250.0,3368350.0
ITM-0007363,ORD-002014,PRD-0032,23,383350.0,305700.0,2.5,220426.25,8596623.75,7031100.0
ITM-0007364,ORD-002015,PRD-0065,7,9000.0,5800.0,10.0,6300.0,56700.0,40600.0
ITM-0007365,ORD-002015,PRD-0026,62,5050.0,3050.0,5.0,15655.0,297445.0,189100.0
ITM-0007366,ORD-002015,PRD-0058,5,28050.0,19450.0,10.0,14025.0,126225.0,97250.0
ITM-0007367,ORD-002016,PRD-0057,1,25450.0,17350.0,5.0,1272.5,24177.5,17350.0
ITM-0007368,ORD-002016,PRD-0052,1,40400.0,29250.0,7.5,3030.0,37370.0,29250.0
ITM-0007369,ORD-002016,PRD-0063,8,12650.0,8000.0,10.0,10120.0,91080.0,64000.0
ITM-0007370,ORD-002017,PRD-0034,12,2800.0,1650.0,2.5,840.0,32760.0,19800.0
ITM-0007371,ORD-002017,PRD-0029,10,30900.0,21650.0,0.0,0.0,309000.0,216500.0
ITM-0007372,ORD-002018,PRD-0032,15,383350.0,305700.0,7.5,431268.75,5318981.25,4585500.0
ITM-0007373,ORD-002019,PRD-0027,33,11500.0,7200.0,0.0,0.0,379500.0,237600.0
ITM-0007374,ORD-002020,PRD-0050,10,1200.0,650.0,2.5,300.0,11700.0,6500.0
ITM-0007375,ORD-002020,PRD-0052,5,40400.0,29250.0,7.5,15150.0,186850.0,146250.0
ITM-0007376,ORD-002020,PRD-0060,2,16450.0,11150.0,10.0,3290.0,29610.0,22300.0
ITM-0007377,ORD-002020,PRD-0069,1,41700.0,30300.0,5.0,2085.0,39615.0,30300.0
ITM-0007378,ORD-002020,PRD-0031,7,1600.0,900.0,7.5,840.0,10360.0,6300.0
ITM-0007379,ORD-002021,PRD-0001,6,49000.0,35150.0,0.0,0.0,294000.0,210900.0
ITM-0007380,ORD-002021,PRD-0034,4,2800.0,1650.0,10.0,1120.0,10080.0,6600.0
ITM-0007381,ORD-002021,PRD-0030,8,35850.0,25550.0,5.0,14340.0,272460.0,204400.0
ITM-0007382,ORD-002022,PRD-0069,1,41700.0,30300.0,5.0,2085.0,39615.0,30300.0
ITM-0007383,ORD-002023,PRD-0011,8,50250.0,35950.0,2.5,10050.0,391950.0,287600.0
ITM-0007384,ORD-002023,PRD-0034,7,2800.0,1650.0,5.0,980.0,18620.0,11550.0
ITM-0007385,ORD-002024,PRD-0037,24,7650.0,5500.0,2.5,4590.0,179010.0,132000.0
ITM-0007386,ORD-002024,PRD-0057,3,25450.0,17350.0,5.0,3817.5,72532.5,52050.0
ITM-0007387,ORD-002024,PRD-0007,2,33250.0,23700.0,10.0,6650.0,59850.0,47400.0
ITM-0007388,ORD-002024,PRD-0053,5,50250.0,36300.0,0.0,0.0,251250.0,181500.0
ITM-0007389,ORD-002024,PRD-0004,6,7100.0,4600.0,5.0,2130.0,40470.0,27600.0
ITM-0007390,ORD-002025,PRD-0053,15,50250.0,36300.0,5.0,37687.5,716062.5,544500.0
ITM-0007391,ORD-002025,PRD-0040,5,70550.0,49600.0,12.5,44093.75,308656.25,248000.0
ITM-0007392,ORD-002025,PRD-0011,10,50250.0,35950.0,2.5,12562.5,489937.5,359500.0
ITM-0007393,ORD-002025,PRD-0027,42,11500.0,7200.0,2.5,12075.0,470925.0,302400.0
ITM-0007394,ORD-002025,PRD-0037,22,7650.0,5500.0,5.0,8415.0,159885.0,121000.0
ITM-0007395,ORD-002026,PRD-0034,6,2800.0,1650.0,0.0,0.0,16800.0,9900.0
ITM-0007396,ORD-002026,PRD-0032,12,383350.0,305700.0,10.0,460020.0,4140180.0,3668400.0
ITM-0007397,ORD-002026,PRD-0013,51,8750.0,5350.0,7.5,33468.75,412781.25,272850.0
ITM-0007398,ORD-002026,PRD-0063,33,12650.0,8000.0,0.0,0.0,417450.0,264000.0
ITM-0007399,ORD-002027,PRD-0045,15,4400.0,2800.0,10.0,6600.0,59400.0,42000.0
ITM-0007400,ORD-002028,PRD-0009,7,75050.0,56000.0,5.0,26267.5,499082.5,392000.0
ITM-0007401,ORD-002028,PRD-0027,37,11500.0,7200.0,5.0,21275.0,404225.0,266400.0
ITM-0007402,ORD-002028,PRD-0034,4,2800.0,1650.0,2.5,280.0,10920.0,6600.0
ITM-0007403,ORD-002028,PRD-0069,22,41700.0,30300.0,0.0,0.0,917400.0,666600.0
ITM-0007404,ORD-002029,PRD-0069,7,41700.0,30300.0,2.5,7297.5,284602.5,212100.0
ITM-0007405,ORD-002029,PRD-0037,30,7650.0,5500.0,10.0,22950.0,206550.0,165000.0
ITM-0007406,ORD-002029,PRD-0005,20,11500.0,7900.0,2.5,5750.0,224250.0,158000.0
ITM-0007407,ORD-002030,PRD-0058,11,28050.0,19450.0,5.0,15427.5,293122.5,213950.0
ITM-0007408,ORD-002030,PRD-0034,19,2800.0,1650.0,10.0,5320.0,47880.0,31350.0
ITM-0007409,ORD-002030,PRD-0059,22,1850.0,1050.0,7.5,3052.5,37647.5,23100.0
ITM-0007410,ORD-002031,PRD-0034,3,2800.0,1650.0,5.0,420.0,7980.0,4950.0
ITM-0007411,ORD-002031,PRD-0037,72,7650.0,5500.0,2.5,13770.0,537030.0,396000.0
ITM-0007412,ORD-002031,PRD-0047,9,67750.0,48250.0,5.0,30487.5,579262.5,434250.0
ITM-0007413,ORD-002031,PRD-0005,22,11500.0,7900.0,12.5,31625.0,221375.0,173800.0
ITM-0007414,ORD-002031,PRD-0053,9,50250.0,36300.0,0.0,0.0,452250.0,326700.0
ITM-0007415,ORD-002031,PRD-0052,16,40400.0,29250.0,0.0,0.0,646400.0,468000.0
ITM-0007416,ORD-002032,PRD-0034,5,2800.0,1650.0,7.5,1050.0,12950.0,8250.0
ITM-0007417,ORD-002032,PRD-0040,4,70550.0,49600.0,0.0,0.0,282200.0,198400.0
ITM-0007418,ORD-002032,PRD-0069,5,41700.0,30300.0,10.0,20850.0,187650.0,151500.0
ITM-0007419,ORD-002032,PRD-0027,5,11500.0,7200.0,10.0,5750.0,51750.0,36000.0
ITM-0007420,ORD-002032,PRD-0029,5,30900.0,21650.0,5.0,7725.0,146775.0,108250.0
ITM-0007421,ORD-002033,PRD-0034,16,2800.0,1650.0,5.0,2240.0,42560.0,26400.0
ITM-0007422,ORD-002033,PRD-0045,23,4400.0,2800.0,5.0,5060.0,96140.0,64400.0
ITM-0007423,ORD-002033,PRD-0069,4,41700.0,30300.0,10.0,16680.0,150120.0,121200.0
ITM-0007424,ORD-002033,PRD-0006,23,27000.0,19650.0,10.0,62100.0,558900.0,451950.0
ITM-0007425,ORD-002034,PRD-0006,4,27000.0,19650.0,5.0,5400.0,102600.0,78600.0
ITM-0007426,ORD-002034,PRD-0066,10,5300.0,3250.0,12.5,6625.0,46375.0,32500.0
ITM-0007427,ORD-002035,PRD-0045,31,4400.0,2800.0,5.0,6820.0,129580.0,86800.0
ITM-0007428,ORD-002035,PRD-0025,17,32700.0,22850.0,5.0,27795.0,528105.0,388450.0
ITM-0007429,ORD-002035,PRD-0066,28,5300.0,3250.0,0.0,0.0,148400.0,91000.0
ITM-0007430,ORD-002035,PRD-0034,7,2800.0,1650.0,10.0,1960.0,17640.0,11550.0
ITM-0007431,ORD-002035,PRD-0048,7,160400.0,117650.0,2.5,28070.0,1094730.0,823550.0
ITM-0007432,ORD-002035,PRD-0069,10,41700.0,30300.0,2.5,10425.0,406575.0,303000.0
ITM-0007433,ORD-002036,PRD-0050,4,1200.0,650.0,0.0,0.0,4800.0,2600.0
ITM-0007434,ORD-002036,PRD-0032,4,383350.0,305700.0,2.5,38335.0,1495065.0,1222800.0
ITM-0007435,ORD-002037,PRD-0034,7,2800.0,1650.0,7.5,1470.0,18130.0,11550.0
ITM-0007436,ORD-002037,PRD-0069,15,41700.0,30300.0,0.0,0.0,625500.0,454500.0
ITM-0007437,ORD-002037,PRD-0008,12,11400.0,7800.0,2.5,3420.0,133380.0,93600.0
ITM-0007438,ORD-002037,PRD-0013,15,8750.0,5350.0,12.5,16406.25,114843.75,80250.0
ITM-0007439,ORD-002037,PRD-0005,10,11500.0,7900.0,5.0,5750.0,109250.0,79000.0
ITM-0007440,ORD-002038,PRD-0026,32,5050.0,3050.0,5.0,8080.0,153520.0,97600.0
ITM-0007441,ORD-002038,PRD-0037,36,7650.0,5500.0,10.0,27540.0,247860.0,198000.0
ITM-0007442,ORD-002038,PRD-0015,2,19300.0,12700.0,5.0,1930.0,36670.0,25400.0
ITM-0007443,ORD-002038,PRD-0046,13,141200.0,107400.0,5.0,91780.0,1743820.0,1396200.0
ITM-0007444,ORD-002038,PRD-0009,8,75050.0,56000.0,10.0,60040.0,540360.0,448000.0
ITM-0007445,ORD-002038,PRD-0005,17,11500.0,7900.0,5.0,9775.0,185725.0,134300.0
ITM-0007446,ORD-002039,PRD-0038,18,32300.0,22650.0,7.5,43605.0,537795.0,407700.0
ITM-0007447,ORD-002039,PRD-0006,4,27000.0,19650.0,5.0,5400.0,102600.0,78600.0
ITM-0007448,ORD-002039,PRD-0004,50,7100.0,4600.0,10.0,35500.0,319500.0,230000.0
ITM-0007449,ORD-002039,PRD-0033,11,88100.0,66350.0,5.0,48455.0,920645.0,729850.0
ITM-0007450,ORD-002039,PRD-0034,22,2800.0,1650.0,5.0,3080.0,58520.0,36300.0
ITM-0007451,ORD-002040,PRD-0045,10,4400.0,2800.0,0.0,0.0,44000.0,28000.0
ITM-0007452,ORD-002040,PRD-0027,24,11500.0,7200.0,7.5,20700.0,255300.0,172800.0
ITM-0007453,ORD-002040,PRD-0051,8,7700.0,4850.0,10.0,6160.0,55440.0,38800.0
ITM-0007454,ORD-002041,PRD-0026,24,5050.0,3050.0,7.5,9090.0,112110.0,73200.0
ITM-0007455,ORD-002041,PRD-0013,42,8750.0,5350.0,2.5,9187.5,358312.5,224700.0
ITM-0007456,ORD-002041,PRD-0069,13,41700.0,30300.0,12.5,67762.5,474337.5,393900.0
ITM-0007457,ORD-002042,PRD-0066,21,5300.0,3250.0,7.5,8347.5,102952.5,68250.0
ITM-0007458,ORD-002042,PRD-0036,13,170650.0,122850.0,2.5,55461.25,2162988.75,1597050.0
ITM-0007459,ORD-002043,PRD-0027,38,11500.0,7200.0,5.0,21850.0,415150.0,273600.0
ITM-0007460,ORD-002043,PRD-0013,12,8750.0,5350.0,12.5,13125.0,91875.0,64200.0
ITM-0007461,ORD-002044,PRD-0058,6,28050.0,19450.0,0.0,0.0,168300.0,116700.0
ITM-0007462,ORD-002044,PRD-0069,9,41700.0,30300.0,12.5,46912.5,328387.5,272700.0
ITM-0007463,ORD-002044,PRD-0030,37,35850.0,25550.0,10.0,132645.0,1193805.0,945350.0
ITM-0007464,ORD-002044,PRD-0050,9,1200.0,650.0,5.0,540.0,10260.0,5850.0
ITM-0007465,ORD-002044,PRD-0037,58,7650.0,5500.0,12.5,55462.5,388237.5,319000.0
ITM-0007466,ORD-002045,PRD-0057,3,25450.0,17350.0,5.0,3817.5,72532.5,52050.0
ITM-0007467,ORD-002045,PRD-0027,59,11500.0,7200.0,0.0,0.0,678500.0,424800.0
ITM-0007468,ORD-002045,PRD-0065,13,9000.0,5800.0,5.0,5850.0,111150.0,75400.0
ITM-0007469,ORD-002046,PRD-0045,34,4400.0,2800.0,7.5,11220.0,138380.0,95200.0
ITM-0007470,ORD-002046,PRD-0053,7,50250.0,36300.0,7.5,26381.25,325368.75,254100.0
ITM-0007471,ORD-002046,PRD-0052,5,40400.0,29250.0,7.5,15150.0,186850.0,146250.0
ITM-0007472,ORD-002046,PRD-0030,32,35850.0,25550.0,7.5,86040.0,1061160.0,817600.0
ITM-0007473,ORD-002046,PRD-0027,46,11500.0,7200.0,2.5,13225.0,515775.0,331200.0
ITM-0007474,ORD-002046,PRD-0026,15,5050.0,3050.0,5.0,3787.5,71962.5,45750.0
ITM-0007475,ORD-002046,PRD-0050,10,1200.0,650.0,2.5,300.0,11700.0,6500.0
ITM-0007476,ORD-002047,PRD-0025,6,32700.0,22850.0,7.5,14715.0,181485.0,137100.0
ITM-0007477,ORD-002047,PRD-0053,9,50250.0,36300.0,7.5,33918.75,418331.25,326700.0
ITM-0007478,ORD-002047,PRD-0051,13,7700.0,4850.0,7.5,7507.5,92592.5,63050.0
ITM-0007479,ORD-002048,PRD-0066,14,5300.0,3250.0,12.5,9275.0,64925.0,45500.0
ITM-0007480,ORD-002048,PRD-0058,4,28050.0,19450.0,10.0,11220.0,100980.0,77800.0
ITM-0007481,ORD-002049,PRD-0060,5,16450.0,11150.0,7.5,6168.75,76081.25,55750.0
ITM-0007482,ORD-002049,PRD-0066,16,5300.0,3250.0,0.0,0.0,84800.0,52000.0
ITM-0007483,ORD-002049,PRD-0034,2,2800.0,1650.0,5.0,280.0,5320.0,3300.0
ITM-0007484,ORD-002049,PRD-0007,4,33250.0,23700.0,2.5,3325.0,129675.0,94800.0
ITM-0007485,ORD-002049,PRD-0062,13,13700.0,9000.0,2.5,4452.5,173647.5,117000.0
ITM-0007486,ORD-002050,PRD-0034,10,2800.0,1650.0,5.0,1400.0,26600.0,16500.0
ITM-0007487,ORD-002050,PRD-0037,66,7650.0,5500.0,7.5,37867.5,467032.5,363000.0
ITM-0007488,ORD-002051,PRD-0053,5,50250.0,36300.0,0.0,0.0,251250.0,181500.0
ITM-0007489,ORD-002052,PRD-0034,1,2800.0,1650.0,5.0,140.0,2660.0,1650.0
ITM-0007490,ORD-002053,PRD-0064,1,40250.0,28850.0,0.0,0.0,40250.0,28850.0
ITM-0007491,ORD-002053,PRD-0033,5,88100.0,66350.0,7.5,33037.5,407462.5,331750.0
ITM-0007492,ORD-002053,PRD-0030,16,35850.0,25550.0,12.5,71700.0,501900.0,408800.0
ITM-0007493,ORD-002053,PRD-0066,12,5300.0,3250.0,0.0,0.0,63600.0,39000.0
ITM-0007494,ORD-002054,PRD-0006,4,27000.0,19650.0,2.5,2700.0,105300.0,78600.0
ITM-0007495,ORD-002054,PRD-0027,40,11500.0,7200.0,12.5,57500.0,402500.0,288000.0
ITM-0007496,ORD-002054,PRD-0060,6,16450.0,11150.0,5.0,4935.0,93765.0,66900.0
ITM-0007497,ORD-002054,PRD-0011,12,50250.0,35950.0,5.0,30150.0,572850.0,431400.0
ITM-0007498,ORD-002054,PRD-0025,2,32700.0,22850.0,7.5,4905.0,60495.0,45700.0
ITM-0007499,ORD-002055,PRD-0034,16,2800.0,1650.0,2.5,1120.0,43680.0,26400.0
ITM-0007500,ORD-002055,PRD-0027,28,11500.0,7200.0,5.0,16100.0,305900.0,201600.0
ITM-0007501,ORD-002055,PRD-0007,4,33250.0,23700.0,10.0,13300.0,119700.0,94800.0
ITM-0007502,ORD-002055,PRD-0045,36,4400.0,2800.0,10.0,15840.0,142560.0,100800.0
ITM-0007503,ORD-002055,PRD-0054,16,6000.0,4000.0,5.0,4800.0,91200.0,64000.0
ITM-0007504,ORD-002055,PRD-0005,32,11500.0,7900.0,5.0,18400.0,349600.0,252800.0
ITM-0007505,ORD-002055,PRD-0013,67,8750.0,5350.0,12.5,73281.25,512968.75,358450.0
ITM-0007506,ORD-002056,PRD-0008,10,11400.0,7800.0,12.5,14250.0,99750.0,78000.0
ITM-0007507,ORD-002056,PRD-0070,19,5100.0,3300.0,10.0,9690.0,87210.0,62700.0
ITM-0007508,ORD-002056,PRD-0012,2,42850.0,31750.0,7.5,6427.5,79272.5,63500.0
ITM-0007509,ORD-002056,PRD-0066,27,5300.0,3250.0,2.5,3577.5,139522.5,87750.0
ITM-0007510,ORD-002056,PRD-0045,25,4400.0,2800.0,12.5,13750.0,96250.0,70000.0
ITM-0007511,ORD-002057,PRD-0009,2,75050.0,56000.0,7.5,11257.5,138842.5,112000.0
ITM-0007512,ORD-002057,PRD-0005,15,11500.0,7900.0,5.0,8625.0,163875.0,118500.0
ITM-0007513,ORD-002057,PRD-0052,9,40400.0,29250.0,0.0,0.0,363600.0,263250.0
ITM-0007514,ORD-002058,PRD-0045,18,4400.0,2800.0,5.0,3960.0,75240.0,50400.0
ITM-0007515,ORD-002058,PRD-0038,2,32300.0,22650.0,12.5,8075.0,56525.0,45300.0
ITM-0007516,ORD-002058,PRD-0007,10,33250.0,23700.0,10.0,33250.0,299250.0,237000.0
ITM-0007517,ORD-002058,PRD-0029,2,30900.0,21650.0,5.0,3090.0,58710.0,43300.0
ITM-0007518,ORD-002059,PRD-0023,2,46600.0,33950.0,5.0,4660.0,88540.0,67900.0
ITM-0007519,ORD-002059,PRD-0050,16,1200.0,650.0,5.0,960.0,18240.0,10400.0
ITM-0007520,ORD-002060,PRD-0005,25,11500.0,7900.0,10.0,28750.0,258750.0,197500.0
ITM-0007521,ORD-002060,PRD-0021,5,151550.0,109750.0,0.0,0.0,757750.0,548750.0
ITM-0007522,ORD-002060,PRD-0034,5,2800.0,1650.0,10.0,1400.0,12600.0,8250.0
ITM-0007523,ORD-002061,PRD-0056,4,16900.0,12000.0,5.0,3380.0,64220.0,48000.0
ITM-0007524,ORD-002061,PRD-0019,5,2950.0,1850.0,2.5,368.75,14381.25,9250.0
ITM-0007525,ORD-002061,PRD-0018,2,39400.0,29550.0,2.5,1970.0,76830.0,59100.0
ITM-0007526,ORD-002061,PRD-0007,1,33250.0,23700.0,7.5,2493.75,30756.25,23700.0
ITM-0007527,ORD-002062,PRD-0007,2,33250.0,23700.0,0.0,0.0,66500.0,47400.0
ITM-0007528,ORD-002062,PRD-0040,14,70550.0,49600.0,10.0,98770.0,888930.0,694400.0
ITM-0007529,ORD-002062,PRD-0006,7,27000.0,19650.0,5.0,9450.0,179550.0,137550.0
ITM-0007530,ORD-002062,PRD-0013,47,8750.0,5350.0,0.0,0.0,411250.0,251450.0
ITM-0007531,ORD-002062,PRD-0014,14,199750.0,146450.0,7.5,209737.5,2586762.5,2050300.0
ITM-0007532,ORD-002063,PRD-0045,39,4400.0,2800.0,7.5,12870.0,158730.0,109200.0
ITM-0007533,ORD-002063,PRD-0014,6,199750.0,146450.0,2.5,29962.5,1168537.5,878700.0
ITM-0007534,ORD-002063,PRD-0066,9,5300.0,3250.0,0.0,0.0,47700.0,29250.0
ITM-0007535,ORD-002063,PRD-0013,74,8750.0,5350.0,5.0,32375.0,615125.0,395900.0
ITM-0007536,ORD-002063,PRD-0033,3,88100.0,66350.0,0.0,0.0,264300.0,199050.0
ITM-0007537,ORD-002064,PRD-0064,3,40250.0,28850.0,0.0,0.0,120750.0,86550.0
ITM-0007538,ORD-002064,PRD-0048,2,160400.0,117650.0,12.5,40100.0,280700.0,235300.0
ITM-0007539,ORD-002065,PRD-0034,4,2800.0,1650.0,0.0,0.0,11200.0,6600.0
ITM-0007540,ORD-002065,PRD-0005,15,11500.0,7900.0,5.0,8625.0,163875.0,118500.0
ITM-0007541,ORD-002065,PRD-0040,11,70550.0,49600.0,10.0,77605.0,698445.0,545600.0
ITM-0007542,ORD-002066,PRD-0058,5,28050.0,19450.0,0.0,0.0,140250.0,97250.0
ITM-0007543,ORD-002066,PRD-0021,4,151550.0,109750.0,12.5,75775.0,530425.0,439000.0
ITM-0007544,ORD-002066,PRD-0031,5,1600.0,900.0,10.0,800.0,7200.0,4500.0
ITM-0007545,ORD-002067,PRD-0013,21,8750.0,5350.0,12.5,22968.75,160781.25,112350.0
ITM-0007546,ORD-002067,PRD-0048,21,160400.0,117650.0,10.0,336840.0,3031560.0,2470650.0
ITM-0007547,ORD-002067,PRD-0060,25,16450.0,11150.0,5.0,20562.5,390687.5,278750.0
ITM-0007548,ORD-002067,PRD-0014,13,199750.0,146450.0,0.0,0.0,2596750.0,1903850.0
ITM-0007549,ORD-002068,PRD-0029,3,30900.0,21650.0,5.0,4635.0,88065.0,64950.0
ITM-0007550,ORD-002068,PRD-0050,11,1200.0,650.0,7.5,990.0,12210.0,7150.0
ITM-0007551,ORD-002068,PRD-0037,49,7650.0,5500.0,5.0,18742.5,356107.5,269500.0
ITM-0007552,ORD-002068,PRD-0005,24,11500.0,7900.0,12.5,34500.0,241500.0,189600.0
ITM-0007553,ORD-002068,PRD-0058,16,28050.0,19450.0,10.0,44880.0,403920.0,311200.0
ITM-0007554,ORD-002068,PRD-0049,8,2250.0,1400.0,2.5,450.0,17550.0,11200.0
ITM-0007555,ORD-002069,PRD-0048,10,160400.0,117650.0,7.5,120300.0,1483700.0,1176500.0
ITM-0007556,ORD-002069,PRD-0070,14,5100.0,3300.0,10.0,7140.0,64260.0,46200.0
ITM-0007557,ORD-002069,PRD-0053,10,50250.0,36300.0,10.0,50250.0,452250.0,363000.0
ITM-0007558,ORD-002070,PRD-0066,21,5300.0,3250.0,5.0,5565.0,105735.0,68250.0
ITM-0007559,ORD-002070,PRD-0050,46,1200.0,650.0,5.0,2760.0,52440.0,29900.0
ITM-0007560,ORD-002070,PRD-0003,8,88300.0,65000.0,12.5,88300.0,618100.0,520000.0
ITM-0007561,ORD-002071,PRD-0005,52,11500.0,7900.0,2.5,14950.0,583050.0,410800.0
ITM-0007562,ORD-002071,PRD-0023,22,46600.0,33950.0,0.0,0.0,1025200.0,746900.0
ITM-0007563,ORD-002072,PRD-0069,10,41700.0,30300.0,5.0,20850.0,396150.0,303000.0
ITM-0007564,ORD-002072,PRD-0024,43,17950.0,12350.0,0.0,0.0,771850.0,531050.0
ITM-0007565,ORD-002072,PRD-0037,61,7650.0,5500.0,5.0,23332.5,443317.5,335500.0
ITM-0007566,ORD-002072,PRD-0067,8,2050.0,1250.0,2.5,410.0,15990.0,10000.0
ITM-0007567,ORD-002072,PRD-0043,3,35950.0,25500.0,5.0,5392.5,102457.5,76500.0
ITM-0007568,ORD-002073,PRD-0020,2,31900.0,22100.0,2.5,1595.0,62205.0,44200.0
ITM-0007569,ORD-002073,PRD-0013,10,8750.0,5350.0,5.0,4375.0,83125.0,53500.0
ITM-0007570,ORD-002073,PRD-0007,4,33250.0,23700.0,7.5,9975.0,123025.0,94800.0
ITM-0007571,ORD-002073,PRD-0034,6,2800.0,1650.0,10.0,1680.0,15120.0,9900.0
ITM-0007572,ORD-002073,PRD-0024,29,17950.0,12350.0,10.0,52055.0,468495.0,358150.0
ITM-0007573,ORD-002074,PRD-0037,47,7650.0,5500.0,7.5,26966.25,332583.75,258500.0
ITM-0007574,ORD-002074,PRD-0011,4,50250.0,35950.0,2.5,5025.0,195975.0,143800.0
ITM-0007575,ORD-002074,PRD-0058,11,28050.0,19450.0,0.0,0.0,308550.0,213950.0
ITM-0007576,ORD-002074,PRD-0063,15,12650.0,8000.0,2.5,4743.75,185006.25,120000.0
ITM-0007577,ORD-002074,PRD-0005,19,11500.0,7900.0,10.0,21850.0,196650.0,150100.0
ITM-0007578,ORD-002075,PRD-0055,4,43600.0,31400.0,10.0,17440.0,156960.0,125600.0
ITM-0007579,ORD-002075,PRD-0003,1,88300.0,65000.0,5.0,4415.0,83885.0,65000.0
ITM-0007580,ORD-002075,PRD-0041,2,70000.0,52200.0,5.0,7000.0,133000.0,104400.0
ITM-0007581,ORD-002076,PRD-0063,9,12650.0,8000.0,10.0,11385.0,102465.0,72000.0
ITM-0007582,ORD-002076,PRD-0062,13,13700.0,9000.0,2.5,4452.5,173647.5,117000.0
ITM-0007583,ORD-002076,PRD-0064,3,40250.0,28850.0,2.5,3018.75,117731.25,86550.0
ITM-0007584,ORD-002076,PRD-0034,1,2800.0,1650.0,2.5,70.0,2730.0,1650.0
ITM-0007585,ORD-002076,PRD-0005,13,11500.0,7900.0,0.0,0.0,149500.0,102700.0
ITM-0007586,ORD-002077,PRD-0064,7,40250.0,28850.0,2.5,7043.75,274706.25,201950.0
ITM-0007587,ORD-002077,PRD-0032,3,383350.0,305700.0,2.5,28751.25,1121298.75,917100.0
ITM-0007588,ORD-002077,PRD-0069,9,41700.0,30300.0,7.5,28147.5,347152.5,272700.0
ITM-0007589,ORD-002077,PRD-0053,5,50250.0,36300.0,0.0,0.0,251250.0,181500.0
ITM-0007590,ORD-002077,PRD-0005,24,11500.0,7900.0,5.0,13800.0,262200.0,189600.0
ITM-0007591,ORD-002078,PRD-0031,24,1600.0,900.0,0.0,0.0,38400.0,21600.0
ITM-0007592,ORD-002078,PRD-0050,44,1200.0,650.0,7.5,3960.0,48840.0,28600.0
ITM-0007593,ORD-002078,PRD-0040,14,70550.0,49600.0,5.0,49385.0,938315.0,694400.0
ITM-0007594,ORD-002078,PRD-0064,7,40250.0,28850.0,7.5,21131.25,260618.75,201950.0
ITM-0007595,ORD-002079,PRD-0058,5,28050.0,19450.0,12.5,17531.25,122718.75,97250.0
ITM-0007596,ORD-002079,PRD-0066,14,5300.0,3250.0,7.5,5565.0,68635.0,45500.0
ITM-0007597,ORD-002079,PRD-0052,1,40400.0,29250.0,0.0,0.0,40400.0,29250.0
ITM-0007598,ORD-002080,PRD-0049,8,2250.0,1400.0,5.0,900.0,17100.0,11200.0
ITM-0007599,ORD-002080,PRD-0066,13,5300.0,3250.0,5.0,3445.0,65455.0,42250.0
ITM-0007600,ORD-002080,PRD-0053,16,50250.0,36300.0,10.0,80400.0,723600.0,580800.0
ITM-0007601,ORD-002080,PRD-0016,5,18750.0,12900.0,5.0,4687.5,89062.5,64500.0
ITM-0007602,ORD-002080,PRD-0058,5,28050.0,19450.0,10.0,14025.0,126225.0,97250.0
ITM-0007603,ORD-002080,PRD-0061,16,5600.0,3650.0,7.5,6720.0,82880.0,58400.0
ITM-0007604,ORD-002080,PRD-0026,38,5050.0,3050.0,0.0,0.0,191900.0,115900.0
ITM-0007605,ORD-002081,PRD-0013,54,8750.0,5350.0,2.5,11812.5,460687.5,288900.0
ITM-0007606,ORD-002081,PRD-0052,10,40400.0,29250.0,2.5,10100.0,393900.0,292500.0
ITM-0007607,ORD-002081,PRD-0058,10,28050.0,19450.0,5.0,14025.0,266475.0,194500.0
ITM-0007608,ORD-002081,PRD-0057,15,25450.0,17350.0,0.0,0.0,381750.0,260250.0
ITM-0007609,ORD-002081,PRD-0008,10,11400.0,7800.0,12.5,14250.0,99750.0,78000.0
ITM-0007610,ORD-002081,PRD-0050,26,1200.0,650.0,5.0,1560.0,29640.0,16900.0
ITM-0007611,ORD-002081,PRD-0038,15,32300.0,22650.0,2.5,12112.5,472387.5,339750.0
ITM-0007612,ORD-002082,PRD-0009,14,75050.0,56000.0,0.0,0.0,1050700.0,784000.0
ITM-0007613,ORD-002082,PRD-0022,11,13950.0,9250.0,5.0,7672.5,145777.5,101750.0
ITM-0007614,ORD-002082,PRD-0038,7,32300.0,22650.0,0.0,0.0,226100.0,158550.0
ITM-0007615,ORD-002083,PRD-0033,5,88100.0,66350.0,5.0,22025.0,418475.0,331750.0
ITM-0007616,ORD-002083,PRD-0007,4,33250.0,23700.0,12.5,16625.0,116375.0,94800.0
ITM-0007617,ORD-002083,PRD-0035,3,195800.0,149250.0,5.0,29370.0,558030.0,447750.0
ITM-0007618,ORD-002083,PRD-0011,4,50250.0,35950.0,0.0,0.0,201000.0,143800.0
ITM-0007619,ORD-002084,PRD-0053,9,50250.0,36300.0,5.0,22612.5,429637.5,326700.0
ITM-0007620,ORD-002084,PRD-0005,23,11500.0,7900.0,7.5,19837.5,244662.5,181700.0
ITM-0007621,ORD-002084,PRD-0036,14,170650.0,122850.0,0.0,0.0,2389100.0,1719900.0
ITM-0007622,ORD-002084,PRD-0031,20,1600.0,900.0,2.5,800.0,31200.0,18000.0
ITM-0007623,ORD-002084,PRD-0013,45,8750.0,5350.0,0.0,0.0,393750.0,240750.0
ITM-0007624,ORD-002085,PRD-0011,6,50250.0,35950.0,12.5,37687.5,263812.5,215700.0
ITM-0007625,ORD-002085,PRD-0034,7,2800.0,1650.0,2.5,490.0,19110.0,11550.0
ITM-0007626,ORD-002085,PRD-0069,5,41700.0,30300.0,2.5,5212.5,203287.5,151500.0
ITM-0007627,ORD-002086,PRD-0050,19,1200.0,650.0,5.0,1140.0,21660.0,12350.0
ITM-0007628,ORD-002087,PRD-0049,29,2250.0,1400.0,5.0,3262.5,61987.5,40600.0
ITM-0007629,ORD-002087,PRD-0031,14,1600.0,900.0,5.0,1120.0,21280.0,12600.0
ITM-0007630,ORD-002087,PRD-0005,51,11500.0,7900.0,2.5,14662.5,571837.5,402900.0
ITM-0007631,ORD-002087,PRD-0003,18,88300.0,65000.0,2.5,39735.0,1549665.0,1170000.0
ITM-0007632,ORD-002088,PRD-0011,12,50250.0,35950.0,0.0,0.0,603000.0,431400.0
ITM-0007633,ORD-002088,PRD-0007,5,33250.0,23700.0,10.0,16625.0,149625.0,118500.0
ITM-0007634,ORD-002088,PRD-0009,9,75050.0,56000.0,7.5,50658.75,624791.25,504000.0
ITM-0007635,ORD-002088,PRD-0066,24,5300.0,3250.0,5.0,6360.0,120840.0,78000.0
ITM-0007636,ORD-002088,PRD-0054,7,6000.0,4000.0,5.0,2100.0,39900.0,28000.0
ITM-0007637,ORD-002089,PRD-0057,1,25450.0,17350.0,0.0,0.0,25450.0,17350.0
ITM-0007638,ORD-002089,PRD-0021,4,151550.0,109750.0,0.0,0.0,606200.0,439000.0
ITM-0007639,ORD-002089,PRD-0005,6,11500.0,7900.0,12.5,8625.0,60375.0,47400.0
ITM-0007640,ORD-002090,PRD-0069,2,41700.0,30300.0,7.5,6255.0,77145.0,60600.0
ITM-0007641,ORD-002090,PRD-0050,31,1200.0,650.0,5.0,1860.0,35340.0,20150.0
ITM-0007642,ORD-002090,PRD-0060,10,16450.0,11150.0,5.0,8225.0,156275.0,111500.0
ITM-0007643,ORD-002090,PRD-0051,58,7700.0,4850.0,0.0,0.0,446600.0,281300.0
ITM-0007644,ORD-002090,PRD-0066,12,5300.0,3250.0,5.0,3180.0,60420.0,39000.0
ITM-0007645,ORD-002090,PRD-0036,2,170650.0,122850.0,2.5,8532.5,332767.5,245700.0
ITM-0007646,ORD-002090,PRD-0053,7,50250.0,36300.0,5.0,17587.5,334162.5,254100.0
ITM-0007647,ORD-002091,PRD-0069,11,41700.0,30300.0,2.5,11467.5,447232.5,333300.0
ITM-0007648,ORD-002091,PRD-0034,4,2800.0,1650.0,7.5,840.0,10360.0,6600.0
ITM-0007649,ORD-002092,PRD-0011,10,50250.0,35950.0,0.0,0.0,502500.0,359500.0
ITM-0007650,ORD-002092,PRD-0009,4,75050.0,56000.0,10.0,30020.0,270180.0,224000.0
ITM-0007651,ORD-002092,PRD-0032,10,383350.0,305700.0,10.0,383350.0,3450150.0,3057000.0
ITM-0007652,ORD-002092,PRD-0070,17,5100.0,3300.0,0.0,0.0,86700.0,56100.0
ITM-0007653,ORD-002092,PRD-0034,6,2800.0,1650.0,12.5,2100.0,14700.0,9900.0
ITM-0007654,ORD-002092,PRD-0064,12,40250.0,28850.0,5.0,24150.0,458850.0,346200.0
ITM-0007655,ORD-002092,PRD-0057,6,25450.0,17350.0,0.0,0.0,152700.0,104100.0
ITM-0007656,ORD-002093,PRD-0018,3,39400.0,29550.0,7.5,8865.0,109335.0,88650.0
ITM-0007657,ORD-002093,PRD-0003,3,88300.0,65000.0,5.0,13245.0,251655.0,195000.0
ITM-0007658,ORD-002093,PRD-0032,3,383350.0,305700.0,7.5,86253.75,1063796.25,917100.0
ITM-0007659,ORD-002094,PRD-0007,6,33250.0,23700.0,2.5,4987.5,194512.5,142200.0
ITM-0007660,ORD-002094,PRD-0019,15,2950.0,1850.0,0.0,0.0,44250.0,27750.0
ITM-0007661,ORD-002094,PRD-0034,6,2800.0,1650.0,5.0,840.0,15960.0,9900.0
ITM-0007662,ORD-002094,PRD-0005,15,11500.0,7900.0,7.5,12937.5,159562.5,118500.0
ITM-0007663,ORD-002094,PRD-0032,2,383350.0,305700.0,7.5,57502.5,709197.5,611400.0
ITM-0007664,ORD-002095,PRD-0037,41,7650.0,5500.0,0.0,0.0,313650.0,225500.0
ITM-0007665,ORD-002095,PRD-0050,15,1200.0,650.0,5.0,900.0,17100.0,9750.0
ITM-0007666,ORD-002096,PRD-0007,5,33250.0,23700.0,0.0,0.0,166250.0,118500.0
ITM-0007667,ORD-002096,PRD-0040,7,70550.0,49600.0,10.0,49385.0,444465.0,347200.0
ITM-0007668,ORD-002096,PRD-0032,6,383350.0,305700.0,10.0,230010.0,2070090.0,1834200.0
ITM-0007669,ORD-002097,PRD-0070,11,5100.0,3300.0,0.0,0.0,56100.0,36300.0
ITM-0007670,ORD-002097,PRD-0007,4,33250.0,23700.0,0.0,0.0,133000.0,94800.0
ITM-0007671,ORD-002097,PRD-0044,41,3350.0,2000.0,5.0,6867.5,130482.5,82000.0
ITM-0007672,ORD-002097,PRD-0033,2,88100.0,66350.0,0.0,0.0,176200.0,132700.0
ITM-0007673,ORD-002097,PRD-0064,4,40250.0,28850.0,7.5,12075.0,148925.0,115400.0
ITM-0007674,ORD-002097,PRD-0016,8,18750.0,12900.0,10.0,15000.0,135000.0,103200.0
ITM-0007675,ORD-002097,PRD-0059,19,1850.0,1050.0,5.0,1757.5,33392.5,19950.0
ITM-0007676,ORD-002098,PRD-0045,21,4400.0,2800.0,5.0,4620.0,87780.0,58800.0
ITM-0007677,ORD-002098,PRD-0012,11,42850.0,31750.0,0.0,0.0,471350.0,349250.0
ITM-0007678,ORD-002098,PRD-0029,9,30900.0,21650.0,5.0,13905.0,264195.0,194850.0
ITM-0007679,ORD-002099,PRD-0027,45,11500.0,7200.0,12.5,64687.5,452812.5,324000.0
ITM-0007680,ORD-002099,PRD-0022,8,13950.0,9250.0,0.0,0.0,111600.0,74000.0
ITM-0007681,ORD-002099,PRD-0011,4,50250.0,35950.0,0.0,0.0,201000.0,143800.0
ITM-0007682,ORD-002099,PRD-0040,4,70550.0,49600.0,7.5,21165.0,261035.0,198400.0
ITM-0007683,ORD-002099,PRD-0008,23,11400.0,7800.0,10.0,26220.0,235980.0,179400.0
ITM-0007684,ORD-002099,PRD-0069,15,41700.0,30300.0,7.5,46912.5,578587.5,454500.0
ITM-0007685,ORD-002100,PRD-0030,4,35850.0,25550.0,0.0,0.0,143400.0,102200.0
ITM-0007686,ORD-002100,PRD-0045,6,4400.0,2800.0,7.5,1980.0,24420.0,16800.0
ITM-0007687,ORD-002100,PRD-0049,5,2250.0,1400.0,5.0,562.5,10687.5,7000.0
ITM-0007688,ORD-002100,PRD-0069,4,41700.0,30300.0,2.5,4170.0,162630.0,121200.0
ITM-0007689,ORD-002101,PRD-0058,3,28050.0,19450.0,10.0,8415.0,75735.0,58350.0
ITM-0007690,ORD-002102,PRD-0007,13,33250.0,23700.0,7.5,32418.75,399831.25,308100.0
ITM-0007691,ORD-002103,PRD-0007,4,33250.0,23700.0,5.0,6650.0,126350.0,94800.0
ITM-0007692,ORD-002103,PRD-0025,6,32700.0,22850.0,5.0,9810.0,186390.0,137100.0
ITM-0007693,ORD-002104,PRD-0053,5,50250.0,36300.0,5.0,12562.5,238687.5,181500.0
ITM-0007694,ORD-002105,PRD-0011,24,50250.0,35950.0,0.0,0.0,1206000.0,862800.0
ITM-0007695,ORD-002105,PRD-0040,4,70550.0,49600.0,12.5,35275.0,246925.0,198400.0
ITM-0007696,ORD-002105,PRD-0048,8,160400.0,117650.0,5.0,64160.0,1219040.0,941200.0
ITM-0007697,ORD-002106,PRD-0013,29,8750.0,5350.0,10.0,25375.0,228375.0,155150.0
ITM-0007698,ORD-002106,PRD-0060,2,16450.0,11150.0,10.0,3290.0,29610.0,22300.0
ITM-0007699,ORD-002106,PRD-0034,6,2800.0,1650.0,5.0,840.0,15960.0,9900.0
ITM-0007700,ORD-002106,PRD-0040,6,70550.0,49600.0,5.0,21165.0,402135.0,297600.0
ITM-0007701,ORD-002106,PRD-0046,10,141200.0,107400.0,5.0,70600.0,1341400.0,1074000.0
ITM-0007702,ORD-002106,PRD-0023,2,46600.0,33950.0,0.0,0.0,93200.0,67900.0
ITM-0007703,ORD-002106,PRD-0003,10,88300.0,65000.0,5.0,44150.0,838850.0,650000.0
ITM-0007704,ORD-002107,PRD-0015,14,19300.0,12700.0,5.0,13510.0,256690.0,177800.0
ITM-0007705,ORD-002107,PRD-0007,17,33250.0,23700.0,0.0,0.0,565250.0,402900.0
ITM-0007706,ORD-002107,PRD-0027,31,11500.0,7200.0,0.0,0.0,356500.0,223200.0
ITM-0007707,ORD-002107,PRD-0069,8,41700.0,30300.0,7.5,25020.0,308580.0,242400.0
ITM-0007708,ORD-002108,PRD-0004,22,7100.0,4600.0,7.5,11715.0,144485.0,101200.0
ITM-0007709,ORD-002108,PRD-0026,24,5050.0,3050.0,5.0,6060.0,115140.0,73200.0
ITM-0007710,ORD-002108,PRD-0013,15,8750.0,5350.0,2.5,3281.25,127968.75,80250.0
ITM-0007711,ORD-002108,PRD-0064,11,40250.0,28850.0,7.5,33206.25,409543.75,317350.0
ITM-0007712,ORD-002109,PRD-0005,25,11500.0,7900.0,0.0,0.0,287500.0,197500.0
ITM-0007713,ORD-002109,PRD-0060,5,16450.0,11150.0,10.0,8225.0,74025.0,55750.0
ITM-0007714,ORD-002109,PRD-0017,7,15250.0,10000.0,7.5,8006.25,98743.75,70000.0
ITM-0007715,ORD-002110,PRD-0050,27,1200.0,650.0,7.5,2430.0,29970.0,17550.0
ITM-0007716,ORD-002110,PRD-0027,19,11500.0,7200.0,10.0,21850.0,196650.0,136800.0
ITM-0007717,ORD-002111,PRD-0063,10,12650.0,8000.0,0.0,0.0,126500.0,80000.0
ITM-0007718,ORD-002112,PRD-0033,4,88100.0,66350.0,0.0,0.0,352400.0,265400.0
ITM-0007719,ORD-002112,PRD-0003,7,88300.0,65000.0,0.0,0.0,618100.0,455000.0
ITM-0007720,ORD-002113,PRD-0036,10,170650.0,122850.0,7.5,127987.5,1578512.5,1228500.0
ITM-0007721,ORD-002114,PRD-0007,2,33250.0,23700.0,0.0,0.0,66500.0,47400.0
ITM-0007722,ORD-002114,PRD-0038,10,32300.0,22650.0,5.0,16150.0,306850.0,226500.0
ITM-0007723,ORD-002114,PRD-0066,12,5300.0,3250.0,5.0,3180.0,60420.0,39000.0
ITM-0007724,ORD-002114,PRD-0021,2,151550.0,109750.0,2.5,7577.5,295522.5,219500.0
ITM-0007725,ORD-002114,PRD-0005,6,11500.0,7900.0,5.0,3450.0,65550.0,47400.0
ITM-0007726,ORD-002114,PRD-0046,2,141200.0,107400.0,7.5,21180.0,261220.0,214800.0
ITM-0007727,ORD-002114,PRD-0064,4,40250.0,28850.0,0.0,0.0,161000.0,115400.0
ITM-0007728,ORD-002115,PRD-0036,10,170650.0,122850.0,10.0,170650.0,1535850.0,1228500.0
ITM-0007729,ORD-002116,PRD-0034,1,2800.0,1650.0,5.0,140.0,2660.0,1650.0
ITM-0007730,ORD-002116,PRD-0008,4,11400.0,7800.0,5.0,2280.0,43320.0,31200.0
ITM-0007731,ORD-002116,PRD-0017,1,15250.0,10000.0,2.5,381.25,14868.75,10000.0
ITM-0007732,ORD-002116,PRD-0069,6,41700.0,30300.0,2.5,6255.0,243945.0,181800.0
ITM-0007733,ORD-002117,PRD-0063,28,12650.0,8000.0,5.0,17710.0,336490.0,224000.0
ITM-0007734,ORD-002117,PRD-0043,9,35950.0,25500.0,2.5,8088.75,315461.25,229500.0
ITM-0007735,ORD-002117,PRD-0011,6,50250.0,35950.0,0.0,0.0,301500.0,215700.0
ITM-0007736,ORD-002117,PRD-0056,7,16900.0,12000.0,7.5,8872.5,109427.5,84000.0
ITM-0007737,ORD-002118,PRD-0046,7,141200.0,107400.0,7.5,74130.0,914270.0,751800.0
ITM-0007738,ORD-002118,PRD-0069,4,41700.0,30300.0,0.0,0.0,166800.0,121200.0
ITM-0007739,ORD-002118,PRD-0045,14,4400.0,2800.0,7.5,4620.0,56980.0,39200.0
ITM-0007740,ORD-002118,PRD-0040,7,70550.0,49600.0,0.0,0.0,493850.0,347200.0
ITM-0007741,ORD-002119,PRD-0034,3,2800.0,1650.0,5.0,420.0,7980.0,4950.0
ITM-0007742,ORD-002119,PRD-0023,6,46600.0,33950.0,0.0,0.0,279600.0,203700.0
ITM-0007743,ORD-002120,PRD-0037,25,7650.0,5500.0,0.0,0.0,191250.0,137500.0
ITM-0007744,ORD-002120,PRD-0045,27,4400.0,2800.0,0.0,0.0,118800.0,75600.0
ITM-0007745,ORD-002120,PRD-0053,4,50250.0,36300.0,10.0,20100.0,180900.0,145200.0
ITM-0007746,ORD-002120,PRD-0067,8,2050.0,1250.0,5.0,820.0,15580.0,10000.0
ITM-0007747,ORD-002120,PRD-0036,6,170650.0,122850.0,0.0,0.0,1023900.0,737100.0
ITM-0007748,ORD-002121,PRD-0028,32,6400.0,4200.0,5.0,10240.0,194560.0,134400.0
ITM-0007749,ORD-002121,PRD-0069,3,41700.0,30300.0,0.0,0.0,125100.0,90900.0
ITM-0007750,ORD-002121,PRD-0030,35,35850.0,25550.0,5.0,62737.5,1192012.5,894250.0
ITM-0007751,ORD-002121,PRD-0009,16,75050.0,56000.0,0.0,0.0,1200800.0,896000.0
ITM-0007752,ORD-002121,PRD-0013,48,8750.0,5350.0,0.0,0.0,420000.0,256800.0
ITM-0007753,ORD-002121,PRD-0043,3,35950.0,25500.0,0.0,0.0,107850.0,76500.0
ITM-0007754,ORD-002122,PRD-0034,12,2800.0,1650.0,7.5,2520.0,31080.0,19800.0
ITM-0007755,ORD-002123,PRD-0069,12,41700.0,30300.0,2.5,12510.0,487890.0,363600.0
ITM-0007756,ORD-002124,PRD-0034,11,2800.0,1650.0,5.0,1540.0,29260.0,18150.0
ITM-0007757,ORD-002124,PRD-0005,15,11500.0,7900.0,2.5,4312.5,168187.5,118500.0
ITM-0007758,ORD-002124,PRD-0037,22,7650.0,5500.0,0.0,0.0,168300.0,121000.0
ITM-0007759,ORD-002124,PRD-0053,4,50250.0,36300.0,5.0,10050.0,190950.0,145200.0
ITM-0007760,ORD-002124,PRD-0009,4,75050.0,56000.0,0.0,0.0,300200.0,224000.0
ITM-0007761,ORD-002125,PRD-0060,2,16450.0,11150.0,5.0,1645.0,31255.0,22300.0
ITM-0007762,ORD-002125,PRD-0053,8,50250.0,36300.0,12.5,50250.0,351750.0,290400.0
ITM-0007763,ORD-002125,PRD-0037,34,7650.0,5500.0,5.0,13005.0,247095.0,187000.0
ITM-0007764,ORD-002125,PRD-0043,6,35950.0,25500.0,0.0,0.0,215700.0,153000.0
ITM-0007765,ORD-002125,PRD-0008,8,11400.0,7800.0,10.0,9120.0,82080.0,62400.0
ITM-0007766,ORD-002125,PRD-0011,2,50250.0,35950.0,7.5,7537.5,92962.5,71900.0
ITM-0007767,ORD-002125,PRD-0034,2,2800.0,1650.0,5.0,280.0,5320.0,3300.0
ITM-0007768,ORD-002126,PRD-0040,4,70550.0,49600.0,10.0,28220.0,253980.0,198400.0
ITM-0007769,ORD-002126,PRD-0030,8,35850.0,25550.0,5.0,14340.0,272460.0,204400.0
ITM-0007770,ORD-002127,PRD-0045,19,4400.0,2800.0,10.0,8360.0,75240.0,53200.0
ITM-0007771,ORD-002127,PRD-0054,4,6000.0,4000.0,7.5,1800.0,22200.0,16000.0
ITM-0007772,ORD-002127,PRD-0004,4,7100.0,4600.0,5.0,1420.0,26980.0,18400.0
ITM-0007773,ORD-002128,PRD-0014,11,199750.0,146450.0,2.5,54931.25,2142318.75,1610950.0
ITM-0007774,ORD-002128,PRD-0015,22,19300.0,12700.0,0.0,0.0,424600.0,279400.0
ITM-0007775,ORD-002128,PRD-0065,15,9000.0,5800.0,0.0,0.0,135000.0,87000.0
ITM-0007776,ORD-002128,PRD-0013,41,8750.0,5350.0,7.5,26906.25,331843.75,219350.0
ITM-0007777,ORD-002128,PRD-0033,7,88100.0,66350.0,0.0,0.0,616700.0,464450.0
ITM-0007778,ORD-002128,PRD-0005,15,11500.0,7900.0,0.0,0.0,172500.0,118500.0
ITM-0007779,ORD-002129,PRD-0007,12,33250.0,23700.0,5.0,19950.0,379050.0,284400.0
ITM-0007780,ORD-002129,PRD-0022,8,13950.0,9250.0,7.5,8370.0,103230.0,74000.0
ITM-0007781,ORD-002130,PRD-0007,7,33250.0,23700.0,7.5,17456.25,215293.75,165900.0
ITM-0007782,ORD-002130,PRD-0050,49,1200.0,650.0,5.0,2940.0,55860.0,31850.0
ITM-0007783,ORD-002130,PRD-0069,3,41700.0,30300.0,7.5,9382.5,115717.5,90900.0
ITM-0007784,ORD-002130,PRD-0005,49,11500.0,7900.0,5.0,28175.0,535325.0,387100.0
ITM-0007785,ORD-002130,PRD-0056,20,16900.0,12000.0,0.0,0.0,338000.0,240000.0
ITM-0007786,ORD-002131,PRD-0048,12,160400.0,117650.0,5.0,96240.0,1828560.0,1411800.0
ITM-0007787,ORD-002131,PRD-0034,2,2800.0,1650.0,7.5,420.0,5180.0,3300.0
ITM-0007788,ORD-002131,PRD-0069,10,41700.0,30300.0,10.0,41700.0,375300.0,303000.0
ITM-0007789,ORD-002132,PRD-0062,9,13700.0,9000.0,5.0,6165.0,117135.0,81000.0
ITM-0007790,ORD-002132,PRD-0004,14,7100.0,4600.0,5.0,4970.0,94430.0,64400.0
ITM-0007791,ORD-002132,PRD-0003,7,88300.0,65000.0,5.0,30905.0,587195.0,455000.0
ITM-0007792,ORD-002133,PRD-0036,4,170650.0,122850.0,0.0,0.0,682600.0,491400.0
ITM-0007793,ORD-002133,PRD-0021,20,151550.0,109750.0,7.5,227325.0,2803675.0,2195000.0
ITM-0007794,ORD-002133,PRD-0069,16,41700.0,30300.0,10.0,66720.0,600480.0,484800.0
ITM-0007795,ORD-002133,PRD-0030,28,35850.0,25550.0,5.0,50190.0,953610.0,715400.0
ITM-0007796,ORD-002133,PRD-0011,12,50250.0,35950.0,10.0,60300.0,542700.0,431400.0
ITM-0007797,ORD-002134,PRD-0003,10,88300.0,65000.0,0.0,0.0,883000.0,650000.0
ITM-0007798,ORD-002135,PRD-0049,34,2250.0,1400.0,12.5,9562.5,66937.5,47600.0
ITM-0007799,ORD-002135,PRD-0064,13,40250.0,28850.0,7.5,39243.75,484006.25,375050.0
ITM-0007800,ORD-002135,PRD-0040,13,70550.0,49600.0,10.0,91715.0,825435.0,644800.0
ITM-0007801,ORD-002135,PRD-0058,3,28050.0,19450.0,5.0,4207.5,79942.5,58350.0
ITM-0007802,ORD-002136,PRD-0005,11,11500.0,7900.0,12.5,15812.5,110687.5,86900.0
ITM-0007803,ORD-002136,PRD-0056,4,16900.0,12000.0,0.0,0.0,67600.0,48000.0
ITM-0007804,ORD-002136,PRD-0034,2,2800.0,1650.0,10.0,560.0,5040.0,3300.0
ITM-0007805,ORD-002136,PRD-0069,8,41700.0,30300.0,0.0,0.0,333600.0,242400.0
ITM-0007806,ORD-002137,PRD-0062,9,13700.0,9000.0,5.0,6165.0,117135.0,81000.0
ITM-0007807,ORD-002137,PRD-0030,23,35850.0,25550.0,5.0,41227.5,783322.5,587650.0
ITM-0007808,ORD-002137,PRD-0005,26,11500.0,7900.0,5.0,14950.0,284050.0,205400.0
ITM-0007809,ORD-002138,PRD-0048,2,160400.0,117650.0,0.0,0.0,320800.0,235300.0
ITM-0007810,ORD-002138,PRD-0010,12,50450.0,37650.0,12.5,75675.0,529725.0,451800.0
ITM-0007811,ORD-002139,PRD-0045,12,4400.0,2800.0,0.0,0.0,52800.0,33600.0
ITM-0007812,ORD-002140,PRD-0004,14,7100.0,4600.0,7.5,7455.0,91945.0,64400.0
ITM-0007813,ORD-002140,PRD-0034,1,2800.0,1650.0,2.5,70.0,2730.0,1650.0
ITM-0007814,ORD-002140,PRD-0005,11,11500.0,7900.0,2.5,3162.5,123337.5,86900.0
ITM-0007815,ORD-002141,PRD-0066,22,5300.0,3250.0,5.0,5830.0,110770.0,71500.0
ITM-0007816,ORD-002141,PRD-0034,2,2800.0,1650.0,0.0,0.0,5600.0,3300.0
ITM-0007817,ORD-002141,PRD-0017,12,15250.0,10000.0,12.5,22875.0,160125.0,120000.0
ITM-0007818,ORD-002141,PRD-0016,2,18750.0,12900.0,0.0,0.0,37500.0,25800.0
ITM-0007819,ORD-002141,PRD-0036,8,170650.0,122850.0,0.0,0.0,1365200.0,982800.0
ITM-0007820,ORD-002141,PRD-0009,6,75050.0,56000.0,0.0,0.0,450300.0,336000.0
ITM-0007821,ORD-002142,PRD-0048,2,160400.0,117650.0,7.5,24060.0,296740.0,235300.0
ITM-0007822,ORD-002142,PRD-0005,11,11500.0,7900.0,7.5,9487.5,117012.5,86900.0
ITM-0007823,ORD-002142,PRD-0069,11,41700.0,30300.0,10.0,45870.0,412830.0,333300.0
ITM-0007824,ORD-002142,PRD-0023,9,46600.0,33950.0,5.0,20970.0,398430.0,305550.0
ITM-0007825,ORD-002142,PRD-0027,39,11500.0,7200.0,7.5,33637.5,414862.5,280800.0
ITM-0007826,ORD-002143,PRD-0069,4,41700.0,30300.0,5.0,8340.0,158460.0,121200.0
ITM-0007827,ORD-002143,PRD-0009,2,75050.0,56000.0,5.0,7505.0,142595.0,112000.0
ITM-0007828,ORD-002144,PRD-0010,9,50450.0,37650.0,0.0,0.0,454050.0,338850.0
ITM-0007829,ORD-002144,PRD-0066,9,5300.0,3250.0,10.0,4770.0,42930.0,29250.0
ITM-0007830,ORD-002144,PRD-0013,43,8750.0,5350.0,7.5,28218.75,348031.25,230050.0
ITM-0007831,ORD-002144,PRD-0005,24,11500.0,7900.0,12.5,34500.0,241500.0,189600.0
ITM-0007832,ORD-002144,PRD-0058,4,28050.0,19450.0,7.5,8415.0,103785.0,77800.0
ITM-0007833,ORD-002145,PRD-0027,36,11500.0,7200.0,2.5,10350.0,403650.0,259200.0
ITM-0007834,ORD-002145,PRD-0066,43,5300.0,3250.0,2.5,5697.5,222202.5,139750.0
ITM-0007835,ORD-002145,PRD-0052,17,40400.0,29250.0,12.5,85850.0,600950.0,497250.0
ITM-0007836,ORD-002145,PRD-0034,17,2800.0,1650.0,0.0,0.0,47600.0,28050.0
ITM-0007837,ORD-002146,PRD-0004,28,7100.0,4600.0,5.0,9940.0,188860.0,128800.0
ITM-0007838,ORD-002146,PRD-0037,69,7650.0,5500.0,5.0,26392.5,501457.5,379500.0
ITM-0007839,ORD-002146,PRD-0034,24,2800.0,1650.0,10.0,6720.0,60480.0,39600.0
ITM-0007840,ORD-002146,PRD-0031,53,1600.0,900.0,7.5,6360.0,78440.0,47700.0
ITM-0007841,ORD-002146,PRD-0036,8,170650.0,122850.0,10.0,136520.0,1228680.0,982800.0
ITM-0007842,ORD-002146,PRD-0012,12,42850.0,31750.0,0.0,0.0,514200.0,381000.0
ITM-0007843,ORD-002146,PRD-0064,8,40250.0,28850.0,7.5,24150.0,297850.0,230800.0
ITM-0007844,ORD-002147,PRD-0063,19,12650.0,8000.0,2.5,6008.75,234341.25,152000.0
ITM-0007845,ORD-002147,PRD-0048,4,160400.0,117650.0,10.0,64160.0,577440.0,470600.0
ITM-0007846,ORD-002148,PRD-0053,6,50250.0,36300.0,10.0,30150.0,271350.0,217800.0
ITM-0007847,ORD-002148,PRD-0068,1,29000.0,20900.0,2.5,725.0,28275.0,20900.0
ITM-0007848,ORD-002148,PRD-0049,21,2250.0,1400.0,2.5,1181.25,46068.75,29400.0
ITM-0007849,ORD-002148,PRD-0034,8,2800.0,1650.0,10.0,2240.0,20160.0,13200.0
ITM-0007850,ORD-002149,PRD-0014,1,199750.0,146450.0,5.0,9987.5,189762.5,146450.0
ITM-0007851,ORD-002150,PRD-0034,12,2800.0,1650.0,7.5,2520.0,31080.0,19800.0
ITM-0007852,ORD-002150,PRD-0045,25,4400.0,2800.0,7.5,8250.0,101750.0,70000.0
ITM-0007853,ORD-002150,PRD-0043,10,35950.0,25500.0,2.5,8987.5,350512.5,255000.0
ITM-0007854,ORD-002150,PRD-0040,2,70550.0,49600.0,2.5,3527.5,137572.5,99200.0
ITM-0007855,ORD-002150,PRD-0008,8,11400.0,7800.0,0.0,0.0,91200.0,62400.0
ITM-0007856,ORD-002150,PRD-0057,4,25450.0,17350.0,0.0,0.0,101800.0,69400.0
ITM-0007857,ORD-002150,PRD-0066,29,5300.0,3250.0,7.5,11527.5,142172.5,94250.0
ITM-0007858,ORD-002151,PRD-0021,13,151550.0,109750.0,5.0,98507.5,1871642.5,1426750.0
ITM-0007859,ORD-002151,PRD-0003,16,88300.0,65000.0,12.5,176600.0,1236200.0,1040000.0
ITM-0007860,ORD-002151,PRD-0005,19,11500.0,7900.0,10.0,21850.0,196650.0,150100.0
ITM-0007861,ORD-002151,PRD-0009,3,75050.0,56000.0,5.0,11257.5,213892.5,168000.0
ITM-0007862,ORD-002151,PRD-0027,19,11500.0,7200.0,7.5,16387.5,202112.5,136800.0
ITM-0007863,ORD-002151,PRD-0034,3,2800.0,1650.0,0.0,0.0,8400.0,4950.0
ITM-0007864,ORD-002151,PRD-0045,10,4400.0,2800.0,5.0,2200.0,41800.0,28000.0
ITM-0007865,ORD-002152,PRD-0063,29,12650.0,8000.0,10.0,36685.0,330165.0,232000.0
ITM-0007866,ORD-002152,PRD-0013,86,8750.0,5350.0,7.5,56437.5,696062.5,460100.0
ITM-0007867,ORD-002152,PRD-0034,4,2800.0,1650.0,5.0,560.0,10640.0,6600.0
ITM-0007868,ORD-002152,PRD-0040,7,70550.0,49600.0,0.0,0.0,493850.0,347200.0
ITM-0007869,ORD-002152,PRD-0058,22,28050.0,19450.0,12.5,77137.5,539962.5,427900.0
ITM-0007870,ORD-002152,PRD-0007,4,33250.0,23700.0,7.5,9975.0,123025.0,94800.0
ITM-0007871,ORD-002152,PRD-0069,4,41700.0,30300.0,5.0,8340.0,158460.0,121200.0
ITM-0007872,ORD-002153,PRD-0042,25,16900.0,11500.0,7.5,31687.5,390812.5,287500.0
ITM-0007873,ORD-002153,PRD-0027,27,11500.0,7200.0,5.0,15525.0,294975.0,194400.0
ITM-0007874,ORD-002153,PRD-0033,6,88100.0,66350.0,2.5,13215.0,515385.0,398100.0
ITM-0007875,ORD-002153,PRD-0036,6,170650.0,122850.0,5.0,51195.0,972705.0,737100.0
ITM-0007876,ORD-002153,PRD-0015,10,19300.0,12700.0,2.5,4825.0,188175.0,127000.0
ITM-0007877,ORD-002154,PRD-0050,38,1200.0,650.0,10.0,4560.0,41040.0,24700.0
ITM-0007878,ORD-002154,PRD-0011,3,50250.0,35950.0,12.5,18843.75,131906.25,107850.0
ITM-0007879,ORD-002154,PRD-0008,17,11400.0,7800.0,5.0,9690.0,184110.0,132600.0
ITM-0007880,ORD-002154,PRD-0036,14,170650.0,122850.0,7.5,179182.5,2209917.5,1719900.0
ITM-0007881,ORD-002155,PRD-0061,10,5600.0,3650.0,5.0,2800.0,53200.0,36500.0
ITM-0007882,ORD-002156,PRD-0012,4,42850.0,31750.0,10.0,17140.0,154260.0,127000.0
ITM-0007883,ORD-002156,PRD-0029,10,30900.0,21650.0,0.0,0.0,309000.0,216500.0
ITM-0007884,ORD-002156,PRD-0010,12,50450.0,37650.0,2.5,15135.0,590265.0,451800.0
ITM-0007885,ORD-002156,PRD-0045,22,4400.0,2800.0,2.5,2420.0,94380.0,61600.0
ITM-0007886,ORD-002156,PRD-0002,14,52050.0,38100.0,7.5,54652.5,674047.5,533400.0
ITM-0007887,ORD-002156,PRD-0037,48,7650.0,5500.0,7.5,27540.0,339660.0,264000.0
ITM-0007888,ORD-002156,PRD-0030,18,35850.0,25550.0,12.5,80662.5,564637.5,459900.0
ITM-0007889,ORD-002157,PRD-0007,6,33250.0,23700.0,7.5,14962.5,184537.5,142200.0
ITM-0007890,ORD-002157,PRD-0045,13,4400.0,2800.0,5.0,2860.0,54340.0,36400.0
ITM-0007891,ORD-002157,PRD-0060,5,16450.0,11150.0,10.0,8225.0,74025.0,55750.0
ITM-0007892,ORD-002158,PRD-0007,6,33250.0,23700.0,0.0,0.0,199500.0,142200.0
ITM-0007893,ORD-002158,PRD-0058,12,28050.0,19450.0,5.0,16830.0,319770.0,233400.0
ITM-0007894,ORD-002158,PRD-0069,10,41700.0,30300.0,2.5,10425.0,406575.0,303000.0
ITM-0007895,ORD-002159,PRD-0028,40,6400.0,4200.0,12.5,32000.0,224000.0,168000.0
ITM-0007896,ORD-002160,PRD-0007,4,33250.0,23700.0,5.0,6650.0,126350.0,94800.0
ITM-0007897,ORD-002160,PRD-0027,18,11500.0,7200.0,0.0,0.0,207000.0,129600.0
ITM-0007898,ORD-002161,PRD-0045,8,4400.0,2800.0,10.0,3520.0,31680.0,22400.0
ITM-0007899,ORD-002161,PRD-0016,2,18750.0,12900.0,5.0,1875.0,35625.0,25800.0
ITM-0007900,ORD-002161,PRD-0034,2,2800.0,1650.0,10.0,560.0,5040.0,3300.0
ITM-0007901,ORD-002162,PRD-0051,16,7700.0,4850.0,7.5,9240.0,113960.0,77600.0
ITM-0007902,ORD-002162,PRD-0045,21,4400.0,2800.0,10.0,9240.0,83160.0,58800.0
ITM-0007903,ORD-002162,PRD-0005,20,11500.0,7900.0,5.0,11500.0,218500.0,158000.0
ITM-0007904,ORD-002162,PRD-0049,12,2250.0,1400.0,2.5,675.0,26325.0,16800.0
ITM-0007905,ORD-002163,PRD-0018,12,39400.0,29550.0,5.0,23640.0,449160.0,354600.0
ITM-0007906,ORD-002163,PRD-0054,18,6000.0,4000.0,5.0,5400.0,102600.0,72000.0
ITM-0007907,ORD-002163,PRD-0036,8,170650.0,122850.0,0.0,0.0,1365200.0,982800.0
ITM-0007908,ORD-002163,PRD-0032,8,383350.0,305700.0,0.0,0.0,3066800.0,2445600.0
ITM-0007909,ORD-002164,PRD-0066,21,5300.0,3250.0,10.0,11130.0,100170.0,68250.0
ITM-0007910,ORD-002164,PRD-0008,4,11400.0,7800.0,5.0,2280.0,43320.0,31200.0
ITM-0007911,ORD-002164,PRD-0060,4,16450.0,11150.0,2.5,1645.0,64155.0,44600.0
ITM-0007912,ORD-002164,PRD-0034,2,2800.0,1650.0,0.0,0.0,5600.0,3300.0
ITM-0007913,ORD-002165,PRD-0026,53,5050.0,3050.0,12.5,33456.25,234193.75,161650.0
ITM-0007914,ORD-002165,PRD-0045,16,4400.0,2800.0,7.5,5280.0,65120.0,44800.0
ITM-0007915,ORD-002165,PRD-0031,16,1600.0,900.0,10.0,2560.0,23040.0,14400.0
ITM-0007916,ORD-002165,PRD-0048,16,160400.0,117650.0,0.0,0.0,2566400.0,1882400.0
ITM-0007917,ORD-002165,PRD-0030,26,35850.0,25550.0,5.0,46605.0,885495.0,664300.0
ITM-0007918,ORD-002166,PRD-0069,6,41700.0,30300.0,7.5,18765.0,231435.0,181800.0
ITM-0007919,ORD-002166,PRD-0049,26,2250.0,1400.0,12.5,7312.5,51187.5,36400.0
ITM-0007920,ORD-002167,PRD-0047,9,67750.0,48250.0,12.5,76218.75,533531.25,434250.0
ITM-0007921,ORD-002167,PRD-0052,9,40400.0,29250.0,0.0,0.0,363600.0,263250.0
ITM-0007922,ORD-002167,PRD-0037,50,7650.0,5500.0,2.5,9562.5,372937.5,275000.0
ITM-0007923,ORD-002167,PRD-0053,13,50250.0,36300.0,2.5,16331.25,636918.75,471900.0
ITM-0007924,ORD-002167,PRD-0056,9,16900.0,12000.0,7.5,11407.5,140692.5,108000.0
ITM-0007925,ORD-002167,PRD-0060,16,16450.0,11150.0,7.5,19740.0,243460.0,178400.0
ITM-0007926,ORD-002167,PRD-0028,16,6400.0,4200.0,2.5,2560.0,99840.0,67200.0
ITM-0007927,ORD-002168,PRD-0053,4,50250.0,36300.0,5.0,10050.0,190950.0,145200.0
ITM-0007928,ORD-002168,PRD-0070,24,5100.0,3300.0,0.0,0.0,122400.0,79200.0
ITM-0007929,ORD-002168,PRD-0045,20,4400.0,2800.0,5.0,4400.0,83600.0,56000.0
ITM-0007930,ORD-002168,PRD-0019,10,2950.0,1850.0,0.0,0.0,29500.0,18500.0
ITM-0007931,ORD-002169,PRD-0054,13,6000.0,4000.0,2.5,1950.0,76050.0,52000.0
ITM-0007932,ORD-002169,PRD-0044,11,3350.0,2000.0,10.0,3685.0,33165.0,22000.0
ITM-0007933,ORD-002169,PRD-0066,27,5300.0,3250.0,2.5,3577.5,139522.5,87750.0
ITM-0007934,ORD-002169,PRD-0004,7,7100.0,4600.0,12.5,6212.5,43487.5,32200.0
ITM-0007935,ORD-002169,PRD-0032,7,383350.0,305700.0,0.0,0.0,2683450.0,2139900.0
ITM-0007936,ORD-002169,PRD-0030,29,35850.0,25550.0,5.0,51982.5,987667.5,740950.0
ITM-0007937,ORD-002169,PRD-0026,27,5050.0,3050.0,10.0,13635.0,122715.0,82350.0
ITM-0007938,ORD-002170,PRD-0034,2,2800.0,1650.0,0.0,0.0,5600.0,3300.0
ITM-0007939,ORD-002170,PRD-0026,8,5050.0,3050.0,5.0,2020.0,38380.0,24400.0
ITM-0007940,ORD-002171,PRD-0034,13,2800.0,1650.0,7.5,2730.0,33670.0,21450.0
ITM-0007941,ORD-002171,PRD-0052,6,40400.0,29250.0,0.0,0.0,242400.0,175500.0
ITM-0007942,ORD-002171,PRD-0030,23,35850.0,25550.0,12.5,103068.75,721481.25,587650.0
ITM-0007943,ORD-002171,PRD-0005,36,11500.0,7900.0,7.5,31050.0,382950.0,284400.0
ITM-0007944,ORD-002171,PRD-0036,19,170650.0,122850.0,7.5,243176.25,2999173.75,2334150.0
ITM-0007945,ORD-002171,PRD-0063,75,12650.0,8000.0,7.5,71156.25,877593.75,600000.0
ITM-0007946,ORD-002172,PRD-0034,1,2800.0,1650.0,0.0,0.0,2800.0,1650.0
ITM-0007947,ORD-002173,PRD-0038,19,32300.0,22650.0,0.0,0.0,613700.0,430350.0
ITM-0007948,ORD-002173,PRD-0004,28,7100.0,4600.0,5.0,9940.0,188860.0,128800.0
ITM-0007949,ORD-002174,PRD-0059,5,1850.0,1050.0,10.0,925.0,8325.0,5250.0
ITM-0007950,ORD-002175,PRD-0034,17,2800.0,1650.0,2.5,1190.0,46410.0,28050.0
ITM-0007951,ORD-002175,PRD-0022,12,13950.0,9250.0,2.5,4185.0,163215.0,111000.0
ITM-0007952,ORD-002175,PRD-0069,12,41700.0,30300.0,5.0,25020.0,475380.0,363600.0
ITM-0007953,ORD-002175,PRD-0045,23,4400.0,2800.0,10.0,10120.0,91080.0,64400.0
ITM-0007954,ORD-002175,PRD-0033,14,88100.0,66350.0,10.0,123340.0,1110060.0,928900.0
ITM-0007955,ORD-002176,PRD-0060,3,16450.0,11150.0,10.0,4935.0,44415.0,33450.0
ITM-0007956,ORD-002176,PRD-0011,13,50250.0,35950.0,5.0,32662.5,620587.5,467350.0
ITM-0007957,ORD-002176,PRD-0051,75,7700.0,4850.0,0.0,0.0,577500.0,363750.0
ITM-0007958,ORD-002176,PRD-0050,16,1200.0,650.0,2.5,480.0,18720.0,10400.0
ITM-0007959,ORD-002176,PRD-0007,10,33250.0,23700.0,10.0,33250.0,299250.0,237000.0
ITM-0007960,ORD-002176,PRD-0017,19,15250.0,10000.0,5.0,14487.5,275262.5,190000.0
ITM-0007961,ORD-002177,PRD-0011,6,50250.0,35950.0,0.0,0.0,301500.0,215700.0
ITM-0007962,ORD-002177,PRD-0060,3,16450.0,11150.0,7.5,3701.25,45648.75,33450.0
ITM-0007963,ORD-002177,PRD-0066,46,5300.0,3250.0,5.0,12190.0,231610.0,149500.0
ITM-0007964,ORD-002177,PRD-0017,19,15250.0,10000.0,0.0,0.0,289750.0,190000.0
ITM-0007965,ORD-002177,PRD-0004,31,7100.0,4600.0,0.0,0.0,220100.0,142600.0
ITM-0007966,ORD-002178,PRD-0028,19,6400.0,4200.0,12.5,15200.0,106400.0,79800.0
ITM-0007967,ORD-002178,PRD-0069,4,41700.0,30300.0,7.5,12510.0,154290.0,121200.0
ITM-0007968,ORD-002179,PRD-0059,30,1850.0,1050.0,12.5,6937.5,48562.5,31500.0
ITM-0007969,ORD-002179,PRD-0068,2,29000.0,20900.0,2.5,1450.0,56550.0,41800.0
ITM-0007970,ORD-002180,PRD-0045,16,4400.0,2800.0,0.0,0.0,70400.0,44800.0
ITM-0007971,ORD-002180,PRD-0043,1,35950.0,25500.0,5.0,1797.5,34152.5,25500.0
ITM-0007972,ORD-002180,PRD-0058,9,28050.0,19450.0,10.0,25245.0,227205.0,175050.0
ITM-0007973,ORD-002181,PRD-0031,52,1600.0,900.0,2.5,2080.0,81120.0,46800.0
ITM-0007974,ORD-002181,PRD-0053,20,50250.0,36300.0,10.0,100500.0,904500.0,726000.0
ITM-0007975,ORD-002181,PRD-0043,12,35950.0,25500.0,7.5,32355.0,399045.0,306000.0
ITM-0007976,ORD-002181,PRD-0059,12,1850.0,1050.0,10.0,2220.0,19980.0,12600.0
ITM-0007977,ORD-002181,PRD-0066,36,5300.0,3250.0,5.0,9540.0,181260.0,117000.0
ITM-0007978,ORD-002181,PRD-0022,20,13950.0,9250.0,7.5,20925.0,258075.0,185000.0
ITM-0007979,ORD-002182,PRD-0037,40,7650.0,5500.0,5.0,15300.0,290700.0,220000.0
ITM-0007980,ORD-002182,PRD-0048,3,160400.0,117650.0,2.5,12030.0,469170.0,352950.0
ITM-0007981,ORD-002182,PRD-0058,3,28050.0,19450.0,5.0,4207.5,79942.5,58350.0
ITM-0007982,ORD-002182,PRD-0006,11,27000.0,19650.0,10.0,29700.0,267300.0,216150.0
ITM-0007983,ORD-002182,PRD-0033,11,88100.0,66350.0,5.0,48455.0,920645.0,729850.0
ITM-0007984,ORD-002183,PRD-0066,35,5300.0,3250.0,10.0,18550.0,166950.0,113750.0
ITM-0007985,ORD-002183,PRD-0054,35,6000.0,4000.0,5.0,10500.0,199500.0,140000.0
ITM-0007986,ORD-002183,PRD-0011,19,50250.0,35950.0,10.0,95475.0,859275.0,683050.0
ITM-0007987,ORD-002184,PRD-0027,43,11500.0,7200.0,5.0,24725.0,469775.0,309600.0
ITM-0007988,ORD-002185,PRD-0004,13,7100.0,4600.0,2.5,2307.5,89992.5,59800.0
ITM-0007989,ORD-002185,PRD-0040,5,70550.0,49600.0,5.0,17637.5,335112.5,248000.0
ITM-0007990,ORD-002186,PRD-0011,6,50250.0,35950.0,2.5,7537.5,293962.5,215700.0
ITM-0007991,ORD-002186,PRD-0038,6,32300.0,22650.0,0.0,0.0,193800.0,135900.0
ITM-0007992,ORD-002187,PRD-0057,7,25450.0,17350.0,5.0,8907.5,169242.5,121450.0
ITM-0007993,ORD-002187,PRD-0052,4,40400.0,29250.0,5.0,8080.0,153520.0,117000.0
ITM-0007994,ORD-002187,PRD-0009,2,75050.0,56000.0,10.0,15010.0,135090.0,112000.0
ITM-0007995,ORD-002187,PRD-0021,13,151550.0,109750.0,10.0,197015.0,1773135.0,1426750.0
ITM-0007996,ORD-002187,PRD-0027,40,11500.0,7200.0,12.5,57500.0,402500.0,288000.0
ITM-0007997,ORD-002188,PRD-0005,20,11500.0,7900.0,2.5,5750.0,224250.0,158000.0
ITM-0007998,ORD-002188,PRD-0060,3,16450.0,11150.0,12.5,6168.75,43181.25,33450.0
ITM-0007999,ORD-002189,PRD-0009,6,75050.0,56000.0,5.0,22515.0,427785.0,336000.0
ITM-0008000,ORD-002189,PRD-0066,32,5300.0,3250.0,0.0,0.0,169600.0,104000.0
ITM-0008001,ORD-002189,PRD-0034,17,2800.0,1650.0,7.5,3570.0,44030.0,28050.0
ITM-0008002,ORD-002189,PRD-0022,6,13950.0,9250.0,0.0,0.0,83700.0,55500.0
ITM-0008003,ORD-002189,PRD-0065,35,9000.0,5800.0,7.5,23625.0,291375.0,203000.0
ITM-0008004,ORD-002190,PRD-0052,14,40400.0,29250.0,7.5,42420.0,523180.0,409500.0
ITM-0008005,ORD-002191,PRD-0005,10,11500.0,7900.0,0.0,0.0,115000.0,79000.0
ITM-0008006,ORD-002191,PRD-0048,2,160400.0,117650.0,12.5,40100.0,280700.0,235300.0
ITM-0008007,ORD-002191,PRD-0013,4,8750.0,5350.0,2.5,875.0,34125.0,21400.0
ITM-0008008,ORD-002191,PRD-0043,4,35950.0,25500.0,2.5,3595.0,140205.0,102000.0
ITM-0008009,ORD-002192,PRD-0011,3,50250.0,35950.0,2.5,3768.75,146981.25,107850.0
ITM-0008010,ORD-002192,PRD-0045,7,4400.0,2800.0,5.0,1540.0,29260.0,19600.0
ITM-0008011,ORD-002192,PRD-0019,6,2950.0,1850.0,5.0,885.0,16815.0,11100.0
ITM-0008012,ORD-002193,PRD-0017,6,15250.0,10000.0,2.5,2287.5,89212.5,60000.0
ITM-0008013,ORD-002193,PRD-0032,8,383350.0,305700.0,10.0,306680.0,2760120.0,2445600.0
ITM-0008014,ORD-002194,PRD-0063,11,12650.0,8000.0,7.5,10436.25,128713.75,88000.0
ITM-0008015,ORD-002194,PRD-0005,8,11500.0,7900.0,0.0,0.0,92000.0,63200.0
ITM-0008016,ORD-002194,PRD-0059,9,1850.0,1050.0,2.5,416.25,16233.75,9450.0
ITM-0008017,ORD-002195,PRD-0034,11,2800.0,1650.0,7.5,2310.0,28490.0,18150.0
ITM-0008018,ORD-002195,PRD-0030,18,35850.0,25550.0,0.0,0.0,645300.0,459900.0
ITM-0008019,ORD-002195,PRD-0064,9,40250.0,28850.0,5.0,18112.5,344137.5,259650.0
ITM-0008020,ORD-002196,PRD-0033,2,88100.0,66350.0,0.0,0.0,176200.0,132700.0
ITM-0008021,ORD-002196,PRD-0032,14,383350.0,305700.0,7.5,402517.5,4964382.5,4279800.0
ITM-0008022,ORD-002197,PRD-0051,41,7700.0,4850.0,10.0,31570.0,284130.0,198850.0
ITM-0008023,ORD-002198,PRD-0030,6,35850.0,25550.0,0.0,0.0,215100.0,153300.0
ITM-0008024,ORD-002199,PRD-0053,12,50250.0,36300.0,10.0,60300.0,542700.0,435600.0
ITM-0008025,ORD-002199,PRD-0052,2,40400.0,29250.0,2.5,2020.0,78780.0,58500.0
ITM-0008026,ORD-002199,PRD-0037,37,7650.0,5500.0,5.0,14152.5,268897.5,203500.0
ITM-0008027,ORD-002200,PRD-0070,20,5100.0,3300.0,7.5,7650.0,94350.0,66000.0
ITM-0008028,ORD-002201,PRD-0001,3,49000.0,35150.0,5.0,7350.0,139650.0,105450.0
ITM-0008029,ORD-002201,PRD-0060,4,16450.0,11150.0,0.0,0.0,65800.0,44600.0
ITM-0008030,ORD-002202,PRD-0037,22,7650.0,5500.0,0.0,0.0,168300.0,121000.0
ITM-0008031,ORD-002202,PRD-0005,9,11500.0,7900.0,0.0,0.0,103500.0,71100.0
ITM-0008032,ORD-002202,PRD-0014,6,199750.0,146450.0,12.5,149812.5,1048687.5,878700.0
ITM-0008033,ORD-002202,PRD-0025,6,32700.0,22850.0,10.0,19620.0,176580.0,137100.0
ITM-0008034,ORD-002203,PRD-0053,15,50250.0,36300.0,5.0,37687.5,716062.5,544500.0
ITM-0008035,ORD-002203,PRD-0048,12,160400.0,117650.0,5.0,96240.0,1828560.0,1411800.0
ITM-0008036,ORD-002203,PRD-0066,40,5300.0,3250.0,0.0,0.0,212000.0,130000.0
ITM-0008037,ORD-002203,PRD-0005,9,11500.0,7900.0,10.0,10350.0,93150.0,71100.0
ITM-0008038,ORD-002204,PRD-0063,17,12650.0,8000.0,7.5,16128.75,198921.25,136000.0
ITM-0008039,ORD-002204,PRD-0008,17,11400.0,7800.0,0.0,0.0,193800.0,132600.0
ITM-0008040,ORD-002205,PRD-0053,2,50250.0,36300.0,7.5,7537.5,92962.5,72600.0
ITM-0008041,ORD-002205,PRD-0052,11,40400.0,29250.0,10.0,44440.0,399960.0,321750.0
ITM-0008042,ORD-002205,PRD-0003,6,88300.0,65000.0,5.0,26490.0,503310.0,390000.0
ITM-0008043,ORD-002205,PRD-0032,13,383350.0,305700.0,10.0,498355.0,4485195.0,3974100.0
ITM-0008044,ORD-002205,PRD-0038,2,32300.0,22650.0,7.5,4845.0,59755.0,45300.0
ITM-0008045,ORD-002206,PRD-0008,4,11400.0,7800.0,7.5,3420.0,42180.0,31200.0
ITM-0008046,ORD-002206,PRD-0047,11,67750.0,48250.0,0.0,0.0,745250.0,530750.0
ITM-0008047,ORD-002206,PRD-0063,29,12650.0,8000.0,5.0,18342.5,348507.5,232000.0
ITM-0008048,ORD-002206,PRD-0031,13,1600.0,900.0,7.5,1560.0,19240.0,11700.0
ITM-0008049,ORD-002206,PRD-0003,4,88300.0,65000.0,10.0,35320.0,317880.0,260000.0
ITM-0008050,ORD-002207,PRD-0045,12,4400.0,2800.0,7.5,3960.0,48840.0,33600.0
ITM-0008051,ORD-002208,PRD-0048,11,160400.0,117650.0,7.5,132330.0,1632070.0,1294150.0
ITM-0008052,ORD-002208,PRD-0006,7,27000.0,19650.0,5.0,9450.0,179550.0,137550.0
ITM-0008053,ORD-002209,PRD-0025,7,32700.0,22850.0,2.5,5722.5,223177.5,159950.0
ITM-0008054,ORD-002210,PRD-0032,4,383350.0,305700.0,7.5,115005.0,1418395.0,1222800.0
ITM-0008055,ORD-002210,PRD-0005,24,11500.0,7900.0,2.5,6900.0,269100.0,189600.0
ITM-0008056,ORD-002210,PRD-0062,32,13700.0,9000.0,0.0,0.0,438400.0,288000.0
ITM-0008057,ORD-002211,PRD-0027,20,11500.0,7200.0,2.5,5750.0,224250.0,144000.0
ITM-0008058,ORD-002211,PRD-0045,10,4400.0,2800.0,5.0,2200.0,41800.0,28000.0
ITM-0008059,ORD-002211,PRD-0066,22,5300.0,3250.0,2.5,2915.0,113685.0,71500.0
ITM-0008060,ORD-002212,PRD-0030,20,35850.0,25550.0,0.0,0.0,717000.0,511000.0
ITM-0008061,ORD-002212,PRD-0007,6,33250.0,23700.0,5.0,9975.0,189525.0,142200.0
ITM-0008062,ORD-002212,PRD-0069,3,41700.0,30300.0,2.5,3127.5,121972.5,90900.0
ITM-0008063,ORD-002212,PRD-0040,9,70550.0,49600.0,7.5,47621.25,587328.75,446400.0
ITM-0008064,ORD-002212,PRD-0027,28,11500.0,7200.0,5.0,16100.0,305900.0,201600.0
ITM-0008065,ORD-002213,PRD-0007,3,33250.0,23700.0,0.0,0.0,99750.0,71100.0
ITM-0008066,ORD-002213,PRD-0024,7,17950.0,12350.0,5.0,6282.5,119367.5,86450.0
ITM-0008067,ORD-002214,PRD-0069,6,41700.0,30300.0,5.0,12510.0,237690.0,181800.0
ITM-0008068,ORD-002214,PRD-0036,4,170650.0,122850.0,0.0,0.0,682600.0,491400.0
ITM-0008069,ORD-002214,PRD-0032,6,383350.0,305700.0,5.0,115005.0,2185095.0,1834200.0
ITM-0008070,ORD-002214,PRD-0031,12,1600.0,900.0,10.0,1920.0,17280.0,10800.0
ITM-0008071,ORD-002215,PRD-0043,11,35950.0,25500.0,10.0,39545.0,355905.0,280500.0
ITM-0008072,ORD-002215,PRD-0062,23,13700.0,9000.0,5.0,15755.0,299345.0,207000.0
ITM-0008073,ORD-002216,PRD-0033,11,88100.0,66350.0,0.0,0.0,969100.0,729850.0
ITM-0008074,ORD-002216,PRD-0058,11,28050.0,19450.0,5.0,15427.5,293122.5,213950.0
ITM-0008075,ORD-002216,PRD-0030,23,35850.0,25550.0,10.0,82455.0,742095.0,587650.0
ITM-0008076,ORD-002216,PRD-0045,13,4400.0,2800.0,2.5,1430.0,55770.0,36400.0
ITM-0008077,ORD-002216,PRD-0031,25,1600.0,900.0,5.0,2000.0,38000.0,22500.0
ITM-0008078,ORD-002217,PRD-0007,7,33250.0,23700.0,5.0,11637.5,221112.5,165900.0
ITM-0008079,ORD-002217,PRD-0017,4,15250.0,10000.0,5.0,3050.0,57950.0,40000.0
ITM-0008080,ORD-002217,PRD-0028,47,6400.0,4200.0,2.5,7520.0,293280.0,197400.0
ITM-0008081,ORD-002217,PRD-0050,47,1200.0,650.0,0.0,0.0,56400.0,30550.0
ITM-0008082,ORD-002217,PRD-0030,50,35850.0,25550.0,10.0,179250.0,1613250.0,1277500.0
ITM-0008083,ORD-002218,PRD-0067,13,2050.0,1250.0,2.5,666.25,25983.75,16250.0
ITM-0008084,ORD-002218,PRD-0037,37,7650.0,5500.0,5.0,14152.5,268897.5,203500.0
ITM-0008085,ORD-002218,PRD-0005,40,11500.0,7900.0,0.0,0.0,460000.0,316000.0
ITM-0008086,ORD-002219,PRD-0005,32,11500.0,7900.0,0.0,0.0,368000.0,252800.0
ITM-0008087,ORD-002219,PRD-0029,7,30900.0,21650.0,0.0,0.0,216300.0,151550.0
ITM-0008088,ORD-002219,PRD-0034,4,2800.0,1650.0,7.5,840.0,10360.0,6600.0
ITM-0008089,ORD-002219,PRD-0049,46,2250.0,1400.0,7.5,7762.5,95737.5,64400.0
ITM-0008090,ORD-002219,PRD-0045,11,4400.0,2800.0,5.0,2420.0,45980.0,30800.0
ITM-0008091,ORD-002219,PRD-0027,21,11500.0,7200.0,2.5,6037.5,235462.5,151200.0
ITM-0008092,ORD-002219,PRD-0058,4,28050.0,19450.0,2.5,2805.0,109395.0,77800.0
ITM-0008093,ORD-002220,PRD-0030,11,35850.0,25550.0,2.5,9858.75,384491.25,281050.0
ITM-0008094,ORD-002220,PRD-0034,11,2800.0,1650.0,2.5,770.0,30030.0,18150.0
ITM-0008095,ORD-002221,PRD-0004,26,7100.0,4600.0,2.5,4615.0,179985.0,119600.0
ITM-0008096,ORD-002221,PRD-0045,16,4400.0,2800.0,10.0,7040.0,63360.0,44800.0
ITM-0008097,ORD-002221,PRD-0063,50,12650.0,8000.0,0.0,0.0,632500.0,400000.0
ITM-0008098,ORD-002222,PRD-0007,9,33250.0,23700.0,7.5,22443.75,276806.25,213300.0
ITM-0008099,ORD-002222,PRD-0069,16,41700.0,30300.0,0.0,0.0,667200.0,484800.0
ITM-0008100,ORD-002222,PRD-0055,12,43600.0,31400.0,10.0,52320.0,470880.0,376800.0
ITM-0008101,ORD-002222,PRD-0027,28,11500.0,7200.0,5.0,16100.0,305900.0,201600.0
ITM-0008102,ORD-002222,PRD-0050,9,1200.0,650.0,5.0,540.0,10260.0,5850.0
ITM-0008103,ORD-002222,PRD-0034,16,2800.0,1650.0,5.0,2240.0,42560.0,26400.0
ITM-0008104,ORD-002223,PRD-0031,48,1600.0,900.0,7.5,5760.0,71040.0,43200.0
ITM-0008105,ORD-002223,PRD-0036,16,170650.0,122850.0,2.5,68260.0,2662140.0,1965600.0
ITM-0008106,ORD-002223,PRD-0052,16,40400.0,29250.0,5.0,32320.0,614080.0,468000.0
ITM-0008107,ORD-002223,PRD-0005,16,11500.0,7900.0,10.0,18400.0,165600.0,126400.0
ITM-0008108,ORD-002223,PRD-0065,32,9000.0,5800.0,7.5,21600.0,266400.0,185600.0
ITM-0008109,ORD-002223,PRD-0009,13,75050.0,56000.0,0.0,0.0,975650.0,728000.0
ITM-0008110,ORD-002223,PRD-0026,38,5050.0,3050.0,0.0,0.0,191900.0,115900.0
ITM-0008111,ORD-002224,PRD-0032,3,383350.0,305700.0,0.0,0.0,1150050.0,917100.0
ITM-0008112,ORD-002224,PRD-0038,3,32300.0,22650.0,2.5,2422.5,94477.5,67950.0
ITM-0008113,ORD-002224,PRD-0007,8,33250.0,23700.0,10.0,26600.0,239400.0,189600.0
ITM-0008114,ORD-002225,PRD-0007,25,33250.0,23700.0,5.0,41562.5,789687.5,592500.0
ITM-0008115,ORD-002225,PRD-0004,16,7100.0,4600.0,7.5,8520.0,105080.0,73600.0
ITM-0008116,ORD-002225,PRD-0005,37,11500.0,7900.0,5.0,21275.0,404225.0,292300.0
ITM-0008117,ORD-002225,PRD-0045,41,4400.0,2800.0,10.0,18040.0,162360.0,114800.0
ITM-0008118,ORD-002226,PRD-0037,24,7650.0,5500.0,5.0,9180.0,174420.0,132000.0
ITM-0008119,ORD-002226,PRD-0036,8,170650.0,122850.0,2.5,34130.0,1331070.0,982800.0
ITM-0008120,ORD-002227,PRD-0033,2,88100.0,66350.0,2.5,4405.0,171795.0,132700.0
ITM-0008121,ORD-002227,PRD-0048,3,160400.0,117650.0,12.5,60150.0,421050.0,352950.0
ITM-0008122,ORD-002227,PRD-0023,2,46600.0,33950.0,2.5,2330.0,90870.0,67900.0
ITM-0008123,ORD-002227,PRD-0059,12,1850.0,1050.0,5.0,1110.0,21090.0,12600.0
ITM-0008124,ORD-002228,PRD-0007,3,33250.0,23700.0,10.0,9975.0,89775.0,71100.0
ITM-0008125,ORD-002229,PRD-0038,4,32300.0,22650.0,0.0,0.0,129200.0,90600.0
ITM-0008126,ORD-002230,PRD-0066,5,5300.0,3250.0,7.5,1987.5,24512.5,16250.0
ITM-0008127,ORD-002230,PRD-0052,5,40400.0,29250.0,0.0,0.0,202000.0,146250.0
ITM-0008128,ORD-002230,PRD-0034,4,2800.0,1650.0,5.0,560.0,10640.0,6600.0
ITM-0008129,ORD-002231,PRD-0037,58,7650.0,5500.0,7.5,33277.5,410422.5,319000.0
ITM-0008130,ORD-002231,PRD-0007,7,33250.0,23700.0,5.0,11637.5,221112.5,165900.0
ITM-0008131,ORD-002231,PRD-0033,7,88100.0,66350.0,0.0,0.0,616700.0,464450.0
ITM-0008132,ORD-002231,PRD-0009,14,75050.0,56000.0,7.5,78802.5,971897.5,784000.0
ITM-0008133,ORD-002231,PRD-0031,27,1600.0,900.0,0.0,0.0,43200.0,24300.0
ITM-0008134,ORD-002232,PRD-0043,7,35950.0,25500.0,0.0,0.0,251650.0,178500.0
ITM-0008135,ORD-002232,PRD-0050,48,1200.0,650.0,5.0,2880.0,54720.0,31200.0
ITM-0008136,ORD-002232,PRD-0022,22,13950.0,9250.0,0.0,0.0,306900.0,203500.0
ITM-0008137,ORD-002233,PRD-0023,3,46600.0,33950.0,7.5,10485.0,129315.0,101850.0
ITM-0008138,ORD-002233,PRD-0068,8,29000.0,20900.0,5.0,11600.0,220400.0,167200.0
ITM-0008139,ORD-002234,PRD-0023,19,46600.0,33950.0,12.5,110675.0,774725.0,645050.0
ITM-0008140,ORD-002234,PRD-0007,10,33250.0,23700.0,10.0,33250.0,299250.0,237000.0
ITM-0008141,ORD-002234,PRD-0066,23,5300.0,3250.0,0.0,0.0,121900.0,74750.0
ITM-0008142,ORD-002234,PRD-0040,6,70550.0,49600.0,10.0,42330.0,380970.0,297600.0
ITM-0008143,ORD-002234,PRD-0008,13,11400.0,7800.0,5.0,7410.0,140790.0,101400.0
ITM-0008144,ORD-002234,PRD-0035,16,195800.0,149250.0,5.0,156640.0,2976160.0,2388000.0
ITM-0008145,ORD-002234,PRD-0034,3,2800.0,1650.0,5.0,420.0,7980.0,4950.0
ITM-0008146,ORD-002235,PRD-0040,10,70550.0,49600.0,0.0,0.0,705500.0,496000.0
ITM-0008147,ORD-002235,PRD-0009,8,75050.0,56000.0,5.0,30020.0,570380.0,448000.0
ITM-0008148,ORD-002236,PRD-0031,19,1600.0,900.0,10.0,3040.0,27360.0,17100.0
ITM-0008149,ORD-002236,PRD-0034,2,2800.0,1650.0,2.5,140.0,5460.0,3300.0
ITM-0008150,ORD-002237,PRD-0058,12,28050.0,19450.0,5.0,16830.0,319770.0,233400.0
ITM-0008151,ORD-002237,PRD-0033,2,88100.0,66350.0,5.0,8810.0,167390.0,132700.0
ITM-0008152,ORD-002238,PRD-0070,16,5100.0,3300.0,0.0,0.0,81600.0,52800.0
ITM-0008153,ORD-002239,PRD-0066,42,5300.0,3250.0,2.5,5565.0,217035.0,136500.0
ITM-0008154,ORD-002239,PRD-0049,27,2250.0,1400.0,0.0,0.0,60750.0,37800.0
ITM-0008155,ORD-002239,PRD-0031,46,1600.0,900.0,0.0,0.0,73600.0,41400.0
ITM-0008156,ORD-002239,PRD-0011,11,50250.0,35950.0,2.5,13818.75,538931.25,395450.0
ITM-0008157,ORD-002240,PRD-0030,17,35850.0,25550.0,0.0,0.0,609450.0,434350.0
ITM-0008158,ORD-002241,PRD-0050,31,1200.0,650.0,7.5,2790.0,34410.0,20150.0
ITM-0008159,ORD-002241,PRD-0053,2,50250.0,36300.0,5.0,5025.0,95475.0,72600.0
ITM-0008160,ORD-002241,PRD-0049,31,2250.0,1400.0,0.0,0.0,69750.0,43400.0
ITM-0008161,ORD-002242,PRD-0050,16,1200.0,650.0,2.5,480.0,18720.0,10400.0
ITM-0008162,ORD-002242,PRD-0038,5,32300.0,22650.0,10.0,16150.0,145350.0,113250.0
ITM-0008163,ORD-002242,PRD-0002,14,52050.0,38100.0,7.5,54652.5,674047.5,533400.0
ITM-0008164,ORD-002243,PRD-0005,8,11500.0,7900.0,7.5,6900.0,85100.0,63200.0
ITM-0008165,ORD-002243,PRD-0043,2,35950.0,25500.0,7.5,5392.5,66507.5,51000.0
ITM-0008166,ORD-002244,PRD-0039,30,13350.0,9100.0,10.0,40050.0,360450.0,273000.0
ITM-0008167,ORD-002244,PRD-0035,9,195800.0,149250.0,2.5,44055.0,1718145.0,1343250.0
ITM-0008168,ORD-002244,PRD-0036,6,170650.0,122850.0,5.0,51195.0,972705.0,737100.0
ITM-0008169,ORD-002245,PRD-0030,22,35850.0,25550.0,5.0,39435.0,749265.0,562100.0
ITM-0008170,ORD-002245,PRD-0034,10,2800.0,1650.0,2.5,700.0,27300.0,16500.0
ITM-0008171,ORD-002246,PRD-0014,17,199750.0,146450.0,0.0,0.0,3395750.0,2489650.0
ITM-0008172,ORD-002246,PRD-0024,27,17950.0,12350.0,12.5,60581.25,424068.75,333450.0
ITM-0008173,ORD-002246,PRD-0065,21,9000.0,5800.0,0.0,0.0,189000.0,121800.0
ITM-0008174,ORD-002246,PRD-0031,34,1600.0,900.0,10.0,5440.0,48960.0,30600.0
ITM-0008175,ORD-002246,PRD-0005,27,11500.0,7900.0,5.0,15525.0,294975.0,213300.0
ITM-0008176,ORD-002246,PRD-0045,27,4400.0,2800.0,2.5,2970.0,115830.0,75600.0
ITM-0008177,ORD-002247,PRD-0030,5,35850.0,25550.0,5.0,8962.5,170287.5,127750.0
ITM-0008178,ORD-002247,PRD-0034,1,2800.0,1650.0,0.0,0.0,2800.0,1650.0
ITM-0008179,ORD-002247,PRD-0058,4,28050.0,19450.0,0.0,0.0,112200.0,77800.0
ITM-0008180,ORD-002247,PRD-0009,7,75050.0,56000.0,7.5,39401.25,485948.75,392000.0
ITM-0008181,ORD-002248,PRD-0005,15,11500.0,7900.0,10.0,17250.0,155250.0,118500.0
ITM-0008182,ORD-002248,PRD-0050,21,1200.0,650.0,7.5,1890.0,23310.0,13650.0
ITM-0008183,ORD-002248,PRD-0034,6,2800.0,1650.0,10.0,1680.0,15120.0,9900.0
ITM-0008184,ORD-002248,PRD-0010,8,50450.0,37650.0,10.0,40360.0,363240.0,301200.0
ITM-0008185,ORD-002249,PRD-0055,4,43600.0,31400.0,0.0,0.0,174400.0,125600.0
ITM-0008186,ORD-002249,PRD-0019,9,2950.0,1850.0,0.0,0.0,26550.0,16650.0
ITM-0008187,ORD-002249,PRD-0008,7,11400.0,7800.0,7.5,5985.0,73815.0,54600.0
ITM-0008188,ORD-002249,PRD-0017,1,15250.0,10000.0,5.0,762.5,14487.5,10000.0
ITM-0008189,ORD-002249,PRD-0031,4,1600.0,900.0,5.0,320.0,6080.0,3600.0
ITM-0008190,ORD-002250,PRD-0049,32,2250.0,1400.0,0.0,0.0,72000.0,44800.0
ITM-0008191,ORD-002250,PRD-0020,10,31900.0,22100.0,2.5,7975.0,311025.0,221000.0
ITM-0008192,ORD-002250,PRD-0008,7,11400.0,7800.0,10.0,7980.0,71820.0,54600.0
ITM-0008193,ORD-002251,PRD-0005,3,11500.0,7900.0,5.0,1725.0,32775.0,23700.0
ITM-0008194,ORD-002251,PRD-0053,4,50250.0,36300.0,0.0,0.0,201000.0,145200.0
ITM-0008195,ORD-002252,PRD-0007,13,33250.0,23700.0,5.0,21612.5,410637.5,308100.0
ITM-0008196,ORD-002252,PRD-0033,3,88100.0,66350.0,2.5,6607.5,257692.5,199050.0
ITM-0008197,ORD-002252,PRD-0022,15,13950.0,9250.0,10.0,20925.0,188325.0,138750.0
ITM-0008198,ORD-002252,PRD-0005,20,11500.0,7900.0,5.0,11500.0,218500.0,158000.0
ITM-0008199,ORD-002253,PRD-0007,8,33250.0,23700.0,2.5,6650.0,259350.0,189600.0
ITM-0008200,ORD-002254,PRD-0053,5,50250.0,36300.0,5.0,12562.5,238687.5,181500.0
ITM-0008201,ORD-002255,PRD-0015,10,19300.0,12700.0,10.0,19300.0,173700.0,127000.0
ITM-0008202,ORD-002255,PRD-0069,2,41700.0,30300.0,2.5,2085.0,81315.0,60600.0
ITM-0008203,ORD-002255,PRD-0005,10,11500.0,7900.0,5.0,5750.0,109250.0,79000.0
ITM-0008204,ORD-002256,PRD-0017,8,15250.0,10000.0,10.0,12200.0,109800.0,80000.0
ITM-0008205,ORD-002256,PRD-0066,13,5300.0,3250.0,2.5,1722.5,67177.5,42250.0
ITM-0008206,ORD-002256,PRD-0009,5,75050.0,56000.0,10.0,37525.0,337725.0,280000.0
ITM-0008207,ORD-002256,PRD-0021,3,151550.0,109750.0,2.5,11366.25,443283.75,329250.0
ITM-0008208,ORD-002257,PRD-0019,3,2950.0,1850.0,0.0,0.0,8850.0,5550.0
ITM-0008209,ORD-002258,PRD-0034,3,2800.0,1650.0,5.0,420.0,7980.0,4950.0
ITM-0008210,ORD-002258,PRD-0058,16,28050.0,19450.0,5.0,22440.0,426360.0,311200.0
ITM-0008211,ORD-002258,PRD-0056,5,16900.0,12000.0,7.5,6337.5,78162.5,60000.0
ITM-0008212,ORD-002258,PRD-0011,16,50250.0,35950.0,5.0,40200.0,763800.0,575200.0
ITM-0008213,ORD-002258,PRD-0040,5,70550.0,49600.0,12.5,44093.75,308656.25,248000.0
ITM-0008214,ORD-002258,PRD-0049,14,2250.0,1400.0,0.0,0.0,31500.0,19600.0
ITM-0008215,ORD-002259,PRD-0060,10,16450.0,11150.0,10.0,16450.0,148050.0,111500.0
ITM-0008216,ORD-002259,PRD-0005,31,11500.0,7900.0,2.5,8912.5,347587.5,244900.0
ITM-0008217,ORD-002260,PRD-0035,8,195800.0,149250.0,0.0,0.0,1566400.0,1194000.0
ITM-0008218,ORD-002261,PRD-0066,13,5300.0,3250.0,10.0,6890.0,62010.0,42250.0
ITM-0008219,ORD-002261,PRD-0069,9,41700.0,30300.0,12.5,46912.5,328387.5,272700.0
ITM-0008220,ORD-002261,PRD-0008,2,11400.0,7800.0,5.0,1140.0,21660.0,15600.0
ITM-0008221,ORD-002261,PRD-0051,13,7700.0,4850.0,10.0,10010.0,90090.0,63050.0
ITM-0008222,ORD-002261,PRD-0062,19,13700.0,9000.0,7.5,19522.5,240777.5,171000.0
ITM-0008223,ORD-002261,PRD-0030,8,35850.0,25550.0,0.0,0.0,286800.0,204400.0
ITM-0008224,ORD-002261,PRD-0036,8,170650.0,122850.0,0.0,0.0,1365200.0,982800.0
ITM-0008225,ORD-002262,PRD-0030,9,35850.0,25550.0,10.0,32265.0,290385.0,229950.0
ITM-0008226,ORD-002262,PRD-0064,1,40250.0,28850.0,10.0,4025.0,36225.0,28850.0
ITM-0008227,ORD-002263,PRD-0006,1,27000.0,19650.0,10.0,2700.0,24300.0,19650.0
ITM-0008228,ORD-002264,PRD-0040,5,70550.0,49600.0,5.0,17637.5,335112.5,248000.0
ITM-0008229,ORD-002264,PRD-0039,8,13350.0,9100.0,5.0,5340.0,101460.0,72800.0
ITM-0008230,ORD-002265,PRD-0007,16,33250.0,23700.0,0.0,0.0,532000.0,379200.0
ITM-0008231,ORD-002265,PRD-0045,35,4400.0,2800.0,5.0,7700.0,146300.0,98000.0
ITM-0008232,ORD-002266,PRD-0033,13,88100.0,66350.0,0.0,0.0,1145300.0,862550.0
ITM-0008233,ORD-002266,PRD-0009,13,75050.0,56000.0,10.0,97565.0,878085.0,728000.0
ITM-0008234,ORD-002267,PRD-0046,13,141200.0,107400.0,12.5,229450.0,1606150.0,1396200.0
ITM-0008235,ORD-002267,PRD-0027,47,11500.0,7200.0,2.5,13512.5,526987.5,338400.0
ITM-0008236,ORD-002267,PRD-0007,3,33250.0,23700.0,5.0,4987.5,94762.5,71100.0
ITM-0008237,ORD-002267,PRD-0066,26,5300.0,3250.0,7.5,10335.0,127465.0,84500.0
ITM-0008238,ORD-002267,PRD-0032,11,383350.0,305700.0,7.5,316263.75,3900586.25,3362700.0
ITM-0008239,ORD-002268,PRD-0025,3,32700.0,22850.0,7.5,7357.5,90742.5,68550.0
ITM-0008240,ORD-002268,PRD-0023,2,46600.0,33950.0,5.0,4660.0,88540.0,67900.0
ITM-0008241,ORD-002268,PRD-0004,7,7100.0,4600.0,5.0,2485.0,47215.0,32200.0
ITM-0008242,ORD-002269,PRD-0065,37,9000.0,5800.0,5.0,16650.0,316350.0,214600.0
ITM-0008243,ORD-002269,PRD-0032,16,383350.0,305700.0,0.0,0.0,6133600.0,4891200.0
ITM-0008244,ORD-002269,PRD-0028,62,6400.0,4200.0,10.0,39680.0,357120.0,260400.0
ITM-0008245,ORD-002269,PRD-0039,37,13350.0,9100.0,7.5,37046.25,456903.75,336700.0
ITM-0008246,ORD-002269,PRD-0036,19,170650.0,122850.0,10.0,324235.0,2918115.0,2334150.0
ITM-0008247,ORD-002269,PRD-0029,3,30900.0,21650.0,2.5,2317.5,90382.5,64950.0
ITM-0008248,ORD-002269,PRD-0045,34,4400.0,2800.0,2.5,3740.0,145860.0,95200.0
ITM-0008249,ORD-002270,PRD-0030,12,35850.0,25550.0,7.5,32265.0,397935.0,306600.0
ITM-0008250,ORD-002270,PRD-0017,5,15250.0,10000.0,0.0,0.0,76250.0,50000.0
ITM-0008251,ORD-002270,PRD-0006,10,27000.0,19650.0,0.0,0.0,270000.0,196500.0
ITM-0008252,ORD-002270,PRD-0059,14,1850.0,1050.0,5.0,1295.0,24605.0,14700.0
ITM-0008253,ORD-002271,PRD-0052,2,40400.0,29250.0,12.5,10100.0,70700.0,58500.0
ITM-0008254,ORD-002271,PRD-0031,6,1600.0,900.0,12.5,1200.0,8400.0,5400.0
ITM-0008255,ORD-002271,PRD-0027,26,11500.0,7200.0,0.0,0.0,299000.0,187200.0
ITM-0008256,ORD-002272,PRD-0033,5,88100.0,66350.0,10.0,44050.0,396450.0,331750.0
ITM-0008257,ORD-002273,PRD-0034,9,2800.0,1650.0,5.0,1260.0,23940.0,14850.0
ITM-0008258,ORD-002273,PRD-0058,5,28050.0,19450.0,10.0,14025.0,126225.0,97250.0
ITM-0008259,ORD-002273,PRD-0039,21,13350.0,9100.0,12.5,35043.75,245306.25,191100.0
ITM-0008260,ORD-002273,PRD-0010,3,50450.0,37650.0,2.5,3783.75,147566.25,112950.0
ITM-0008261,ORD-002274,PRD-0058,4,28050.0,19450.0,0.0,0.0,112200.0,77800.0
ITM-0008262,ORD-002274,PRD-0026,37,5050.0,3050.0,5.0,9342.5,177507.5,112850.0
ITM-0008263,ORD-002274,PRD-0028,39,6400.0,4200.0,7.5,18720.0,230880.0,163800.0
ITM-0008264,ORD-002275,PRD-0017,7,15250.0,10000.0,5.0,5337.5,101412.5,70000.0
ITM-0008265,ORD-002276,PRD-0034,16,2800.0,1650.0,0.0,0.0,44800.0,26400.0
ITM-0008266,ORD-002276,PRD-0028,19,6400.0,4200.0,2.5,3040.0,118560.0,79800.0
ITM-0008267,ORD-002277,PRD-0053,9,50250.0,36300.0,5.0,22612.5,429637.5,326700.0
ITM-0008268,ORD-002278,PRD-0050,21,1200.0,650.0,7.5,1890.0,23310.0,13650.0
ITM-0008269,ORD-002278,PRD-0021,10,151550.0,109750.0,12.5,189437.5,1326062.5,1097500.0
ITM-0008270,ORD-002279,PRD-0018,14,39400.0,29550.0,5.0,27580.0,524020.0,413700.0
ITM-0008271,ORD-002279,PRD-0037,69,7650.0,5500.0,10.0,52785.0,475065.0,379500.0
ITM-0008272,ORD-002279,PRD-0009,17,75050.0,56000.0,5.0,63792.5,1212057.5,952000.0
ITM-0008273,ORD-002279,PRD-0040,10,70550.0,49600.0,5.0,35275.0,670225.0,496000.0
ITM-0008274,ORD-002279,PRD-0007,14,33250.0,23700.0,2.5,11637.5,453862.5,331800.0
ITM-0008275,ORD-002280,PRD-0030,33,35850.0,25550.0,2.5,29576.25,1153473.75,843150.0
ITM-0008276,ORD-002280,PRD-0062,16,13700.0,9000.0,12.5,27400.0,191800.0,144000.0
ITM-0008277,ORD-002280,PRD-0008,13,11400.0,7800.0,7.5,11115.0,137085.0,101400.0
ITM-0008278,ORD-002280,PRD-0007,13,33250.0,23700.0,5.0,21612.5,410637.5,308100.0
ITM-0008279,ORD-002280,PRD-0053,11,50250.0,36300.0,2.5,13818.75,538931.25,399300.0
ITM-0008280,ORD-002280,PRD-0014,13,199750.0,146450.0,0.0,0.0,2596750.0,1903850.0
ITM-0008281,ORD-002280,PRD-0047,9,67750.0,48250.0,0.0,0.0,609750.0,434250.0
ITM-0008282,ORD-002281,PRD-0008,7,11400.0,7800.0,10.0,7980.0,71820.0,54600.0
ITM-0008283,ORD-002281,PRD-0011,2,50250.0,35950.0,7.5,7537.5,92962.5,71900.0
ITM-0008284,ORD-002281,PRD-0007,14,33250.0,23700.0,12.5,58187.5,407312.5,331800.0
ITM-0008285,ORD-002282,PRD-0031,27,1600.0,900.0,0.0,0.0,43200.0,24300.0
ITM-0008286,ORD-002282,PRD-0037,52,7650.0,5500.0,0.0,0.0,397800.0,286000.0
ITM-0008287,ORD-002282,PRD-0052,2,40400.0,29250.0,0.0,0.0,80800.0,58500.0
ITM-0008288,ORD-002282,PRD-0023,2,46600.0,33950.0,5.0,4660.0,88540.0,67900.0
ITM-0008289,ORD-002283,PRD-0034,10,2800.0,1650.0,7.5,2100.0,25900.0,16500.0
ITM-0008290,ORD-002283,PRD-0026,36,5050.0,3050.0,0.0,0.0,181800.0,109800.0
ITM-0008291,ORD-002283,PRD-0038,10,32300.0,22650.0,5.0,16150.0,306850.0,226500.0
ITM-0008292,ORD-002284,PRD-0050,18,1200.0,650.0,10.0,2160.0,19440.0,11700.0
ITM-0008293,ORD-002284,PRD-0049,16,2250.0,1400.0,0.0,0.0,36000.0,22400.0
ITM-0008294,ORD-002284,PRD-0007,7,33250.0,23700.0,7.5,17456.25,215293.75,165900.0
ITM-0008295,ORD-002285,PRD-0032,8,383350.0,305700.0,10.0,306680.0,2760120.0,2445600.0
ITM-0008296,ORD-002286,PRD-0034,8,2800.0,1650.0,0.0,0.0,22400.0,13200.0
ITM-0008297,ORD-002286,PRD-0045,29,4400.0,2800.0,5.0,6380.0,121220.0,81200.0
ITM-0008298,ORD-002286,PRD-0069,8,41700.0,30300.0,7.5,25020.0,308580.0,242400.0
ITM-0008299,ORD-002286,PRD-0037,16,7650.0,5500.0,0.0,0.0,122400.0,88000.0
ITM-0008300,ORD-002286,PRD-0009,13,75050.0,56000.0,5.0,48782.5,926867.5,728000.0
ITM-0008301,ORD-002286,PRD-0006,8,27000.0,19650.0,7.5,16200.0,199800.0,157200.0
ITM-0008302,ORD-002287,PRD-0027,64,11500.0,7200.0,2.5,18400.0,717600.0,460800.0
ITM-0008303,ORD-002287,PRD-0069,10,41700.0,30300.0,7.5,31275.0,385725.0,303000.0
ITM-0008304,ORD-002287,PRD-0008,13,11400.0,7800.0,2.5,3705.0,144495.0,101400.0
ITM-0008305,ORD-002287,PRD-0057,20,25450.0,17350.0,10.0,50900.0,458100.0,347000.0
ITM-0008306,ORD-002287,PRD-0032,20,383350.0,305700.0,7.5,575025.0,7091975.0,6114000.0
ITM-0008307,ORD-002287,PRD-0034,20,2800.0,1650.0,10.0,5600.0,50400.0,33000.0
ITM-0008308,ORD-002287,PRD-0064,20,40250.0,28850.0,10.0,80500.0,724500.0,577000.0
ITM-0008309,ORD-002288,PRD-0009,12,75050.0,56000.0,10.0,90060.0,810540.0,672000.0
ITM-0008310,ORD-002288,PRD-0030,12,35850.0,25550.0,0.0,0.0,430200.0,306600.0
ITM-0008311,ORD-002288,PRD-0022,14,13950.0,9250.0,10.0,19530.0,175770.0,129500.0
ITM-0008312,ORD-002288,PRD-0058,7,28050.0,19450.0,12.5,24543.75,171806.25,136150.0
ITM-0008313,ORD-002288,PRD-0007,5,33250.0,23700.0,5.0,8312.5,157937.5,118500.0
ITM-0008314,ORD-002289,PRD-0034,4,2800.0,1650.0,10.0,1120.0,10080.0,6600.0
ITM-0008315,ORD-002290,PRD-0058,11,28050.0,19450.0,2.5,7713.75,300836.25,213950.0
ITM-0008316,ORD-002290,PRD-0037,22,7650.0,5500.0,2.5,4207.5,164092.5,121000.0
ITM-0008317,ORD-002291,PRD-0005,19,11500.0,7900.0,0.0,0.0,218500.0,150100.0
ITM-0008318,ORD-002291,PRD-0049,39,2250.0,1400.0,0.0,0.0,87750.0,54600.0
ITM-0008319,ORD-002291,PRD-0013,26,8750.0,5350.0,7.5,17062.5,210437.5,139100.0
ITM-0008320,ORD-002291,PRD-0011,3,50250.0,35950.0,12.5,18843.75,131906.25,107850.0
ITM-0008321,ORD-002292,PRD-0007,2,33250.0,23700.0,7.5,4987.5,61512.5,47400.0
ITM-0008322,ORD-002292,PRD-0016,2,18750.0,12900.0,12.5,4687.5,32812.5,25800.0
ITM-0008323,ORD-002292,PRD-0048,2,160400.0,117650.0,5.0,16040.0,304760.0,235300.0
ITM-0008324,ORD-002292,PRD-0039,14,13350.0,9100.0,5.0,9345.0,177555.0,127400.0
ITM-0008325,ORD-002293,PRD-0034,2,2800.0,1650.0,5.0,280.0,5320.0,3300.0
ITM-0008326,ORD-002293,PRD-0004,8,7100.0,4600.0,12.5,7100.0,49700.0,36800.0
ITM-0008327,ORD-002293,PRD-0027,49,11500.0,7200.0,10.0,56350.0,507150.0,352800.0
ITM-0008328,ORD-002294,PRD-0045,7,4400.0,2800.0,5.0,1540.0,29260.0,19600.0
ITM-0008329,ORD-002294,PRD-0037,7,7650.0,5500.0,10.0,5355.0,48195.0,38500.0
ITM-0008330,ORD-002295,PRD-0009,1,75050.0,56000.0,5.0,3752.5,71297.5,56000.0
ITM-0008331,ORD-002296,PRD-0037,23,7650.0,5500.0,10.0,17595.0,158355.0,126500.0
ITM-0008332,ORD-002296,PRD-0014,2,199750.0,146450.0,7.5,29962.5,369537.5,292900.0
ITM-0008333,ORD-002297,PRD-0060,4,16450.0,11150.0,0.0,0.0,65800.0,44600.0
ITM-0008334,ORD-002297,PRD-0034,7,2800.0,1650.0,10.0,1960.0,17640.0,11550.0
ITM-0008335,ORD-002298,PRD-0005,4,11500.0,7900.0,12.5,5750.0,40250.0,31600.0
ITM-0008336,ORD-002298,PRD-0037,7,7650.0,5500.0,5.0,2677.5,50872.5,38500.0
ITM-0008337,ORD-002298,PRD-0033,6,88100.0,66350.0,5.0,26430.0,502170.0,398100.0
ITM-0008338,ORD-002299,PRD-0045,35,4400.0,2800.0,5.0,7700.0,146300.0,98000.0
ITM-0008339,ORD-002299,PRD-0050,27,1200.0,650.0,5.0,1620.0,30780.0,17550.0
ITM-0008340,ORD-002300,PRD-0066,8,5300.0,3250.0,12.5,5300.0,37100.0,26000.0
ITM-0008341,ORD-002300,PRD-0015,14,19300.0,12700.0,10.0,27020.0,243180.0,177800.0
ITM-0008342,ORD-002300,PRD-0007,8,33250.0,23700.0,2.5,6650.0,259350.0,189600.0
ITM-0008343,ORD-002300,PRD-0060,3,16450.0,11150.0,0.0,0.0,49350.0,33450.0
ITM-0008344,ORD-002301,PRD-0007,1,33250.0,23700.0,2.5,831.25,32418.75,23700.0
ITM-0008345,ORD-002301,PRD-0006,6,27000.0,19650.0,5.0,8100.0,153900.0,117900.0
ITM-0008346,ORD-002301,PRD-0047,7,67750.0,48250.0,2.5,11856.25,462393.75,337750.0
ITM-0008347,ORD-002301,PRD-0053,7,50250.0,36300.0,0.0,0.0,351750.0,254100.0
ITM-0008348,ORD-002302,PRD-0034,4,2800.0,1650.0,0.0,0.0,11200.0,6600.0
ITM-0008349,ORD-002303,PRD-0069,11,41700.0,30300.0,0.0,0.0,458700.0,333300.0
ITM-0008350,ORD-002303,PRD-0009,2,75050.0,56000.0,10.0,15010.0,135090.0,112000.0
ITM-0008351,ORD-002303,PRD-0038,11,32300.0,22650.0,7.5,26647.5,328652.5,249150.0
ITM-0008352,ORD-002303,PRD-0030,6,35850.0,25550.0,5.0,10755.0,204345.0,153300.0
ITM-0008353,ORD-002303,PRD-0013,17,8750.0,5350.0,5.0,7437.5,141312.5,90950.0
ITM-0008354,ORD-002303,PRD-0012,2,42850.0,31750.0,2.5,2142.5,83557.5,63500.0
ITM-0008355,ORD-002304,PRD-0066,10,5300.0,3250.0,7.5,3975.0,49025.0,32500.0
ITM-0008356,ORD-002304,PRD-0010,8,50450.0,37650.0,2.5,10090.0,393510.0,301200.0
ITM-0008357,ORD-002304,PRD-0005,14,11500.0,7900.0,7.5,12075.0,148925.0,110600.0
ITM-0008358,ORD-002304,PRD-0034,3,2800.0,1650.0,2.5,210.0,8190.0,4950.0
ITM-0008359,ORD-002305,PRD-0030,13,35850.0,25550.0,5.0,23302.5,442747.5,332150.0
ITM-0008360,ORD-002305,PRD-0040,5,70550.0,49600.0,2.5,8818.75,343931.25,248000.0
ITM-0008361,ORD-002306,PRD-0057,20,25450.0,17350.0,5.0,25450.0,483550.0,347000.0
ITM-0008362,ORD-002306,PRD-0037,83,7650.0,5500.0,2.5,15873.75,619076.25,456500.0
ITM-0008363,ORD-002306,PRD-0034,17,2800.0,1650.0,7.5,3570.0,44030.0,28050.0
ITM-0008364,ORD-002306,PRD-0005,26,11500.0,7900.0,7.5,22425.0,276575.0,205400.0
ITM-0008365,ORD-002306,PRD-0032,3,383350.0,305700.0,12.5,143756.25,1006293.75,917100.0
ITM-0008366,ORD-002307,PRD-0066,17,5300.0,3250.0,12.5,11262.5,78837.5,55250.0
ITM-0008367,ORD-002308,PRD-0026,47,5050.0,3050.0,5.0,11867.5,225482.5,143350.0
ITM-0008368,ORD-002309,PRD-0065,31,9000.0,5800.0,0.0,0.0,279000.0,179800.0
ITM-0008369,ORD-002309,PRD-0009,8,75050.0,56000.0,5.0,30020.0,570380.0,448000.0
ITM-0008370,ORD-002309,PRD-0060,4,16450.0,11150.0,2.5,1645.0,64155.0,44600.0
ITM-0008371,ORD-002310,PRD-0023,1,46600.0,33950.0,12.5,5825.0,40775.0,33950.0
ITM-0008372,ORD-002310,PRD-0051,27,7700.0,4850.0,7.5,15592.5,192307.5,130950.0
ITM-0008373,ORD-002311,PRD-0016,6,18750.0,12900.0,5.0,5625.0,106875.0,77400.0
ITM-0008374,ORD-002312,PRD-0003,5,88300.0,65000.0,0.0,0.0,441500.0,325000.0
ITM-0008375,ORD-002312,PRD-0038,7,32300.0,22650.0,0.0,0.0,226100.0,158550.0
ITM-0008376,ORD-002313,PRD-0003,7,88300.0,65000.0,12.5,77262.5,540837.5,455000.0
ITM-0008377,ORD-002313,PRD-0004,9,7100.0,4600.0,5.0,3195.0,60705.0,41400.0
ITM-0008378,ORD-002313,PRD-0014,9,199750.0,146450.0,5.0,89887.5,1707862.5,1318050.0
ITM-0008379,ORD-002313,PRD-0026,47,5050.0,3050.0,7.5,17801.25,219548.75,143350.0
ITM-0008380,ORD-002313,PRD-0045,35,4400.0,2800.0,10.0,15400.0,138600.0,98000.0
ITM-0008381,ORD-002314,PRD-0008,5,11400.0,7800.0,2.5,1425.0,55575.0,39000.0
ITM-0008382,ORD-002314,PRD-0005,3,11500.0,7900.0,0.0,0.0,34500.0,23700.0
ITM-0008383,ORD-002315,PRD-0017,25,15250.0,10000.0,2.5,9531.25,371718.75,250000.0
ITM-0008384,ORD-002315,PRD-0013,58,8750.0,5350.0,0.0,0.0,507500.0,310300.0
ITM-0008385,ORD-002315,PRD-0027,74,11500.0,7200.0,2.5,21275.0,829725.0,532800.0
ITM-0008386,ORD-002316,PRD-0063,30,12650.0,8000.0,2.5,9487.5,370012.5,240000.0
ITM-0008387,ORD-002316,PRD-0053,8,50250.0,36300.0,2.5,10050.0,391950.0,290400.0
ITM-0008388,ORD-002317,PRD-0069,7,41700.0,30300.0,2.5,7297.5,284602.5,212100.0
ITM-0008389,ORD-002318,PRD-0007,19,33250.0,23700.0,5.0,31587.5,600162.5,450300.0
ITM-0008390,ORD-002318,PRD-0001,12,49000.0,35150.0,0.0,0.0,588000.0,421800.0
ITM-0008391,ORD-002319,PRD-0009,8,75050.0,56000.0,0.0,0.0,600400.0,448000.0
ITM-0008392,ORD-002319,PRD-0034,8,2800.0,1650.0,12.5,2800.0,19600.0,13200.0
ITM-0008393,ORD-002320,PRD-0012,3,42850.0,31750.0,0.0,0.0,128550.0,95250.0
ITM-0008394,ORD-002321,PRD-0027,42,11500.0,7200.0,10.0,48300.0,434700.0,302400.0
ITM-0008395,ORD-002321,PRD-0069,18,41700.0,30300.0,7.5,56295.0,694305.0,545400.0
ITM-0008396,ORD-002321,PRD-0034,9,2800.0,1650.0,0.0,0.0,25200.0,14850.0
ITM-0008397,ORD-002321,PRD-0037,57,7650.0,5500.0,0.0,0.0,436050.0,313500.0
ITM-0008398,ORD-002321,PRD-0036,15,170650.0,122850.0,7.5,191981.25,2367768.75,1842750.0
ITM-0008399,ORD-002321,PRD-0033,18,88100.0,66350.0,0.0,0.0,1585800.0,1194300.0
ITM-0008400,ORD-002321,PRD-0006,12,27000.0,19650.0,7.5,24300.0,299700.0,235800.0
ITM-0008401,ORD-002322,PRD-0007,5,33250.0,23700.0,2.5,4156.25,162093.75,118500.0
ITM-0008402,ORD-002322,PRD-0005,15,11500.0,7900.0,7.5,12937.5,159562.5,118500.0
ITM-0008403,ORD-002323,PRD-0007,1,33250.0,23700.0,2.5,831.25,32418.75,23700.0
ITM-0008404,ORD-002324,PRD-0005,9,11500.0,7900.0,7.5,7762.5,95737.5,71100.0
ITM-0008405,ORD-002324,PRD-0036,13,170650.0,122850.0,2.5,55461.25,2162988.75,1597050.0
ITM-0008406,ORD-002324,PRD-0034,4,2800.0,1650.0,7.5,840.0,10360.0,6600.0
ITM-0008407,ORD-002324,PRD-0021,13,151550.0,109750.0,2.5,49253.75,1920896.25,1426750.0
ITM-0008408,ORD-002324,PRD-0031,20,1600.0,900.0,0.0,0.0,32000.0,18000.0
ITM-0008409,ORD-002324,PRD-0052,4,40400.0,29250.0,10.0,16160.0,145440.0,117000.0
ITM-0008410,ORD-002325,PRD-0034,3,2800.0,1650.0,10.0,840.0,7560.0,4950.0
ITM-0008411,ORD-002326,PRD-0010,6,50450.0,37650.0,10.0,30270.0,272430.0,225900.0
ITM-0008412,ORD-002326,PRD-0007,9,33250.0,23700.0,0.0,0.0,299250.0,213300.0
ITM-0008413,ORD-002326,PRD-0059,9,1850.0,1050.0,5.0,832.5,15817.5,9450.0
ITM-0008414,ORD-002327,PRD-0066,16,5300.0,3250.0,2.5,2120.0,82680.0,52000.0
ITM-0008415,ORD-002327,PRD-0031,17,1600.0,900.0,2.5,680.0,26520.0,15300.0
ITM-0008416,ORD-002327,PRD-0067,4,2050.0,1250.0,0.0,0.0,8200.0,5000.0
ITM-0008417,ORD-002327,PRD-0027,25,11500.0,7200.0,0.0,0.0,287500.0,180000.0
ITM-0008418,ORD-002327,PRD-0017,7,15250.0,10000.0,10.0,10675.0,96075.0,70000.0
ITM-0008419,ORD-002328,PRD-0032,5,383350.0,305700.0,0.0,0.0,1916750.0,1528500.0
ITM-0008420,ORD-002328,PRD-0054,35,6000.0,4000.0,7.5,15750.0,194250.0,140000.0
ITM-0008421,ORD-002328,PRD-0023,5,46600.0,33950.0,2.5,5825.0,227175.0,169750.0
ITM-0008422,ORD-002328,PRD-0063,38,12650.0,8000.0,2.5,12017.5,468682.5,304000.0
ITM-0008423,ORD-002328,PRD-0052,14,40400.0,29250.0,0.0,0.0,565600.0,409500.0
ITM-0008424,ORD-002328,PRD-0045,14,4400.0,2800.0,2.5,1540.0,60060.0,39200.0
ITM-0008425,ORD-002328,PRD-0069,14,41700.0,30300.0,12.5,72975.0,510825.0,424200.0
ITM-0008426,ORD-002329,PRD-0018,20,39400.0,29550.0,7.5,59100.0,728900.0,591000.0
ITM-0008427,ORD-002329,PRD-0034,12,2800.0,1650.0,5.0,1680.0,31920.0,19800.0
ITM-0008428,ORD-002329,PRD-0050,33,1200.0,650.0,0.0,0.0,39600.0,21450.0
ITM-0008429,ORD-002329,PRD-0064,20,40250.0,28850.0,10.0,80500.0,724500.0,577000.0
ITM-0008430,ORD-002329,PRD-0060,16,16450.0,11150.0,0.0,0.0,263200.0,178400.0
ITM-0008431,ORD-002330,PRD-0005,11,11500.0,7900.0,10.0,12650.0,113850.0,86900.0
ITM-0008432,ORD-002330,PRD-0011,9,50250.0,35950.0,0.0,0.0,452250.0,323550.0
ITM-0008433,ORD-002330,PRD-0037,9,7650.0,5500.0,5.0,3442.5,65407.5,49500.0
ITM-0008434,ORD-002330,PRD-0027,21,11500.0,7200.0,2.5,6037.5,235462.5,151200.0
ITM-0008435,ORD-002330,PRD-0066,14,5300.0,3250.0,7.5,5565.0,68635.0,45500.0
ITM-0008436,ORD-002331,PRD-0033,11,88100.0,66350.0,5.0,48455.0,920645.0,729850.0
ITM-0008437,ORD-002331,PRD-0045,13,4400.0,2800.0,2.5,1430.0,55770.0,36400.0
ITM-0008438,ORD-002332,PRD-0034,9,2800.0,1650.0,5.0,1260.0,23940.0,14850.0
ITM-0008439,ORD-002332,PRD-0027,56,11500.0,7200.0,0.0,0.0,644000.0,403200.0
ITM-0008440,ORD-002332,PRD-0053,6,50250.0,36300.0,0.0,0.0,301500.0,217800.0
ITM-0008441,ORD-002333,PRD-0004,8,7100.0,4600.0,0.0,0.0,56800.0,36800.0
ITM-0008442,ORD-002334,PRD-0036,7,170650.0,122850.0,12.5,149318.75,1045231.25,859950.0
ITM-0008443,ORD-002334,PRD-0009,9,75050.0,56000.0,12.5,84431.25,591018.75,504000.0
ITM-0008444,ORD-002335,PRD-0006,2,27000.0,19650.0,2.5,1350.0,52650.0,39300.0
ITM-0008445,ORD-002335,PRD-0036,7,170650.0,122850.0,10.0,119455.0,1075095.0,859950.0
ITM-0008446,ORD-002335,PRD-0048,5,160400.0,117650.0,5.0,40100.0,761900.0,588250.0
ITM-0008447,ORD-002335,PRD-0045,25,4400.0,2800.0,0.0,0.0,110000.0,70000.0
ITM-0008448,ORD-002336,PRD-0058,2,28050.0,19450.0,12.5,7012.5,49087.5,38900.0
ITM-0008449,ORD-002336,PRD-0037,21,7650.0,5500.0,2.5,4016.25,156633.75,115500.0
ITM-0008450,ORD-002336,PRD-0040,4,70550.0,49600.0,0.0,0.0,282200.0,198400.0
ITM-0008451,ORD-002337,PRD-0008,9,11400.0,7800.0,7.5,7695.0,94905.0,70200.0
ITM-0008452,ORD-002337,PRD-0030,31,35850.0,25550.0,10.0,111135.0,1000215.0,792050.0
ITM-0008453,ORD-002337,PRD-0007,15,33250.0,23700.0,0.0,0.0,498750.0,355500.0
ITM-0008454,ORD-002337,PRD-0050,43,1200.0,650.0,10.0,5160.0,46440.0,27950.0
ITM-0008455,ORD-002337,PRD-0058,3,28050.0,19450.0,10.0,8415.0,75735.0,58350.0
ITM-0008456,ORD-002337,PRD-0046,12,141200.0,107400.0,10.0,169440.0,1524960.0,1288800.0
ITM-0008457,ORD-002338,PRD-0066,36,5300.0,3250.0,5.0,9540.0,181260.0,117000.0
ITM-0008458,ORD-002338,PRD-0045,30,4400.0,2800.0,2.5,3300.0,128700.0,84000.0
ITM-0008459,ORD-002338,PRD-0007,3,33250.0,23700.0,5.0,4987.5,94762.5,71100.0
ITM-0008460,ORD-002338,PRD-0068,10,29000.0,20900.0,0.0,0.0,290000.0,209000.0
ITM-0008461,ORD-002338,PRD-0043,7,35950.0,25500.0,10.0,25165.0,226485.0,178500.0
ITM-0008462,ORD-002339,PRD-0005,10,11500.0,7900.0,5.0,5750.0,109250.0,79000.0
ITM-0008463,ORD-002339,PRD-0026,10,5050.0,3050.0,5.0,2525.0,47975.0,30500.0
ITM-0008464,ORD-002339,PRD-0066,16,5300.0,3250.0,7.5,6360.0,78440.0,52000.0
ITM-0008465,ORD-002339,PRD-0034,7,2800.0,1650.0,5.0,980.0,18620.0,11550.0
ITM-0008466,ORD-002340,PRD-0040,1,70550.0,49600.0,7.5,5291.25,65258.75,49600.0
ITM-0008467,ORD-002340,PRD-0005,13,11500.0,7900.0,2.5,3737.5,145762.5,102700.0
ITM-0008468,ORD-002341,PRD-0069,3,41700.0,30300.0,0.0,0.0,125100.0,90900.0
ITM-0008469,ORD-002341,PRD-0005,13,11500.0,7900.0,2.5,3737.5,145762.5,102700.0
ITM-0008470,ORD-002341,PRD-0029,10,30900.0,21650.0,10.0,30900.0,278100.0,216500.0
ITM-0008471,ORD-002341,PRD-0009,20,75050.0,56000.0,2.5,37525.0,1463475.0,1120000.0
ITM-0008472,ORD-002341,PRD-0022,10,13950.0,9250.0,2.5,3487.5,136012.5,92500.0
ITM-0008473,ORD-002342,PRD-0052,8,40400.0,29250.0,7.5,24240.0,298960.0,234000.0
ITM-0008474,ORD-002343,PRD-0059,24,1850.0,1050.0,2.5,1110.0,43290.0,25200.0
ITM-0008475,ORD-002343,PRD-0063,15,12650.0,8000.0,5.0,9487.5,180262.5,120000.0
ITM-0008476,ORD-002343,PRD-0034,4,2800.0,1650.0,7.5,840.0,10360.0,6600.0
ITM-0008477,ORD-002343,PRD-0030,21,35850.0,25550.0,0.0,0.0,752850.0,536550.0
ITM-0008478,ORD-002343,PRD-0069,4,41700.0,30300.0,7.5,12510.0,154290.0,121200.0
ITM-0008479,ORD-002343,PRD-0047,9,67750.0,48250.0,5.0,30487.5,579262.5,434250.0
ITM-0008480,ORD-002343,PRD-0049,8,2250.0,1400.0,2.5,450.0,17550.0,11200.0
ITM-0008481,ORD-002344,PRD-0058,18,28050.0,19450.0,0.0,0.0,504900.0,350100.0
ITM-0008482,ORD-002344,PRD-0009,12,75050.0,56000.0,5.0,45030.0,855570.0,672000.0
ITM-0008483,ORD-002344,PRD-0014,9,199750.0,146450.0,5.0,89887.5,1707862.5,1318050.0
ITM-0008484,ORD-002344,PRD-0066,36,5300.0,3250.0,5.0,9540.0,181260.0,117000.0
ITM-0008485,ORD-002344,PRD-0034,15,2800.0,1650.0,5.0,2100.0,39900.0,24750.0
ITM-0008486,ORD-002344,PRD-0065,39,9000.0,5800.0,5.0,17550.0,333450.0,226200.0
ITM-0008487,ORD-002345,PRD-0032,4,383350.0,305700.0,7.5,115005.0,1418395.0,1222800.0
ITM-0008488,ORD-002345,PRD-0066,17,5300.0,3250.0,12.5,11262.5,78837.5,55250.0
ITM-0008489,ORD-002345,PRD-0057,6,25450.0,17350.0,10.0,15270.0,137430.0,104100.0
ITM-0008490,ORD-002345,PRD-0053,8,50250.0,36300.0,7.5,30150.0,371850.0,290400.0
ITM-0008491,ORD-002346,PRD-0030,4,35850.0,25550.0,10.0,14340.0,129060.0,102200.0
ITM-0008492,ORD-002346,PRD-0053,5,50250.0,36300.0,10.0,25125.0,226125.0,181500.0
ITM-0008493,ORD-002346,PRD-0067,12,2050.0,1250.0,0.0,0.0,24600.0,15000.0
ITM-0008494,ORD-002347,PRD-0045,32,4400.0,2800.0,10.0,14080.0,126720.0,89600.0
ITM-0008495,ORD-002347,PRD-0031,48,1600.0,900.0,12.5,9600.0,67200.0,43200.0
ITM-0008496,ORD-002347,PRD-0043,8,35950.0,25500.0,2.5,7190.0,280410.0,204000.0
ITM-0008497,ORD-002347,PRD-0016,24,18750.0,12900.0,7.5,33750.0,416250.0,309600.0
ITM-0008498,ORD-002347,PRD-0011,12,50250.0,35950.0,7.5,45225.0,557775.0,431400.0
ITM-0008499,ORD-002347,PRD-0037,81,7650.0,5500.0,0.0,0.0,619650.0,445500.0
ITM-0008500,ORD-002348,PRD-0052,14,40400.0,29250.0,5.0,28280.0,537320.0,409500.0
ITM-0008501,ORD-002348,PRD-0038,3,32300.0,22650.0,5.0,4845.0,92055.0,67950.0
ITM-0008502,ORD-002348,PRD-0066,24,5300.0,3250.0,5.0,6360.0,120840.0,78000.0
ITM-0008503,ORD-002348,PRD-0050,27,1200.0,650.0,5.0,1620.0,30780.0,17550.0
ITM-0008504,ORD-002348,PRD-0045,17,4400.0,2800.0,5.0,3740.0,71060.0,47600.0
ITM-0008505,ORD-002348,PRD-0058,17,28050.0,19450.0,5.0,23842.5,453007.5,330650.0
ITM-0008506,ORD-002349,PRD-0036,8,170650.0,122850.0,5.0,68260.0,1296940.0,982800.0
ITM-0008507,ORD-002349,PRD-0037,17,7650.0,5500.0,10.0,13005.0,117045.0,93500.0
ITM-0008508,ORD-002350,PRD-0017,2,15250.0,10000.0,5.0,1525.0,28975.0,20000.0
ITM-0008509,ORD-002351,PRD-0034,8,2800.0,1650.0,10.0,2240.0,20160.0,13200.0
ITM-0008510,ORD-002351,PRD-0007,6,33250.0,23700.0,10.0,19950.0,179550.0,142200.0
ITM-0008511,ORD-002351,PRD-0037,16,7650.0,5500.0,7.5,9180.0,113220.0,88000.0
ITM-0008512,ORD-002351,PRD-0044,30,3350.0,2000.0,0.0,0.0,100500.0,60000.0
ITM-0008513,ORD-002351,PRD-0031,8,1600.0,900.0,0.0,0.0,12800.0,7200.0
ITM-0008514,ORD-002351,PRD-0045,30,4400.0,2800.0,5.0,6600.0,125400.0,84000.0
ITM-0008515,ORD-002351,PRD-0036,4,170650.0,122850.0,5.0,34130.0,648470.0,491400.0
ITM-0008516,ORD-002352,PRD-0026,17,5050.0,3050.0,7.5,6438.75,79411.25,51850.0
ITM-0008517,ORD-002353,PRD-0021,6,151550.0,109750.0,10.0,90930.0,818370.0,658500.0
ITM-0008518,ORD-002353,PRD-0034,6,2800.0,1650.0,0.0,0.0,16800.0,9900.0
ITM-0008519,ORD-002353,PRD-0051,10,7700.0,4850.0,5.0,3850.0,73150.0,48500.0
ITM-0008520,ORD-002354,PRD-0061,15,5600.0,3650.0,10.0,8400.0,75600.0,54750.0
ITM-0008521,ORD-002354,PRD-0069,9,41700.0,30300.0,10.0,37530.0,337770.0,272700.0
ITM-0008522,ORD-002354,PRD-0063,51,12650.0,8000.0,0.0,0.0,645150.0,408000.0
ITM-0008523,ORD-002354,PRD-0057,13,25450.0,17350.0,7.5,24813.75,306036.25,225550.0
ITM-0008524,ORD-002355,PRD-0063,17,12650.0,8000.0,0.0,0.0,215050.0,136000.0
ITM-0008525,ORD-002355,PRD-0049,27,2250.0,1400.0,5.0,3037.5,57712.5,37800.0
ITM-0008526,ORD-002355,PRD-0045,40,4400.0,2800.0,10.0,17600.0,158400.0,112000.0
ITM-0008527,ORD-002356,PRD-0003,16,88300.0,65000.0,0.0,0.0,1412800.0,1040000.0
ITM-0008528,ORD-002356,PRD-0030,32,35850.0,25550.0,0.0,0.0,1147200.0,817600.0
ITM-0008529,ORD-002356,PRD-0007,24,33250.0,23700.0,5.0,39900.0,758100.0,568800.0
ITM-0008530,ORD-002356,PRD-0060,8,16450.0,11150.0,7.5,9870.0,121730.0,89200.0
ITM-0008531,ORD-002356,PRD-0027,89,11500.0,7200.0,5.0,51175.0,972325.0,640800.0
ITM-0008532,ORD-002357,PRD-0023,9,46600.0,33950.0,5.0,20970.0,398430.0,305550.0
ITM-0008533,ORD-002357,PRD-0037,52,7650.0,5500.0,2.5,9945.0,387855.0,286000.0
ITM-0008534,ORD-002357,PRD-0057,5,25450.0,17350.0,0.0,0.0,127250.0,86750.0
ITM-0008535,ORD-002357,PRD-0005,23,11500.0,7900.0,10.0,26450.0,238050.0,181700.0
ITM-0008536,ORD-002358,PRD-0007,4,33250.0,23700.0,0.0,0.0,133000.0,94800.0
ITM-0008537,ORD-002359,PRD-0038,21,32300.0,22650.0,2.5,16957.5,661342.5,475650.0
ITM-0008538,ORD-002359,PRD-0034,18,2800.0,1650.0,0.0,0.0,50400.0,29700.0
ITM-0008539,ORD-002360,PRD-0034,4,2800.0,1650.0,5.0,560.0,10640.0,6600.0
ITM-0008540,ORD-002360,PRD-0020,6,31900.0,22100.0,10.0,19140.0,172260.0,132600.0
ITM-0008541,ORD-002360,PRD-0048,11,160400.0,117650.0,5.0,88220.0,1676180.0,1294150.0
ITM-0008542,ORD-002360,PRD-0005,26,11500.0,7900.0,0.0,0.0,299000.0,205400.0
ITM-0008543,ORD-002360,PRD-0069,11,41700.0,30300.0,5.0,22935.0,435765.0,333300.0
ITM-0008544,ORD-002360,PRD-0009,6,75050.0,56000.0,0.0,0.0,450300.0,336000.0
ITM-0008545,ORD-002361,PRD-0034,8,2800.0,1650.0,2.5,560.0,21840.0,13200.0
ITM-0008546,ORD-002361,PRD-0063,50,12650.0,8000.0,7.5,47437.5,585062.5,400000.0
ITM-0008547,ORD-002361,PRD-0004,31,7100.0,4600.0,7.5,16507.5,203592.5,142600.0
ITM-0008548,ORD-002362,PRD-0059,10,1850.0,1050.0,7.5,1387.5,17112.5,10500.0
ITM-0008549,ORD-002362,PRD-0056,5,16900.0,12000.0,5.0,4225.0,80275.0,60000.0
ITM-0008550,ORD-002362,PRD-0027,8,11500.0,7200.0,2.5,2300.0,89700.0,57600.0
ITM-0008551,ORD-002363,PRD-0060,2,16450.0,11150.0,0.0,0.0,32900.0,22300.0
ITM-0008552,ORD-002363,PRD-0058,13,28050.0,19450.0,2.5,9116.25,355533.75,252850.0
ITM-0008553,ORD-002363,PRD-0066,28,5300.0,3250.0,5.0,7420.0,140980.0,91000.0
ITM-0008554,ORD-002364,PRD-0016,2,18750.0,12900.0,0.0,0.0,37500.0,25800.0
ITM-0008555,ORD-002365,PRD-0032,12,383350.0,305700.0,2.5,115005.0,4485195.0,3668400.0
ITM-0008556,ORD-002365,PRD-0004,6,7100.0,4600.0,10.0,4260.0,38340.0,27600.0
ITM-0008557,ORD-002365,PRD-0013,29,8750.0,5350.0,12.5,31718.75,222031.25,155150.0
ITM-0008558,ORD-002366,PRD-0034,6,2800.0,1650.0,7.5,1260.0,15540.0,9900.0
ITM-0008559,ORD-002366,PRD-0032,12,383350.0,305700.0,12.5,575025.0,4025175.0,3668400.0
ITM-0008560,ORD-002366,PRD-0005,37,11500.0,7900.0,5.0,21275.0,404225.0,292300.0
ITM-0008561,ORD-002366,PRD-0007,18,33250.0,23700.0,7.5,44887.5,553612.5,426600.0
ITM-0008562,ORD-002366,PRD-0037,61,7650.0,5500.0,0.0,0.0,466650.0,335500.0
ITM-0008563,ORD-002366,PRD-0030,43,35850.0,25550.0,10.0,154155.0,1387395.0,1098650.0
ITM-0008564,ORD-002366,PRD-0069,6,41700.0,30300.0,5.0,12510.0,237690.0,181800.0
ITM-0008565,ORD-002367,PRD-0005,10,11500.0,7900.0,2.5,2875.0,112125.0,79000.0
ITM-0008566,ORD-002367,PRD-0007,4,33250.0,23700.0,2.5,3325.0,129675.0,94800.0
ITM-0008567,ORD-002367,PRD-0023,7,46600.0,33950.0,2.5,8155.0,318045.0,237650.0
ITM-0008568,ORD-002367,PRD-0060,3,16450.0,11150.0,0.0,0.0,49350.0,33450.0
ITM-0008569,ORD-002368,PRD-0009,3,75050.0,56000.0,10.0,22515.0,202635.0,168000.0
ITM-0008570,ORD-002369,PRD-0034,4,2800.0,1650.0,2.5,280.0,10920.0,6600.0
ITM-0008571,ORD-002369,PRD-0058,18,28050.0,19450.0,5.0,25245.0,479655.0,350100.0
ITM-0008572,ORD-002369,PRD-0027,39,11500.0,7200.0,2.5,11212.5,437287.5,280800.0
ITM-0008573,ORD-002369,PRD-0015,21,19300.0,12700.0,5.0,20265.0,385035.0,266700.0
ITM-0008574,ORD-002369,PRD-0066,46,5300.0,3250.0,2.5,6095.0,237705.0,149500.0
ITM-0008575,ORD-002369,PRD-0009,11,75050.0,56000.0,7.5,61916.25,763633.75,616000.0
ITM-0008576,ORD-002370,PRD-0044,25,3350.0,2000.0,0.0,0.0,83750.0,50000.0
ITM-0008577,ORD-002370,PRD-0026,27,5050.0,3050.0,0.0,0.0,136350.0,82350.0
ITM-0008578,ORD-002370,PRD-0023,2,46600.0,33950.0,5.0,4660.0,88540.0,67900.0
ITM-0008579,ORD-002370,PRD-0053,10,50250.0,36300.0,10.0,50250.0,452250.0,363000.0
ITM-0008580,ORD-002370,PRD-0019,25,2950.0,1850.0,10.0,7375.0,66375.0,46250.0
ITM-0008581,ORD-002371,PRD-0031,21,1600.0,900.0,5.0,1680.0,31920.0,18900.0
ITM-0008582,ORD-002371,PRD-0037,10,7650.0,5500.0,5.0,3825.0,72675.0,55000.0
ITM-0008583,ORD-002371,PRD-0011,4,50250.0,35950.0,5.0,10050.0,190950.0,143800.0
ITM-0008584,ORD-002371,PRD-0030,15,35850.0,25550.0,5.0,26887.5,510862.5,383250.0
ITM-0008585,ORD-002372,PRD-0028,46,6400.0,4200.0,7.5,22080.0,272320.0,193200.0
ITM-0008586,ORD-002372,PRD-0009,19,75050.0,56000.0,10.0,142595.0,1283355.0,1064000.0
ITM-0008587,ORD-002372,PRD-0013,49,8750.0,5350.0,7.5,32156.25,396593.75,262150.0
ITM-0008588,ORD-002372,PRD-0034,19,2800.0,1650.0,5.0,2660.0,50540.0,31350.0
ITM-0008589,ORD-002372,PRD-0005,38,11500.0,7900.0,12.5,54625.0,382375.0,300200.0
ITM-0008590,ORD-002372,PRD-0040,8,70550.0,49600.0,7.5,42330.0,522070.0,396800.0
ITM-0008591,ORD-002373,PRD-0066,36,5300.0,3250.0,10.0,19080.0,171720.0,117000.0
ITM-0008592,ORD-002373,PRD-0031,33,1600.0,900.0,7.5,3960.0,48840.0,29700.0
ITM-0008593,ORD-002373,PRD-0030,15,35850.0,25550.0,5.0,26887.5,510862.5,383250.0
ITM-0008594,ORD-002373,PRD-0039,36,13350.0,9100.0,5.0,24030.0,456570.0,327600.0
ITM-0008595,ORD-002373,PRD-0058,8,28050.0,19450.0,2.5,5610.0,218790.0,155600.0
ITM-0008596,ORD-002373,PRD-0005,31,11500.0,7900.0,7.5,26737.5,329762.5,244900.0
ITM-0008597,ORD-002374,PRD-0001,16,49000.0,35150.0,5.0,39200.0,744800.0,562400.0
ITM-0008598,ORD-002374,PRD-0069,16,41700.0,30300.0,5.0,33360.0,633840.0,484800.0
ITM-0008599,ORD-002374,PRD-0004,14,7100.0,4600.0,7.5,7455.0,91945.0,64400.0
ITM-0008600,ORD-002374,PRD-0034,11,2800.0,1650.0,0.0,0.0,30800.0,18150.0
ITM-0008601,ORD-002374,PRD-0032,3,383350.0,305700.0,0.0,0.0,1150050.0,917100.0
ITM-0008602,ORD-002374,PRD-0025,8,32700.0,22850.0,0.0,0.0,261600.0,182800.0
ITM-0008603,ORD-002375,PRD-0046,12,141200.0,107400.0,7.5,127080.0,1567320.0,1288800.0
ITM-0008604,ORD-002375,PRD-0007,12,33250.0,23700.0,2.5,9975.0,389025.0,284400.0
ITM-0008605,ORD-002376,PRD-0007,7,33250.0,23700.0,5.0,11637.5,221112.5,165900.0
ITM-0008606,ORD-002376,PRD-0030,44,35850.0,25550.0,0.0,0.0,1577400.0,1124200.0
ITM-0008607,ORD-002376,PRD-0031,22,1600.0,900.0,0.0,0.0,35200.0,19800.0
ITM-0008608,ORD-002376,PRD-0009,4,75050.0,56000.0,0.0,0.0,300200.0,224000.0
ITM-0008609,ORD-002376,PRD-0027,76,11500.0,7200.0,10.0,87400.0,786600.0,547200.0
ITM-0008610,ORD-002376,PRD-0057,22,25450.0,17350.0,7.5,41992.5,517907.5,381700.0
ITM-0008611,ORD-002376,PRD-0014,4,199750.0,146450.0,0.0,0.0,799000.0,585800.0
ITM-0008612,ORD-002377,PRD-0058,3,28050.0,19450.0,10.0,8415.0,75735.0,58350.0
ITM-0008613,ORD-002377,PRD-0069,6,41700.0,30300.0,10.0,25020.0,225180.0,181800.0
ITM-0008614,ORD-002377,PRD-0037,26,7650.0,5500.0,5.0,9945.0,188955.0,143000.0
ITM-0008615,ORD-002378,PRD-0049,3,2250.0,1400.0,0.0,0.0,6750.0,4200.0
ITM-0008616,ORD-002378,PRD-0034,4,2800.0,1650.0,5.0,560.0,10640.0,6600.0
ITM-0008617,ORD-002378,PRD-0040,6,70550.0,49600.0,10.0,42330.0,380970.0,297600.0
ITM-0008618,ORD-002378,PRD-0052,1,40400.0,29250.0,0.0,0.0,40400.0,29250.0
ITM-0008619,ORD-002379,PRD-0053,8,50250.0,36300.0,2.5,10050.0,391950.0,290400.0
ITM-0008620,ORD-002379,PRD-0048,7,160400.0,117650.0,0.0,0.0,1122800.0,823550.0
ITM-0008621,ORD-002379,PRD-0034,5,2800.0,1650.0,5.0,700.0,13300.0,8250.0
ITM-0008622,ORD-002379,PRD-0058,10,28050.0,19450.0,5.0,14025.0,266475.0,194500.0
ITM-0008623,ORD-002379,PRD-0005,11,11500.0,7900.0,2.5,3162.5,123337.5,86900.0
ITM-0008624,ORD-002380,PRD-0034,4,2800.0,1650.0,2.5,280.0,10920.0,6600.0
ITM-0008625,ORD-002380,PRD-0018,3,39400.0,29550.0,0.0,0.0,118200.0,88650.0
ITM-0008626,ORD-002380,PRD-0037,16,7650.0,5500.0,5.0,6120.0,116280.0,88000.0
ITM-0008627,ORD-002380,PRD-0057,3,25450.0,17350.0,5.0,3817.5,72532.5,52050.0
ITM-0008628,ORD-002380,PRD-0005,12,11500.0,7900.0,7.5,10350.0,127650.0,94800.0
ITM-0008629,ORD-002381,PRD-0034,7,2800.0,1650.0,5.0,980.0,18620.0,11550.0
ITM-0008630,ORD-002382,PRD-0030,8,35850.0,25550.0,7.5,21510.0,265290.0,204400.0
ITM-0008631,ORD-002382,PRD-0009,7,75050.0,56000.0,12.5,65668.75,459681.25,392000.0
ITM-0008632,ORD-002382,PRD-0034,4,2800.0,1650.0,0.0,0.0,11200.0,6600.0
ITM-0008633,ORD-002382,PRD-0016,6,18750.0,12900.0,7.5,8437.5,104062.5,77400.0
ITM-0008634,ORD-002382,PRD-0052,5,40400.0,29250.0,5.0,10100.0,191900.0,146250.0
ITM-0008635,ORD-002383,PRD-0021,8,151550.0,109750.0,5.0,60620.0,1151780.0,878000.0
ITM-0008636,ORD-002383,PRD-0013,28,8750.0,5350.0,0.0,0.0,245000.0,149800.0
ITM-0008637,ORD-002383,PRD-0007,1,33250.0,23700.0,7.5,2493.75,30756.25,23700.0
ITM-0008638,ORD-002383,PRD-0066,11,5300.0,3250.0,7.5,4372.5,53927.5,35750.0
ITM-0008639,ORD-002383,PRD-0027,21,11500.0,7200.0,0.0,0.0,241500.0,151200.0
ITM-0008640,ORD-002384,PRD-0003,13,88300.0,65000.0,2.5,28697.5,1119202.5,845000.0
ITM-0008641,ORD-002385,PRD-0046,14,141200.0,107400.0,12.5,247100.0,1729700.0,1503600.0
ITM-0008642,ORD-002385,PRD-0036,5,170650.0,122850.0,10.0,85325.0,767925.0,614250.0
ITM-0008643,ORD-002385,PRD-0040,7,70550.0,49600.0,7.5,37038.75,456811.25,347200.0
ITM-0008644,ORD-002385,PRD-0004,14,7100.0,4600.0,5.0,4970.0,94430.0,64400.0
ITM-0008645,ORD-002386,PRD-0017,8,15250.0,10000.0,5.0,6100.0,115900.0,80000.0
ITM-0008646,ORD-002386,PRD-0027,22,11500.0,7200.0,0.0,0.0,253000.0,158400.0
ITM-0008647,ORD-002386,PRD-0050,18,1200.0,650.0,12.5,2700.0,18900.0,11700.0
ITM-0008648,ORD-002386,PRD-0013,47,8750.0,5350.0,0.0,0.0,411250.0,251450.0
ITM-0008649,ORD-002386,PRD-0005,18,11500.0,7900.0,7.5,15525.0,191475.0,142200.0
ITM-0008650,ORD-002387,PRD-0010,12,50450.0,37650.0,5.0,30270.0,575130.0,451800.0
ITM-0008651,ORD-002387,PRD-0027,49,11500.0,7200.0,7.5,42262.5,521237.5,352800.0
ITM-0008652,ORD-002387,PRD-0002,25,52050.0,38100.0,0.0,0.0,1301250.0,952500.0
ITM-0008653,ORD-002387,PRD-0007,2,33250.0,23700.0,5.0,3325.0,63175.0,47400.0
ITM-0008654,ORD-002387,PRD-0038,10,32300.0,22650.0,10.0,32300.0,290700.0,226500.0
ITM-0008655,ORD-002388,PRD-0065,21,9000.0,5800.0,5.0,9450.0,179550.0,121800.0
ITM-0008656,ORD-002388,PRD-0069,4,41700.0,30300.0,5.0,8340.0,158460.0,121200.0
ITM-0008657,ORD-002389,PRD-0049,7,2250.0,1400.0,10.0,1575.0,14175.0,9800.0
ITM-0008658,ORD-002389,PRD-0066,7,5300.0,3250.0,10.0,3710.0,33390.0,22750.0
ITM-0008659,ORD-002389,PRD-0069,3,41700.0,30300.0,5.0,6255.0,118845.0,90900.0
ITM-0008660,ORD-002390,PRD-0069,12,41700.0,30300.0,0.0,0.0,500400.0,363600.0
ITM-0008661,ORD-002390,PRD-0043,24,35950.0,25500.0,10.0,86280.0,776520.0,612000.0
ITM-0008662,ORD-002390,PRD-0005,28,11500.0,7900.0,2.5,8050.0,313950.0,221200.0
ITM-0008663,ORD-002391,PRD-0029,2,30900.0,21650.0,10.0,6180.0,55620.0,43300.0
ITM-0008664,ORD-002391,PRD-0037,9,7650.0,5500.0,2.5,1721.25,67128.75,49500.0
ITM-0008665,ORD-002391,PRD-0054,14,6000.0,4000.0,5.0,4200.0,79800.0,56000.0
ITM-0008666,ORD-002391,PRD-0013,24,8750.0,5350.0,2.5,5250.0,204750.0,128400.0
ITM-0008667,ORD-002392,PRD-0031,22,1600.0,900.0,10.0,3520.0,31680.0,19800.0
ITM-0008668,ORD-002392,PRD-0023,14,46600.0,33950.0,7.5,48930.0,603470.0,475300.0
ITM-0008669,ORD-002393,PRD-0034,12,2800.0,1650.0,2.5,840.0,32760.0,19800.0
ITM-0008670,ORD-002393,PRD-0005,12,11500.0,7900.0,7.5,10350.0,127650.0,94800.0
ITM-0008671,ORD-002393,PRD-0009,12,75050.0,56000.0,10.0,90060.0,810540.0,672000.0
ITM-0008672,ORD-002393,PRD-0054,22,6000.0,4000.0,5.0,6600.0,125400.0,88000.0
ITM-0008673,ORD-002393,PRD-0045,27,4400.0,2800.0,12.5,14850.0,103950.0,75600.0
ITM-0008674,ORD-002393,PRD-0007,12,33250.0,23700.0,10.0,39900.0,359100.0,284400.0
ITM-0008675,ORD-002394,PRD-0045,13,4400.0,2800.0,5.0,2860.0,54340.0,36400.0
ITM-0008676,ORD-002394,PRD-0050,9,1200.0,650.0,0.0,0.0,10800.0,5850.0
ITM-0008677,ORD-002394,PRD-0023,6,46600.0,33950.0,0.0,0.0,279600.0,203700.0
ITM-0008678,ORD-002395,PRD-0029,6,30900.0,21650.0,0.0,0.0,185400.0,129900.0
ITM-0008679,ORD-002395,PRD-0013,21,8750.0,5350.0,5.0,9187.5,174562.5,112350.0
ITM-0008680,ORD-002395,PRD-0030,12,35850.0,25550.0,0.0,0.0,430200.0,306600.0
ITM-0008681,ORD-002395,PRD-0037,12,7650.0,5500.0,5.0,4590.0,87210.0,66000.0
ITM-0008682,ORD-002396,PRD-0031,10,1600.0,900.0,2.5,400.0,15600.0,9000.0
ITM-0008683,ORD-002396,PRD-0034,16,2800.0,1650.0,7.5,3360.0,41440.0,26400.0
ITM-0008684,ORD-002396,PRD-0032,6,383350.0,305700.0,0.0,0.0,2300100.0,1834200.0
ITM-0008685,ORD-002396,PRD-0037,80,7650.0,5500.0,10.0,61200.0,550800.0,440000.0
ITM-0008686,ORD-002396,PRD-0021,3,151550.0,109750.0,0.0,0.0,454650.0,329250.0
ITM-0008687,ORD-002397,PRD-0045,18,4400.0,2800.0,7.5,5940.0,73260.0,50400.0
ITM-0008688,ORD-002397,PRD-0039,16,13350.0,9100.0,7.5,16020.0,197580.0,145600.0
ITM-0008689,ORD-002398,PRD-0045,6,4400.0,2800.0,2.5,660.0,25740.0,16800.0
ITM-0008690,ORD-002398,PRD-0011,1,50250.0,35950.0,12.5,6281.25,43968.75,35950.0
ITM-0008691,ORD-002398,PRD-0066,5,5300.0,3250.0,10.0,2650.0,23850.0,16250.0
ITM-0008692,ORD-002398,PRD-0046,4,141200.0,107400.0,10.0,56480.0,508320.0,429600.0
ITM-0008693,ORD-002399,PRD-0037,58,7650.0,5500.0,5.0,22185.0,421515.0,319000.0
ITM-0008694,ORD-002399,PRD-0045,35,4400.0,2800.0,5.0,7700.0,146300.0,98000.0
ITM-0008695,ORD-002399,PRD-0013,23,8750.0,5350.0,10.0,20125.0,181125.0,123050.0
ITM-0008696,ORD-002399,PRD-0003,2,88300.0,65000.0,7.5,13245.0,163355.0,130000.0
ITM-0008697,ORD-002400,PRD-0046,3,141200.0,107400.0,0.0,0.0,423600.0,322200.0
ITM-0008698,ORD-002400,PRD-0053,17,50250.0,36300.0,2.5,21356.25,832893.75,617100.0
ITM-0008699,ORD-002400,PRD-0009,10,75050.0,56000.0,2.5,18762.5,731737.5,560000.0
ITM-0008700,ORD-002400,PRD-0047,10,67750.0,48250.0,10.0,67750.0,609750.0,482500.0
ITM-0008701,ORD-002400,PRD-0045,17,4400.0,2800.0,7.5,5610.0,69190.0,47600.0
ITM-0008702,ORD-002400,PRD-0032,10,383350.0,305700.0,2.5,95837.5,3737662.5,3057000.0
ITM-0008703,ORD-002401,PRD-0053,2,50250.0,36300.0,5.0,5025.0,95475.0,72600.0
ITM-0008704,ORD-002401,PRD-0005,26,11500.0,7900.0,10.0,29900.0,269100.0,205400.0
ITM-0008705,ORD-002401,PRD-0045,18,4400.0,2800.0,7.5,5940.0,73260.0,50400.0
ITM-0008706,ORD-002402,PRD-0052,5,40400.0,29250.0,2.5,5050.0,196950.0,146250.0
ITM-0008707,ORD-002402,PRD-0034,14,2800.0,1650.0,0.0,0.0,39200.0,23100.0
ITM-0008708,ORD-002402,PRD-0048,11,160400.0,117650.0,2.5,44110.0,1720290.0,1294150.0
ITM-0008709,ORD-002403,PRD-0053,7,50250.0,36300.0,5.0,17587.5,334162.5,254100.0
ITM-0008710,ORD-002404,PRD-0040,16,70550.0,49600.0,0.0,0.0,1128800.0,793600.0
ITM-0008711,ORD-002404,PRD-0066,41,5300.0,3250.0,5.0,10865.0,206435.0,133250.0
ITM-0008712,ORD-002404,PRD-0007,14,33250.0,23700.0,2.5,11637.5,453862.5,331800.0
ITM-0008713,ORD-002404,PRD-0069,16,41700.0,30300.0,0.0,0.0,667200.0,484800.0
ITM-0008714,ORD-002404,PRD-0034,5,2800.0,1650.0,10.0,1400.0,12600.0,8250.0
ITM-0008715,ORD-002405,PRD-0066,16,5300.0,3250.0,2.5,2120.0,82680.0,52000.0
ITM-0008716,ORD-002405,PRD-0032,2,383350.0,305700.0,2.5,19167.5,747532.5,611400.0
ITM-0008717,ORD-002405,PRD-0004,9,7100.0,4600.0,5.0,3195.0,60705.0,41400.0
ITM-0008718,ORD-002405,PRD-0036,2,170650.0,122850.0,5.0,17065.0,324235.0,245700.0
ITM-0008719,ORD-002405,PRD-0011,4,50250.0,35950.0,5.0,10050.0,190950.0,143800.0
ITM-0008720,ORD-002406,PRD-0014,15,199750.0,146450.0,5.0,149812.5,2846437.5,2196750.0
ITM-0008721,ORD-002406,PRD-0036,13,170650.0,122850.0,0.0,0.0,2218450.0,1597050.0
ITM-0008722,ORD-002406,PRD-0038,5,32300.0,22650.0,5.0,8075.0,153425.0,113250.0
ITM-0008723,ORD-002406,PRD-0057,10,25450.0,17350.0,0.0,0.0,254500.0,173500.0
ITM-0008724,ORD-002407,PRD-0034,25,2800.0,1650.0,7.5,5250.0,64750.0,41250.0
ITM-0008725,ORD-002407,PRD-0069,21,41700.0,30300.0,7.5,65677.5,810022.5,636300.0
ITM-0008726,ORD-002407,PRD-0037,71,7650.0,5500.0,5.0,27157.5,515992.5,390500.0
ITM-0008727,ORD-002407,PRD-0066,29,5300.0,3250.0,2.5,3842.5,149857.5,94250.0
ITM-0008728,ORD-002407,PRD-0001,8,49000.0,35150.0,7.5,29400.0,362600.0,281200.0
ITM-0008729,ORD-002407,PRD-0045,46,4400.0,2800.0,0.0,0.0,202400.0,128800.0
ITM-0008730,ORD-002407,PRD-0021,12,151550.0,109750.0,10.0,181860.0,1636740.0,1317000.0
ITM-0008731,ORD-002408,PRD-0032,14,383350.0,305700.0,5.0,268345.0,5098555.0,4279800.0
ITM-0008732,ORD-002408,PRD-0054,33,6000.0,4000.0,2.5,4950.0,193050.0,132000.0
ITM-0008733,ORD-002408,PRD-0045,14,4400.0,2800.0,0.0,0.0,61600.0,39200.0
ITM-0008734,ORD-002408,PRD-0069,5,41700.0,30300.0,7.5,15637.5,192862.5,151500.0
ITM-0008735,ORD-002408,PRD-0047,14,67750.0,48250.0,2.5,23712.5,924787.5,675500.0
ITM-0008736,ORD-002409,PRD-0013,18,8750.0,5350.0,5.0,7875.0,149625.0,96300.0
ITM-0008737,ORD-002409,PRD-0014,3,199750.0,146450.0,5.0,29962.5,569287.5,439350.0
ITM-0008738,ORD-002410,PRD-0009,6,75050.0,56000.0,5.0,22515.0,427785.0,336000.0
ITM-0008739,ORD-002410,PRD-0049,10,2250.0,1400.0,0.0,0.0,22500.0,14000.0
ITM-0008740,ORD-002410,PRD-0051,12,7700.0,4850.0,10.0,9240.0,83160.0,58200.0
ITM-0008741,ORD-002411,PRD-0050,16,1200.0,650.0,0.0,0.0,19200.0,10400.0
ITM-0008742,ORD-002411,PRD-0066,6,5300.0,3250.0,7.5,2385.0,29415.0,19500.0
ITM-0008743,ORD-002411,PRD-0047,5,67750.0,48250.0,2.5,8468.75,330281.25,241250.0
ITM-0008744,ORD-002411,PRD-0005,5,11500.0,7900.0,0.0,0.0,57500.0,39500.0
ITM-0008745,ORD-002411,PRD-0057,5,25450.0,17350.0,2.5,3181.25,124068.75,86750.0
ITM-0008746,ORD-002412,PRD-0060,6,16450.0,11150.0,2.5,2467.5,96232.5,66900.0
ITM-0008747,ORD-002412,PRD-0045,9,4400.0,2800.0,2.5,990.0,38610.0,25200.0
ITM-0008748,ORD-002412,PRD-0040,5,70550.0,49600.0,0.0,0.0,352750.0,248000.0
ITM-0008749,ORD-002413,PRD-0066,7,5300.0,3250.0,2.5,927.5,36172.5,22750.0
ITM-0008750,ORD-002413,PRD-0034,1,2800.0,1650.0,7.5,210.0,2590.0,1650.0
ITM-0008751,ORD-002413,PRD-0007,1,33250.0,23700.0,12.5,4156.25,29093.75,23700.0
ITM-0008752,ORD-002413,PRD-0063,14,12650.0,8000.0,7.5,13282.5,163817.5,112000.0
ITM-0008753,ORD-002413,PRD-0037,24,7650.0,5500.0,2.5,4590.0,179010.0,132000.0
ITM-0008754,ORD-002414,PRD-0053,2,50250.0,36300.0,5.0,5025.0,95475.0,72600.0
ITM-0008755,ORD-002414,PRD-0033,2,88100.0,66350.0,10.0,17620.0,158580.0,132700.0
ITM-0008756,ORD-002415,PRD-0036,4,170650.0,122850.0,5.0,34130.0,648470.0,491400.0
ITM-0008757,ORD-002415,PRD-0045,4,4400.0,2800.0,7.5,1320.0,16280.0,11200.0
ITM-0008758,ORD-002415,PRD-0063,4,12650.0,8000.0,10.0,5060.0,45540.0,32000.0
ITM-0008759,ORD-002416,PRD-0005,17,11500.0,7900.0,5.0,9775.0,185725.0,134300.0
ITM-0008760,ORD-002417,PRD-0060,14,16450.0,11150.0,10.0,23030.0,207270.0,156100.0
ITM-0008761,ORD-002417,PRD-0065,14,9000.0,5800.0,2.5,3150.0,122850.0,81200.0
ITM-0008762,ORD-002417,PRD-0009,17,75050.0,56000.0,7.5,95688.75,1180161.25,952000.0
ITM-0008763,ORD-002417,PRD-0058,10,28050.0,19450.0,5.0,14025.0,266475.0,194500.0
ITM-0008764,ORD-002418,PRD-0036,6,170650.0,122850.0,10.0,102390.0,921510.0,737100.0
ITM-0008765,ORD-002419,PRD-0036,6,170650.0,122850.0,2.5,25597.5,998302.5,737100.0
ITM-0008766,ORD-002420,PRD-0005,22,11500.0,7900.0,2.5,6325.0,246675.0,173800.0
ITM-0008767,ORD-002421,PRD-0003,10,88300.0,65000.0,5.0,44150.0,838850.0,650000.0
ITM-0008768,ORD-002421,PRD-0005,10,11500.0,7900.0,5.0,5750.0,109250.0,79000.0
ITM-0008769,ORD-002421,PRD-0007,3,33250.0,23700.0,10.0,9975.0,89775.0,71100.0
ITM-0008770,ORD-002421,PRD-0035,6,195800.0,149250.0,5.0,58740.0,1116060.0,895500.0
ITM-0008771,ORD-002421,PRD-0037,71,7650.0,5500.0,5.0,27157.5,515992.5,390500.0
ITM-0008772,ORD-002422,PRD-0016,13,18750.0,12900.0,5.0,12187.5,231562.5,167700.0
ITM-0008773,ORD-002422,PRD-0007,2,33250.0,23700.0,5.0,3325.0,63175.0,47400.0
ITM-0008774,ORD-002422,PRD-0038,6,32300.0,22650.0,0.0,0.0,193800.0,135900.0
ITM-0008775,ORD-002422,PRD-0023,9,46600.0,33950.0,2.5,10485.0,408915.0,305550.0
ITM-0008776,ORD-002422,PRD-0030,11,35850.0,25550.0,5.0,19717.5,374632.5,281050.0
ITM-0008777,ORD-002422,PRD-0027,45,11500.0,7200.0,5.0,25875.0,491625.0,324000.0
ITM-0008778,ORD-002422,PRD-0052,11,40400.0,29250.0,10.0,44440.0,399960.0,321750.0
ITM-0008779,ORD-002423,PRD-0019,30,2950.0,1850.0,5.0,4425.0,84075.0,55500.0
ITM-0008780,ORD-002423,PRD-0032,7,383350.0,305700.0,7.5,201258.75,2482191.25,2139900.0
ITM-0008781,ORD-002423,PRD-0069,7,41700.0,30300.0,0.0,0.0,291900.0,212100.0
ITM-0008782,ORD-002423,PRD-0029,15,30900.0,21650.0,7.5,34762.5,428737.5,324750.0
ITM-0008783,ORD-002423,PRD-0005,15,11500.0,7900.0,7.5,12937.5,159562.5,118500.0
ITM-0008784,ORD-002423,PRD-0066,27,5300.0,3250.0,7.5,10732.5,132367.5,87750.0
ITM-0008785,ORD-002424,PRD-0007,14,33250.0,23700.0,0.0,0.0,465500.0,331800.0
ITM-0008786,ORD-002424,PRD-0031,16,1600.0,900.0,0.0,0.0,25600.0,14400.0
ITM-0008787,ORD-002424,PRD-0011,7,50250.0,35950.0,2.5,8793.75,342956.25,251650.0
ITM-0008788,ORD-002424,PRD-0066,27,5300.0,3250.0,0.0,0.0,143100.0,87750.0
ITM-0008789,ORD-002425,PRD-0053,9,50250.0,36300.0,5.0,22612.5,429637.5,326700.0
ITM-0008790,ORD-002425,PRD-0031,23,1600.0,900.0,7.5,2760.0,34040.0,20700.0
ITM-0008791,ORD-002425,PRD-0054,7,6000.0,4000.0,5.0,2100.0,39900.0,28000.0
ITM-0008792,ORD-002425,PRD-0066,14,5300.0,3250.0,7.5,5565.0,68635.0,45500.0
ITM-0008793,ORD-002425,PRD-0045,7,4400.0,2800.0,2.5,770.0,30030.0,19600.0
ITM-0008794,ORD-002426,PRD-0057,3,25450.0,17350.0,7.5,5726.25,70623.75,52050.0
ITM-0008795,ORD-002427,PRD-0049,6,2250.0,1400.0,5.0,675.0,12825.0,8400.0
ITM-0008796,ORD-002427,PRD-0045,23,4400.0,2800.0,7.5,7590.0,93610.0,64400.0
ITM-0008797,ORD-002427,PRD-0063,46,12650.0,8000.0,5.0,29095.0,552805.0,368000.0
ITM-0008798,ORD-002428,PRD-0007,10,33250.0,23700.0,10.0,33250.0,299250.0,237000.0
ITM-0008799,ORD-002428,PRD-0063,65,12650.0,8000.0,10.0,82225.0,740025.0,520000.0
ITM-0008800,ORD-002428,PRD-0057,3,25450.0,17350.0,2.5,1908.75,74441.25,52050.0
ITM-0008801,ORD-002429,PRD-0024,17,17950.0,12350.0,10.0,30515.0,274635.0,209950.0
ITM-0008802,ORD-002429,PRD-0009,4,75050.0,56000.0,0.0,0.0,300200.0,224000.0
ITM-0008803,ORD-002429,PRD-0069,2,41700.0,30300.0,0.0,0.0,83400.0,60600.0
ITM-0008804,ORD-002429,PRD-0034,5,2800.0,1650.0,0.0,0.0,14000.0,8250.0
ITM-0008805,ORD-002429,PRD-0007,6,33250.0,23700.0,10.0,19950.0,179550.0,142200.0
ITM-0008806,ORD-002430,PRD-0018,2,39400.0,29550.0,2.5,1970.0,76830.0,59100.0
ITM-0008807,ORD-002430,PRD-0049,27,2250.0,1400.0,0.0,0.0,60750.0,37800.0
ITM-0008808,ORD-002430,PRD-0045,30,4400.0,2800.0,0.0,0.0,132000.0,84000.0
ITM-0008809,ORD-002430,PRD-0027,40,11500.0,7200.0,2.5,11500.0,448500.0,288000.0
ITM-0008810,ORD-002430,PRD-0005,35,11500.0,7900.0,0.0,0.0,402500.0,276500.0
ITM-0008811,ORD-002431,PRD-0066,16,5300.0,3250.0,5.0,4240.0,80560.0,52000.0
ITM-0008812,ORD-002432,PRD-0064,11,40250.0,28850.0,2.5,11068.75,431681.25,317350.0
ITM-0008813,ORD-002432,PRD-0050,34,1200.0,650.0,0.0,0.0,40800.0,22100.0
ITM-0008814,ORD-002432,PRD-0048,9,160400.0,117650.0,5.0,72180.0,1371420.0,1058850.0
ITM-0008815,ORD-002432,PRD-0053,9,50250.0,36300.0,0.0,0.0,452250.0,326700.0
ITM-0008816,ORD-002432,PRD-0045,20,4400.0,2800.0,7.5,6600.0,81400.0,56000.0
ITM-0008817,ORD-002433,PRD-0028,32,6400.0,4200.0,12.5,25600.0,179200.0,134400.0
ITM-0008818,ORD-002433,PRD-0069,14,41700.0,30300.0,2.5,14595.0,569205.0,424200.0
ITM-0008819,ORD-002433,PRD-0022,12,13950.0,9250.0,5.0,8370.0,159030.0,111000.0
ITM-0008820,ORD-002433,PRD-0066,29,5300.0,3250.0,5.0,7685.0,146015.0,94250.0
ITM-0008821,ORD-002433,PRD-0009,12,75050.0,56000.0,5.0,45030.0,855570.0,672000.0
ITM-0008822,ORD-002433,PRD-0040,17,70550.0,49600.0,10.0,119935.0,1079415.0,843200.0
ITM-0008823,ORD-002433,PRD-0005,12,11500.0,7900.0,5.0,6900.0,131100.0,94800.0
ITM-0008824,ORD-002434,PRD-0066,10,5300.0,3250.0,10.0,5300.0,47700.0,32500.0
ITM-0008825,ORD-002434,PRD-0065,15,9000.0,5800.0,10.0,13500.0,121500.0,87000.0
ITM-0008826,ORD-002435,PRD-0053,22,50250.0,36300.0,0.0,0.0,1105500.0,798600.0
ITM-0008827,ORD-002435,PRD-0069,18,41700.0,30300.0,7.5,56295.0,694305.0,545400.0
ITM-0008828,ORD-002435,PRD-0026,80,5050.0,3050.0,12.5,50500.0,353500.0,244000.0
ITM-0008829,ORD-002435,PRD-0034,4,2800.0,1650.0,10.0,1120.0,10080.0,6600.0
ITM-0008830,ORD-002435,PRD-0045,18,4400.0,2800.0,5.0,3960.0,75240.0,50400.0
ITM-0008831,ORD-002435,PRD-0005,47,11500.0,7900.0,5.0,27025.0,513475.0,371300.0
ITM-0008832,ORD-002435,PRD-0066,15,5300.0,3250.0,10.0,7950.0,71550.0,48750.0
ITM-0008833,ORD-002436,PRD-0063,24,12650.0,8000.0,5.0,15180.0,288420.0,192000.0
ITM-0008834,ORD-002436,PRD-0053,8,50250.0,36300.0,10.0,40200.0,361800.0,290400.0
ITM-0008835,ORD-002436,PRD-0048,6,160400.0,117650.0,2.5,24060.0,938340.0,705900.0
ITM-0008836,ORD-002436,PRD-0037,40,7650.0,5500.0,7.5,22950.0,283050.0,220000.0
ITM-0008837,ORD-002436,PRD-0064,3,40250.0,28850.0,7.5,9056.25,111693.75,86550.0
ITM-0008838,ORD-002437,PRD-0007,3,33250.0,23700.0,7.5,7481.25,92268.75,71100.0
ITM-0008839,ORD-002437,PRD-0011,17,50250.0,35950.0,0.0,0.0,854250.0,611150.0
ITM-0008840,ORD-002438,PRD-0051,42,7700.0,4850.0,5.0,16170.0,307230.0,203700.0
ITM-0008841,ORD-002438,PRD-0026,88,5050.0,3050.0,10.0,44440.0,399960.0,268400.0
ITM-0008842,ORD-002438,PRD-0007,11,33250.0,23700.0,10.0,36575.0,329175.0,260700.0
ITM-0008843,ORD-002438,PRD-0027,19,11500.0,7200.0,0.0,0.0,218500.0,136800.0
ITM-0008844,ORD-002438,PRD-0014,19,199750.0,146450.0,10.0,379525.0,3415725.0,2782550.0
ITM-0008845,ORD-002439,PRD-0034,1,2800.0,1650.0,2.5,70.0,2730.0,1650.0
ITM-0008846,ORD-002439,PRD-0049,11,2250.0,1400.0,5.0,1237.5,23512.5,15400.0
ITM-0008847,ORD-002440,PRD-0034,7,2800.0,1650.0,0.0,0.0,19600.0,11550.0
ITM-0008848,ORD-002440,PRD-0011,14,50250.0,35950.0,2.5,17587.5,685912.5,503300.0
ITM-0008849,ORD-002440,PRD-0054,23,6000.0,4000.0,0.0,0.0,138000.0,92000.0
ITM-0008850,ORD-002440,PRD-0031,30,1600.0,900.0,12.5,6000.0,42000.0,27000.0
ITM-0008851,ORD-002440,PRD-0030,21,35850.0,25550.0,2.5,18821.25,734028.75,536550.0
ITM-0008852,ORD-002440,PRD-0005,18,11500.0,7900.0,10.0,20700.0,186300.0,142200.0
ITM-0008853,ORD-002440,PRD-0007,11,33250.0,23700.0,5.0,18287.5,347462.5,260700.0
ITM-0008854,ORD-002441,PRD-0009,9,75050.0,56000.0,5.0,33772.5,641677.5,504000.0
ITM-0008855,ORD-002441,PRD-0066,18,5300.0,3250.0,2.5,2385.0,93015.0,58500.0
ITM-0008856,ORD-002441,PRD-0045,9,4400.0,2800.0,0.0,0.0,39600.0,25200.0
ITM-0008857,ORD-002441,PRD-0062,11,13700.0,9000.0,5.0,7535.0,143165.0,99000.0
ITM-0008858,ORD-002441,PRD-0034,11,2800.0,1650.0,10.0,3080.0,27720.0,18150.0
ITM-0008859,ORD-002442,PRD-0063,58,12650.0,8000.0,10.0,73370.0,660330.0,464000.0
ITM-0008860,ORD-002442,PRD-0008,25,11400.0,7800.0,10.0,28500.0,256500.0,195000.0
ITM-0008861,ORD-002442,PRD-0022,8,13950.0,9250.0,0.0,0.0,111600.0,74000.0
ITM-0008862,ORD-002442,PRD-0005,50,11500.0,7900.0,5.0,28750.0,546250.0,395000.0
ITM-0008863,ORD-002442,PRD-0032,17,383350.0,305700.0,0.0,0.0,6516950.0,5196900.0
ITM-0008864,ORD-002443,PRD-0034,11,2800.0,1650.0,0.0,0.0,30800.0,18150.0
ITM-0008865,ORD-002443,PRD-0019,40,2950.0,1850.0,0.0,0.0,118000.0,74000.0
ITM-0008866,ORD-002443,PRD-0036,11,170650.0,122850.0,2.5,46928.75,1830221.25,1351350.0
ITM-0008867,ORD-002443,PRD-0032,13,383350.0,305700.0,5.0,249177.5,4734372.5,3974100.0
ITM-0008868,ORD-002443,PRD-0069,13,41700.0,30300.0,5.0,27105.0,514995.0,393900.0
ITM-0008869,ORD-002443,PRD-0045,32,4400.0,2800.0,0.0,0.0,140800.0,89600.0
ITM-0008870,ORD-002443,PRD-0037,61,7650.0,5500.0,2.5,11666.25,454983.75,335500.0
ITM-0008871,ORD-002444,PRD-0009,5,75050.0,56000.0,2.5,9381.25,365868.75,280000.0
ITM-0008872,ORD-002444,PRD-0024,13,17950.0,12350.0,5.0,11667.5,221682.5,160550.0
ITM-0008873,ORD-002444,PRD-0033,11,88100.0,66350.0,10.0,96910.0,872190.0,729850.0
ITM-0008874,ORD-002445,PRD-0063,12,12650.0,8000.0,0.0,0.0,151800.0,96000.0
ITM-0008875,ORD-002445,PRD-0069,12,41700.0,30300.0,10.0,50040.0,450360.0,363600.0
ITM-0008876,ORD-002445,PRD-0007,4,33250.0,23700.0,2.5,3325.0,129675.0,94800.0
ITM-0008877,ORD-002445,PRD-0045,12,4400.0,2800.0,5.0,2640.0,50160.0,33600.0
ITM-0008878,ORD-002446,PRD-0068,4,29000.0,20900.0,2.5,2900.0,113100.0,83600.0
ITM-0008879,ORD-002446,PRD-0040,4,70550.0,49600.0,7.5,21165.0,261035.0,198400.0
ITM-0008880,ORD-002446,PRD-0069,5,41700.0,30300.0,10.0,20850.0,187650.0,151500.0
ITM-0008881,ORD-002447,PRD-0048,20,160400.0,117650.0,0.0,0.0,3208000.0,2353000.0
ITM-0008882,ORD-002447,PRD-0032,20,383350.0,305700.0,10.0,766700.0,6900300.0,6114000.0
ITM-0008883,ORD-002447,PRD-0030,13,35850.0,25550.0,0.0,0.0,466050.0,332150.0
ITM-0008884,ORD-002448,PRD-0023,6,46600.0,33950.0,10.0,27960.0,251640.0,203700.0
ITM-0008885,ORD-002448,PRD-0012,3,42850.0,31750.0,7.5,9641.25,118908.75,95250.0
ITM-0008886,ORD-002449,PRD-0057,7,25450.0,17350.0,5.0,8907.5,169242.5,121450.0
ITM-0008887,ORD-002449,PRD-0053,12,50250.0,36300.0,10.0,60300.0,542700.0,435600.0
ITM-0008888,ORD-002450,PRD-0050,15,1200.0,650.0,7.5,1350.0,16650.0,9750.0
ITM-0008889,ORD-002450,PRD-0038,5,32300.0,22650.0,5.0,8075.0,153425.0,113250.0
ITM-0008890,ORD-002450,PRD-0005,24,11500.0,7900.0,12.5,34500.0,241500.0,189600.0
ITM-0008891,ORD-002450,PRD-0066,15,5300.0,3250.0,0.0,0.0,79500.0,48750.0
ITM-0008892,ORD-002451,PRD-0023,5,46600.0,33950.0,12.5,29125.0,203875.0,169750.0
ITM-0008893,ORD-002451,PRD-0058,7,28050.0,19450.0,5.0,9817.5,186532.5,136150.0
ITM-0008894,ORD-002452,PRD-0021,2,151550.0,109750.0,2.5,7577.5,295522.5,219500.0
ITM-0008895,ORD-002452,PRD-0040,11,70550.0,49600.0,10.0,77605.0,698445.0,545600.0
ITM-0008896,ORD-002453,PRD-0024,25,17950.0,12350.0,0.0,0.0,448750.0,308750.0
ITM-0008897,ORD-002453,PRD-0034,4,2800.0,1650.0,2.5,280.0,10920.0,6600.0
ITM-0008898,ORD-002454,PRD-0037,38,7650.0,5500.0,5.0,14535.0,276165.0,209000.0
ITM-0008899,ORD-002455,PRD-0007,1,33250.0,23700.0,5.0,1662.5,31587.5,23700.0
ITM-0008900,ORD-002455,PRD-0052,4,40400.0,29250.0,0.0,0.0,161600.0,117000.0
ITM-0008901,ORD-002455,PRD-0034,4,2800.0,1650.0,0.0,0.0,11200.0,6600.0
ITM-0008902,ORD-002456,PRD-0034,3,2800.0,1650.0,5.0,420.0,7980.0,4950.0
ITM-0008903,ORD-002457,PRD-0003,4,88300.0,65000.0,5.0,17660.0,335540.0,260000.0
ITM-0008904,ORD-002457,PRD-0022,9,13950.0,9250.0,7.5,9416.25,116133.75,83250.0
ITM-0008905,ORD-002457,PRD-0036,5,170650.0,122850.0,12.5,106656.25,746593.75,614250.0
ITM-0008906,ORD-002457,PRD-0039,19,13350.0,9100.0,0.0,0.0,253650.0,172900.0
ITM-0008907,ORD-002458,PRD-0048,7,160400.0,117650.0,2.5,28070.0,1094730.0,823550.0
ITM-0008908,ORD-002458,PRD-0007,10,33250.0,23700.0,12.5,41562.5,290937.5,237000.0
ITM-0008909,ORD-002459,PRD-0005,7,11500.0,7900.0,2.5,2012.5,78487.5,55300.0
ITM-0008910,ORD-002459,PRD-0007,12,33250.0,23700.0,0.0,0.0,399000.0,284400.0
ITM-0008911,ORD-002459,PRD-0034,9,2800.0,1650.0,2.5,630.0,24570.0,14850.0
ITM-0008912,ORD-002460,PRD-0009,5,75050.0,56000.0,5.0,18762.5,356487.5,280000.0
ITM-0008913,ORD-002460,PRD-0021,8,151550.0,109750.0,12.5,151550.0,1060850.0,878000.0
ITM-0008914,ORD-002460,PRD-0026,37,5050.0,3050.0,0.0,0.0,186850.0,112850.0
ITM-0008915,ORD-002460,PRD-0033,2,88100.0,66350.0,7.5,13215.0,162985.0,132700.0
ITM-0008916,ORD-002460,PRD-0034,2,2800.0,1650.0,10.0,560.0,5040.0,3300.0
ITM-0008917,ORD-002461,PRD-0063,27,12650.0,8000.0,7.5,25616.25,315933.75,216000.0
ITM-0008918,ORD-002461,PRD-0045,18,4400.0,2800.0,2.5,1980.0,77220.0,50400.0
ITM-0008919,ORD-002461,PRD-0027,35,11500.0,7200.0,0.0,0.0,402500.0,252000.0
ITM-0008920,ORD-002462,PRD-0064,2,40250.0,28850.0,10.0,8050.0,72450.0,57700.0
ITM-0008921,ORD-002462,PRD-0066,22,5300.0,3250.0,10.0,11660.0,104940.0,71500.0
ITM-0008922,ORD-002462,PRD-0052,3,40400.0,29250.0,7.5,9090.0,112110.0,87750.0
ITM-0008923,ORD-002462,PRD-0033,5,88100.0,66350.0,5.0,22025.0,418475.0,331750.0
ITM-0008924,ORD-002463,PRD-0031,44,1600.0,900.0,0.0,0.0,70400.0,39600.0
ITM-0008925,ORD-002463,PRD-0034,11,2800.0,1650.0,12.5,3850.0,26950.0,18150.0
ITM-0008926,ORD-002463,PRD-0046,4,141200.0,107400.0,5.0,28240.0,536560.0,429600.0
ITM-0008927,ORD-002463,PRD-0057,7,25450.0,17350.0,2.5,4453.75,173696.25,121450.0
ITM-0008928,ORD-002463,PRD-0005,11,11500.0,7900.0,10.0,12650.0,113850.0,86900.0
ITM-0008929,ORD-002463,PRD-0045,26,4400.0,2800.0,5.0,5720.0,108680.0,72800.0
ITM-0008930,ORD-002463,PRD-0021,18,151550.0,109750.0,5.0,136395.0,2591505.0,1975500.0
ITM-0008931,ORD-002464,PRD-0036,7,170650.0,122850.0,10.0,119455.0,1075095.0,859950.0
ITM-0008932,ORD-002464,PRD-0017,7,15250.0,10000.0,0.0,0.0,106750.0,70000.0
ITM-0008933,ORD-002464,PRD-0021,3,151550.0,109750.0,5.0,22732.5,431917.5,329250.0
ITM-0008934,ORD-002464,PRD-0040,6,70550.0,49600.0,5.0,21165.0,402135.0,297600.0
ITM-0008935,ORD-002465,PRD-0056,4,16900.0,12000.0,7.5,5070.0,62530.0,48000.0
ITM-0008936,ORD-002465,PRD-0058,13,28050.0,19450.0,0.0,0.0,364650.0,252850.0
ITM-0008937,ORD-002466,PRD-0017,11,15250.0,10000.0,0.0,0.0,167750.0,110000.0
ITM-0008938,ORD-002466,PRD-0045,14,4400.0,2800.0,10.0,6160.0,55440.0,39200.0
ITM-0008939,ORD-002466,PRD-0052,14,40400.0,29250.0,5.0,28280.0,537320.0,409500.0
ITM-0008940,ORD-002466,PRD-0004,14,7100.0,4600.0,5.0,4970.0,94430.0,64400.0
ITM-0008941,ORD-002466,PRD-0014,9,199750.0,146450.0,10.0,179775.0,1617975.0,1318050.0
ITM-0008942,ORD-002466,PRD-0036,14,170650.0,122850.0,0.0,0.0,2389100.0,1719900.0
ITM-0008943,ORD-002466,PRD-0037,16,7650.0,5500.0,2.5,3060.0,119340.0,88000.0
ITM-0008944,ORD-002467,PRD-0009,4,75050.0,56000.0,5.0,15010.0,285190.0,224000.0
ITM-0008945,ORD-002467,PRD-0015,4,19300.0,12700.0,0.0,0.0,77200.0,50800.0
ITM-0008946,ORD-002468,PRD-0053,9,50250.0,36300.0,7.5,33918.75,418331.25,326700.0
ITM-0008947,ORD-002468,PRD-0005,33,11500.0,7900.0,5.0,18975.0,360525.0,260700.0
ITM-0008948,ORD-002468,PRD-0057,9,25450.0,17350.0,2.5,5726.25,223323.75,156150.0
ITM-0008949,ORD-002468,PRD-0036,2,170650.0,122850.0,0.0,0.0,341300.0,245700.0
ITM-0008950,ORD-002469,PRD-0058,2,28050.0,19450.0,0.0,0.0,56100.0,38900.0
ITM-0008951,ORD-002469,PRD-0037,44,7650.0,5500.0,2.5,8415.0,328185.0,242000.0
ITM-0008952,ORD-002469,PRD-0069,4,41700.0,30300.0,7.5,12510.0,154290.0,121200.0
ITM-0008953,ORD-002470,PRD-0037,27,7650.0,5500.0,12.5,25818.75,180731.25,148500.0
ITM-0008954,ORD-002470,PRD-0035,8,195800.0,149250.0,5.0,78320.0,1488080.0,1194000.0
ITM-0008955,ORD-002470,PRD-0069,4,41700.0,30300.0,2.5,4170.0,162630.0,121200.0
ITM-0008956,ORD-002470,PRD-0034,4,2800.0,1650.0,0.0,0.0,11200.0,6600.0
ITM-0008957,ORD-002471,PRD-0060,4,16450.0,11150.0,2.5,1645.0,64155.0,44600.0
ITM-0008958,ORD-002472,PRD-0010,9,50450.0,37650.0,5.0,22702.5,431347.5,338850.0
ITM-0008959,ORD-002473,PRD-0037,10,7650.0,5500.0,10.0,7650.0,68850.0,55000.0
ITM-0008960,ORD-002474,PRD-0049,28,2250.0,1400.0,12.5,7875.0,55125.0,39200.0
ITM-0008961,ORD-002474,PRD-0008,6,11400.0,7800.0,2.5,1710.0,66690.0,46800.0
ITM-0008962,ORD-002474,PRD-0029,4,30900.0,21650.0,7.5,9270.0,114330.0,86600.0
ITM-0008963,ORD-002475,PRD-0009,3,75050.0,56000.0,10.0,22515.0,202635.0,168000.0
ITM-0008964,ORD-002475,PRD-0028,37,6400.0,4200.0,10.0,23680.0,213120.0,155400.0
ITM-0008965,ORD-002475,PRD-0040,9,70550.0,49600.0,10.0,63495.0,571455.0,446400.0
ITM-0008966,ORD-002475,PRD-0066,9,5300.0,3250.0,5.0,2385.0,45315.0,29250.0
ITM-0008967,ORD-002476,PRD-0034,4,2800.0,1650.0,2.5,280.0,10920.0,6600.0
ITM-0008968,ORD-002476,PRD-0016,4,18750.0,12900.0,12.5,9375.0,65625.0,51600.0
ITM-0008969,ORD-002477,PRD-0023,16,46600.0,33950.0,7.5,55920.0,689680.0,543200.0
ITM-0008970,ORD-002477,PRD-0029,24,30900.0,21650.0,2.5,18540.0,723060.0,519600.0
ITM-0008971,ORD-002477,PRD-0050,52,1200.0,650.0,2.5,1560.0,60840.0,33800.0
ITM-0008972,ORD-002477,PRD-0046,20,141200.0,107400.0,5.0,141200.0,2682800.0,2148000.0
ITM-0008973,ORD-002478,PRD-0027,41,11500.0,7200.0,0.0,0.0,471500.0,295200.0
ITM-0008974,ORD-002478,PRD-0069,7,41700.0,30300.0,0.0,0.0,291900.0,212100.0
ITM-0008975,ORD-002478,PRD-0058,2,28050.0,19450.0,7.5,4207.5,51892.5,38900.0
ITM-0008976,ORD-002479,PRD-0032,5,383350.0,305700.0,0.0,0.0,1916750.0,1528500.0
ITM-0008977,ORD-002479,PRD-0009,1,75050.0,56000.0,0.0,0.0,75050.0,56000.0
ITM-0008978,ORD-002480,PRD-0013,44,8750.0,5350.0,5.0,19250.0,365750.0,235400.0
ITM-0008979,ORD-002480,PRD-0005,6,11500.0,7900.0,5.0,3450.0,65550.0,47400.0
ITM-0008980,ORD-002480,PRD-0058,4,28050.0,19450.0,5.0,5610.0,106590.0,77800.0
ITM-0008981,ORD-002480,PRD-0003,10,88300.0,65000.0,10.0,88300.0,794700.0,650000.0
ITM-0008982,ORD-002481,PRD-0053,5,50250.0,36300.0,10.0,25125.0,226125.0,181500.0
ITM-0008983,ORD-002481,PRD-0022,3,13950.0,9250.0,5.0,2092.5,39757.5,27750.0
ITM-0008984,ORD-002481,PRD-0037,19,7650.0,5500.0,5.0,7267.5,138082.5,104500.0
ITM-0008985,ORD-002482,PRD-0028,8,6400.0,4200.0,7.5,3840.0,47360.0,33600.0
ITM-0008986,ORD-002482,PRD-0017,1,15250.0,10000.0,10.0,1525.0,13725.0,10000.0
ITM-0008987,ORD-002482,PRD-0013,4,8750.0,5350.0,0.0,0.0,35000.0,21400.0
ITM-0008988,ORD-002482,PRD-0007,1,33250.0,23700.0,5.0,1662.5,31587.5,23700.0
ITM-0008989,ORD-002483,PRD-0034,7,2800.0,1650.0,5.0,980.0,18620.0,11550.0
ITM-0008990,ORD-002483,PRD-0032,1,383350.0,305700.0,5.0,19167.5,364182.5,305700.0
ITM-0008991,ORD-002484,PRD-0066,30,5300.0,3250.0,7.5,11925.0,147075.0,97500.0
ITM-0008992,ORD-002484,PRD-0045,6,4400.0,2800.0,5.0,1320.0,25080.0,16800.0
ITM-0008993,ORD-002484,PRD-0034,4,2800.0,1650.0,7.5,840.0,10360.0,6600.0
ITM-0008994,ORD-002485,PRD-0049,7,2250.0,1400.0,2.5,393.75,15356.25,9800.0
ITM-0008995,ORD-002486,PRD-0030,18,35850.0,25550.0,10.0,64530.0,580770.0,459900.0
ITM-0008996,ORD-002486,PRD-0008,8,11400.0,7800.0,7.5,6840.0,84360.0,62400.0
ITM-0008997,ORD-002486,PRD-0005,12,11500.0,7900.0,0.0,0.0,138000.0,94800.0
ITM-0008998,ORD-002487,PRD-0066,15,5300.0,3250.0,12.5,9937.5,69562.5,48750.0
ITM-0008999,ORD-002488,PRD-0025,1,32700.0,22850.0,0.0,0.0,32700.0,22850.0
ITM-0009000,ORD-002488,PRD-0058,3,28050.0,19450.0,5.0,4207.5,79942.5,58350.0
ITM-0009001,ORD-002488,PRD-0009,6,75050.0,56000.0,10.0,45030.0,405270.0,336000.0
ITM-0009002,ORD-002488,PRD-0031,4,1600.0,900.0,12.5,800.0,5600.0,3600.0
ITM-0009003,ORD-002489,PRD-0069,4,41700.0,30300.0,5.0,8340.0,158460.0,121200.0
ITM-0009004,ORD-002489,PRD-0045,11,4400.0,2800.0,2.5,1210.0,47190.0,30800.0
ITM-0009005,ORD-002489,PRD-0063,19,12650.0,8000.0,0.0,0.0,240350.0,152000.0
ITM-0009006,ORD-002490,PRD-0045,28,4400.0,2800.0,0.0,0.0,123200.0,78400.0
ITM-0009007,ORD-002490,PRD-0066,35,5300.0,3250.0,0.0,0.0,185500.0,113750.0
ITM-0009008,ORD-002490,PRD-0052,18,40400.0,29250.0,7.5,54540.0,672660.0,526500.0
ITM-0009009,ORD-002490,PRD-0009,11,75050.0,56000.0,2.5,20638.75,804911.25,616000.0
ITM-0009010,ORD-002490,PRD-0036,4,170650.0,122850.0,2.5,17065.0,665535.0,491400.0
ITM-0009011,ORD-002490,PRD-0023,4,46600.0,33950.0,10.0,18640.0,167760.0,135800.0
ITM-0009012,ORD-002490,PRD-0046,11,141200.0,107400.0,7.5,116490.0,1436710.0,1181400.0
ITM-0009013,ORD-002491,PRD-0049,42,2250.0,1400.0,5.0,4725.0,89775.0,58800.0
ITM-0009014,ORD-002491,PRD-0005,23,11500.0,7900.0,5.0,13225.0,251275.0,181700.0
ITM-0009015,ORD-002491,PRD-0036,8,170650.0,122850.0,10.0,136520.0,1228680.0,982800.0
ITM-0009016,ORD-002492,PRD-0007,5,33250.0,23700.0,5.0,8312.5,157937.5,118500.0
ITM-0009017,ORD-002492,PRD-0014,7,199750.0,146450.0,5.0,69912.5,1328337.5,1025150.0
ITM-0009018,ORD-002492,PRD-0066,7,5300.0,3250.0,7.5,2782.5,34317.5,22750.0
ITM-0009019,ORD-002492,PRD-0005,16,11500.0,7900.0,0.0,0.0,184000.0,126400.0
ITM-0009020,ORD-002493,PRD-0034,9,2800.0,1650.0,10.0,2520.0,22680.0,14850.0
ITM-0009021,ORD-002493,PRD-0009,5,75050.0,56000.0,5.0,18762.5,356487.5,280000.0
ITM-0009022,ORD-002493,PRD-0005,7,11500.0,7900.0,7.5,6037.5,74462.5,55300.0
ITM-0009023,ORD-002493,PRD-0063,33,12650.0,8000.0,0.0,0.0,417450.0,264000.0
ITM-0009024,ORD-002493,PRD-0040,11,70550.0,49600.0,7.5,58203.75,717846.25,545600.0
ITM-0009025,ORD-002494,PRD-0052,2,40400.0,29250.0,0.0,0.0,80800.0,58500.0
ITM-0009026,ORD-002495,PRD-0052,12,40400.0,29250.0,5.0,24240.0,460560.0,351000.0
ITM-0009027,ORD-002495,PRD-0056,10,16900.0,12000.0,0.0,0.0,169000.0,120000.0
ITM-0009028,ORD-002495,PRD-0069,4,41700.0,30300.0,10.0,16680.0,150120.0,121200.0
ITM-0009029,ORD-002495,PRD-0045,6,4400.0,2800.0,5.0,1320.0,25080.0,16800.0
ITM-0009030,ORD-002495,PRD-0043,12,35950.0,25500.0,10.0,43140.0,388260.0,306000.0
ITM-0009031,ORD-002495,PRD-0036,6,170650.0,122850.0,0.0,0.0,1023900.0,737100.0
ITM-0009032,ORD-002496,PRD-0034,5,2800.0,1650.0,0.0,0.0,14000.0,8250.0
ITM-0009033,ORD-002496,PRD-0030,7,35850.0,25550.0,7.5,18821.25,232128.75,178850.0
ITM-0009034,ORD-002496,PRD-0033,5,88100.0,66350.0,0.0,0.0,440500.0,331750.0
ITM-0009035,ORD-002497,PRD-0053,2,50250.0,36300.0,5.0,5025.0,95475.0,72600.0
ITM-0009036,ORD-002498,PRD-0052,3,40400.0,29250.0,7.5,9090.0,112110.0,87750.0
ITM-0009037,ORD-002498,PRD-0034,12,2800.0,1650.0,5.0,1680.0,31920.0,19800.0
ITM-0009038,ORD-002498,PRD-0053,3,50250.0,36300.0,0.0,0.0,150750.0,108900.0
ITM-0009039,ORD-002498,PRD-0065,27,9000.0,5800.0,0.0,0.0,243000.0,156600.0
ITM-0009040,ORD-002499,PRD-0069,1,41700.0,30300.0,5.0,2085.0,39615.0,30300.0
ITM-0009041,ORD-002499,PRD-0056,2,16900.0,12000.0,10.0,3380.0,30420.0,24000.0
ITM-0009042,ORD-002500,PRD-0060,14,16450.0,11150.0,0.0,0.0,230300.0,156100.0
ITM-0009043,ORD-002500,PRD-0052,6,40400.0,29250.0,5.0,12120.0,230280.0,175500.0
ITM-0009044,ORD-002500,PRD-0009,3,75050.0,56000.0,7.5,16886.25,208263.75,168000.0
ITM-0009045,ORD-002500,PRD-0005,20,11500.0,7900.0,7.5,17250.0,212750.0,158000.0
ITM-0009046,ORD-002500,PRD-0048,17,160400.0,117650.0,5.0,136340.0,2590460.0,2000050.0
ITM-0009047,ORD-002501,PRD-0011,17,50250.0,35950.0,10.0,85425.0,768825.0,611150.0
ITM-0009048,ORD-002501,PRD-0057,4,25450.0,17350.0,5.0,5090.0,96710.0,69400.0
ITM-0009049,ORD-002501,PRD-0010,8,50450.0,37650.0,5.0,20180.0,383420.0,301200.0
ITM-0009050,ORD-002502,PRD-0027,34,11500.0,7200.0,7.5,29325.0,361675.0,244800.0
ITM-0009051,ORD-002502,PRD-0057,3,25450.0,17350.0,10.0,7635.0,68715.0,52050.0
ITM-0009052,ORD-002502,PRD-0053,6,50250.0,36300.0,10.0,30150.0,271350.0,217800.0
ITM-0009053,ORD-002502,PRD-0061,17,5600.0,3650.0,2.5,2380.0,92820.0,62050.0
ITM-0009054,ORD-002503,PRD-0066,13,5300.0,3250.0,5.0,3445.0,65455.0,42250.0
ITM-0009055,ORD-002503,PRD-0022,7,13950.0,9250.0,10.0,9765.0,87885.0,64750.0
ITM-0009056,ORD-002503,PRD-0011,1,50250.0,35950.0,5.0,2512.5,47737.5,35950.0
ITM-0009057,ORD-002503,PRD-0069,5,41700.0,30300.0,0.0,0.0,208500.0,151500.0
ITM-0009058,ORD-002504,PRD-0022,7,13950.0,9250.0,5.0,4882.5,92767.5,64750.0
ITM-0009059,ORD-002504,PRD-0021,13,151550.0,109750.0,10.0,197015.0,1773135.0,1426750.0
ITM-0009060,ORD-002504,PRD-0045,43,4400.0,2800.0,5.0,9460.0,179740.0,120400.0
ITM-0009061,ORD-002504,PRD-0040,17,70550.0,49600.0,5.0,59967.5,1139382.5,843200.0
ITM-0009062,ORD-002504,PRD-0028,40,6400.0,4200.0,7.5,19200.0,236800.0,168000.0
ITM-0009063,ORD-002504,PRD-0050,40,1200.0,650.0,12.5,6000.0,42000.0,26000.0
ITM-0009064,ORD-002505,PRD-0045,41,4400.0,2800.0,5.0,9020.0,171380.0,114800.0
ITM-0009065,ORD-002505,PRD-0034,4,2800.0,1650.0,0.0,0.0,11200.0,6600.0
ITM-0009066,ORD-002505,PRD-0033,16,88100.0,66350.0,5.0,70480.0,1339120.0,1061600.0
ITM-0009067,ORD-002505,PRD-0049,41,2250.0,1400.0,12.5,11531.25,80718.75,57400.0
ITM-0009068,ORD-002505,PRD-0051,103,7700.0,4850.0,5.0,39655.0,753445.0,499550.0
ITM-0009069,ORD-002506,PRD-0016,4,18750.0,12900.0,7.5,5625.0,69375.0,51600.0
ITM-0009070,ORD-002506,PRD-0068,23,29000.0,20900.0,0.0,0.0,667000.0,480700.0
ITM-0009071,ORD-002506,PRD-0066,57,5300.0,3250.0,0.0,0.0,302100.0,185250.0
ITM-0009072,ORD-002506,PRD-0030,34,35850.0,25550.0,5.0,60945.0,1157955.0,868700.0
ITM-0009073,ORD-002507,PRD-0030,37,35850.0,25550.0,5.0,66322.5,1260127.5,945350.0
ITM-0009074,ORD-002507,PRD-0006,20,27000.0,19650.0,2.5,13500.0,526500.0,393000.0
ITM-0009075,ORD-002508,PRD-0034,4,2800.0,1650.0,0.0,0.0,11200.0,6600.0
ITM-0009076,ORD-002508,PRD-0053,4,50250.0,36300.0,2.5,5025.0,195975.0,145200.0
ITM-0009077,ORD-002509,PRD-0021,6,151550.0,109750.0,0.0,0.0,909300.0,658500.0
ITM-0009078,ORD-002509,PRD-0066,24,5300.0,3250.0,7.5,9540.0,117660.0,78000.0
ITM-0009079,ORD-002510,PRD-0032,6,383350.0,305700.0,12.5,287512.5,2012587.5,1834200.0
ITM-0009080,ORD-002510,PRD-0027,24,11500.0,7200.0,5.0,13800.0,262200.0,172800.0
ITM-0009081,ORD-002510,PRD-0070,13,5100.0,3300.0,0.0,0.0,66300.0,42900.0
ITM-0009082,ORD-002511,PRD-0007,4,33250.0,23700.0,12.5,16625.0,116375.0,94800.0
ITM-0009083,ORD-002511,PRD-0045,28,4400.0,2800.0,7.5,9240.0,113960.0,78400.0
ITM-0009084,ORD-002511,PRD-0030,30,35850.0,25550.0,12.5,134437.5,941062.5,766500.0
ITM-0009085,ORD-002511,PRD-0036,9,170650.0,122850.0,5.0,76792.5,1459057.5,1105650.0
ITM-0009086,ORD-002511,PRD-0048,4,160400.0,117650.0,0.0,0.0,641600.0,470600.0
ITM-0009087,ORD-002511,PRD-0011,13,50250.0,35950.0,5.0,32662.5,620587.5,467350.0
ITM-0009088,ORD-002511,PRD-0021,2,151550.0,109750.0,2.5,7577.5,295522.5,219500.0
ITM-0009089,ORD-002512,PRD-0043,2,35950.0,25500.0,7.5,5392.5,66507.5,51000.0
ITM-0009090,ORD-002513,PRD-0003,5,88300.0,65000.0,7.5,33112.5,408387.5,325000.0
ITM-0009091,ORD-002513,PRD-0014,2,199750.0,146450.0,10.0,39950.0,359550.0,292900.0
ITM-0009092,ORD-002513,PRD-0048,7,160400.0,117650.0,10.0,112280.0,1010520.0,823550.0
ITM-0009093,ORD-002513,PRD-0068,5,29000.0,20900.0,10.0,14500.0,130500.0,104500.0
ITM-0009094,ORD-002514,PRD-0034,4,2800.0,1650.0,10.0,1120.0,10080.0,6600.0
ITM-0009095,ORD-002514,PRD-0060,4,16450.0,11150.0,0.0,0.0,65800.0,44600.0
ITM-0009096,ORD-002514,PRD-0030,42,35850.0,25550.0,0.0,0.0,1505700.0,1073100.0
ITM-0009097,ORD-002514,PRD-0026,23,5050.0,3050.0,2.5,2903.75,113246.25,70150.0
ITM-0009098,ORD-002515,PRD-0036,7,170650.0,122850.0,0.0,0.0,1194550.0,859950.0
ITM-0009099,ORD-002515,PRD-0013,60,8750.0,5350.0,0.0,0.0,525000.0,321000.0
ITM-0009100,ORD-002515,PRD-0030,17,35850.0,25550.0,7.5,45708.75,563741.25,434350.0
ITM-0009101,ORD-002515,PRD-0009,12,75050.0,56000.0,10.0,90060.0,810540.0,672000.0
ITM-0009102,ORD-002515,PRD-0025,2,32700.0,22850.0,7.5,4905.0,60495.0,45700.0
ITM-0009103,ORD-002515,PRD-0058,2,28050.0,19450.0,7.5,4207.5,51892.5,38900.0
ITM-0009104,ORD-002516,PRD-0021,9,151550.0,109750.0,7.5,102296.25,1261653.75,987750.0
ITM-0009105,ORD-002516,PRD-0007,18,33250.0,23700.0,10.0,59850.0,538650.0,426600.0
ITM-0009106,ORD-002517,PRD-0066,11,5300.0,3250.0,2.5,1457.5,56842.5,35750.0
ITM-0009107,ORD-002517,PRD-0005,27,11500.0,7900.0,5.0,15525.0,294975.0,213300.0
ITM-0009108,ORD-002517,PRD-0036,4,170650.0,122850.0,2.5,17065.0,665535.0,491400.0
ITM-0009109,ORD-002518,PRD-0037,43,7650.0,5500.0,10.0,32895.0,296055.0,236500.0
ITM-0009110,ORD-002518,PRD-0007,14,33250.0,23700.0,0.0,0.0,465500.0,331800.0
ITM-0009111,ORD-002518,PRD-0052,14,40400.0,29250.0,0.0,0.0,565600.0,409500.0
ITM-0009112,ORD-002519,PRD-0006,13,27000.0,19650.0,12.5,43875.0,307125.0,255450.0
ITM-0009113,ORD-002519,PRD-0009,5,75050.0,56000.0,0.0,0.0,375250.0,280000.0
ITM-0009114,ORD-002519,PRD-0037,24,7650.0,5500.0,5.0,9180.0,174420.0,132000.0
ITM-0009115,ORD-002519,PRD-0069,16,41700.0,30300.0,2.5,16680.0,650520.0,484800.0
ITM-0009116,ORD-002519,PRD-0066,35,5300.0,3250.0,2.5,4637.5,180862.5,113750.0
ITM-0009117,ORD-002520,PRD-0066,11,5300.0,3250.0,2.5,1457.5,56842.5,35750.0
ITM-0009118,ORD-002520,PRD-0053,7,50250.0,36300.0,2.5,8793.75,342956.25,254100.0
ITM-0009119,ORD-002521,PRD-0030,6,35850.0,25550.0,5.0,10755.0,204345.0,153300.0
ITM-0009120,ORD-002521,PRD-0039,19,13350.0,9100.0,7.5,19023.75,234626.25,172900.0
ITM-0009121,ORD-002522,PRD-0064,3,40250.0,28850.0,2.5,3018.75,117731.25,86550.0
ITM-0009122,ORD-002522,PRD-0011,2,50250.0,35950.0,7.5,7537.5,92962.5,71900.0
ITM-0009123,ORD-002522,PRD-0053,1,50250.0,36300.0,12.5,6281.25,43968.75,36300.0
ITM-0009124,ORD-002523,PRD-0034,4,2800.0,1650.0,5.0,560.0,10640.0,6600.0
ITM-0009125,ORD-002523,PRD-0045,13,4400.0,2800.0,2.5,1430.0,55770.0,36400.0
ITM-0009126,ORD-002524,PRD-0013,20,8750.0,5350.0,2.5,4375.0,170625.0,107000.0
ITM-0009127,ORD-002524,PRD-0041,9,70000.0,52200.0,10.0,63000.0,567000.0,469800.0
ITM-0009128,ORD-002525,PRD-0052,13,40400.0,29250.0,5.0,26260.0,498940.0,380250.0
ITM-0009129,ORD-002525,PRD-0011,13,50250.0,35950.0,5.0,32662.5,620587.5,467350.0
ITM-0009130,ORD-002525,PRD-0027,13,11500.0,7200.0,7.5,11212.5,138287.5,93600.0
ITM-0009131,ORD-002525,PRD-0026,29,5050.0,3050.0,7.5,10983.75,135466.25,88450.0
ITM-0009132,ORD-002525,PRD-0033,4,88100.0,66350.0,2.5,8810.0,343590.0,265400.0
ITM-0009133,ORD-002525,PRD-0037,13,7650.0,5500.0,2.5,2486.25,96963.75,71500.0
ITM-0009134,ORD-002526,PRD-0005,34,11500.0,7900.0,10.0,39100.0,351900.0,268600.0
ITM-0009135,ORD-002526,PRD-0044,34,3350.0,2000.0,2.5,2847.5,111052.5,68000.0
ITM-0009136,ORD-002526,PRD-0011,11,50250.0,35950.0,12.5,69093.75,483656.25,395450.0
ITM-0009137,ORD-002527,PRD-0052,2,40400.0,29250.0,12.5,10100.0,70700.0,58500.0
ITM-0009138,ORD-002528,PRD-0033,2,88100.0,66350.0,7.5,13215.0,162985.0,132700.0
ITM-0009139,ORD-002528,PRD-0017,2,15250.0,10000.0,10.0,3050.0,27450.0,20000.0
ITM-0009140,ORD-002528,PRD-0034,2,2800.0,1650.0,0.0,0.0,5600.0,3300.0
ITM-0009141,ORD-002528,PRD-0049,10,2250.0,1400.0,0.0,0.0,22500.0,14000.0
ITM-0009142,ORD-002529,PRD-0027,39,11500.0,7200.0,12.5,56062.5,392437.5,280800.0
ITM-0009143,ORD-002529,PRD-0060,7,16450.0,11150.0,5.0,5757.5,109392.5,78050.0
ITM-0009144,ORD-002529,PRD-0053,14,50250.0,36300.0,7.5,52762.5,650737.5,508200.0
ITM-0009145,ORD-002529,PRD-0007,11,33250.0,23700.0,0.0,0.0,365750.0,260700.0
ITM-0009146,ORD-002529,PRD-0037,41,7650.0,5500.0,0.0,0.0,313650.0,225500.0
ITM-0009147,ORD-002529,PRD-0033,14,88100.0,66350.0,0.0,0.0,1233400.0,928900.0
ITM-0009148,ORD-002530,PRD-0004,19,7100.0,4600.0,2.5,3372.5,131527.5,87400.0
ITM-0009149,ORD-002530,PRD-0017,5,15250.0,10000.0,7.5,5718.75,70531.25,50000.0
ITM-0009150,ORD-002530,PRD-0007,9,33250.0,23700.0,2.5,7481.25,291768.75,213300.0
ITM-0009151,ORD-002530,PRD-0068,3,29000.0,20900.0,0.0,0.0,87000.0,62700.0
ITM-0009152,ORD-002530,PRD-0009,3,75050.0,56000.0,7.5,16886.25,208263.75,168000.0
ITM-0009153,ORD-002531,PRD-0007,8,33250.0,23700.0,5.0,13300.0,252700.0,189600.0
ITM-0009154,ORD-002531,PRD-0037,12,7650.0,5500.0,2.5,2295.0,89505.0,66000.0
ITM-0009155,ORD-002531,PRD-0031,20,1600.0,900.0,7.5,2400.0,29600.0,18000.0
ITM-0009156,ORD-002532,PRD-0040,13,70550.0,49600.0,5.0,45857.5,871292.5,644800.0
ITM-0009157,ORD-002532,PRD-0042,10,16900.0,11500.0,2.5,4225.0,164775.0,115000.0
ITM-0009158,ORD-002532,PRD-0036,3,170650.0,122850.0,7.5,38396.25,473553.75,368550.0
ITM-0009159,ORD-002532,PRD-0022,13,13950.0,9250.0,5.0,9067.5,172282.5,120250.0
ITM-0009160,ORD-002532,PRD-0032,13,383350.0,305700.0,12.5,622943.75,4360606.25,3974100.0
ITM-0009161,ORD-002532,PRD-0034,6,2800.0,1650.0,10.0,1680.0,15120.0,9900.0
ITM-0009162,ORD-002533,PRD-0066,13,5300.0,3250.0,5.0,3445.0,65455.0,42250.0
ITM-0009163,ORD-002533,PRD-0045,6,4400.0,2800.0,5.0,1320.0,25080.0,16800.0
ITM-0009164,ORD-002534,PRD-0053,2,50250.0,36300.0,7.5,7537.5,92962.5,72600.0
ITM-0009165,ORD-002534,PRD-0007,2,33250.0,23700.0,5.0,3325.0,63175.0,47400.0
ITM-0009166,ORD-002534,PRD-0069,11,41700.0,30300.0,7.5,34402.5,424297.5,333300.0
ITM-0009167,ORD-002534,PRD-0038,9,32300.0,22650.0,5.0,14535.0,276165.0,203850.0
ITM-0009168,ORD-002535,PRD-0054,15,6000.0,4000.0,5.0,4500.0,85500.0,60000.0
ITM-0009169,ORD-002536,PRD-0045,27,4400.0,2800.0,2.5,2970.0,115830.0,75600.0
ITM-0009170,ORD-002536,PRD-0037,57,7650.0,5500.0,10.0,43605.0,392445.0,313500.0
ITM-0009171,ORD-002536,PRD-0040,5,70550.0,49600.0,7.5,26456.25,326293.75,248000.0
ITM-0009172,ORD-002536,PRD-0027,41,11500.0,7200.0,7.5,35362.5,436137.5,295200.0
ITM-0009173,ORD-002536,PRD-0007,14,33250.0,23700.0,0.0,0.0,465500.0,331800.0
ITM-0009174,ORD-002536,PRD-0052,16,40400.0,29250.0,10.0,64640.0,581760.0,468000.0
ITM-0009175,ORD-002536,PRD-0066,27,5300.0,3250.0,2.5,3577.5,139522.5,87750.0
ITM-0009176,ORD-002537,PRD-0060,4,16450.0,11150.0,0.0,0.0,65800.0,44600.0
ITM-0009177,ORD-002537,PRD-0050,18,1200.0,650.0,2.5,540.0,21060.0,11700.0
ITM-0009178,ORD-002538,PRD-0022,15,13950.0,9250.0,0.0,0.0,209250.0,138750.0
ITM-0009179,ORD-002538,PRD-0013,39,8750.0,5350.0,5.0,17062.5,324187.5,208650.0
ITM-0009180,ORD-002538,PRD-0021,12,151550.0,109750.0,0.0,0.0,1818600.0,1317000.0
ITM-0009181,ORD-002539,PRD-0058,3,28050.0,19450.0,7.5,6311.25,77838.75,58350.0
ITM-0009182,ORD-002540,PRD-0024,24,17950.0,12350.0,0.0,0.0,430800.0,296400.0
ITM-0009183,ORD-002540,PRD-0066,12,5300.0,3250.0,0.0,0.0,63600.0,39000.0
ITM-0009184,ORD-002541,PRD-0008,8,11400.0,7800.0,2.5,2280.0,88920.0,62400.0
ITM-0009185,ORD-002541,PRD-0009,15,75050.0,56000.0,5.0,56287.5,1069462.5,840000.0
ITM-0009186,ORD-002541,PRD-0047,4,67750.0,48250.0,5.0,13550.0,257450.0,193000.0
ITM-0009187,ORD-002541,PRD-0011,4,50250.0,35950.0,0.0,0.0,201000.0,143800.0
ITM-0009188,ORD-002541,PRD-0033,4,88100.0,66350.0,10.0,35240.0,317160.0,265400.0
ITM-0009189,ORD-002542,PRD-0009,21,75050.0,56000.0,2.5,39401.25,1536648.75,1176000.0
ITM-0009190,ORD-002542,PRD-0005,54,11500.0,7900.0,5.0,31050.0,589950.0,426600.0
ITM-0009191,ORD-002542,PRD-0069,17,41700.0,30300.0,0.0,0.0,708900.0,515100.0
ITM-0009192,ORD-002542,PRD-0027,92,11500.0,7200.0,10.0,105800.0,952200.0,662400.0
ITM-0009193,ORD-002542,PRD-0013,67,8750.0,5350.0,2.5,14656.25,571593.75,358450.0
ITM-0009194,ORD-002542,PRD-0014,4,199750.0,146450.0,5.0,39950.0,759050.0,585800.0
ITM-0009195,ORD-002542,PRD-0048,8,160400.0,117650.0,10.0,128320.0,1154880.0,941200.0
ITM-0009196,ORD-002543,PRD-0033,19,88100.0,66350.0,2.5,41847.5,1632052.5,1260650.0
ITM-0009197,ORD-002543,PRD-0068,11,29000.0,20900.0,0.0,0.0,319000.0,229900.0
ITM-0009198,ORD-002543,PRD-0058,8,28050.0,19450.0,0.0,0.0,224400.0,155600.0
ITM-0009199,ORD-002544,PRD-0031,22,1600.0,900.0,5.0,1760.0,33440.0,19800.0
ITM-0009200,ORD-002544,PRD-0034,7,2800.0,1650.0,10.0,1960.0,17640.0,11550.0
ITM-0009201,ORD-002545,PRD-0023,1,46600.0,33950.0,10.0,4660.0,41940.0,33950.0
ITM-0009202,ORD-002545,PRD-0060,1,16450.0,11150.0,2.5,411.25,16038.75,11150.0
ITM-0009203,ORD-002545,PRD-0025,2,32700.0,22850.0,5.0,3270.0,62130.0,45700.0
ITM-0009204,ORD-002545,PRD-0045,13,4400.0,2800.0,7.5,4290.0,52910.0,36400.0
ITM-0009205,ORD-002545,PRD-0037,21,7650.0,5500.0,5.0,8032.5,152617.5,115500.0
ITM-0009206,ORD-002546,PRD-0013,24,8750.0,5350.0,5.0,10500.0,199500.0,128400.0
ITM-0009207,ORD-002547,PRD-0062,7,13700.0,9000.0,2.5,2397.5,93502.5,63000.0
ITM-0009208,ORD-002547,PRD-0013,16,8750.0,5350.0,0.0,0.0,140000.0,85600.0
ITM-0009209,ORD-002548,PRD-0007,15,33250.0,23700.0,5.0,24937.5,473812.5,355500.0
ITM-0009210,ORD-002548,PRD-0003,6,88300.0,65000.0,7.5,39735.0,490065.0,390000.0
ITM-0009211,ORD-002548,PRD-0053,9,50250.0,36300.0,5.0,22612.5,429637.5,326700.0
ITM-0009212,ORD-002548,PRD-0019,27,2950.0,1850.0,5.0,3982.5,75667.5,49950.0
ITM-0009213,ORD-002548,PRD-0023,9,46600.0,33950.0,0.0,0.0,419400.0,305550.0
ITM-0009214,ORD-002549,PRD-0058,4,28050.0,19450.0,10.0,11220.0,100980.0,77800.0
ITM-0009215,ORD-002549,PRD-0034,7,2800.0,1650.0,7.5,1470.0,18130.0,11550.0
ITM-0009216,ORD-002549,PRD-0030,5,35850.0,25550.0,0.0,0.0,179250.0,127750.0
ITM-0009217,ORD-002549,PRD-0005,16,11500.0,7900.0,5.0,9200.0,174800.0,126400.0
ITM-0009218,ORD-002549,PRD-0066,9,5300.0,3250.0,0.0,0.0,47700.0,29250.0
ITM-0009219,ORD-002550,PRD-0053,10,50250.0,36300.0,0.0,0.0,502500.0,363000.0
ITM-0009220,ORD-002550,PRD-0040,3,70550.0,49600.0,0.0,0.0,211650.0,148800.0
ITM-0009221,ORD-002550,PRD-0051,25,7700.0,4850.0,0.0,0.0,192500.0,121250.0
ITM-0009222,ORD-002550,PRD-0043,10,35950.0,25500.0,7.5,26962.5,332537.5,255000.0
ITM-0009223,ORD-002550,PRD-0034,5,2800.0,1650.0,10.0,1400.0,12600.0,8250.0
ITM-0009224,ORD-002551,PRD-0033,14,88100.0,66350.0,10.0,123340.0,1110060.0,928900.0
ITM-0009225,ORD-002551,PRD-0016,17,18750.0,12900.0,5.0,15937.5,302812.5,219300.0
ITM-0009226,ORD-002551,PRD-0009,20,75050.0,56000.0,0.0,0.0,1501000.0,1120000.0
ITM-0009227,ORD-002551,PRD-0007,7,33250.0,23700.0,12.5,29093.75,203656.25,165900.0
ITM-0009228,ORD-002551,PRD-0014,17,199750.0,146450.0,7.5,254681.25,3141068.75,2489650.0
ITM-0009229,ORD-002551,PRD-0034,17,2800.0,1650.0,10.0,4760.0,42840.0,28050.0
ITM-0009230,ORD-002552,PRD-0061,14,5600.0,3650.0,2.5,1960.0,76440.0,51100.0
ITM-0009231,ORD-002552,PRD-0059,15,1850.0,1050.0,2.5,693.75,27056.25,15750.0
ITM-0009232,ORD-002552,PRD-0005,13,11500.0,7900.0,7.5,11212.5,138287.5,102700.0
ITM-0009233,ORD-002553,PRD-0026,56,5050.0,3050.0,7.5,21210.0,261590.0,170800.0
ITM-0009234,ORD-002553,PRD-0067,23,2050.0,1250.0,5.0,2357.5,44792.5,28750.0
ITM-0009235,ORD-002554,PRD-0011,2,50250.0,35950.0,5.0,5025.0,95475.0,71900.0
ITM-0009236,ORD-002554,PRD-0027,24,11500.0,7200.0,0.0,0.0,276000.0,172800.0
ITM-0009237,ORD-002555,PRD-0037,11,7650.0,5500.0,5.0,4207.5,79942.5,60500.0
ITM-0009238,ORD-002555,PRD-0066,16,5300.0,3250.0,7.5,6360.0,78440.0,52000.0
ITM-0009239,ORD-002555,PRD-0045,16,4400.0,2800.0,7.5,5280.0,65120.0,44800.0
ITM-0009240,ORD-002555,PRD-0048,4,160400.0,117650.0,0.0,0.0,641600.0,470600.0
ITM-0009241,ORD-002556,PRD-0037,15,7650.0,5500.0,5.0,5737.5,109012.5,82500.0
ITM-0009242,ORD-002557,PRD-0032,11,383350.0,305700.0,7.5,316263.75,3900586.25,3362700.0
ITM-0009243,ORD-002557,PRD-0004,8,7100.0,4600.0,7.5,4260.0,52540.0,36800.0
ITM-0009244,ORD-002557,PRD-0007,11,33250.0,23700.0,2.5,9143.75,356606.25,260700.0
ITM-0009245,ORD-002558,PRD-0016,7,18750.0,12900.0,5.0,6562.5,124687.5,90300.0
ITM-0009246,ORD-002558,PRD-0008,8,11400.0,7800.0,12.5,11400.0,79800.0,62400.0
ITM-0009247,ORD-002558,PRD-0011,7,50250.0,35950.0,7.5,26381.25,325368.75,251650.0
ITM-0009248,ORD-002559,PRD-0005,6,11500.0,7900.0,7.5,5175.0,63825.0,47400.0
ITM-0009249,ORD-002559,PRD-0021,3,151550.0,109750.0,7.5,34098.75,420551.25,329250.0
ITM-0009250,ORD-002560,PRD-0033,2,88100.0,66350.0,5.0,8810.0,167390.0,132700.0
ITM-0009251,ORD-002561,PRD-0040,1,70550.0,49600.0,0.0,0.0,70550.0,49600.0
ITM-0009252,ORD-002562,PRD-0008,14,11400.0,7800.0,5.0,7980.0,151620.0,109200.0
ITM-0009253,ORD-002562,PRD-0009,11,75050.0,56000.0,5.0,41277.5,784272.5,616000.0
ITM-0009254,ORD-002562,PRD-0047,17,67750.0,48250.0,2.5,28793.75,1122956.25,820250.0
ITM-0009255,ORD-002563,PRD-0017,3,15250.0,10000.0,7.5,3431.25,42318.75,30000.0
ITM-0009256,ORD-002563,PRD-0008,4,11400.0,7800.0,0.0,0.0,45600.0,31200.0
ITM-0009257,ORD-002563,PRD-0034,1,2800.0,1650.0,0.0,0.0,2800.0,1650.0
ITM-0009258,ORD-002563,PRD-0006,1,27000.0,19650.0,7.5,2025.0,24975.0,19650.0
ITM-0009259,ORD-002564,PRD-0014,2,199750.0,146450.0,7.5,29962.5,369537.5,292900.0
ITM-0009260,ORD-002564,PRD-0029,5,30900.0,21650.0,2.5,3862.5,150637.5,108250.0
ITM-0009261,ORD-002565,PRD-0034,11,2800.0,1650.0,7.5,2310.0,28490.0,18150.0
ITM-0009262,ORD-002565,PRD-0040,15,70550.0,49600.0,5.0,52912.5,1005337.5,744000.0
ITM-0009263,ORD-002565,PRD-0039,23,13350.0,9100.0,0.0,0.0,307050.0,209300.0
ITM-0009264,ORD-002565,PRD-0027,64,11500.0,7200.0,12.5,92000.0,644000.0,460800.0
ITM-0009265,ORD-002565,PRD-0059,26,1850.0,1050.0,10.0,4810.0,43290.0,27300.0
ITM-0009266,ORD-002565,PRD-0008,23,11400.0,7800.0,7.5,19665.0,242535.0,179400.0
ITM-0009267,ORD-002565,PRD-0050,49,1200.0,650.0,0.0,0.0,58800.0,31850.0
ITM-0009268,ORD-002566,PRD-0053,6,50250.0,36300.0,7.5,22612.5,278887.5,217800.0
ITM-0009269,ORD-002566,PRD-0036,7,170650.0,122850.0,5.0,59727.5,1134822.5,859950.0
ITM-0009270,ORD-002566,PRD-0022,2,13950.0,9250.0,2.5,697.5,27202.5,18500.0
ITM-0009271,ORD-002566,PRD-0069,7,41700.0,30300.0,0.0,0.0,291900.0,212100.0
ITM-0009272,ORD-002566,PRD-0034,6,2800.0,1650.0,12.5,2100.0,14700.0,9900.0
ITM-0009273,ORD-002567,PRD-0006,5,27000.0,19650.0,0.0,0.0,135000.0,98250.0
ITM-0009274,ORD-002567,PRD-0013,25,8750.0,5350.0,2.5,5468.75,213281.25,133750.0
ITM-0009275,ORD-002567,PRD-0045,19,4400.0,2800.0,0.0,0.0,83600.0,53200.0
ITM-0009276,ORD-002568,PRD-0043,11,35950.0,25500.0,0.0,0.0,395450.0,280500.0
ITM-0009277,ORD-002568,PRD-0034,15,2800.0,1650.0,2.5,1050.0,40950.0,24750.0
ITM-0009278,ORD-002569,PRD-0008,9,11400.0,7800.0,5.0,5130.0,97470.0,70200.0
ITM-0009279,ORD-002569,PRD-0045,9,4400.0,2800.0,2.5,990.0,38610.0,25200.0
ITM-0009280,ORD-002569,PRD-0013,11,8750.0,5350.0,5.0,4812.5,91437.5,58850.0
ITM-0009281,ORD-002569,PRD-0028,20,6400.0,4200.0,7.5,9600.0,118400.0,84000.0
ITM-0009282,ORD-002570,PRD-0005,9,11500.0,7900.0,7.5,7762.5,95737.5,71100.0
ITM-0009283,ORD-002570,PRD-0009,11,75050.0,56000.0,0.0,0.0,825550.0,616000.0
ITM-0009284,ORD-002570,PRD-0050,32,1200.0,650.0,12.5,4800.0,33600.0,20800.0
ITM-0009285,ORD-002571,PRD-0050,10,1200.0,650.0,7.5,900.0,11100.0,6500.0
ITM-0009286,ORD-002571,PRD-0005,27,11500.0,7900.0,0.0,0.0,310500.0,213300.0
ITM-0009287,ORD-002571,PRD-0066,23,5300.0,3250.0,7.5,9142.5,112757.5,74750.0
ITM-0009288,ORD-002571,PRD-0063,10,12650.0,8000.0,0.0,0.0,126500.0,80000.0
ITM-0009289,ORD-002572,PRD-0027,26,11500.0,7200.0,0.0,0.0,299000.0,187200.0
ITM-0009290,ORD-002572,PRD-0034,8,2800.0,1650.0,7.5,1680.0,20720.0,13200.0
ITM-0009291,ORD-002573,PRD-0033,6,88100.0,66350.0,5.0,26430.0,502170.0,398100.0
ITM-0009292,ORD-002573,PRD-0064,3,40250.0,28850.0,7.5,9056.25,111693.75,86550.0
ITM-0009293,ORD-002574,PRD-0005,10,11500.0,7900.0,12.5,14375.0,100625.0,79000.0
ITM-0009294,ORD-002574,PRD-0049,7,2250.0,1400.0,5.0,787.5,14962.5,9800.0
ITM-0009295,ORD-002574,PRD-0048,5,160400.0,117650.0,5.0,40100.0,761900.0,588250.0
ITM-0009296,ORD-002574,PRD-0034,6,2800.0,1650.0,2.5,420.0,16380.0,9900.0
ITM-0009297,ORD-002574,PRD-0030,4,35850.0,25550.0,2.5,3585.0,139815.0,102200.0
ITM-0009298,ORD-002575,PRD-0028,27,6400.0,4200.0,0.0,0.0,172800.0,113400.0
ITM-0009299,ORD-002575,PRD-0045,13,4400.0,2800.0,7.5,4290.0,52910.0,36400.0
ITM-0009300,ORD-002575,PRD-0005,7,11500.0,7900.0,5.0,4025.0,76475.0,55300.0
ITM-0009301,ORD-002576,PRD-0009,11,75050.0,56000.0,0.0,0.0,825550.0,616000.0
ITM-0009302,ORD-002576,PRD-0033,11,88100.0,66350.0,7.5,72682.5,896417.5,729850.0
ITM-0009303,ORD-002576,PRD-0047,7,67750.0,48250.0,0.0,0.0,474250.0,337750.0
ITM-0009304,ORD-002577,PRD-0027,36,11500.0,7200.0,5.0,20700.0,393300.0,259200.0
ITM-0009305,ORD-002577,PRD-0029,12,30900.0,21650.0,10.0,37080.0,333720.0,259800.0
ITM-0009306,ORD-002577,PRD-0022,18,13950.0,9250.0,10.0,25110.0,225990.0,166500.0
ITM-0009307,ORD-002578,PRD-0030,6,35850.0,25550.0,7.5,16132.5,198967.5,153300.0
ITM-0009308,ORD-002578,PRD-0037,35,7650.0,5500.0,2.5,6693.75,261056.25,192500.0
ITM-0009309,ORD-002578,PRD-0060,2,16450.0,11150.0,7.5,2467.5,30432.5,22300.0
ITM-0009310,ORD-002578,PRD-0004,7,7100.0,4600.0,5.0,2485.0,47215.0,32200.0
ITM-0009311,ORD-002578,PRD-0057,11,25450.0,17350.0,5.0,13997.5,265952.5,190850.0
ITM-0009312,ORD-002579,PRD-0005,24,11500.0,7900.0,5.0,13800.0,262200.0,189600.0
ITM-0009313,ORD-002579,PRD-0021,10,151550.0,109750.0,0.0,0.0,1515500.0,1097500.0
ITM-0009314,ORD-002579,PRD-0048,3,160400.0,117650.0,12.5,60150.0,421050.0,352950.0
ITM-0009315,ORD-002579,PRD-0069,10,41700.0,30300.0,5.0,20850.0,396150.0,303000.0
ITM-0009316,ORD-002579,PRD-0037,81,7650.0,5500.0,10.0,61965.0,557685.0,445500.0
ITM-0009317,ORD-002579,PRD-0053,10,50250.0,36300.0,2.5,12562.5,489937.5,363000.0
ITM-0009318,ORD-002579,PRD-0013,30,8750.0,5350.0,2.5,6562.5,255937.5,160500.0
ITM-0009319,ORD-002580,PRD-0048,5,160400.0,117650.0,5.0,40100.0,761900.0,588250.0
ITM-0009320,ORD-002580,PRD-0032,7,383350.0,305700.0,5.0,134172.5,2549277.5,2139900.0
ITM-0009321,ORD-002580,PRD-0068,15,29000.0,20900.0,0.0,0.0,435000.0,313500.0
ITM-0009322,ORD-002580,PRD-0055,5,43600.0,31400.0,5.0,10900.0,207100.0,157000.0
ITM-0009323,ORD-002580,PRD-0005,17,11500.0,7900.0,10.0,19550.0,175950.0,134300.0
ITM-0009324,ORD-002581,PRD-0065,17,9000.0,5800.0,5.0,7650.0,145350.0,98600.0
ITM-0009325,ORD-002581,PRD-0030,15,35850.0,25550.0,10.0,53775.0,483975.0,383250.0
ITM-0009326,ORD-002581,PRD-0011,9,50250.0,35950.0,2.5,11306.25,440943.75,323550.0
ITM-0009327,ORD-002581,PRD-0037,24,7650.0,5500.0,7.5,13770.0,169830.0,132000.0
ITM-0009328,ORD-002582,PRD-0007,8,33250.0,23700.0,12.5,33250.0,232750.0,189600.0
ITM-0009329,ORD-002583,PRD-0069,12,41700.0,30300.0,10.0,50040.0,450360.0,363600.0
ITM-0009330,ORD-002583,PRD-0067,16,2050.0,1250.0,7.5,2460.0,30340.0,20000.0
ITM-0009331,ORD-002583,PRD-0030,27,35850.0,25550.0,7.5,72596.25,895353.75,689850.0
ITM-0009332,ORD-002584,PRD-0017,13,15250.0,10000.0,2.5,4956.25,193293.75,130000.0
ITM-0009333,ORD-002584,PRD-0007,2,33250.0,23700.0,7.5,4987.5,61512.5,47400.0
ITM-0009334,ORD-002585,PRD-0050,22,1200.0,650.0,12.5,3300.0,23100.0,14300.0
ITM-0009335,ORD-002585,PRD-0027,47,11500.0,7200.0,7.5,40537.5,499962.5,338400.0
ITM-0009336,ORD-002585,PRD-0006,9,27000.0,19650.0,5.0,12150.0,230850.0,176850.0
ITM-0009337,ORD-002585,PRD-0005,40,11500.0,7900.0,0.0,0.0,460000.0,316000.0
ITM-0009338,ORD-002585,PRD-0013,65,8750.0,5350.0,7.5,42656.25,526093.75,347750.0
ITM-0009339,ORD-002586,PRD-0005,35,11500.0,7900.0,0.0,0.0,402500.0,276500.0
ITM-0009340,ORD-002586,PRD-0061,32,5600.0,3650.0,10.0,17920.0,161280.0,116800.0
ITM-0009341,ORD-002586,PRD-0066,21,5300.0,3250.0,5.0,5565.0,105735.0,68250.0
ITM-0009342,ORD-002586,PRD-0046,4,141200.0,107400.0,5.0,28240.0,536560.0,429600.0
ITM-0009343,ORD-002586,PRD-0006,14,27000.0,19650.0,10.0,37800.0,340200.0,275100.0
ITM-0009344,ORD-002586,PRD-0012,14,42850.0,31750.0,12.5,74987.5,524912.5,444500.0
ITM-0009345,ORD-002587,PRD-0003,6,88300.0,65000.0,5.0,26490.0,503310.0,390000.0
ITM-0009346,ORD-002587,PRD-0005,17,11500.0,7900.0,5.0,9775.0,185725.0,134300.0
ITM-0009347,ORD-002588,PRD-0028,26,6400.0,4200.0,7.5,12480.0,153920.0,109200.0
ITM-0009348,ORD-002588,PRD-0034,4,2800.0,1650.0,7.5,840.0,10360.0,6600.0
ITM-0009349,ORD-002588,PRD-0013,35,8750.0,5350.0,5.0,15312.5,290937.5,187250.0
ITM-0009350,ORD-002588,PRD-0049,12,2250.0,1400.0,7.5,2025.0,24975.0,16800.0
ITM-0009351,ORD-002588,PRD-0050,4,1200.0,650.0,7.5,360.0,4440.0,2600.0
ITM-0009352,ORD-002589,PRD-0024,53,17950.0,12350.0,5.0,47567.5,903782.5,654550.0
ITM-0009353,ORD-002589,PRD-0037,65,7650.0,5500.0,7.5,37293.75,459956.25,357500.0
ITM-0009354,ORD-002589,PRD-0007,3,33250.0,23700.0,5.0,4987.5,94762.5,71100.0
ITM-0009355,ORD-002589,PRD-0038,3,32300.0,22650.0,7.5,7267.5,89632.5,67950.0
ITM-0009356,ORD-002589,PRD-0034,9,2800.0,1650.0,7.5,1890.0,23310.0,14850.0
ITM-0009357,ORD-002589,PRD-0065,19,9000.0,5800.0,5.0,8550.0,162450.0,110200.0
ITM-0009358,ORD-002590,PRD-0069,12,41700.0,30300.0,7.5,37530.0,462870.0,363600.0
ITM-0009359,ORD-002590,PRD-0040,5,70550.0,49600.0,10.0,35275.0,317475.0,248000.0
ITM-0009360,ORD-002590,PRD-0058,10,28050.0,19450.0,5.0,14025.0,266475.0,194500.0
ITM-0009361,ORD-002591,PRD-0039,7,13350.0,9100.0,12.5,11681.25,81768.75,63700.0
ITM-0009362,ORD-002591,PRD-0045,7,4400.0,2800.0,0.0,0.0,30800.0,19600.0
ITM-0009363,ORD-002591,PRD-0069,2,41700.0,30300.0,2.5,2085.0,81315.0,60600.0
ITM-0009364,ORD-002591,PRD-0030,7,35850.0,25550.0,7.5,18821.25,232128.75,178850.0
ITM-0009365,ORD-002591,PRD-0005,4,11500.0,7900.0,5.0,2300.0,43700.0,31600.0
ITM-0009366,ORD-002592,PRD-0027,38,11500.0,7200.0,2.5,10925.0,426075.0,273600.0
ITM-0009367,ORD-002593,PRD-0032,16,383350.0,305700.0,10.0,613360.0,5520240.0,4891200.0
ITM-0009368,ORD-002593,PRD-0007,16,33250.0,23700.0,5.0,26600.0,505400.0,379200.0
ITM-0009369,ORD-002593,PRD-0023,16,46600.0,33950.0,10.0,74560.0,671040.0,543200.0
ITM-0009370,ORD-002593,PRD-0069,13,41700.0,30300.0,12.5,67762.5,474337.5,393900.0
ITM-0009371,ORD-002594,PRD-0058,12,28050.0,19450.0,7.5,25245.0,311355.0,233400.0
ITM-0009372,ORD-002594,PRD-0052,5,40400.0,29250.0,0.0,0.0,202000.0,146250.0
ITM-0009373,ORD-002594,PRD-0034,2,2800.0,1650.0,7.5,420.0,5180.0,3300.0
ITM-0009374,ORD-002594,PRD-0017,15,15250.0,10000.0,5.0,11437.5,217312.5,150000.0
ITM-0009375,ORD-002594,PRD-0064,15,40250.0,28850.0,5.0,30187.5,573562.5,432750.0
ITM-0009376,ORD-002594,PRD-0024,44,17950.0,12350.0,10.0,78980.0,710820.0,543400.0
ITM-0009377,ORD-002595,PRD-0037,40,7650.0,5500.0,5.0,15300.0,290700.0,220000.0
ITM-0009378,ORD-002595,PRD-0008,20,11400.0,7800.0,0.0,0.0,228000.0,156000.0
ITM-0009379,ORD-002595,PRD-0009,20,75050.0,56000.0,5.0,75050.0,1425950.0,1120000.0
ITM-0009380,ORD-002595,PRD-0066,28,5300.0,3250.0,0.0,0.0,148400.0,91000.0
ITM-0009381,ORD-002596,PRD-0057,16,25450.0,17350.0,5.0,20360.0,386840.0,277600.0
ITM-0009382,ORD-002596,PRD-0038,9,32300.0,22650.0,12.5,36337.5,254362.5,203850.0
ITM-0009383,ORD-002596,PRD-0005,31,11500.0,7900.0,10.0,35650.0,320850.0,244900.0
ITM-0009384,ORD-002596,PRD-0069,16,41700.0,30300.0,10.0,66720.0,600480.0,484800.0
ITM-0009385,ORD-002596,PRD-0034,3,2800.0,1650.0,10.0,840.0,7560.0,4950.0
ITM-0009386,ORD-002596,PRD-0046,3,141200.0,107400.0,7.5,31770.0,391830.0,322200.0
ITM-0009387,ORD-002596,PRD-0016,3,18750.0,12900.0,7.5,4218.75,52031.25,38700.0
ITM-0009388,ORD-002597,PRD-0019,15,2950.0,1850.0,10.0,4425.0,39825.0,27750.0
ITM-0009389,ORD-002597,PRD-0052,1,40400.0,29250.0,2.5,1010.0,39390.0,29250.0
ITM-0009390,ORD-002597,PRD-0033,3,88100.0,66350.0,0.0,0.0,264300.0,199050.0
ITM-0009391,ORD-002598,PRD-0034,6,2800.0,1650.0,0.0,0.0,16800.0,9900.0
ITM-0009392,ORD-002599,PRD-0007,3,33250.0,23700.0,2.5,2493.75,97256.25,71100.0
ITM-0009393,ORD-002599,PRD-0027,20,11500.0,7200.0,2.5,5750.0,224250.0,144000.0
ITM-0009394,ORD-002599,PRD-0045,4,4400.0,2800.0,2.5,440.0,17160.0,11200.0
ITM-0009395,ORD-002599,PRD-0014,8,199750.0,146450.0,5.0,79900.0,1518100.0,1171600.0
ITM-0009396,ORD-002599,PRD-0028,10,6400.0,4200.0,10.0,6400.0,57600.0,42000.0
ITM-0009397,ORD-002600,PRD-0037,49,7650.0,5500.0,10.0,37485.0,337365.0,269500.0
ITM-0009398,ORD-002600,PRD-0006,15,27000.0,19650.0,2.5,10125.0,394875.0,294750.0
ITM-0009399,ORD-002600,PRD-0029,3,30900.0,21650.0,5.0,4635.0,88065.0,64950.0
ITM-0009400,ORD-002600,PRD-0069,9,41700.0,30300.0,7.5,28147.5,347152.5,272700.0
ITM-0009401,ORD-002600,PRD-0034,17,2800.0,1650.0,2.5,1190.0,46410.0,28050.0
ITM-0009402,ORD-002600,PRD-0056,3,16900.0,12000.0,5.0,2535.0,48165.0,36000.0
ITM-0009403,ORD-002600,PRD-0027,26,11500.0,7200.0,0.0,0.0,299000.0,187200.0
ITM-0009404,ORD-002601,PRD-0034,14,2800.0,1650.0,5.0,1960.0,37240.0,23100.0
ITM-0009405,ORD-002601,PRD-0060,14,16450.0,11150.0,2.5,5757.5,224542.5,156100.0
ITM-0009406,ORD-002602,PRD-0005,25,11500.0,7900.0,10.0,28750.0,258750.0,197500.0
ITM-0009407,ORD-002603,PRD-0044,53,3350.0,2000.0,5.0,8877.5,168672.5,106000.0
ITM-0009408,ORD-002603,PRD-0016,5,18750.0,12900.0,5.0,4687.5,89062.5,64500.0
ITM-0009409,ORD-002603,PRD-0004,38,7100.0,4600.0,2.5,6745.0,263055.0,174800.0
ITM-0009410,ORD-002603,PRD-0051,38,7700.0,4850.0,2.5,7315.0,285285.0,184300.0
ITM-0009411,ORD-002603,PRD-0063,15,12650.0,8000.0,5.0,9487.5,180262.5,120000.0
ITM-0009412,ORD-002603,PRD-0043,5,35950.0,25500.0,5.0,8987.5,170762.5,127500.0
ITM-0009413,ORD-002604,PRD-0033,14,88100.0,66350.0,7.5,92505.0,1140895.0,928900.0
ITM-0009414,ORD-002604,PRD-0060,14,16450.0,11150.0,0.0,0.0,230300.0,156100.0
ITM-0009415,ORD-002604,PRD-0031,22,1600.0,900.0,2.5,880.0,34320.0,19800.0
ITM-0009416,ORD-002605,PRD-0005,26,11500.0,7900.0,7.5,22425.0,276575.0,205400.0
ITM-0009417,ORD-002605,PRD-0029,11,30900.0,21650.0,0.0,0.0,339900.0,238150.0
ITM-0009418,ORD-002605,PRD-0007,4,33250.0,23700.0,7.5,9975.0,123025.0,94800.0
ITM-0009419,ORD-002606,PRD-0008,14,11400.0,7800.0,12.5,19950.0,139650.0,109200.0
ITM-0009420,ORD-002606,PRD-0017,14,15250.0,10000.0,2.5,5337.5,208162.5,140000.0
ITM-0009421,ORD-002607,PRD-0065,9,9000.0,5800.0,12.5,10125.0,70875.0,52200.0
ITM-0009422,ORD-002608,PRD-0049,9,2250.0,1400.0,7.5,1518.75,18731.25,12600.0
ITM-0009423,ORD-002608,PRD-0012,11,42850.0,31750.0,5.0,23567.5,447782.5,349250.0
ITM-0009424,ORD-002608,PRD-0040,14,70550.0,49600.0,10.0,98770.0,888930.0,694400.0
ITM-0009425,ORD-002608,PRD-0016,6,18750.0,12900.0,5.0,5625.0,106875.0,77400.0
ITM-0009426,ORD-002608,PRD-0043,11,35950.0,25500.0,7.5,29658.75,365791.25,280500.0
ITM-0009427,ORD-002608,PRD-0027,37,11500.0,7200.0,0.0,0.0,425500.0,266400.0
ITM-0009428,ORD-002608,PRD-0029,9,30900.0,21650.0,5.0,13905.0,264195.0,194850.0
ITM-0009429,ORD-002609,PRD-0007,8,33250.0,23700.0,5.0,13300.0,252700.0,189600.0
ITM-0009430,ORD-002609,PRD-0005,44,11500.0,7900.0,5.0,25300.0,480700.0,347600.0
ITM-0009431,ORD-002609,PRD-0031,16,1600.0,900.0,5.0,1280.0,24320.0,14400.0
ITM-0009432,ORD-002609,PRD-0021,20,151550.0,109750.0,0.0,0.0,3031000.0,2195000.0
ITM-0009433,ORD-002610,PRD-0009,2,75050.0,56000.0,5.0,7505.0,142595.0,112000.0
ITM-0009434,ORD-002610,PRD-0005,18,11500.0,7900.0,12.5,25875.0,181125.0,142200.0
ITM-0009435,ORD-002611,PRD-0065,18,9000.0,5800.0,0.0,0.0,162000.0,104400.0
ITM-0009436,ORD-002611,PRD-0066,15,5300.0,3250.0,5.0,3975.0,75525.0,48750.0
ITM-0009437,ORD-002611,PRD-0031,8,1600.0,900.0,0.0,0.0,12800.0,7200.0
ITM-0009438,ORD-002612,PRD-0058,19,28050.0,19450.0,0.0,0.0,532950.0,369550.0
ITM-0009439,ORD-002612,PRD-0022,23,13950.0,9250.0,7.5,24063.75,296786.25,212750.0
ITM-0009440,ORD-002612,PRD-0038,8,32300.0,22650.0,7.5,19380.0,239020.0,181200.0
ITM-0009441,ORD-002612,PRD-0009,8,75050.0,56000.0,7.5,45030.0,555370.0,448000.0
ITM-0009442,ORD-002612,PRD-0049,43,2250.0,1400.0,12.5,12093.75,84656.25,60200.0
ITM-0009443,ORD-002612,PRD-0036,12,170650.0,122850.0,0.0,0.0,2047800.0,1474200.0
ITM-0009444,ORD-002613,PRD-0021,3,151550.0,109750.0,5.0,22732.5,431917.5,329250.0
ITM-0009445,ORD-002613,PRD-0006,8,27000.0,19650.0,12.5,27000.0,189000.0,157200.0
ITM-0009446,ORD-002613,PRD-0047,14,67750.0,48250.0,5.0,47425.0,901075.0,675500.0
ITM-0009447,ORD-002613,PRD-0045,11,4400.0,2800.0,7.5,3630.0,44770.0,30800.0
ITM-0009448,ORD-002613,PRD-0068,16,29000.0,20900.0,12.5,58000.0,406000.0,334400.0
ITM-0009449,ORD-002614,PRD-0024,48,17950.0,12350.0,0.0,0.0,861600.0,592800.0
ITM-0009450,ORD-002614,PRD-0060,9,16450.0,11150.0,7.5,11103.75,136946.25,100350.0
ITM-0009451,ORD-002614,PRD-0030,24,35850.0,25550.0,2.5,21510.0,838890.0,613200.0
ITM-0009452,ORD-002614,PRD-0045,27,4400.0,2800.0,10.0,11880.0,106920.0,75600.0
ITM-0009453,ORD-002614,PRD-0039,27,13350.0,9100.0,0.0,0.0,360450.0,245700.0
ITM-0009454,ORD-002614,PRD-0022,6,13950.0,9250.0,7.5,6277.5,77422.5,55500.0
ITM-0009455,ORD-002614,PRD-0040,9,70550.0,49600.0,12.5,79368.75,555581.25,446400.0
ITM-0009456,ORD-002615,PRD-0058,4,28050.0,19450.0,7.5,8415.0,103785.0,77800.0
ITM-0009457,ORD-002615,PRD-0037,22,7650.0,5500.0,0.0,0.0,168300.0,121000.0
ITM-0009458,ORD-002616,PRD-0032,7,383350.0,305700.0,5.0,134172.5,2549277.5,2139900.0
ITM-0009459,ORD-002617,PRD-0069,1,41700.0,30300.0,10.0,4170.0,37530.0,30300.0
ITM-0009460,ORD-002617,PRD-0003,2,88300.0,65000.0,7.5,13245.0,163355.0,130000.0
ITM-0009461,ORD-002617,PRD-0045,4,4400.0,2800.0,10.0,1760.0,15840.0,11200.0
ITM-0009462,ORD-002618,PRD-0004,17,7100.0,4600.0,5.0,6035.0,114665.0,78200.0
ITM-0009463,ORD-002618,PRD-0047,15,67750.0,48250.0,0.0,0.0,1016250.0,723750.0
ITM-0009464,ORD-002618,PRD-0040,2,70550.0,49600.0,7.5,10582.5,130517.5,99200.0
ITM-0009465,ORD-002618,PRD-0010,10,50450.0,37650.0,5.0,25225.0,479275.0,376500.0
ITM-0009466,ORD-002618,PRD-0003,10,88300.0,65000.0,12.5,110375.0,772625.0,650000.0
ITM-0009467,ORD-002618,PRD-0034,10,2800.0,1650.0,0.0,0.0,28000.0,16500.0
ITM-0009468,ORD-002618,PRD-0069,7,41700.0,30300.0,5.0,14595.0,277305.0,212100.0
ITM-0009469,ORD-002619,PRD-0053,6,50250.0,36300.0,12.5,37687.5,263812.5,217800.0
ITM-0009470,ORD-002619,PRD-0052,14,40400.0,29250.0,2.5,14140.0,551460.0,409500.0
ITM-0009471,ORD-002619,PRD-0034,9,2800.0,1650.0,10.0,2520.0,22680.0,14850.0
ITM-0009472,ORD-002620,PRD-0048,7,160400.0,117650.0,0.0,0.0,1122800.0,823550.0
ITM-0009473,ORD-002620,PRD-0013,41,8750.0,5350.0,7.5,26906.25,331843.75,219350.0
ITM-0009474,ORD-002620,PRD-0056,9,16900.0,12000.0,0.0,0.0,152100.0,108000.0
ITM-0009475,ORD-002620,PRD-0005,13,11500.0,7900.0,10.0,14950.0,134550.0,102700.0
ITM-0009476,ORD-002620,PRD-0053,9,50250.0,36300.0,10.0,45225.0,407025.0,326700.0
ITM-0009477,ORD-002620,PRD-0017,2,15250.0,10000.0,5.0,1525.0,28975.0,20000.0
ITM-0009478,ORD-002620,PRD-0058,11,28050.0,19450.0,7.5,23141.25,285408.75,213950.0
ITM-0009479,ORD-002621,PRD-0005,6,11500.0,7900.0,5.0,3450.0,65550.0,47400.0
ITM-0009480,ORD-002622,PRD-0005,12,11500.0,7900.0,10.0,13800.0,124200.0,94800.0
ITM-0009481,ORD-002622,PRD-0030,12,35850.0,25550.0,10.0,43020.0,387180.0,306600.0
ITM-0009482,ORD-002622,PRD-0015,5,19300.0,12700.0,0.0,0.0,96500.0,63500.0
ITM-0009483,ORD-002622,PRD-0063,44,12650.0,8000.0,0.0,0.0,556600.0,352000.0
ITM-0009484,ORD-002622,PRD-0052,14,40400.0,29250.0,7.5,42420.0,523180.0,409500.0
ITM-0009485,ORD-002622,PRD-0031,7,1600.0,900.0,12.5,1400.0,9800.0,6300.0
ITM-0009486,ORD-002622,PRD-0050,14,1200.0,650.0,5.0,840.0,15960.0,9100.0
ITM-0009487,ORD-002623,PRD-0036,19,170650.0,122850.0,2.5,81058.75,3161291.25,2334150.0
ITM-0009488,ORD-002623,PRD-0018,10,39400.0,29550.0,12.5,49250.0,344750.0,295500.0
ITM-0009489,ORD-002623,PRD-0048,6,160400.0,117650.0,10.0,96240.0,866160.0,705900.0
ITM-0009490,ORD-002623,PRD-0051,81,7700.0,4850.0,7.5,46777.5,576922.5,392850.0
ITM-0009491,ORD-002623,PRD-0069,16,41700.0,30300.0,5.0,33360.0,633840.0,484800.0
ITM-0009492,ORD-002623,PRD-0033,6,88100.0,66350.0,2.5,13215.0,515385.0,398100.0
ITM-0009493,ORD-002623,PRD-0031,13,1600.0,900.0,0.0,0.0,20800.0,11700.0
ITM-0009494,ORD-002624,PRD-0065,5,9000.0,5800.0,10.0,4500.0,40500.0,29000.0
ITM-0009495,ORD-002624,PRD-0005,8,11500.0,7900.0,7.5,6900.0,85100.0,63200.0
ITM-0009496,ORD-002624,PRD-0052,2,40400.0,29250.0,2.5,2020.0,78780.0,58500.0
ITM-0009497,ORD-002625,PRD-0052,5,40400.0,29250.0,5.0,10100.0,191900.0,146250.0
ITM-0009498,ORD-002626,PRD-0007,18,33250.0,23700.0,7.5,44887.5,553612.5,426600.0
ITM-0009499,ORD-002626,PRD-0065,42,9000.0,5800.0,2.5,9450.0,368550.0,243600.0
ITM-0009500,ORD-002626,PRD-0049,18,2250.0,1400.0,7.5,3037.5,37462.5,25200.0
ITM-0009501,ORD-002626,PRD-0034,18,2800.0,1650.0,12.5,6300.0,44100.0,29700.0
ITM-0009502,ORD-002627,PRD-0039,28,13350.0,9100.0,7.5,28035.0,345765.0,254800.0
ITM-0009503,ORD-002628,PRD-0021,13,151550.0,109750.0,2.5,49253.75,1920896.25,1426750.0
ITM-0009504,ORD-002628,PRD-0053,3,50250.0,36300.0,7.5,11306.25,139443.75,108900.0
ITM-0009505,ORD-002628,PRD-0049,18,2250.0,1400.0,5.0,2025.0,38475.0,25200.0
ITM-0009506,ORD-002628,PRD-0065,31,9000.0,5800.0,7.5,20925.0,258075.0,179800.0
ITM-0009507,ORD-002628,PRD-0005,29,11500.0,7900.0,5.0,16675.0,316825.0,229100.0
ITM-0009508,ORD-002628,PRD-0030,8,35850.0,25550.0,10.0,28680.0,258120.0,204400.0
ITM-0009509,ORD-002629,PRD-0066,30,5300.0,3250.0,5.0,7950.0,151050.0,97500.0
ITM-0009510,ORD-002629,PRD-0034,6,2800.0,1650.0,5.0,840.0,15960.0,9900.0
ITM-0009511,ORD-002629,PRD-0014,2,199750.0,146450.0,7.5,29962.5,369537.5,292900.0
ITM-0009512,ORD-002630,PRD-0036,12,170650.0,122850.0,10.0,204780.0,1843020.0,1474200.0
ITM-0009513,ORD-002630,PRD-0023,4,46600.0,33950.0,5.0,9320.0,177080.0,135800.0
ITM-0009514,ORD-002631,PRD-0069,10,41700.0,30300.0,7.5,31275.0,385725.0,303000.0
ITM-0009515,ORD-002631,PRD-0007,16,33250.0,23700.0,10.0,53200.0,478800.0,379200.0
ITM-0009516,ORD-002631,PRD-0048,13,160400.0,117650.0,5.0,104260.0,1980940.0,1529450.0
ITM-0009517,ORD-002631,PRD-0060,10,16450.0,11150.0,5.0,8225.0,156275.0,111500.0
ITM-0009518,ORD-002631,PRD-0045,32,4400.0,2800.0,0.0,0.0,140800.0,89600.0
ITM-0009519,ORD-002632,PRD-0030,12,35850.0,25550.0,2.5,10755.0,419445.0,306600.0
ITM-0009520,ORD-002633,PRD-0057,8,25450.0,17350.0,10.0,20360.0,183240.0,138800.0
ITM-0009521,ORD-002633,PRD-0037,33,7650.0,5500.0,7.5,18933.75,233516.25,181500.0
ITM-0009522,ORD-002633,PRD-0008,5,11400.0,7800.0,10.0,5700.0,51300.0,39000.0
ITM-0009523,ORD-002633,PRD-0048,5,160400.0,117650.0,7.5,60150.0,741850.0,588250.0
ITM-0009524,ORD-002633,PRD-0069,11,41700.0,30300.0,2.5,11467.5,447232.5,333300.0
ITM-0009525,ORD-002634,PRD-0046,24,141200.0,107400.0,0.0,0.0,3388800.0,2577600.0
ITM-0009526,ORD-002634,PRD-0022,4,13950.0,9250.0,2.5,1395.0,54405.0,37000.0
ITM-0009527,ORD-002634,PRD-0010,4,50450.0,37650.0,7.5,15135.0,186665.0,150600.0
ITM-0009528,ORD-002634,PRD-0034,4,2800.0,1650.0,5.0,560.0,10640.0,6600.0
ITM-0009529,ORD-002634,PRD-0030,37,35850.0,25550.0,0.0,0.0,1326450.0,945350.0
ITM-0009530,ORD-002634,PRD-0052,12,40400.0,29250.0,10.0,48480.0,436320.0,351000.0
ITM-0009531,ORD-002634,PRD-0037,73,7650.0,5500.0,0.0,0.0,558450.0,401500.0
ITM-0009532,ORD-002635,PRD-0038,16,32300.0,22650.0,12.5,64600.0,452200.0,362400.0
ITM-0009533,ORD-002635,PRD-0050,27,1200.0,650.0,10.0,3240.0,29160.0,17550.0
ITM-0009534,ORD-002635,PRD-0007,13,33250.0,23700.0,7.5,32418.75,399831.25,308100.0
ITM-0009535,ORD-002635,PRD-0060,13,16450.0,11150.0,0.0,0.0,213850.0,144950.0
ITM-0009536,ORD-002635,PRD-0053,8,50250.0,36300.0,0.0,0.0,402000.0,290400.0
ITM-0009537,ORD-002636,PRD-0030,14,35850.0,25550.0,5.0,25095.0,476805.0,357700.0
ITM-0009538,ORD-002636,PRD-0005,22,11500.0,7900.0,10.0,25300.0,227700.0,173800.0
ITM-0009539,ORD-002636,PRD-0034,4,2800.0,1650.0,0.0,0.0,11200.0,6600.0
ITM-0009540,ORD-002636,PRD-0037,39,7650.0,5500.0,10.0,29835.0,268515.0,214500.0
ITM-0009541,ORD-002636,PRD-0025,12,32700.0,22850.0,7.5,29430.0,362970.0,274200.0
ITM-0009542,ORD-002637,PRD-0052,9,40400.0,29250.0,2.5,9090.0,354510.0,263250.0
ITM-0009543,ORD-002637,PRD-0036,18,170650.0,122850.0,10.0,307170.0,2764530.0,2211300.0
ITM-0009544,ORD-002638,PRD-0030,27,35850.0,25550.0,10.0,96795.0,871155.0,689850.0
ITM-0009545,ORD-002638,PRD-0015,4,19300.0,12700.0,0.0,0.0,77200.0,50800.0
ITM-0009546,ORD-002639,PRD-0032,8,383350.0,305700.0,7.5,230010.0,2836790.0,2445600.0
ITM-0009547,ORD-002640,PRD-0026,39,5050.0,3050.0,7.5,14771.25,182178.75,118950.0
ITM-0009548,ORD-002641,PRD-0005,32,11500.0,7900.0,5.0,18400.0,349600.0,252800.0
ITM-0009549,ORD-002641,PRD-0027,21,11500.0,7200.0,5.0,12075.0,229425.0,151200.0
ITM-0009550,ORD-002641,PRD-0038,13,32300.0,22650.0,7.5,31492.5,388407.5,294450.0
ITM-0009551,ORD-002641,PRD-0007,2,33250.0,23700.0,7.5,4987.5,61512.5,47400.0
ITM-0009552,ORD-002642,PRD-0034,12,2800.0,1650.0,5.0,1680.0,31920.0,19800.0
ITM-0009553,ORD-002642,PRD-0024,35,17950.0,12350.0,7.5,47118.75,581131.25,432250.0
ITM-0009554,ORD-002642,PRD-0027,10,11500.0,7200.0,12.5,14375.0,100625.0,72000.0
ITM-0009555,ORD-002642,PRD-0058,4,28050.0,19450.0,7.5,8415.0,103785.0,77800.0
ITM-0009556,ORD-002642,PRD-0065,25,9000.0,5800.0,2.5,5625.0,219375.0,145000.0
ITM-0009557,ORD-002643,PRD-0034,2,2800.0,1650.0,0.0,0.0,5600.0,3300.0
ITM-0009558,ORD-002643,PRD-0007,7,33250.0,23700.0,7.5,17456.25,215293.75,165900.0
ITM-0009559,ORD-002643,PRD-0040,5,70550.0,49600.0,2.5,8818.75,343931.25,248000.0
ITM-0009560,ORD-002643,PRD-0045,35,4400.0,2800.0,2.5,3850.0,150150.0,98000.0
ITM-0009561,ORD-002644,PRD-0005,15,11500.0,7900.0,5.0,8625.0,163875.0,118500.0
ITM-0009562,ORD-002645,PRD-0007,3,33250.0,23700.0,5.0,4987.5,94762.5,71100.0
ITM-0009563,ORD-002645,PRD-0014,17,199750.0,146450.0,5.0,169787.5,3225962.5,2489650.0
ITM-0009564,ORD-002646,PRD-0034,4,2800.0,1650.0,5.0,560.0,10640.0,6600.0
ITM-0009565,ORD-002646,PRD-0037,11,7650.0,5500.0,5.0,4207.5,79942.5,60500.0
ITM-0009566,ORD-002646,PRD-0005,24,11500.0,7900.0,2.5,6900.0,269100.0,189600.0
ITM-0009567,ORD-002647,PRD-0016,17,18750.0,12900.0,10.0,31875.0,286875.0,219300.0
ITM-0009568,ORD-002647,PRD-0003,25,88300.0,65000.0,0.0,0.0,2207500.0,1625000.0
ITM-0009569,ORD-002647,PRD-0027,50,11500.0,7200.0,5.0,28750.0,546250.0,360000.0
ITM-0009570,ORD-002647,PRD-0004,38,7100.0,4600.0,5.0,13490.0,256310.0,174800.0
ITM-0009571,ORD-002647,PRD-0005,38,11500.0,7900.0,0.0,0.0,437000.0,300200.0
ITM-0009572,ORD-002647,PRD-0017,21,15250.0,10000.0,5.0,16012.5,304237.5,210000.0
ITM-0009573,ORD-002648,PRD-0015,11,19300.0,12700.0,7.5,15922.5,196377.5,139700.0
ITM-0009574,ORD-002648,PRD-0004,32,7100.0,4600.0,0.0,0.0,227200.0,147200.0
ITM-0009575,ORD-002648,PRD-0011,2,50250.0,35950.0,0.0,0.0,100500.0,71900.0
ITM-0009576,ORD-002648,PRD-0070,30,5100.0,3300.0,10.0,15300.0,137700.0,99000.0
ITM-0009577,ORD-002649,PRD-0069,4,41700.0,30300.0,0.0,0.0,166800.0,121200.0
ITM-0009578,ORD-002649,PRD-0017,19,15250.0,10000.0,7.5,21731.25,268018.75,190000.0
ITM-0009579,ORD-002649,PRD-0005,41,11500.0,7900.0,10.0,47150.0,424350.0,323900.0
ITM-0009580,ORD-002649,PRD-0026,90,5050.0,3050.0,10.0,45450.0,409050.0,274500.0
ITM-0009581,ORD-002649,PRD-0008,11,11400.0,7800.0,7.5,9405.0,115995.0,85800.0
ITM-0009582,ORD-002649,PRD-0057,15,25450.0,17350.0,12.5,47718.75,334031.25,260250.0
ITM-0009583,ORD-002650,PRD-0034,3,2800.0,1650.0,10.0,840.0,7560.0,4950.0
ITM-0009584,ORD-002650,PRD-0030,32,35850.0,25550.0,10.0,114720.0,1032480.0,817600.0
ITM-0009585,ORD-002651,PRD-0007,14,33250.0,23700.0,10.0,46550.0,418950.0,331800.0
ITM-0009586,ORD-002652,PRD-0057,12,25450.0,17350.0,2.5,7635.0,297765.0,208200.0
ITM-0009587,ORD-002652,PRD-0050,10,1200.0,650.0,7.5,900.0,11100.0,6500.0
ITM-0009588,ORD-002652,PRD-0034,15,2800.0,1650.0,7.5,3150.0,38850.0,24750.0
ITM-0009589,ORD-002653,PRD-0034,3,2800.0,1650.0,7.5,630.0,7770.0,4950.0
ITM-0009590,ORD-002653,PRD-0023,5,46600.0,33950.0,12.5,29125.0,203875.0,169750.0
ITM-0009591,ORD-002654,PRD-0066,14,5300.0,3250.0,7.5,5565.0,68635.0,45500.0
ITM-0009592,ORD-002654,PRD-0057,8,25450.0,17350.0,7.5,15270.0,188330.0,138800.0
ITM-0009593,ORD-002654,PRD-0011,6,50250.0,35950.0,2.5,7537.5,293962.5,215700.0
ITM-0009594,ORD-002654,PRD-0001,10,49000.0,35150.0,0.0,0.0,490000.0,351500.0
ITM-0009595,ORD-002655,PRD-0044,28,3350.0,2000.0,5.0,4690.0,89110.0,56000.0
ITM-0009596,ORD-002656,PRD-0040,9,70550.0,49600.0,5.0,31747.5,603202.5,446400.0
ITM-0009597,ORD-002656,PRD-0069,4,41700.0,30300.0,2.5,4170.0,162630.0,121200.0
ITM-0009598,ORD-002656,PRD-0026,18,5050.0,3050.0,5.0,4545.0,86355.0,54900.0
ITM-0009599,ORD-002657,PRD-0005,20,11500.0,7900.0,5.0,11500.0,218500.0,158000.0
ITM-0009600,ORD-002658,PRD-0025,19,32700.0,22850.0,7.5,46597.5,574702.5,434150.0
ITM-0009601,ORD-002658,PRD-0013,16,8750.0,5350.0,10.0,14000.0,126000.0,85600.0
ITM-0009602,ORD-002658,PRD-0007,6,33250.0,23700.0,10.0,19950.0,179550.0,142200.0
ITM-0009603,ORD-002658,PRD-0026,61,5050.0,3050.0,10.0,30805.0,277245.0,186050.0
ITM-0009604,ORD-002658,PRD-0037,58,7650.0,5500.0,7.5,33277.5,410422.5,319000.0
ITM-0009605,ORD-002658,PRD-0040,16,70550.0,49600.0,0.0,0.0,1128800.0,793600.0
ITM-0009606,ORD-002659,PRD-0005,32,11500.0,7900.0,0.0,0.0,368000.0,252800.0
ITM-0009607,ORD-002659,PRD-0069,24,41700.0,30300.0,7.5,75060.0,925740.0,727200.0
ITM-0009608,ORD-002659,PRD-0056,12,16900.0,12000.0,7.5,15210.0,187590.0,144000.0
ITM-0009609,ORD-002659,PRD-0007,24,33250.0,23700.0,5.0,39900.0,758100.0,568800.0
ITM-0009610,ORD-002659,PRD-0066,32,5300.0,3250.0,2.5,4240.0,165360.0,104000.0
ITM-0009611,ORD-002659,PRD-0030,61,35850.0,25550.0,7.5,164013.75,2022836.25,1558550.0
ITM-0009612,ORD-002659,PRD-0044,44,3350.0,2000.0,5.0,7370.0,140030.0,88000.0
ITM-0009613,ORD-002660,PRD-0047,19,67750.0,48250.0,2.5,32181.25,1255068.75,916750.0
ITM-0009614,ORD-002660,PRD-0007,19,33250.0,23700.0,5.0,31587.5,600162.5,450300.0
ITM-0009615,ORD-002660,PRD-0037,39,7650.0,5500.0,5.0,14917.5,283432.5,214500.0
ITM-0009616,ORD-002660,PRD-0054,27,6000.0,4000.0,0.0,0.0,162000.0,108000.0
ITM-0009617,ORD-002661,PRD-0007,5,33250.0,23700.0,12.5,20781.25,145468.75,118500.0
ITM-0009618,ORD-002661,PRD-0048,1,160400.0,117650.0,0.0,0.0,160400.0,117650.0
ITM-0009619,ORD-002662,PRD-0016,9,18750.0,12900.0,12.5,21093.75,147656.25,116100.0
ITM-0009620,ORD-002663,PRD-0056,4,16900.0,12000.0,0.0,0.0,67600.0,48000.0
ITM-0009621,ORD-002663,PRD-0027,49,11500.0,7200.0,0.0,0.0,563500.0,352800.0
ITM-0009622,ORD-002663,PRD-0036,4,170650.0,122850.0,5.0,34130.0,648470.0,491400.0
ITM-0009623,ORD-002663,PRD-0052,8,40400.0,29250.0,7.5,24240.0,298960.0,234000.0
ITM-0009624,ORD-002664,PRD-0030,23,35850.0,25550.0,2.5,20613.75,803936.25,587650.0
ITM-0009625,ORD-002664,PRD-0005,12,11500.0,7900.0,0.0,0.0,138000.0,94800.0
ITM-0009626,ORD-002665,PRD-0012,11,42850.0,31750.0,5.0,23567.5,447782.5,349250.0
ITM-0009627,ORD-002665,PRD-0034,6,2800.0,1650.0,5.0,840.0,15960.0,9900.0
ITM-0009628,ORD-002665,PRD-0005,17,11500.0,7900.0,5.0,9775.0,185725.0,134300.0
ITM-0009629,ORD-002665,PRD-0069,9,41700.0,30300.0,7.5,28147.5,347152.5,272700.0
ITM-0009630,ORD-002665,PRD-0053,11,50250.0,36300.0,7.5,41456.25,511293.75,399300.0
ITM-0009631,ORD-002665,PRD-0066,20,5300.0,3250.0,0.0,0.0,106000.0,65000.0
ITM-0009632,ORD-002666,PRD-0034,2,2800.0,1650.0,7.5,420.0,5180.0,3300.0
ITM-0009633,ORD-002666,PRD-0005,36,11500.0,7900.0,7.5,31050.0,382950.0,284400.0
ITM-0009634,ORD-002667,PRD-0052,5,40400.0,29250.0,0.0,0.0,202000.0,146250.0
ITM-0009635,ORD-002667,PRD-0044,42,3350.0,2000.0,5.0,7035.0,133665.0,84000.0
ITM-0009636,ORD-002667,PRD-0049,32,2250.0,1400.0,12.5,9000.0,63000.0,44800.0
ITM-0009637,ORD-002667,PRD-0014,2,199750.0,146450.0,10.0,39950.0,359550.0,292900.0
ITM-0009638,ORD-002668,PRD-0069,19,41700.0,30300.0,2.5,19807.5,772492.5,575700.0
ITM-0009639,ORD-002668,PRD-0015,12,19300.0,12700.0,2.5,5790.0,225810.0,152400.0
ITM-0009640,ORD-002668,PRD-0052,19,40400.0,29250.0,0.0,0.0,767600.0,555750.0
ITM-0009641,ORD-002668,PRD-0003,4,88300.0,65000.0,10.0,35320.0,317880.0,260000.0
ITM-0009642,ORD-002668,PRD-0050,46,1200.0,650.0,5.0,2760.0,52440.0,29900.0
ITM-0009643,ORD-002668,PRD-0065,39,9000.0,5800.0,2.5,8775.0,342225.0,226200.0
ITM-0009644,ORD-002668,PRD-0034,12,2800.0,1650.0,5.0,1680.0,31920.0,19800.0
ITM-0009645,ORD-002669,PRD-0026,36,5050.0,3050.0,12.5,22725.0,159075.0,109800.0
ITM-0009646,ORD-002669,PRD-0051,89,7700.0,4850.0,0.0,0.0,685300.0,431650.0
ITM-0009647,ORD-002670,PRD-0003,7,88300.0,65000.0,7.5,46357.5,571742.5,455000.0
ITM-0009648,ORD-002670,PRD-0064,9,40250.0,28850.0,5.0,18112.5,344137.5,259650.0
ITM-0009649,ORD-002670,PRD-0007,13,33250.0,23700.0,5.0,21612.5,410637.5,308100.0
ITM-0009650,ORD-002671,PRD-0011,9,50250.0,35950.0,0.0,0.0,452250.0,323550.0
ITM-0009651,ORD-002671,PRD-0045,28,4400.0,2800.0,12.5,15400.0,107800.0,78400.0
ITM-0009652,ORD-002671,PRD-0009,2,75050.0,56000.0,10.0,15010.0,135090.0,112000.0
ITM-0009653,ORD-002671,PRD-0020,12,31900.0,22100.0,10.0,38280.0,344520.0,265200.0
ITM-0009654,ORD-002672,PRD-0030,23,35850.0,25550.0,7.5,61841.25,762708.75,587650.0
ITM-0009655,ORD-002672,PRD-0010,19,50450.0,37650.0,5.0,47927.5,910622.5,715350.0
ITM-0009656,ORD-002672,PRD-0035,15,195800.0,149250.0,10.0,293700.0,2643300.0,2238750.0
ITM-0009657,ORD-002672,PRD-0034,19,2800.0,1650.0,2.5,1330.0,51870.0,31350.0
ITM-0009658,ORD-002672,PRD-0007,11,33250.0,23700.0,0.0,0.0,365750.0,260700.0
ITM-0009659,ORD-002672,PRD-0011,8,50250.0,35950.0,5.0,20100.0,381900.0,287600.0
ITM-0009660,ORD-002672,PRD-0053,11,50250.0,36300.0,10.0,55275.0,497475.0,399300.0
ITM-0009661,ORD-002673,PRD-0059,26,1850.0,1050.0,7.5,3607.5,44492.5,27300.0
ITM-0009662,ORD-002673,PRD-0040,11,70550.0,49600.0,5.0,38802.5,737247.5,545600.0
ITM-0009663,ORD-002673,PRD-0030,26,35850.0,25550.0,10.0,93210.0,838890.0,664300.0
ITM-0009664,ORD-002674,PRD-0037,17,7650.0,5500.0,7.5,9753.75,120296.25,93500.0
ITM-0009665,ORD-002674,PRD-0007,1,33250.0,23700.0,7.5,2493.75,30756.25,23700.0
ITM-0009666,ORD-002675,PRD-0044,63,3350.0,2000.0,5.0,10552.5,200497.5,126000.0
ITM-0009667,ORD-002675,PRD-0009,20,75050.0,56000.0,2.5,37525.0,1463475.0,1120000.0
ITM-0009668,ORD-002675,PRD-0038,17,32300.0,22650.0,5.0,27455.0,521645.0,385050.0
ITM-0009669,ORD-002675,PRD-0010,7,50450.0,37650.0,12.5,44143.75,309006.25,263550.0
ITM-0009670,ORD-002676,PRD-0034,2,2800.0,1650.0,12.5,700.0,4900.0,3300.0
ITM-0009671,ORD-002677,PRD-0028,31,6400.0,4200.0,10.0,19840.0,178560.0,130200.0
ITM-0009672,ORD-002677,PRD-0007,8,33250.0,23700.0,5.0,13300.0,252700.0,189600.0
ITM-0009673,ORD-002677,PRD-0005,18,11500.0,7900.0,5.0,10350.0,196650.0,142200.0
ITM-0009674,ORD-002678,PRD-0007,5,33250.0,23700.0,5.0,8312.5,157937.5,118500.0
ITM-0009675,ORD-002678,PRD-0030,15,35850.0,25550.0,5.0,26887.5,510862.5,383250.0
ITM-0009676,ORD-002678,PRD-0045,13,4400.0,2800.0,5.0,2860.0,54340.0,36400.0
ITM-0009677,ORD-002678,PRD-0050,17,1200.0,650.0,2.5,510.0,19890.0,11050.0
ITM-0009678,ORD-002678,PRD-0034,7,2800.0,1650.0,0.0,0.0,19600.0,11550.0
ITM-0009679,ORD-002679,PRD-0039,4,13350.0,9100.0,0.0,0.0,53400.0,36400.0
ITM-0009680,ORD-002680,PRD-0032,1,383350.0,305700.0,5.0,19167.5,364182.5,305700.0
ITM-0009681,ORD-002680,PRD-0029,5,30900.0,21650.0,5.0,7725.0,146775.0,108250.0
ITM-0009682,ORD-002680,PRD-0047,6,67750.0,48250.0,7.5,30487.5,376012.5,289500.0
ITM-0009683,ORD-002680,PRD-0027,29,11500.0,7200.0,7.5,25012.5,308487.5,208800.0
ITM-0009684,ORD-002681,PRD-0053,3,50250.0,36300.0,7.5,11306.25,139443.75,108900.0
ITM-0009685,ORD-002682,PRD-0050,22,1200.0,650.0,7.5,1980.0,24420.0,14300.0
ITM-0009686,ORD-002682,PRD-0056,6,16900.0,12000.0,0.0,0.0,101400.0,72000.0
ITM-0009687,ORD-002683,PRD-0011,3,50250.0,35950.0,0.0,0.0,150750.0,107850.0
ITM-0009688,ORD-002683,PRD-0045,19,4400.0,2800.0,7.5,6270.0,77330.0,53200.0
ITM-0009689,ORD-002683,PRD-0005,19,11500.0,7900.0,7.5,16387.5,202112.5,150100.0
ITM-0009690,ORD-002684,PRD-0005,21,11500.0,7900.0,7.5,18112.5,223387.5,165900.0
ITM-0009691,ORD-002684,PRD-0060,13,16450.0,11150.0,12.5,26731.25,187118.75,144950.0
ITM-0009692,ORD-002684,PRD-0045,24,4400.0,2800.0,7.5,7920.0,97680.0,67200.0
ITM-0009693,ORD-002684,PRD-0048,11,160400.0,117650.0,0.0,0.0,1764400.0,1294150.0
ITM-0009694,ORD-002684,PRD-0026,53,5050.0,3050.0,0.0,0.0,267650.0,161650.0
ITM-0009695,ORD-002684,PRD-0038,16,32300.0,22650.0,5.0,25840.0,490960.0,362400.0
ITM-0009696,ORD-002684,PRD-0030,26,35850.0,25550.0,10.0,93210.0,838890.0,664300.0
ITM-0009697,ORD-002685,PRD-0005,31,11500.0,7900.0,0.0,0.0,356500.0,244900.0
ITM-0009698,ORD-002685,PRD-0031,31,1600.0,900.0,0.0,0.0,49600.0,27900.0
ITM-0009699,ORD-002686,PRD-0038,1,32300.0,22650.0,7.5,2422.5,29877.5,22650.0
ITM-0009700,ORD-002686,PRD-0058,4,28050.0,19450.0,2.5,2805.0,109395.0,77800.0
ITM-0009701,ORD-002686,PRD-0031,2,1600.0,900.0,7.5,240.0,2960.0,1800.0
ITM-0009702,ORD-002687,PRD-0043,5,35950.0,25500.0,5.0,8987.5,170762.5,127500.0
ITM-0009703,ORD-002687,PRD-0015,2,19300.0,12700.0,7.5,2895.0,35705.0,25400.0
ITM-0009704,ORD-002687,PRD-0003,2,88300.0,65000.0,7.5,13245.0,163355.0,130000.0
ITM-0009705,ORD-002688,PRD-0069,1,41700.0,30300.0,5.0,2085.0,39615.0,30300.0
ITM-0009706,ORD-002688,PRD-0045,16,4400.0,2800.0,5.0,3520.0,66880.0,44800.0
ITM-0009707,ORD-002688,PRD-0009,9,75050.0,56000.0,2.5,16886.25,658563.75,504000.0
ITM-0009708,ORD-002688,PRD-0066,9,5300.0,3250.0,7.5,3577.5,44122.5,29250.0
ITM-0009709,ORD-002689,PRD-0065,38,9000.0,5800.0,2.5,8550.0,333450.0,220400.0
ITM-0009710,ORD-002689,PRD-0058,4,28050.0,19450.0,2.5,2805.0,109395.0,77800.0
ITM-0009711,ORD-002689,PRD-0056,25,16900.0,12000.0,5.0,21125.0,401375.0,300000.0
ITM-0009712,ORD-002690,PRD-0064,13,40250.0,28850.0,7.5,39243.75,484006.25,375050.0
ITM-0009713,ORD-002690,PRD-0009,5,75050.0,56000.0,5.0,18762.5,356487.5,280000.0
ITM-0009714,ORD-002690,PRD-0040,8,70550.0,49600.0,5.0,28220.0,536180.0,396800.0
ITM-0009715,ORD-002690,PRD-0065,26,9000.0,5800.0,0.0,0.0,234000.0,150800.0
ITM-0009716,ORD-002690,PRD-0045,18,4400.0,2800.0,7.5,5940.0,73260.0,50400.0
ITM-0009717,ORD-002690,PRD-0011,5,50250.0,35950.0,7.5,18843.75,232406.25,179750.0
ITM-0009718,ORD-002690,PRD-0005,36,11500.0,7900.0,5.0,20700.0,393300.0,284400.0
ITM-0009719,ORD-002691,PRD-0004,17,7100.0,4600.0,10.0,12070.0,108630.0,78200.0
ITM-0009720,ORD-002691,PRD-0052,2,40400.0,29250.0,7.5,6060.0,74740.0,58500.0
ITM-0009721,ORD-002692,PRD-0049,27,2250.0,1400.0,2.5,1518.75,59231.25,37800.0
ITM-0009722,ORD-002692,PRD-0037,78,7650.0,5500.0,5.0,29835.0,566865.0,429000.0
ITM-0009723,ORD-002693,PRD-0045,32,4400.0,2800.0,12.5,17600.0,123200.0,89600.0
ITM-0009724,ORD-002694,PRD-0030,26,35850.0,25550.0,12.5,116512.5,815587.5,664300.0
ITM-0009725,ORD-002694,PRD-0034,2,2800.0,1650.0,2.5,140.0,5460.0,3300.0
ITM-0009726,ORD-002694,PRD-0026,19,5050.0,3050.0,12.5,11993.75,83956.25,57950.0
ITM-0009727,ORD-002694,PRD-0004,19,7100.0,4600.0,5.0,6745.0,128155.0,87400.0
ITM-0009728,ORD-002695,PRD-0011,8,50250.0,35950.0,12.5,50250.0,351750.0,287600.0
ITM-0009729,ORD-002695,PRD-0004,15,7100.0,4600.0,2.5,2662.5,103837.5,69000.0
ITM-0009730,ORD-002695,PRD-0007,7,33250.0,23700.0,5.0,11637.5,221112.5,165900.0
ITM-0009731,ORD-002696,PRD-0011,8,50250.0,35950.0,5.0,20100.0,381900.0,287600.0
ITM-0009732,ORD-002696,PRD-0058,5,28050.0,19450.0,10.0,14025.0,126225.0,97250.0
ITM-0009733,ORD-002697,PRD-0009,23,75050.0,56000.0,10.0,172615.0,1553535.0,1288000.0
ITM-0009734,ORD-002697,PRD-0008,23,11400.0,7800.0,0.0,0.0,262200.0,179400.0
ITM-0009735,ORD-002697,PRD-0058,12,28050.0,19450.0,5.0,16830.0,319770.0,233400.0
ITM-0009736,ORD-002697,PRD-0066,47,5300.0,3250.0,0.0,0.0,249100.0,152750.0
ITM-0009737,ORD-002698,PRD-0052,11,40400.0,29250.0,2.5,11110.0,433290.0,321750.0
ITM-0009738,ORD-002698,PRD-0069,11,41700.0,30300.0,7.5,34402.5,424297.5,333300.0
ITM-0009739,ORD-002698,PRD-0016,2,18750.0,12900.0,0.0,0.0,37500.0,25800.0
ITM-0009740,ORD-002698,PRD-0037,32,7650.0,5500.0,10.0,24480.0,220320.0,176000.0
ITM-0009741,ORD-002698,PRD-0045,21,4400.0,2800.0,5.0,4620.0,87780.0,58800.0
ITM-0009742,ORD-002699,PRD-0060,6,16450.0,11150.0,5.0,4935.0,93765.0,66900.0
ITM-0009743,ORD-002699,PRD-0045,9,4400.0,2800.0,5.0,1980.0,37620.0,25200.0
ITM-0009744,ORD-002700,PRD-0011,3,50250.0,35950.0,7.5,11306.25,139443.75,107850.0
ITM-0009745,ORD-002700,PRD-0034,6,2800.0,1650.0,10.0,1680.0,15120.0,9900.0
ITM-0009746,ORD-002700,PRD-0067,5,2050.0,1250.0,5.0,512.5,9737.5,6250.0
ITM-0009747,ORD-002701,PRD-0037,22,7650.0,5500.0,10.0,16830.0,151470.0,121000.0
ITM-0009748,ORD-002701,PRD-0005,16,11500.0,7900.0,12.5,23000.0,161000.0,126400.0
ITM-0009749,ORD-002701,PRD-0025,2,32700.0,22850.0,10.0,6540.0,58860.0,45700.0
ITM-0009750,ORD-002701,PRD-0040,6,70550.0,49600.0,10.0,42330.0,380970.0,297600.0
ITM-0009751,ORD-002701,PRD-0022,8,13950.0,9250.0,7.5,8370.0,103230.0,74000.0
ITM-0009752,ORD-002702,PRD-0029,4,30900.0,21650.0,10.0,12360.0,111240.0,86600.0
ITM-0009753,ORD-002702,PRD-0007,5,33250.0,23700.0,12.5,20781.25,145468.75,118500.0
ITM-0009754,ORD-002702,PRD-0045,18,4400.0,2800.0,2.5,1980.0,77220.0,50400.0
ITM-0009755,ORD-002702,PRD-0034,4,2800.0,1650.0,12.5,1400.0,9800.0,6600.0
ITM-0009756,ORD-002702,PRD-0014,8,199750.0,146450.0,7.5,119850.0,1478150.0,1171600.0
ITM-0009757,ORD-002703,PRD-0004,36,7100.0,4600.0,5.0,12780.0,242820.0,165600.0
ITM-0009758,ORD-002703,PRD-0009,13,75050.0,56000.0,7.5,73173.75,902476.25,728000.0
ITM-0009759,ORD-002703,PRD-0034,13,2800.0,1650.0,0.0,0.0,36400.0,21450.0
ITM-0009760,ORD-002703,PRD-0066,26,5300.0,3250.0,2.5,3445.0,134355.0,84500.0
ITM-0009761,ORD-002703,PRD-0026,75,5050.0,3050.0,5.0,18937.5,359812.5,228750.0
ITM-0009762,ORD-002704,PRD-0034,7,2800.0,1650.0,0.0,0.0,19600.0,11550.0
ITM-0009763,ORD-002704,PRD-0009,10,75050.0,56000.0,5.0,37525.0,712975.0,560000.0
ITM-0009764,ORD-002704,PRD-0031,7,1600.0,900.0,10.0,1120.0,10080.0,6300.0
ITM-0009765,ORD-002704,PRD-0045,12,4400.0,2800.0,7.5,3960.0,48840.0,33600.0
ITM-0009766,ORD-002705,PRD-0025,4,32700.0,22850.0,2.5,3270.0,127530.0,91400.0
ITM-0009767,ORD-002705,PRD-0047,6,67750.0,48250.0,2.5,10162.5,396337.5,289500.0
ITM-0009768,ORD-002705,PRD-0034,10,2800.0,1650.0,0.0,0.0,28000.0,16500.0
ITM-0009769,ORD-002705,PRD-0011,12,50250.0,35950.0,0.0,0.0,603000.0,431400.0
ITM-0009770,ORD-002705,PRD-0007,10,33250.0,23700.0,7.5,24937.5,307562.5,237000.0
ITM-0009771,ORD-002705,PRD-0040,8,70550.0,49600.0,12.5,70550.0,493850.0,396800.0
ITM-0009772,ORD-002706,PRD-0066,19,5300.0,3250.0,2.5,2517.5,98182.5,61750.0
ITM-0009773,ORD-002706,PRD-0029,6,30900.0,21650.0,12.5,23175.0,162225.0,129900.0
ITM-0009774,ORD-002706,PRD-0007,8,33250.0,23700.0,7.5,19950.0,246050.0,189600.0
ITM-0009775,ORD-002707,PRD-0050,9,1200.0,650.0,10.0,1080.0,9720.0,5850.0
ITM-0009776,ORD-002708,PRD-0009,1,75050.0,56000.0,0.0,0.0,75050.0,56000.0
ITM-0009777,ORD-002708,PRD-0046,7,141200.0,107400.0,10.0,98840.0,889560.0,751800.0
ITM-0009778,ORD-002709,PRD-0030,13,35850.0,25550.0,5.0,23302.5,442747.5,332150.0
ITM-0009779,ORD-002709,PRD-0067,47,2050.0,1250.0,5.0,4817.5,91532.5,58750.0
ITM-0009780,ORD-002709,PRD-0017,17,15250.0,10000.0,12.5,32406.25,226843.75,170000.0
ITM-0009781,ORD-002709,PRD-0026,70,5050.0,3050.0,12.5,44187.5,309312.5,213500.0
ITM-0009782,ORD-002709,PRD-0049,50,2250.0,1400.0,7.5,8437.5,104062.5,70000.0
ITM-0009783,ORD-002709,PRD-0013,54,8750.0,5350.0,10.0,47250.0,425250.0,288900.0
ITM-0009784,ORD-002710,PRD-0045,10,4400.0,2800.0,5.0,2200.0,41800.0,28000.0
ITM-0009785,ORD-002710,PRD-0013,87,8750.0,5350.0,7.5,57093.75,704156.25,465450.0
ITM-0009786,ORD-002710,PRD-0040,7,70550.0,49600.0,5.0,24692.5,469157.5,347200.0
ITM-0009787,ORD-002710,PRD-0010,10,50450.0,37650.0,0.0,0.0,504500.0,376500.0
ITM-0009788,ORD-002711,PRD-0009,8,75050.0,56000.0,0.0,0.0,600400.0,448000.0
ITM-0009789,ORD-002711,PRD-0023,8,46600.0,33950.0,0.0,0.0,372800.0,271600.0
ITM-0009790,ORD-002711,PRD-0010,6,50450.0,37650.0,7.5,22702.5,279997.5,225900.0
ITM-0009791,ORD-002711,PRD-0008,4,11400.0,7800.0,0.0,0.0,45600.0,31200.0
ITM-0009792,ORD-002711,PRD-0030,12,35850.0,25550.0,7.5,32265.0,397935.0,306600.0
ITM-0009793,ORD-002712,PRD-0009,16,75050.0,56000.0,0.0,0.0,1200800.0,896000.0
ITM-0009794,ORD-002712,PRD-0007,13,33250.0,23700.0,5.0,21612.5,410637.5,308100.0
ITM-0009795,ORD-002712,PRD-0047,5,67750.0,48250.0,5.0,16937.5,321812.5,241250.0
ITM-0009796,ORD-002713,PRD-0053,11,50250.0,36300.0,7.5,41456.25,511293.75,399300.0
ITM-0009797,ORD-002713,PRD-0029,9,30900.0,21650.0,10.0,27810.0,250290.0,194850.0
ITM-0009798,ORD-002713,PRD-0060,11,16450.0,11150.0,0.0,0.0,180950.0,122650.0
ITM-0009799,ORD-002713,PRD-0005,13,11500.0,7900.0,5.0,7475.0,142025.0,102700.0
ITM-0009800,ORD-002713,PRD-0066,24,5300.0,3250.0,5.0,6360.0,120840.0,78000.0
ITM-0009801,ORD-002714,PRD-0007,20,33250.0,23700.0,7.5,49875.0,615125.0,474000.0
ITM-0009802,ORD-002714,PRD-0034,10,2800.0,1650.0,5.0,1400.0,26600.0,16500.0
ITM-0009803,ORD-002714,PRD-0028,79,6400.0,4200.0,2.5,12640.0,492960.0,331800.0
ITM-0009804,ORD-002714,PRD-0027,53,11500.0,7200.0,5.0,30475.0,579025.0,381600.0
ITM-0009805,ORD-002714,PRD-0005,46,11500.0,7900.0,7.5,39675.0,489325.0,363400.0
ITM-0009806,ORD-002714,PRD-0021,7,151550.0,109750.0,0.0,0.0,1060850.0,768250.0
ITM-0009807,ORD-002714,PRD-0060,13,16450.0,11150.0,0.0,0.0,213850.0,144950.0
ITM-0009808,ORD-002715,PRD-0047,4,67750.0,48250.0,0.0,0.0,271000.0,193000.0
ITM-0009809,ORD-002715,PRD-0016,6,18750.0,12900.0,7.5,8437.5,104062.5,77400.0
ITM-0009810,ORD-002715,PRD-0060,12,16450.0,11150.0,0.0,0.0,197400.0,133800.0
ITM-0009811,ORD-002715,PRD-0002,12,52050.0,38100.0,5.0,31230.0,593370.0,457200.0
ITM-0009812,ORD-002715,PRD-0034,2,2800.0,1650.0,2.5,140.0,5460.0,3300.0
ITM-0009813,ORD-002716,PRD-0058,2,28050.0,19450.0,12.5,7012.5,49087.5,38900.0
ITM-0009814,ORD-002716,PRD-0069,14,41700.0,30300.0,10.0,58380.0,525420.0,424200.0
ITM-0009815,ORD-002716,PRD-0006,9,27000.0,19650.0,10.0,24300.0,218700.0,176850.0
ITM-0009816,ORD-002716,PRD-0032,12,383350.0,305700.0,2.5,115005.0,4485195.0,3668400.0
ITM-0009817,ORD-002716,PRD-0022,7,13950.0,9250.0,10.0,9765.0,87885.0,64750.0
ITM-0009818,ORD-002717,PRD-0031,25,1600.0,900.0,10.0,4000.0,36000.0,22500.0
ITM-0009819,ORD-002717,PRD-0045,11,4400.0,2800.0,12.5,6050.0,42350.0,30800.0
ITM-0009820,ORD-002717,PRD-0049,50,2250.0,1400.0,10.0,11250.0,101250.0,70000.0
ITM-0009821,ORD-002717,PRD-0066,21,5300.0,3250.0,5.0,5565.0,105735.0,68250.0
ITM-0009822,ORD-002717,PRD-0005,28,11500.0,7900.0,10.0,32200.0,289800.0,221200.0
ITM-0009823,ORD-002717,PRD-0033,14,88100.0,66350.0,5.0,61670.0,1171730.0,928900.0
ITM-0009824,ORD-002717,PRD-0009,18,75050.0,56000.0,0.0,0.0,1350900.0,1008000.0
ITM-0009825,ORD-002718,PRD-0036,14,170650.0,122850.0,0.0,0.0,2389100.0,1719900.0
ITM-0009826,ORD-002719,PRD-0031,13,1600.0,900.0,5.0,1040.0,19760.0,11700.0
ITM-0009827,ORD-002719,PRD-0055,3,43600.0,31400.0,10.0,13080.0,117720.0,94200.0
ITM-0009828,ORD-002720,PRD-0050,12,1200.0,650.0,10.0,1440.0,12960.0,7800.0
ITM-0009829,ORD-002720,PRD-0013,29,8750.0,5350.0,5.0,12687.5,241062.5,155150.0
ITM-0009830,ORD-002721,PRD-0027,37,11500.0,7200.0,5.0,21275.0,404225.0,266400.0
ITM-0009831,ORD-002721,PRD-0070,10,5100.0,3300.0,10.0,5100.0,45900.0,33000.0
ITM-0009832,ORD-002721,PRD-0030,15,35850.0,25550.0,10.0,53775.0,483975.0,383250.0
ITM-0009833,ORD-002721,PRD-0052,2,40400.0,29250.0,7.5,6060.0,74740.0,58500.0
ITM-0009834,ORD-002721,PRD-0053,5,50250.0,36300.0,5.0,12562.5,238687.5,181500.0
ITM-0009835,ORD-002722,PRD-0002,18,52050.0,38100.0,5.0,46845.0,890055.0,685800.0
ITM-0009836,ORD-002723,PRD-0045,11,4400.0,2800.0,10.0,4840.0,43560.0,30800.0
ITM-0009837,ORD-002723,PRD-0009,6,75050.0,56000.0,5.0,22515.0,427785.0,336000.0
ITM-0009838,ORD-002724,PRD-0050,33,1200.0,650.0,2.5,990.0,38610.0,21450.0
ITM-0009839,ORD-002724,PRD-0069,13,41700.0,30300.0,5.0,27105.0,514995.0,393900.0
ITM-0009840,ORD-002725,PRD-0024,47,17950.0,12350.0,5.0,42182.5,801467.5,580450.0
ITM-0009841,ORD-002725,PRD-0027,14,11500.0,7200.0,10.0,16100.0,144900.0,100800.0
ITM-0009842,ORD-002725,PRD-0006,10,27000.0,19650.0,2.5,6750.0,263250.0,196500.0
ITM-0009843,ORD-002725,PRD-0034,8,2800.0,1650.0,5.0,1120.0,21280.0,13200.0
ITM-0009844,ORD-002725,PRD-0040,12,70550.0,49600.0,5.0,42330.0,804270.0,595200.0
ITM-0009845,ORD-002725,PRD-0045,16,4400.0,2800.0,0.0,0.0,70400.0,44800.0
ITM-0009846,ORD-002725,PRD-0046,2,141200.0,107400.0,10.0,28240.0,254160.0,214800.0
ITM-0009847,ORD-002726,PRD-0005,14,11500.0,7900.0,0.0,0.0,161000.0,110600.0
ITM-0009848,ORD-002727,PRD-0033,11,88100.0,66350.0,7.5,72682.5,896417.5,729850.0
ITM-0009849,ORD-002727,PRD-0034,7,2800.0,1650.0,0.0,0.0,19600.0,11550.0
ITM-0009850,ORD-002727,PRD-0003,11,88300.0,65000.0,2.5,24282.5,947017.5,715000.0
ITM-0009851,ORD-002728,PRD-0066,13,5300.0,3250.0,7.5,5167.5,63732.5,42250.0
ITM-0009852,ORD-002728,PRD-0062,12,13700.0,9000.0,2.5,4110.0,160290.0,108000.0
ITM-0009853,ORD-002729,PRD-0024,29,17950.0,12350.0,5.0,26027.5,494522.5,358150.0
ITM-0009854,ORD-002729,PRD-0052,3,40400.0,29250.0,5.0,6060.0,115140.0,87750.0
ITM-0009855,ORD-002730,PRD-0053,4,50250.0,36300.0,0.0,0.0,201000.0,145200.0
ITM-0009856,ORD-002730,PRD-0066,17,5300.0,3250.0,0.0,0.0,90100.0,55250.0
ITM-0009857,ORD-002731,PRD-0045,7,4400.0,2800.0,0.0,0.0,30800.0,19600.0
ITM-0009858,ORD-002731,PRD-0069,4,41700.0,30300.0,10.0,16680.0,150120.0,121200.0
ITM-0009859,ORD-002731,PRD-0026,5,5050.0,3050.0,5.0,1262.5,23987.5,15250.0
ITM-0009860,ORD-002732,PRD-0032,5,383350.0,305700.0,5.0,95837.5,1820912.5,1528500.0
ITM-0009861,ORD-002732,PRD-0066,35,5300.0,3250.0,0.0,0.0,185500.0,113750.0
ITM-0009862,ORD-002732,PRD-0049,30,2250.0,1400.0,5.0,3375.0,64125.0,42000.0
ITM-0009863,ORD-002733,PRD-0067,22,2050.0,1250.0,0.0,0.0,45100.0,27500.0
ITM-0009864,ORD-002733,PRD-0018,9,39400.0,29550.0,0.0,0.0,354600.0,265950.0
ITM-0009865,ORD-002734,PRD-0050,20,1200.0,650.0,10.0,2400.0,21600.0,13000.0
ITM-0009866,ORD-002734,PRD-0034,12,2800.0,1650.0,10.0,3360.0,30240.0,19800.0
ITM-0009867,ORD-002735,PRD-0069,4,41700.0,30300.0,10.0,16680.0,150120.0,121200.0
ITM-0009868,ORD-002735,PRD-0003,4,88300.0,65000.0,0.0,0.0,353200.0,260000.0
ITM-0009869,ORD-002735,PRD-0064,20,40250.0,28850.0,7.5,60375.0,744625.0,577000.0
ITM-0009870,ORD-002735,PRD-0032,16,383350.0,305700.0,7.5,460020.0,5673580.0,4891200.0
ITM-0009871,ORD-002735,PRD-0030,41,35850.0,25550.0,10.0,146985.0,1322865.0,1047550.0
ITM-0009872,ORD-002735,PRD-0039,53,13350.0,9100.0,2.5,17688.75,689861.25,482300.0
ITM-0009873,ORD-002735,PRD-0009,16,75050.0,56000.0,7.5,90060.0,1110740.0,896000.0
ITM-0009874,ORD-002736,PRD-0054,8,6000.0,4000.0,7.5,3600.0,44400.0,32000.0
ITM-0009875,ORD-002737,PRD-0008,13,11400.0,7800.0,0.0,0.0,148200.0,101400.0
ITM-0009876,ORD-002737,PRD-0005,25,11500.0,7900.0,2.5,7187.5,280312.5,197500.0
ITM-0009877,ORD-002737,PRD-0052,7,40400.0,29250.0,7.5,21210.0,261590.0,204750.0
ITM-0009878,ORD-002737,PRD-0027,36,11500.0,7200.0,7.5,31050.0,382950.0,259200.0
ITM-0009879,ORD-002738,PRD-0013,28,8750.0,5350.0,5.0,12250.0,232750.0,149800.0
ITM-0009880,ORD-002738,PRD-0030,11,35850.0,25550.0,10.0,39435.0,354915.0,281050.0
ITM-0009881,ORD-002738,PRD-0027,25,11500.0,7200.0,2.5,7187.5,280312.5,180000.0
ITM-0009882,ORD-002738,PRD-0053,4,50250.0,36300.0,2.5,5025.0,195975.0,145200.0
ITM-0009883,ORD-002739,PRD-0011,2,50250.0,35950.0,12.5,12562.5,87937.5,71900.0
ITM-0009884,ORD-002740,PRD-0048,7,160400.0,117650.0,0.0,0.0,1122800.0,823550.0
ITM-0009885,ORD-002740,PRD-0028,21,6400.0,4200.0,10.0,13440.0,120960.0,88200.0
ITM-0009886,ORD-002740,PRD-0045,12,4400.0,2800.0,0.0,0.0,52800.0,33600.0
ITM-0009887,ORD-002740,PRD-0005,14,11500.0,7900.0,0.0,0.0,161000.0,110600.0
ITM-0009888,ORD-002740,PRD-0053,9,50250.0,36300.0,7.5,33918.75,418331.25,326700.0
ITM-0009889,ORD-002741,PRD-0052,10,40400.0,29250.0,5.0,20200.0,383800.0,292500.0
ITM-0009890,ORD-002741,PRD-0069,19,41700.0,30300.0,10.0,79230.0,713070.0,575700.0
ITM-0009891,ORD-002741,PRD-0036,10,170650.0,122850.0,7.5,127987.5,1578512.5,1228500.0
ITM-0009892,ORD-002742,PRD-0008,8,11400.0,7800.0,10.0,9120.0,82080.0,62400.0
ITM-0009893,ORD-002743,PRD-0007,12,33250.0,23700.0,12.5,49875.0,349125.0,284400.0
ITM-0009894,ORD-002743,PRD-0059,20,1850.0,1050.0,10.0,3700.0,33300.0,21000.0
ITM-0009895,ORD-002743,PRD-0039,12,13350.0,9100.0,5.0,8010.0,152190.0,109200.0
ITM-0009896,ORD-002744,PRD-0013,81,8750.0,5350.0,0.0,0.0,708750.0,433350.0
ITM-0009897,ORD-002744,PRD-0053,10,50250.0,36300.0,0.0,0.0,502500.0,363000.0
ITM-0009898,ORD-002744,PRD-0052,3,40400.0,29250.0,5.0,6060.0,115140.0,87750.0
ITM-0009899,ORD-002745,PRD-0053,23,50250.0,36300.0,0.0,0.0,1155750.0,834900.0
ITM-0009900,ORD-002745,PRD-0047,11,67750.0,48250.0,10.0,74525.0,670725.0,530750.0
ITM-0009901,ORD-002746,PRD-0027,27,11500.0,7200.0,5.0,15525.0,294975.0,194400.0
ITM-0009902,ORD-002746,PRD-0060,9,16450.0,11150.0,7.5,11103.75,136946.25,100350.0
ITM-0009903,ORD-002747,PRD-0030,8,35850.0,25550.0,7.5,21510.0,265290.0,204400.0
ITM-0009904,ORD-002747,PRD-0045,12,4400.0,2800.0,10.0,5280.0,47520.0,33600.0
ITM-0009905,ORD-002748,PRD-0005,21,11500.0,7900.0,0.0,0.0,241500.0,165900.0
ITM-0009906,ORD-002748,PRD-0009,9,75050.0,56000.0,10.0,67545.0,607905.0,504000.0
ITM-0009907,ORD-002748,PRD-0049,18,2250.0,1400.0,12.5,5062.5,35437.5,25200.0
ITM-0009908,ORD-002749,PRD-0049,34,2250.0,1400.0,7.5,5737.5,70762.5,47600.0
ITM-0009909,ORD-002749,PRD-0053,7,50250.0,36300.0,0.0,0.0,351750.0,254100.0
ITM-0009910,ORD-002749,PRD-0056,15,16900.0,12000.0,5.0,12675.0,240825.0,180000.0
ITM-0009911,ORD-002750,PRD-0050,26,1200.0,650.0,2.5,780.0,30420.0,16900.0
ITM-0009912,ORD-002750,PRD-0040,3,70550.0,49600.0,0.0,0.0,211650.0,148800.0
ITM-0009913,ORD-002750,PRD-0013,75,8750.0,5350.0,2.5,16406.25,639843.75,401250.0
ITM-0009914,ORD-002751,PRD-0026,25,5050.0,3050.0,5.0,6312.5,119937.5,76250.0
ITM-0009915,ORD-002751,PRD-0011,4,50250.0,35950.0,10.0,20100.0,180900.0,143800.0
ITM-0009916,ORD-002751,PRD-0007,6,33250.0,23700.0,2.5,4987.5,194512.5,142200.0
ITM-0009917,ORD-002752,PRD-0043,1,35950.0,25500.0,7.5,2696.25,33253.75,25500.0
ITM-0009918,ORD-002752,PRD-0016,9,18750.0,12900.0,10.0,16875.0,151875.0,116100.0
ITM-0009919,ORD-002752,PRD-0045,6,4400.0,2800.0,7.5,1980.0,24420.0,16800.0
ITM-0009920,ORD-002752,PRD-0029,4,30900.0,21650.0,2.5,3090.0,120510.0,86600.0
ITM-0009921,ORD-002753,PRD-0025,6,32700.0,22850.0,5.0,9810.0,186390.0,137100.0
ITM-0009922,ORD-002753,PRD-0040,2,70550.0,49600.0,0.0,0.0,141100.0,99200.0
ITM-0009923,ORD-002753,PRD-0033,1,88100.0,66350.0,0.0,0.0,88100.0,66350.0
ITM-0009924,ORD-002754,PRD-0053,24,50250.0,36300.0,0.0,0.0,1206000.0,871200.0
ITM-0009925,ORD-002754,PRD-0016,4,18750.0,12900.0,0.0,0.0,75000.0,51600.0
ITM-0009926,ORD-002754,PRD-0014,12,199750.0,146450.0,7.5,179775.0,2217225.0,1757400.0
ITM-0009927,ORD-002754,PRD-0005,57,11500.0,7900.0,2.5,16387.5,639112.5,450300.0
ITM-0009928,ORD-002755,PRD-0060,7,16450.0,11150.0,0.0,0.0,115150.0,78050.0
ITM-0009929,ORD-002755,PRD-0007,20,33250.0,23700.0,0.0,0.0,665000.0,474000.0
ITM-0009930,ORD-002756,PRD-0038,15,32300.0,22650.0,5.0,24225.0,460275.0,339750.0
ITM-0009931,ORD-002756,PRD-0008,3,11400.0,7800.0,5.0,1710.0,32490.0,23400.0
ITM-0009932,ORD-002756,PRD-0019,35,2950.0,1850.0,2.5,2581.25,100668.75,64750.0
ITM-0009933,ORD-002756,PRD-0007,6,33250.0,23700.0,10.0,19950.0,179550.0,142200.0
ITM-0009934,ORD-002756,PRD-0024,15,17950.0,12350.0,5.0,13462.5,255787.5,185250.0
ITM-0009935,ORD-002756,PRD-0013,50,8750.0,5350.0,0.0,0.0,437500.0,267500.0
ITM-0009936,ORD-002756,PRD-0030,23,35850.0,25550.0,2.5,20613.75,803936.25,587650.0
ITM-0009937,ORD-002757,PRD-0050,30,1200.0,650.0,10.0,3600.0,32400.0,19500.0
ITM-0009938,ORD-002757,PRD-0028,15,6400.0,4200.0,2.5,2400.0,93600.0,63000.0
ITM-0009939,ORD-002757,PRD-0044,15,3350.0,2000.0,10.0,5025.0,45225.0,30000.0
ITM-0009940,ORD-002757,PRD-0049,30,2250.0,1400.0,10.0,6750.0,60750.0,42000.0
ITM-0009941,ORD-002757,PRD-0036,15,170650.0,122850.0,10.0,255975.0,2303775.0,1842750.0
ITM-0009942,ORD-002758,PRD-0069,2,41700.0,30300.0,0.0,0.0,83400.0,60600.0
ITM-0009943,ORD-002758,PRD-0033,7,88100.0,66350.0,2.5,15417.5,601282.5,464450.0
ITM-0009944,ORD-002759,PRD-0021,21,151550.0,109750.0,2.5,79563.75,3102986.25,2304750.0
ITM-0009945,ORD-002759,PRD-0050,25,1200.0,650.0,0.0,0.0,30000.0,16250.0
ITM-0009946,ORD-002759,PRD-0038,7,32300.0,22650.0,2.5,5652.5,220447.5,158550.0
ITM-0009947,ORD-002759,PRD-0049,11,2250.0,1400.0,2.5,618.75,24131.25,15400.0
ITM-0009948,ORD-002759,PRD-0005,36,11500.0,7900.0,0.0,0.0,414000.0,284400.0
ITM-0009949,ORD-002759,PRD-0040,4,70550.0,49600.0,0.0,0.0,282200.0,198400.0
ITM-0009950,ORD-002759,PRD-0004,21,7100.0,4600.0,10.0,14910.0,134190.0,96600.0
ITM-0009951,ORD-002760,PRD-0045,49,4400.0,2800.0,5.0,10780.0,204820.0,137200.0
ITM-0009952,ORD-002760,PRD-0013,80,8750.0,5350.0,5.0,35000.0,665000.0,428000.0
ITM-0009953,ORD-002760,PRD-0005,45,11500.0,7900.0,7.5,38812.5,478687.5,355500.0
ITM-0009954,ORD-002760,PRD-0020,10,31900.0,22100.0,0.0,0.0,319000.0,221000.0
ITM-0009955,ORD-002761,PRD-0007,5,33250.0,23700.0,7.5,12468.75,153781.25,118500.0
ITM-0009956,ORD-002761,PRD-0002,8,52050.0,38100.0,10.0,41640.0,374760.0,304800.0
ITM-0009957,ORD-002761,PRD-0064,4,40250.0,28850.0,12.5,20125.0,140875.0,115400.0
ITM-0009958,ORD-002761,PRD-0023,3,46600.0,33950.0,5.0,6990.0,132810.0,101850.0
ITM-0009959,ORD-002761,PRD-0053,6,50250.0,36300.0,12.5,37687.5,263812.5,217800.0
ITM-0009960,ORD-002762,PRD-0034,3,2800.0,1650.0,5.0,420.0,7980.0,4950.0
ITM-0009961,ORD-002763,PRD-0066,22,5300.0,3250.0,2.5,2915.0,113685.0,71500.0
ITM-0009962,ORD-002763,PRD-0016,12,18750.0,12900.0,10.0,22500.0,202500.0,154800.0
ITM-0009963,ORD-002763,PRD-0050,10,1200.0,650.0,5.0,600.0,11400.0,6500.0
ITM-0009964,ORD-002763,PRD-0005,24,11500.0,7900.0,2.5,6900.0,269100.0,189600.0
ITM-0009965,ORD-002763,PRD-0035,15,195800.0,149250.0,10.0,293700.0,2643300.0,2238750.0
ITM-0009966,ORD-002763,PRD-0037,24,7650.0,5500.0,0.0,0.0,183600.0,132000.0
ITM-0009967,ORD-002763,PRD-0017,12,15250.0,10000.0,5.0,9150.0,173850.0,120000.0
ITM-0009968,ORD-002764,PRD-0034,16,2800.0,1650.0,5.0,2240.0,42560.0,26400.0
ITM-0009969,ORD-002764,PRD-0032,19,383350.0,305700.0,7.5,546273.75,6737376.25,5808300.0
ITM-0009970,ORD-002765,PRD-0070,15,5100.0,3300.0,5.0,3825.0,72675.0,49500.0
ITM-0009971,ORD-002766,PRD-0003,7,88300.0,65000.0,0.0,0.0,618100.0,455000.0
ITM-0009972,ORD-002766,PRD-0040,7,70550.0,49600.0,2.5,12346.25,481503.75,347200.0
ITM-0009973,ORD-002766,PRD-0066,27,5300.0,3250.0,2.5,3577.5,139522.5,87750.0
ITM-0009974,ORD-002766,PRD-0046,4,141200.0,107400.0,5.0,28240.0,536560.0,429600.0
ITM-0009975,ORD-002766,PRD-0030,24,35850.0,25550.0,0.0,0.0,860400.0,613200.0
ITM-0009976,ORD-002767,PRD-0059,16,1850.0,1050.0,10.0,2960.0,26640.0,16800.0
ITM-0009977,ORD-002767,PRD-0021,12,151550.0,109750.0,0.0,0.0,1818600.0,1317000.0
ITM-0009978,ORD-002767,PRD-0013,73,8750.0,5350.0,0.0,0.0,638750.0,390550.0
ITM-0009979,ORD-002767,PRD-0005,57,11500.0,7900.0,5.0,32775.0,622725.0,450300.0
ITM-0009980,ORD-002768,PRD-0066,4,5300.0,3250.0,5.0,1060.0,20140.0,13000.0
ITM-0009981,ORD-002768,PRD-0029,4,30900.0,21650.0,10.0,12360.0,111240.0,86600.0
ITM-0009982,ORD-002768,PRD-0016,4,18750.0,12900.0,5.0,3750.0,71250.0,51600.0
ITM-0009983,ORD-002768,PRD-0036,1,170650.0,122850.0,2.5,4266.25,166383.75,122850.0
ITM-0009984,ORD-002769,PRD-0005,16,11500.0,7900.0,0.0,0.0,184000.0,126400.0
ITM-0009985,ORD-002769,PRD-0066,25,5300.0,3250.0,5.0,6625.0,125875.0,81250.0
ITM-0009986,ORD-002769,PRD-0045,12,4400.0,2800.0,0.0,0.0,52800.0,33600.0
ITM-0009987,ORD-002769,PRD-0052,21,40400.0,29250.0,7.5,63630.0,784770.0,614250.0
ITM-0009988,ORD-002769,PRD-0027,53,11500.0,7200.0,10.0,60950.0,548550.0,381600.0
ITM-0009989,ORD-002770,PRD-0069,3,41700.0,30300.0,0.0,0.0,125100.0,90900.0
ITM-0009990,ORD-002770,PRD-0060,10,16450.0,11150.0,5.0,8225.0,156275.0,111500.0
ITM-0009991,ORD-002770,PRD-0014,7,199750.0,146450.0,10.0,139825.0,1258425.0,1025150.0
ITM-0009992,ORD-002771,PRD-0058,1,28050.0,19450.0,0.0,0.0,28050.0,19450.0
ITM-0009993,ORD-002771,PRD-0070,7,5100.0,3300.0,0.0,0.0,35700.0,23100.0
ITM-0009994,ORD-002771,PRD-0036,2,170650.0,122850.0,7.5,25597.5,315702.5,245700.0
ITM-0009995,ORD-002772,PRD-0037,27,7650.0,5500.0,5.0,10327.5,196222.5,148500.0
ITM-0009996,ORD-002772,PRD-0065,27,9000.0,5800.0,10.0,24300.0,218700.0,156600.0
ITM-0009997,ORD-002772,PRD-0003,7,88300.0,65000.0,7.5,46357.5,571742.5,455000.0
ITM-0009998,ORD-002772,PRD-0050,15,1200.0,650.0,5.0,900.0,17100.0,9750.0
ITM-0009999,ORD-002772,PRD-0056,15,16900.0,12000.0,0.0,0.0,253500.0,180000.0
ITM-0010000,ORD-002773,PRD-0045,7,4400.0,2800.0,2.5,770.0,30030.0,19600.0
ITM-0010001,ORD-002774,PRD-0026,12,5050.0,3050.0,0.0,0.0,60600.0,36600.0
ITM-0010002,ORD-002774,PRD-0003,2,88300.0,65000.0,5.0,8830.0,167770.0,130000.0
ITM-0010003,ORD-002774,PRD-0011,6,50250.0,35950.0,2.5,7537.5,293962.5,215700.0
ITM-0010004,ORD-002774,PRD-0049,22,2250.0,1400.0,0.0,0.0,49500.0,30800.0
ITM-0010005,ORD-002774,PRD-0053,2,50250.0,36300.0,0.0,0.0,100500.0,72600.0
ITM-0010006,ORD-002775,PRD-0052,4,40400.0,29250.0,0.0,0.0,161600.0,117000.0
ITM-0010007,ORD-002775,PRD-0016,2,18750.0,12900.0,10.0,3750.0,33750.0,25800.0
ITM-0010008,ORD-002775,PRD-0060,7,16450.0,11150.0,12.5,14393.75,100756.25,78050.0
ITM-0010009,ORD-002775,PRD-0007,4,33250.0,23700.0,5.0,6650.0,126350.0,94800.0
ITM-0010010,ORD-002776,PRD-0064,3,40250.0,28850.0,10.0,12075.0,108675.0,86550.0
ITM-0010011,ORD-002776,PRD-0014,3,199750.0,146450.0,10.0,59925.0,539325.0,439350.0
ITM-0010012,ORD-002777,PRD-0034,10,2800.0,1650.0,0.0,0.0,28000.0,16500.0
ITM-0010013,ORD-002777,PRD-0061,15,5600.0,3650.0,7.5,6300.0,77700.0,54750.0
ITM-0010014,ORD-002777,PRD-0025,15,32700.0,22850.0,5.0,24525.0,465975.0,342750.0
ITM-0010015,ORD-002777,PRD-0016,7,18750.0,12900.0,2.5,3281.25,127968.75,90300.0
ITM-0010016,ORD-002778,PRD-0036,9,170650.0,122850.0,12.5,191981.25,1343868.75,1105650.0
ITM-0010017,ORD-002778,PRD-0003,5,88300.0,65000.0,0.0,0.0,441500.0,325000.0
ITM-0010018,ORD-002778,PRD-0069,7,41700.0,30300.0,0.0,0.0,291900.0,212100.0
ITM-0010019,ORD-002778,PRD-0053,7,50250.0,36300.0,2.5,8793.75,342956.25,254100.0
ITM-0010020,ORD-002779,PRD-0040,2,70550.0,49600.0,0.0,0.0,141100.0,99200.0
ITM-0010021,ORD-002779,PRD-0003,7,88300.0,65000.0,10.0,61810.0,556290.0,455000.0
ITM-0010022,ORD-002779,PRD-0045,10,4400.0,2800.0,12.5,5500.0,38500.0,28000.0
ITM-0010023,ORD-002779,PRD-0004,14,7100.0,4600.0,7.5,7455.0,91945.0,64400.0
ITM-0010024,ORD-002780,PRD-0034,5,2800.0,1650.0,5.0,700.0,13300.0,8250.0
ITM-0010025,ORD-002781,PRD-0050,20,1200.0,650.0,7.5,1800.0,22200.0,13000.0
ITM-0010026,ORD-002781,PRD-0003,3,88300.0,65000.0,12.5,33112.5,231787.5,195000.0
ITM-0010027,ORD-002781,PRD-0036,7,170650.0,122850.0,7.5,89591.25,1104958.75,859950.0
ITM-0010028,ORD-002781,PRD-0066,15,5300.0,3250.0,0.0,0.0,79500.0,48750.0
ITM-0010029,ORD-002781,PRD-0031,5,1600.0,900.0,0.0,0.0,8000.0,4500.0
ITM-0010030,ORD-002782,PRD-0046,18,141200.0,107400.0,5.0,127080.0,2414520.0,1933200.0
ITM-0010031,ORD-002782,PRD-0038,18,32300.0,22650.0,10.0,58140.0,523260.0,407700.0
ITM-0010032,ORD-002782,PRD-0066,18,5300.0,3250.0,5.0,4770.0,90630.0,58500.0
ITM-0010033,ORD-002782,PRD-0030,22,35850.0,25550.0,2.5,19717.5,768982.5,562100.0
ITM-0010034,ORD-002783,PRD-0034,9,2800.0,1650.0,2.5,630.0,24570.0,14850.0
ITM-0010035,ORD-002783,PRD-0039,15,13350.0,9100.0,5.0,10012.5,190237.5,136500.0
ITM-0010036,ORD-002783,PRD-0047,13,67750.0,48250.0,5.0,44037.5,836712.5,627250.0
ITM-0010037,ORD-002783,PRD-0024,41,17950.0,12350.0,7.5,55196.25,680753.75,506350.0
ITM-0010038,ORD-002783,PRD-0049,15,2250.0,1400.0,5.0,1687.5,32062.5,21000.0
ITM-0010039,ORD-002784,PRD-0050,9,1200.0,650.0,5.0,540.0,10260.0,5850.0
ITM-0010040,ORD-002784,PRD-0034,14,2800.0,1650.0,5.0,1960.0,37240.0,23100.0
ITM-0010041,ORD-002784,PRD-0045,16,4400.0,2800.0,2.5,1760.0,68640.0,44800.0
ITM-0010042,ORD-002784,PRD-0006,9,27000.0,19650.0,5.0,12150.0,230850.0,176850.0
ITM-0010043,ORD-002785,PRD-0023,9,46600.0,33950.0,0.0,0.0,419400.0,305550.0
ITM-0010044,ORD-002785,PRD-0009,6,75050.0,56000.0,0.0,0.0,450300.0,336000.0
ITM-0010045,ORD-002785,PRD-0066,5,5300.0,3250.0,2.5,662.5,25837.5,16250.0
ITM-0010046,ORD-002785,PRD-0030,23,35850.0,25550.0,7.5,61841.25,762708.75,587650.0
ITM-0010047,ORD-002785,PRD-0069,5,41700.0,30300.0,5.0,10425.0,198075.0,151500.0
ITM-0010048,ORD-002786,PRD-0062,36,13700.0,9000.0,5.0,24660.0,468540.0,324000.0
ITM-0010049,ORD-002786,PRD-0034,11,2800.0,1650.0,2.5,770.0,30030.0,18150.0
ITM-0010050,ORD-002786,PRD-0002,47,52050.0,38100.0,2.5,61158.75,2385191.25,1790700.0
ITM-0010051,ORD-002786,PRD-0027,55,11500.0,7200.0,7.5,47437.5,585062.5,396000.0
ITM-0010052,ORD-002787,PRD-0067,37,2050.0,1250.0,2.5,1896.25,73953.75,46250.0
ITM-0010053,ORD-002787,PRD-0060,2,16450.0,11150.0,5.0,1645.0,31255.0,22300.0
ITM-0010054,ORD-002787,PRD-0045,22,4400.0,2800.0,7.5,7260.0,89540.0,61600.0
ITM-0010055,ORD-002788,PRD-0066,26,5300.0,3250.0,2.5,3445.0,134355.0,84500.0
ITM-0010056,ORD-002788,PRD-0022,6,13950.0,9250.0,5.0,4185.0,79515.0,55500.0
ITM-0010057,ORD-002789,PRD-0069,4,41700.0,30300.0,10.0,16680.0,150120.0,121200.0
ITM-0010058,ORD-002789,PRD-0031,22,1600.0,900.0,5.0,1760.0,33440.0,19800.0
ITM-0010059,ORD-002789,PRD-0011,6,50250.0,35950.0,0.0,0.0,301500.0,215700.0
ITM-0010060,ORD-002790,PRD-0066,25,5300.0,3250.0,10.0,13250.0,119250.0,81250.0
ITM-0010061,ORD-002790,PRD-0070,42,5100.0,3300.0,7.5,16065.0,198135.0,138600.0
ITM-0010062,ORD-002790,PRD-0047,11,67750.0,48250.0,5.0,37262.5,707987.5,530750.0
ITM-0010063,ORD-002790,PRD-0016,18,18750.0,12900.0,5.0,16875.0,320625.0,232200.0
ITM-0010064,ORD-002790,PRD-0005,14,11500.0,7900.0,10.0,16100.0,144900.0,110600.0
ITM-0010065,ORD-002790,PRD-0059,14,1850.0,1050.0,7.5,1942.5,23957.5,14700.0
ITM-0010066,ORD-002791,PRD-0062,12,13700.0,9000.0,0.0,0.0,164400.0,108000.0
ITM-0010067,ORD-002792,PRD-0037,13,7650.0,5500.0,5.0,4972.5,94477.5,71500.0
ITM-0010068,ORD-002792,PRD-0016,2,18750.0,12900.0,2.5,937.5,36562.5,25800.0
ITM-0010069,ORD-002792,PRD-0063,37,12650.0,8000.0,0.0,0.0,468050.0,296000.0
ITM-0010070,ORD-002792,PRD-0013,39,8750.0,5350.0,2.5,8531.25,332718.75,208650.0
ITM-0010071,ORD-002792,PRD-0045,28,4400.0,2800.0,5.0,6160.0,117040.0,78400.0
ITM-0010072,ORD-002792,PRD-0034,4,2800.0,1650.0,10.0,1120.0,10080.0,6600.0
ITM-0010073,ORD-002793,PRD-0057,2,25450.0,17350.0,7.5,3817.5,47082.5,34700.0
ITM-0010074,ORD-002793,PRD-0064,9,40250.0,28850.0,7.5,27168.75,335081.25,259650.0
ITM-0010075,ORD-002793,PRD-0005,15,11500.0,7900.0,0.0,0.0,172500.0,118500.0
ITM-0010076,ORD-002794,PRD-0034,8,2800.0,1650.0,0.0,0.0,22400.0,13200.0
ITM-0010077,ORD-002794,PRD-0021,1,151550.0,109750.0,2.5,3788.75,147761.25,109750.0
ITM-0010078,ORD-002795,PRD-0021,7,151550.0,109750.0,5.0,53042.5,1007807.5,768250.0
ITM-0010079,ORD-002795,PRD-0066,20,5300.0,3250.0,0.0,0.0,106000.0,65000.0
ITM-0010080,ORD-002795,PRD-0054,7,6000.0,4000.0,2.5,1050.0,40950.0,28000.0
ITM-0010081,ORD-002795,PRD-0030,17,35850.0,25550.0,5.0,30472.5,578977.5,434350.0
ITM-0010082,ORD-002795,PRD-0053,9,50250.0,36300.0,12.5,56531.25,395718.75,326700.0
ITM-0010083,ORD-002795,PRD-0036,2,170650.0,122850.0,10.0,34130.0,307170.0,245700.0
ITM-0010084,ORD-002796,PRD-0050,58,1200.0,650.0,0.0,0.0,69600.0,37700.0
ITM-0010085,ORD-002796,PRD-0045,35,4400.0,2800.0,0.0,0.0,154000.0,98000.0
ITM-0010086,ORD-002796,PRD-0053,23,50250.0,36300.0,2.5,28893.75,1126856.25,834900.0
ITM-0010087,ORD-002796,PRD-0032,23,383350.0,305700.0,7.5,661278.75,8155771.25,7031100.0
ITM-0010088,ORD-002796,PRD-0069,23,41700.0,30300.0,12.5,119887.5,839212.5,696900.0
ITM-0010089,ORD-002796,PRD-0034,8,2800.0,1650.0,12.5,2800.0,19600.0,13200.0
ITM-0010090,ORD-002797,PRD-0034,10,2800.0,1650.0,5.0,1400.0,26600.0,16500.0
ITM-0010091,ORD-002797,PRD-0069,2,41700.0,30300.0,10.0,8340.0,75060.0,60600.0
ITM-0010092,ORD-002797,PRD-0065,16,9000.0,5800.0,5.0,7200.0,136800.0,92800.0
ITM-0010093,ORD-002798,PRD-0069,6,41700.0,30300.0,0.0,0.0,250200.0,181800.0
ITM-0010094,ORD-002798,PRD-0011,9,50250.0,35950.0,7.5,33918.75,418331.25,323550.0
ITM-0010095,ORD-002798,PRD-0034,6,2800.0,1650.0,0.0,0.0,16800.0,9900.0
ITM-0010096,ORD-002798,PRD-0038,6,32300.0,22650.0,7.5,14535.0,179265.0,135900.0
ITM-0010097,ORD-002798,PRD-0053,3,50250.0,36300.0,0.0,0.0,150750.0,108900.0
ITM-0010098,ORD-002798,PRD-0050,34,1200.0,650.0,2.5,1020.0,39780.0,22100.0
ITM-0010099,ORD-002798,PRD-0029,15,30900.0,21650.0,5.0,23175.0,440325.0,324750.0
ITM-0010100,ORD-002799,PRD-0053,6,50250.0,36300.0,7.5,22612.5,278887.5,217800.0
ITM-0010101,ORD-002800,PRD-0028,18,6400.0,4200.0,7.5,8640.0,106560.0,75600.0
ITM-0010102,ORD-002800,PRD-0024,29,17950.0,12350.0,7.5,39041.25,481508.75,358150.0
ITM-0010103,ORD-002800,PRD-0026,18,5050.0,3050.0,5.0,4545.0,86355.0,54900.0
ITM-0010104,ORD-002800,PRD-0008,5,11400.0,7800.0,0.0,0.0,57000.0,39000.0
ITM-0010105,ORD-002800,PRD-0037,17,7650.0,5500.0,5.0,6502.5,123547.5,93500.0
ITM-0010106,ORD-002801,PRD-0036,5,170650.0,122850.0,2.5,21331.25,831918.75,614250.0
ITM-0010107,ORD-002802,PRD-0053,8,50250.0,36300.0,0.0,0.0,402000.0,290400.0
ITM-0010108,ORD-002802,PRD-0037,15,7650.0,5500.0,2.5,2868.75,111881.25,82500.0
ITM-0010109,ORD-002802,PRD-0021,10,151550.0,109750.0,0.0,0.0,1515500.0,1097500.0
ITM-0010110,ORD-002802,PRD-0062,25,13700.0,9000.0,0.0,0.0,342500.0,225000.0
ITM-0010111,ORD-002802,PRD-0066,15,5300.0,3250.0,2.5,1987.5,77512.5,48750.0
ITM-0010112,ORD-002803,PRD-0033,1,88100.0,66350.0,5.0,4405.0,83695.0,66350.0
ITM-0010113,ORD-002803,PRD-0049,6,2250.0,1400.0,0.0,0.0,13500.0,8400.0
ITM-0010114,ORD-002803,PRD-0005,6,11500.0,7900.0,0.0,0.0,69000.0,47400.0
ITM-0010115,ORD-002803,PRD-0026,11,5050.0,3050.0,5.0,2777.5,52772.5,33550.0
ITM-0010116,ORD-002804,PRD-0021,1,151550.0,109750.0,2.5,3788.75,147761.25,109750.0
ITM-0010117,ORD-002804,PRD-0004,15,7100.0,4600.0,5.0,5325.0,101175.0,69000.0
ITM-0010118,ORD-002804,PRD-0049,6,2250.0,1400.0,5.0,675.0,12825.0,8400.0
ITM-0010119,ORD-002804,PRD-0053,3,50250.0,36300.0,10.0,15075.0,135675.0,108900.0
ITM-0010120,ORD-002805,PRD-0023,4,46600.0,33950.0,10.0,18640.0,167760.0,135800.0
ITM-0010121,ORD-002805,PRD-0032,2,383350.0,305700.0,5.0,38335.0,728365.0,611400.0
ITM-0010122,ORD-002805,PRD-0049,17,2250.0,1400.0,10.0,3825.0,34425.0,23800.0
ITM-0010123,ORD-002805,PRD-0066,9,5300.0,3250.0,7.5,3577.5,44122.5,29250.0
ITM-0010124,ORD-002806,PRD-0026,26,5050.0,3050.0,0.0,0.0,131300.0,79300.0
ITM-0010125,ORD-002807,PRD-0050,31,1200.0,650.0,5.0,1860.0,35340.0,20150.0
ITM-0010126,ORD-002807,PRD-0066,46,5300.0,3250.0,5.0,12190.0,231610.0,149500.0
ITM-0010127,ORD-002808,PRD-0045,12,4400.0,2800.0,0.0,0.0,52800.0,33600.0
ITM-0010128,ORD-002808,PRD-0033,12,88100.0,66350.0,7.5,79290.0,977910.0,796200.0
ITM-0010129,ORD-002809,PRD-0005,18,11500.0,7900.0,5.0,10350.0,196650.0,142200.0
ITM-0010130,ORD-002809,PRD-0053,11,50250.0,36300.0,12.5,69093.75,483656.25,399300.0
ITM-0010131,ORD-002810,PRD-0066,35,5300.0,3250.0,5.0,9275.0,176225.0,113750.0
ITM-0010132,ORD-002810,PRD-0034,10,2800.0,1650.0,7.5,2100.0,25900.0,16500.0
ITM-0010133,ORD-002811,PRD-0066,5,5300.0,3250.0,0.0,0.0,26500.0,16250.0
ITM-0010134,ORD-002812,PRD-0024,20,17950.0,12350.0,5.0,17950.0,341050.0,247000.0
ITM-0010135,ORD-002812,PRD-0038,5,32300.0,22650.0,0.0,0.0,161500.0,113250.0
ITM-0010136,ORD-002812,PRD-0037,23,7650.0,5500.0,12.5,21993.75,153956.25,126500.0
ITM-0010137,ORD-002812,PRD-0021,2,151550.0,109750.0,5.0,15155.0,287945.0,219500.0
ITM-0010138,ORD-002812,PRD-0060,5,16450.0,11150.0,7.5,6168.75,76081.25,55750.0
ITM-0010139,ORD-002813,PRD-0058,10,28050.0,19450.0,7.5,21037.5,259462.5,194500.0
ITM-0010140,ORD-002813,PRD-0005,13,11500.0,7900.0,5.0,7475.0,142025.0,102700.0
ITM-0010141,ORD-002813,PRD-0048,5,160400.0,117650.0,2.5,20050.0,781950.0,588250.0
ITM-0010142,ORD-002813,PRD-0062,8,13700.0,9000.0,5.0,5480.0,104120.0,72000.0
ITM-0010143,ORD-002813,PRD-0031,8,1600.0,900.0,2.5,320.0,12480.0,7200.0
ITM-0010144,ORD-002813,PRD-0034,16,2800.0,1650.0,2.5,1120.0,43680.0,26400.0
ITM-0010145,ORD-002813,PRD-0056,8,16900.0,12000.0,2.5,3380.0,131820.0,96000.0
ITM-0010146,ORD-002814,PRD-0050,20,1200.0,650.0,12.5,3000.0,21000.0,13000.0
ITM-0010147,ORD-002814,PRD-0013,44,8750.0,5350.0,10.0,38500.0,346500.0,235400.0
ITM-0010148,ORD-002815,PRD-0064,7,40250.0,28850.0,5.0,14087.5,267662.5,201950.0
ITM-0010149,ORD-002816,PRD-0066,31,5300.0,3250.0,0.0,0.0,164300.0,100750.0
ITM-0010150,ORD-002816,PRD-0030,21,35850.0,25550.0,7.5,56463.75,696386.25,536550.0
ITM-0010151,ORD-002816,PRD-0034,12,2800.0,1650.0,7.5,2520.0,31080.0,19800.0
ITM-0010152,ORD-002816,PRD-0053,6,50250.0,36300.0,7.5,22612.5,278887.5,217800.0
ITM-0010153,ORD-002817,PRD-0030,23,35850.0,25550.0,7.5,61841.25,762708.75,587650.0
ITM-0010154,ORD-002817,PRD-0006,8,27000.0,19650.0,5.0,10800.0,205200.0,157200.0
ITM-0010155,ORD-002817,PRD-0009,4,75050.0,56000.0,5.0,15010.0,285190.0,224000.0
ITM-0010156,ORD-002817,PRD-0065,13,9000.0,5800.0,0.0,0.0,117000.0,75400.0
ITM-0010157,ORD-002818,PRD-0010,17,50450.0,37650.0,0.0,0.0,857650.0,640050.0
ITM-0010158,ORD-002818,PRD-0068,17,29000.0,20900.0,5.0,24650.0,468350.0,355300.0
ITM-0010159,ORD-002818,PRD-0018,17,39400.0,29550.0,0.0,0.0,669800.0,502350.0
ITM-0010160,ORD-002819,PRD-0005,26,11500.0,7900.0,5.0,14950.0,284050.0,205400.0
ITM-0010161,ORD-002819,PRD-0021,8,151550.0,109750.0,7.5,90930.0,1121470.0,878000.0
ITM-0010162,ORD-002819,PRD-0024,41,17950.0,12350.0,7.5,55196.25,680753.75,506350.0
ITM-0010163,ORD-002819,PRD-0063,30,12650.0,8000.0,5.0,18975.0,360525.0,240000.0
ITM-0010164,ORD-002819,PRD-0031,19,1600.0,900.0,2.5,760.0,29640.0,17100.0
ITM-0010165,ORD-002820,PRD-0005,22,11500.0,7900.0,12.5,31625.0,221375.0,173800.0
ITM-0010166,ORD-002820,PRD-0037,36,7650.0,5500.0,5.0,13770.0,261630.0,198000.0
ITM-0010167,ORD-002820,PRD-0006,5,27000.0,19650.0,0.0,0.0,135000.0,98250.0
ITM-0010168,ORD-002820,PRD-0066,5,5300.0,3250.0,5.0,1325.0,25175.0,16250.0
ITM-0010169,ORD-002820,PRD-0033,8,88100.0,66350.0,2.5,17620.0,687180.0,530800.0
ITM-0010170,ORD-002821,PRD-0005,6,11500.0,7900.0,10.0,6900.0,62100.0,47400.0
ITM-0010171,ORD-002821,PRD-0006,4,27000.0,19650.0,5.0,5400.0,102600.0,78600.0
ITM-0010172,ORD-002821,PRD-0057,5,25450.0,17350.0,7.5,9543.75,117706.25,86750.0
ITM-0010173,ORD-002822,PRD-0034,8,2800.0,1650.0,5.0,1120.0,21280.0,13200.0
ITM-0010174,ORD-002822,PRD-0005,16,11500.0,7900.0,0.0,0.0,184000.0,126400.0
ITM-0010175,ORD-002822,PRD-0065,18,9000.0,5800.0,5.0,8100.0,153900.0,104400.0
ITM-0010176,ORD-002822,PRD-0048,5,160400.0,117650.0,2.5,20050.0,781950.0,588250.0
ITM-0010177,ORD-002823,PRD-0007,11,33250.0,23700.0,5.0,18287.5,347462.5,260700.0
ITM-0010178,ORD-002823,PRD-0058,18,28050.0,19450.0,7.5,37867.5,467032.5,350100.0
ITM-0010179,ORD-002823,PRD-0002,22,52050.0,38100.0,12.5,143137.5,1001962.5,838200.0
ITM-0010180,ORD-002823,PRD-0066,47,5300.0,3250.0,7.5,18682.5,230417.5,152750.0
ITM-0010181,ORD-002823,PRD-0045,40,4400.0,2800.0,2.5,4400.0,171600.0,112000.0
ITM-0010182,ORD-002823,PRD-0049,29,2250.0,1400.0,5.0,3262.5,61987.5,40600.0
ITM-0010183,ORD-002823,PRD-0034,18,2800.0,1650.0,2.5,1260.0,49140.0,29700.0
ITM-0010184,ORD-002824,PRD-0029,6,30900.0,21650.0,10.0,18540.0,166860.0,129900.0
ITM-0010185,ORD-002824,PRD-0030,10,35850.0,25550.0,0.0,0.0,358500.0,255500.0
ITM-0010186,ORD-002824,PRD-0007,5,33250.0,23700.0,0.0,0.0,166250.0,118500.0
ITM-0010187,ORD-002825,PRD-0032,16,383350.0,305700.0,5.0,306680.0,5826920.0,4891200.0
ITM-0010188,ORD-002825,PRD-0034,25,2800.0,1650.0,0.0,0.0,70000.0,41250.0
ITM-0010189,ORD-002825,PRD-0067,41,2050.0,1250.0,0.0,0.0,84050.0,51250.0
ITM-0010190,ORD-002826,PRD-0005,11,11500.0,7900.0,5.0,6325.0,120175.0,86900.0
ITM-0010191,ORD-002826,PRD-0045,4,4400.0,2800.0,10.0,1760.0,15840.0,11200.0
ITM-0010192,ORD-002827,PRD-0040,3,70550.0,49600.0,7.5,15873.75,195776.25,148800.0
ITM-0010193,ORD-002827,PRD-0069,7,41700.0,30300.0,7.5,21892.5,270007.5,212100.0
ITM-0010194,ORD-002828,PRD-0006,8,27000.0,19650.0,7.5,16200.0,199800.0,157200.0
ITM-0010195,ORD-002828,PRD-0037,29,7650.0,5500.0,10.0,22185.0,199665.0,159500.0
ITM-0010196,ORD-002828,PRD-0030,29,35850.0,25550.0,10.0,103965.0,935685.0,740950.0
ITM-0010197,ORD-002828,PRD-0034,8,2800.0,1650.0,7.5,1680.0,20720.0,13200.0
ITM-0010198,ORD-002829,PRD-0005,24,11500.0,7900.0,10.0,27600.0,248400.0,189600.0
ITM-0010199,ORD-002829,PRD-0069,8,41700.0,30300.0,5.0,16680.0,316920.0,242400.0
ITM-0010200,ORD-002829,PRD-0034,10,2800.0,1650.0,2.5,700.0,27300.0,16500.0
ITM-0010201,ORD-002829,PRD-0013,8,8750.0,5350.0,7.5,5250.0,64750.0,42800.0
ITM-0010202,ORD-002830,PRD-0011,11,50250.0,35950.0,7.5,41456.25,511293.75,395450.0
ITM-0010203,ORD-002830,PRD-0052,11,40400.0,29250.0,10.0,44440.0,399960.0,321750.0
ITM-0010204,ORD-002831,PRD-0048,5,160400.0,117650.0,10.0,80200.0,721800.0,588250.0
ITM-0010205,ORD-002832,PRD-0033,14,88100.0,66350.0,7.5,92505.0,1140895.0,928900.0
ITM-0010206,ORD-002832,PRD-0055,14,43600.0,31400.0,0.0,0.0,610400.0,439600.0
ITM-0010207,ORD-002832,PRD-0037,68,7650.0,5500.0,0.0,0.0,520200.0,374000.0
ITM-0010208,ORD-002832,PRD-0038,7,32300.0,22650.0,0.0,0.0,226100.0,158550.0
ITM-0010209,ORD-002833,PRD-0037,16,7650.0,5500.0,0.0,0.0,122400.0,88000.0
ITM-0010210,ORD-002833,PRD-0005,18,11500.0,7900.0,7.5,15525.0,191475.0,142200.0
ITM-0010211,ORD-002833,PRD-0045,8,4400.0,2800.0,5.0,1760.0,33440.0,22400.0
ITM-0010212,ORD-002833,PRD-0030,30,35850.0,25550.0,2.5,26887.5,1048612.5,766500.0
ITM-0010213,ORD-002833,PRD-0046,6,141200.0,107400.0,0.0,0.0,847200.0,644400.0
ITM-0010214,ORD-002834,PRD-0022,2,13950.0,9250.0,2.5,697.5,27202.5,18500.0
ITM-0010215,ORD-002834,PRD-0049,2,2250.0,1400.0,7.5,337.5,4162.5,2800.0
ITM-0010216,ORD-002834,PRD-0005,4,11500.0,7900.0,7.5,3450.0,42550.0,31600.0
ITM-0010217,ORD-002835,PRD-0025,9,32700.0,22850.0,7.5,22072.5,272227.5,205650.0
ITM-0010218,ORD-002835,PRD-0064,8,40250.0,28850.0,10.0,32200.0,289800.0,230800.0
ITM-0010219,ORD-002835,PRD-0026,24,5050.0,3050.0,5.0,6060.0,115140.0,73200.0
ITM-0010220,ORD-002835,PRD-0003,5,88300.0,65000.0,2.5,11037.5,430462.5,325000.0
ITM-0010221,ORD-002835,PRD-0014,6,199750.0,146450.0,10.0,119850.0,1078650.0,878700.0
ITM-0010222,ORD-002836,PRD-0045,8,4400.0,2800.0,10.0,3520.0,31680.0,22400.0
ITM-0010223,ORD-002836,PRD-0017,4,15250.0,10000.0,7.5,4575.0,56425.0,40000.0
ITM-0010224,ORD-002836,PRD-0007,2,33250.0,23700.0,0.0,0.0,66500.0,47400.0
ITM-0010225,ORD-002836,PRD-0028,15,6400.0,4200.0,5.0,4800.0,91200.0,63000.0
ITM-0010226,ORD-002837,PRD-0007,12,33250.0,23700.0,7.5,29925.0,369075.0,284400.0
ITM-0010227,ORD-002837,PRD-0036,12,170650.0,122850.0,2.5,51195.0,1996605.0,1474200.0
ITM-0010228,ORD-002837,PRD-0052,12,40400.0,29250.0,0.0,0.0,484800.0,351000.0
ITM-0010229,ORD-002838,PRD-0036,7,170650.0,122850.0,5.0,59727.5,1134822.5,859950.0
ITM-0010230,ORD-002839,PRD-0025,22,32700.0,22850.0,2.5,17985.0,701415.0,502700.0
ITM-0010231,ORD-002839,PRD-0063,61,12650.0,8000.0,2.5,19291.25,752358.75,488000.0
ITM-0010232,ORD-002840,PRD-0005,13,11500.0,7900.0,2.5,3737.5,145762.5,102700.0
ITM-0010233,ORD-002840,PRD-0027,19,11500.0,7200.0,7.5,16387.5,202112.5,136800.0
ITM-0010234,ORD-002840,PRD-0007,6,33250.0,23700.0,7.5,14962.5,184537.5,142200.0
ITM-0010235,ORD-002840,PRD-0022,7,13950.0,9250.0,12.5,12206.25,85443.75,64750.0
ITM-0010236,ORD-002841,PRD-0066,7,5300.0,3250.0,5.0,1855.0,35245.0,22750.0
ITM-0010237,ORD-002842,PRD-0026,24,5050.0,3050.0,0.0,0.0,121200.0,73200.0
ITM-0010238,ORD-002842,PRD-0002,52,52050.0,38100.0,0.0,0.0,2706600.0,1981200.0
ITM-0010239,ORD-002842,PRD-0069,17,41700.0,30300.0,5.0,35445.0,673455.0,515100.0
ITM-0010240,ORD-002842,PRD-0013,62,8750.0,5350.0,5.0,27125.0,515375.0,331700.0
ITM-0010241,ORD-002842,PRD-0009,3,75050.0,56000.0,0.0,0.0,225150.0,168000.0
ITM-0010242,ORD-002842,PRD-0061,42,5600.0,3650.0,10.0,23520.0,211680.0,153300.0
ITM-0010243,ORD-002842,PRD-0037,69,7650.0,5500.0,10.0,52785.0,475065.0,379500.0
ITM-0010244,ORD-002843,PRD-0046,7,141200.0,107400.0,0.0,0.0,988400.0,751800.0
ITM-0010245,ORD-002843,PRD-0038,7,32300.0,22650.0,5.0,11305.0,214795.0,158550.0
ITM-0010246,ORD-002843,PRD-0063,22,12650.0,8000.0,12.5,34787.5,243512.5,176000.0
ITM-0010247,ORD-002843,PRD-0032,15,383350.0,305700.0,0.0,0.0,5750250.0,4585500.0
ITM-0010248,ORD-002843,PRD-0009,10,75050.0,56000.0,5.0,37525.0,712975.0,560000.0
ITM-0010249,ORD-002844,PRD-0036,14,170650.0,122850.0,2.5,59727.5,2329372.5,1719900.0
ITM-0010250,ORD-002844,PRD-0032,7,383350.0,305700.0,7.5,201258.75,2482191.25,2139900.0
ITM-0010251,ORD-002844,PRD-0066,29,5300.0,3250.0,7.5,11527.5,142172.5,94250.0
ITM-0010252,ORD-002844,PRD-0008,11,11400.0,7800.0,5.0,6270.0,119130.0,85800.0
ITM-0010253,ORD-002844,PRD-0013,65,8750.0,5350.0,10.0,56875.0,511875.0,347750.0
ITM-0010254,ORD-002845,PRD-0011,4,50250.0,35950.0,5.0,10050.0,190950.0,143800.0
ITM-0010255,ORD-002845,PRD-0066,17,5300.0,3250.0,0.0,0.0,90100.0,55250.0
ITM-0010256,ORD-002845,PRD-0007,8,33250.0,23700.0,0.0,0.0,266000.0,189600.0
ITM-0010257,ORD-002846,PRD-0070,16,5100.0,3300.0,2.5,2040.0,79560.0,52800.0
ITM-0010258,ORD-002846,PRD-0015,3,19300.0,12700.0,0.0,0.0,57900.0,38100.0
ITM-0010259,ORD-002846,PRD-0048,1,160400.0,117650.0,2.5,4010.0,156390.0,117650.0
ITM-0010260,ORD-002846,PRD-0043,4,35950.0,25500.0,2.5,3595.0,140205.0,102000.0
ITM-0010261,ORD-002846,PRD-0069,3,41700.0,30300.0,5.0,6255.0,118845.0,90900.0
ITM-0010262,ORD-002847,PRD-0032,8,383350.0,305700.0,5.0,153340.0,2913460.0,2445600.0
ITM-0010263,ORD-002848,PRD-0031,22,1600.0,900.0,0.0,0.0,35200.0,19800.0
ITM-0010264,ORD-002848,PRD-0007,4,33250.0,23700.0,2.5,3325.0,129675.0,94800.0
ITM-0010265,ORD-002848,PRD-0017,11,15250.0,10000.0,0.0,0.0,167750.0,110000.0
ITM-0010266,ORD-002848,PRD-0008,5,11400.0,7800.0,0.0,0.0,57000.0,39000.0
ITM-0010267,ORD-002849,PRD-0037,83,7650.0,5500.0,0.0,0.0,634950.0,456500.0
ITM-0010268,ORD-002849,PRD-0023,11,46600.0,33950.0,10.0,51260.0,461340.0,373450.0
ITM-0010269,ORD-002849,PRD-0049,18,2250.0,1400.0,2.5,1012.5,39487.5,25200.0
ITM-0010270,ORD-002850,PRD-0053,10,50250.0,36300.0,0.0,0.0,502500.0,363000.0
ITM-0010271,ORD-002850,PRD-0035,15,195800.0,149250.0,5.0,146850.0,2790150.0,2238750.0
ITM-0010272,ORD-002850,PRD-0006,3,27000.0,19650.0,5.0,4050.0,76950.0,58950.0
ITM-0010273,ORD-002851,PRD-0053,3,50250.0,36300.0,10.0,15075.0,135675.0,108900.0
ITM-0010274,ORD-002851,PRD-0057,6,25450.0,17350.0,5.0,7635.0,145065.0,104100.0
ITM-0010275,ORD-002851,PRD-0034,2,2800.0,1650.0,5.0,280.0,5320.0,3300.0
ITM-0010276,ORD-002851,PRD-0045,10,4400.0,2800.0,7.5,3300.0,40700.0,28000.0
ITM-0010277,ORD-002852,PRD-0029,14,30900.0,21650.0,5.0,21630.0,410970.0,303100.0
ITM-0010278,ORD-002852,PRD-0049,25,2250.0,1400.0,2.5,1406.25,54843.75,35000.0
ITM-0010279,ORD-002852,PRD-0064,11,40250.0,28850.0,5.0,22137.5,420612.5,317350.0
ITM-0010280,ORD-002853,PRD-0013,14,8750.0,5350.0,10.0,12250.0,110250.0,74900.0
ITM-0010281,ORD-002853,PRD-0058,5,28050.0,19450.0,10.0,14025.0,126225.0,97250.0
ITM-0010282,ORD-002853,PRD-0034,2,2800.0,1650.0,12.5,700.0,4900.0,3300.0
ITM-0010283,ORD-002854,PRD-0030,29,35850.0,25550.0,5.0,51982.5,987667.5,740950.0
ITM-0010284,ORD-002854,PRD-0053,10,50250.0,36300.0,2.5,12562.5,489937.5,363000.0
ITM-0010285,ORD-002854,PRD-0005,23,11500.0,7900.0,0.0,0.0,264500.0,181700.0
ITM-0010286,ORD-002855,PRD-0048,7,160400.0,117650.0,0.0,0.0,1122800.0,823550.0
ITM-0010287,ORD-002855,PRD-0005,17,11500.0,7900.0,2.5,4887.5,190612.5,134300.0
ITM-0010288,ORD-002856,PRD-0030,18,35850.0,25550.0,0.0,0.0,645300.0,459900.0
ITM-0010289,ORD-002856,PRD-0053,8,50250.0,36300.0,2.5,10050.0,391950.0,290400.0
ITM-0010290,ORD-002857,PRD-0066,16,5300.0,3250.0,10.0,8480.0,76320.0,52000.0
ITM-0010291,ORD-002857,PRD-0028,18,6400.0,4200.0,12.5,14400.0,100800.0,75600.0
ITM-0010292,ORD-002858,PRD-0061,25,5600.0,3650.0,0.0,0.0,140000.0,91250.0
ITM-0010293,ORD-002858,PRD-0063,56,12650.0,8000.0,2.5,17710.0,690690.0,448000.0
ITM-0010294,ORD-002859,PRD-0023,13,46600.0,33950.0,5.0,30290.0,575510.0,441350.0
ITM-0010295,ORD-002859,PRD-0066,22,5300.0,3250.0,5.0,5830.0,110770.0,71500.0
ITM-0010296,ORD-002860,PRD-0027,30,11500.0,7200.0,10.0,34500.0,310500.0,216000.0
ITM-0010297,ORD-002860,PRD-0068,10,29000.0,20900.0,5.0,14500.0,275500.0,209000.0
ITM-0010298,ORD-002861,PRD-0053,2,50250.0,36300.0,2.5,2512.5,97987.5,72600.0
ITM-0010299,ORD-002861,PRD-0058,5,28050.0,19450.0,7.5,10518.75,129731.25,97250.0
ITM-0010300,ORD-002861,PRD-0049,3,2250.0,1400.0,7.5,506.25,6243.75,4200.0
ITM-0010301,ORD-002861,PRD-0006,6,27000.0,19650.0,10.0,16200.0,145800.0,117900.0
ITM-0010302,ORD-002862,PRD-0013,22,8750.0,5350.0,10.0,19250.0,173250.0,117700.0
ITM-0010303,ORD-002862,PRD-0026,16,5050.0,3050.0,2.5,2020.0,78780.0,48800.0
ITM-0010304,ORD-002862,PRD-0066,6,5300.0,3250.0,5.0,1590.0,30210.0,19500.0
ITM-0010305,ORD-002862,PRD-0005,8,11500.0,7900.0,5.0,4600.0,87400.0,63200.0
ITM-0010306,ORD-002863,PRD-0059,6,1850.0,1050.0,5.0,555.0,10545.0,6300.0
ITM-0010307,ORD-002863,PRD-0011,7,50250.0,35950.0,7.5,26381.25,325368.75,251650.0
ITM-0010308,ORD-002864,PRD-0048,6,160400.0,117650.0,0.0,0.0,962400.0,705900.0
ITM-0010309,ORD-002864,PRD-0038,7,32300.0,22650.0,10.0,22610.0,203490.0,158550.0
ITM-0010310,ORD-002864,PRD-0027,10,11500.0,7200.0,0.0,0.0,115000.0,72000.0
ITM-0010311,ORD-002864,PRD-0036,6,170650.0,122850.0,0.0,0.0,1023900.0,737100.0
ITM-0010312,ORD-002864,PRD-0007,6,33250.0,23700.0,0.0,0.0,199500.0,142200.0
ITM-0010313,ORD-002865,PRD-0068,12,29000.0,20900.0,10.0,34800.0,313200.0,250800.0
ITM-0010314,ORD-002865,PRD-0057,8,25450.0,17350.0,0.0,0.0,203600.0,138800.0
ITM-0010315,ORD-002865,PRD-0032,4,383350.0,305700.0,5.0,76670.0,1456730.0,1222800.0
ITM-0010316,ORD-002865,PRD-0064,6,40250.0,28850.0,5.0,12075.0,229425.0,173100.0
ITM-0010317,ORD-002865,PRD-0030,24,35850.0,25550.0,0.0,0.0,860400.0,613200.0
ITM-0010318,ORD-002866,PRD-0011,14,50250.0,35950.0,7.5,52762.5,650737.5,503300.0
ITM-0010319,ORD-002866,PRD-0048,7,160400.0,117650.0,7.5,84210.0,1038590.0,823550.0
ITM-0010320,ORD-002866,PRD-0069,12,41700.0,30300.0,5.0,25020.0,475380.0,363600.0
ITM-0010321,ORD-002866,PRD-0003,9,88300.0,65000.0,2.5,19867.5,774832.5,585000.0
ITM-0010322,ORD-002866,PRD-0063,23,12650.0,8000.0,7.5,21821.25,269128.75,184000.0
ITM-0010323,ORD-002867,PRD-0045,14,4400.0,2800.0,5.0,3080.0,58520.0,39200.0
ITM-0010324,ORD-002868,PRD-0001,14,49000.0,35150.0,0.0,0.0,686000.0,492100.0
ITM-0010325,ORD-002868,PRD-0023,9,46600.0,33950.0,5.0,20970.0,398430.0,305550.0
ITM-0010326,ORD-002869,PRD-0030,12,35850.0,25550.0,2.5,10755.0,419445.0,306600.0
ITM-0010327,ORD-002869,PRD-0065,21,9000.0,5800.0,0.0,0.0,189000.0,121800.0
ITM-0010328,ORD-002869,PRD-0022,6,13950.0,9250.0,7.5,6277.5,77422.5,55500.0
ITM-0010329,ORD-002869,PRD-0034,8,2800.0,1650.0,0.0,0.0,22400.0,13200.0
ITM-0010330,ORD-002870,PRD-0027,28,11500.0,7200.0,7.5,24150.0,297850.0,201600.0
ITM-0010331,ORD-002870,PRD-0069,3,41700.0,30300.0,7.5,9382.5,115717.5,90900.0
ITM-0010332,ORD-002871,PRD-0004,7,7100.0,4600.0,0.0,0.0,49700.0,32200.0
ITM-0010333,ORD-002871,PRD-0034,2,2800.0,1650.0,5.0,280.0,5320.0,3300.0
ITM-0010334,ORD-002872,PRD-0046,13,141200.0,107400.0,0.0,0.0,1835600.0,1396200.0
ITM-0010335,ORD-002872,PRD-0058,3,28050.0,19450.0,0.0,0.0,84150.0,58350.0
ITM-0010336,ORD-002872,PRD-0052,11,40400.0,29250.0,7.5,33330.0,411070.0,321750.0
ITM-0010337,ORD-002872,PRD-0066,34,5300.0,3250.0,0.0,0.0,180200.0,110500.0
ITM-0010338,ORD-002872,PRD-0045,13,4400.0,2800.0,0.0,0.0,57200.0,36400.0
ITM-0010339,ORD-002872,PRD-0060,5,16450.0,11150.0,2.5,2056.25,80193.75,55750.0
ITM-0010340,ORD-002872,PRD-0049,37,2250.0,1400.0,5.0,4162.5,79087.5,51800.0
ITM-0010341,ORD-002873,PRD-0038,4,32300.0,22650.0,0.0,0.0,129200.0,90600.0
ITM-0010342,ORD-002873,PRD-0041,6,70000.0,52200.0,2.5,10500.0,409500.0,313200.0
ITM-0010343,ORD-002873,PRD-0060,4,16450.0,11150.0,0.0,0.0,65800.0,44600.0
ITM-0010344,ORD-002874,PRD-0053,10,50250.0,36300.0,0.0,0.0,502500.0,363000.0
ITM-0010345,ORD-002874,PRD-0013,12,8750.0,5350.0,0.0,0.0,105000.0,64200.0
ITM-0010346,ORD-002875,PRD-0030,11,35850.0,25550.0,0.0,0.0,394350.0,281050.0
ITM-0010347,ORD-002875,PRD-0016,5,18750.0,12900.0,0.0,0.0,93750.0,64500.0
ITM-0010348,ORD-002875,PRD-0066,6,5300.0,3250.0,2.5,795.0,31005.0,19500.0
ITM-0010349,ORD-002875,PRD-0007,1,33250.0,23700.0,7.5,2493.75,30756.25,23700.0
ITM-0010350,ORD-002876,PRD-0005,13,11500.0,7900.0,7.5,11212.5,138287.5,102700.0
ITM-0010351,ORD-002877,PRD-0018,3,39400.0,29550.0,5.0,5910.0,112290.0,88650.0
ITM-0010352,ORD-002877,PRD-0049,9,2250.0,1400.0,10.0,2025.0,18225.0,12600.0
ITM-0010353,ORD-002878,PRD-0018,7,39400.0,29550.0,7.5,20685.0,255115.0,206850.0
ITM-0010354,ORD-002879,PRD-0060,5,16450.0,11150.0,7.5,6168.75,76081.25,55750.0
ITM-0010355,ORD-002880,PRD-0034,11,2800.0,1650.0,2.5,770.0,30030.0,18150.0
ITM-0010356,ORD-002880,PRD-0009,18,75050.0,56000.0,5.0,67545.0,1283355.0,1008000.0
ITM-0010357,ORD-002880,PRD-0023,22,46600.0,33950.0,0.0,0.0,1025200.0,746900.0
ITM-0010358,ORD-002880,PRD-0022,4,13950.0,9250.0,10.0,5580.0,50220.0,37000.0
ITM-0010359,ORD-002880,PRD-0057,7,25450.0,17350.0,2.5,4453.75,173696.25,121450.0
ITM-0010360,ORD-002880,PRD-0007,15,33250.0,23700.0,7.5,37406.25,461343.75,355500.0
ITM-0010361,ORD-002880,PRD-0065,22,9000.0,5800.0,10.0,19800.0,178200.0,127600.0
ITM-0010362,ORD-002881,PRD-0040,2,70550.0,49600.0,7.5,10582.5,130517.5,99200.0
ITM-0010363,ORD-002881,PRD-0069,6,41700.0,30300.0,5.0,12510.0,237690.0,181800.0
ITM-0010364,ORD-002882,PRD-0034,7,2800.0,1650.0,2.5,490.0,19110.0,11550.0
ITM-0010365,ORD-002882,PRD-0006,5,27000.0,19650.0,12.5,16875.0,118125.0,98250.0
ITM-0010366,ORD-002883,PRD-0053,4,50250.0,36300.0,0.0,0.0,201000.0,145200.0
ITM-0010367,ORD-002884,PRD-0069,2,41700.0,30300.0,5.0,4170.0,79230.0,60600.0
ITM-0010368,ORD-002884,PRD-0011,10,50250.0,35950.0,2.5,12562.5,489937.5,359500.0
ITM-0010369,ORD-002884,PRD-0068,2,29000.0,20900.0,0.0,0.0,58000.0,41800.0
ITM-0010370,ORD-002884,PRD-0003,2,88300.0,65000.0,5.0,8830.0,167770.0,130000.0
ITM-0010371,ORD-002885,PRD-0036,9,170650.0,122850.0,5.0,76792.5,1459057.5,1105650.0
ITM-0010372,ORD-002885,PRD-0067,5,2050.0,1250.0,2.5,256.25,9993.75,6250.0
ITM-0010373,ORD-002885,PRD-0066,18,5300.0,3250.0,5.0,4770.0,90630.0,58500.0
ITM-0010374,ORD-002885,PRD-0010,4,50450.0,37650.0,2.5,5045.0,196755.0,150600.0
ITM-0010375,ORD-002886,PRD-0007,12,33250.0,23700.0,7.5,29925.0,369075.0,284400.0
ITM-0010376,ORD-002886,PRD-0064,14,40250.0,28850.0,5.0,28175.0,535325.0,403900.0
ITM-0010377,ORD-002886,PRD-0021,6,151550.0,109750.0,5.0,45465.0,863835.0,658500.0
ITM-0010378,ORD-002887,PRD-0005,14,11500.0,7900.0,2.5,4025.0,156975.0,110600.0
ITM-0010379,ORD-002887,PRD-0045,30,4400.0,2800.0,7.5,9900.0,122100.0,84000.0
ITM-0010380,ORD-002887,PRD-0026,19,5050.0,3050.0,10.0,9595.0,86355.0,57950.0
ITM-0010381,ORD-002887,PRD-0004,35,7100.0,4600.0,2.5,6212.5,242287.5,161000.0
ITM-0010382,ORD-002887,PRD-0001,14,49000.0,35150.0,7.5,51450.0,634550.0,492100.0
ITM-0010383,ORD-002888,PRD-0005,38,11500.0,7900.0,12.5,54625.0,382375.0,300200.0
ITM-0010384,ORD-002888,PRD-0031,16,1600.0,900.0,12.5,3200.0,22400.0,14400.0
ITM-0010385,ORD-002889,PRD-0052,11,40400.0,29250.0,10.0,44440.0,399960.0,321750.0
ITM-0010386,ORD-002889,PRD-0034,7,2800.0,1650.0,0.0,0.0,19600.0,11550.0
ITM-0010387,ORD-002889,PRD-0031,14,1600.0,900.0,0.0,0.0,22400.0,12600.0
ITM-0010388,ORD-002889,PRD-0038,11,32300.0,22650.0,2.5,8882.5,346417.5,249150.0
ITM-0010389,ORD-002889,PRD-0058,14,28050.0,19450.0,5.0,19635.0,373065.0,272300.0
ITM-0010390,ORD-002890,PRD-0034,12,2800.0,1650.0,7.5,2520.0,31080.0,19800.0
ITM-0010391,ORD-002890,PRD-0028,20,6400.0,4200.0,0.0,0.0,128000.0,84000.0
ITM-0010392,ORD-002890,PRD-0049,23,2250.0,1400.0,2.5,1293.75,50456.25,32200.0
ITM-0010393,ORD-002890,PRD-0050,23,1200.0,650.0,2.5,690.0,26910.0,14950.0
ITM-0010394,ORD-002890,PRD-0066,23,5300.0,3250.0,5.0,6095.0,115805.0,74750.0
ITM-0010395,ORD-002891,PRD-0013,46,8750.0,5350.0,2.5,10062.5,392437.5,246100.0
ITM-0010396,ORD-002892,PRD-0040,7,70550.0,49600.0,5.0,24692.5,469157.5,347200.0
ITM-0010397,ORD-002892,PRD-0045,15,4400.0,2800.0,0.0,0.0,66000.0,42000.0
ITM-0010398,ORD-002893,PRD-0047,7,67750.0,48250.0,0.0,0.0,474250.0,337750.0
ITM-0010399,ORD-002893,PRD-0005,5,11500.0,7900.0,10.0,5750.0,51750.0,39500.0
ITM-0010400,ORD-002893,PRD-0045,7,4400.0,2800.0,0.0,0.0,30800.0,19600.0
ITM-0010401,ORD-002893,PRD-0021,5,151550.0,109750.0,7.5,56831.25,700918.75,548750.0
ITM-0010402,ORD-002894,PRD-0050,13,1200.0,650.0,12.5,1950.0,13650.0,8450.0
ITM-0010403,ORD-002894,PRD-0066,7,5300.0,3250.0,7.5,2782.5,34317.5,22750.0
ITM-0010404,ORD-002895,PRD-0034,10,2800.0,1650.0,7.5,2100.0,25900.0,16500.0
ITM-0010405,ORD-002896,PRD-0033,9,88100.0,66350.0,7.5,59467.5,733432.5,597150.0
ITM-0010406,ORD-002896,PRD-0069,9,41700.0,30300.0,12.5,46912.5,328387.5,272700.0
ITM-0010407,ORD-002897,PRD-0009,11,75050.0,56000.0,5.0,41277.5,784272.5,616000.0
ITM-0010408,ORD-002897,PRD-0018,11,39400.0,29550.0,12.5,54175.0,379225.0,325050.0
ITM-0010409,ORD-002898,PRD-0060,16,16450.0,11150.0,5.0,13160.0,250040.0,178400.0
ITM-0010410,ORD-002898,PRD-0069,19,41700.0,30300.0,10.0,79230.0,713070.0,575700.0
ITM-0010411,ORD-002898,PRD-0046,9,141200.0,107400.0,10.0,127080.0,1143720.0,966600.0
ITM-0010412,ORD-002898,PRD-0057,19,25450.0,17350.0,10.0,48355.0,435195.0,329650.0
ITM-0010413,ORD-002899,PRD-0007,8,33250.0,23700.0,0.0,0.0,266000.0,189600.0
ITM-0010414,ORD-002899,PRD-0013,17,8750.0,5350.0,5.0,7437.5,141312.5,90950.0
ITM-0010415,ORD-002900,PRD-0063,40,12650.0,8000.0,0.0,0.0,506000.0,320000.0
ITM-0010416,ORD-002900,PRD-0069,11,41700.0,30300.0,7.5,34402.5,424297.5,333300.0
ITM-0010417,ORD-002900,PRD-0013,40,8750.0,5350.0,5.0,17500.0,332500.0,214000.0
ITM-0010418,ORD-002900,PRD-0055,11,43600.0,31400.0,5.0,23980.0,455620.0,345400.0
ITM-0010419,ORD-002901,PRD-0052,17,40400.0,29250.0,0.0,0.0,686800.0,497250.0
ITM-0010420,ORD-002901,PRD-0013,55,8750.0,5350.0,5.0,24062.5,457187.5,294250.0
ITM-0010421,ORD-002901,PRD-0031,31,1600.0,900.0,10.0,4960.0,44640.0,27900.0
ITM-0010422,ORD-002902,PRD-0058,5,28050.0,19450.0,10.0,14025.0,126225.0,97250.0
ITM-0010423,ORD-002902,PRD-0001,11,49000.0,35150.0,5.0,26950.0,512050.0,386650.0
ITM-0010424,ORD-002902,PRD-0008,4,11400.0,7800.0,5.0,2280.0,43320.0,31200.0
ITM-0010425,ORD-002902,PRD-0066,25,5300.0,3250.0,2.5,3312.5,129187.5,81250.0
ITM-0010426,ORD-002902,PRD-0029,2,30900.0,21650.0,0.0,0.0,61800.0,43300.0
ITM-0010427,ORD-002903,PRD-0069,3,41700.0,30300.0,5.0,6255.0,118845.0,90900.0
ITM-0010428,ORD-002903,PRD-0045,31,4400.0,2800.0,5.0,6820.0,129580.0,86800.0
ITM-0010429,ORD-002903,PRD-0022,3,13950.0,9250.0,2.5,1046.25,40803.75,27750.0
ITM-0010430,ORD-002903,PRD-0044,72,3350.0,2000.0,2.5,6030.0,235170.0,144000.0
ITM-0010431,ORD-002903,PRD-0023,16,46600.0,33950.0,2.5,18640.0,726960.0,543200.0
ITM-0010432,ORD-002903,PRD-0047,12,67750.0,48250.0,7.5,60975.0,752025.0,579000.0
ITM-0010433,ORD-002903,PRD-0009,19,75050.0,56000.0,0.0,0.0,1425950.0,1064000.0
ITM-0010434,ORD-002904,PRD-0060,6,16450.0,11150.0,5.0,4935.0,93765.0,66900.0
ITM-0010435,ORD-002904,PRD-0007,4,33250.0,23700.0,0.0,0.0,133000.0,94800.0
ITM-0010436,ORD-002905,PRD-0057,6,25450.0,17350.0,10.0,15270.0,137430.0,104100.0
ITM-0010437,ORD-002905,PRD-0017,9,15250.0,10000.0,10.0,13725.0,123525.0,90000.0
ITM-0010438,ORD-002905,PRD-0007,18,33250.0,23700.0,2.5,14962.5,583537.5,426600.0
ITM-0010439,ORD-002905,PRD-0045,9,4400.0,2800.0,7.5,2970.0,36630.0,25200.0
ITM-0010440,ORD-002905,PRD-0005,34,11500.0,7900.0,0.0,0.0,391000.0,268600.0
ITM-0010441,ORD-002905,PRD-0037,61,7650.0,5500.0,10.0,46665.0,419985.0,335500.0
ITM-0010442,ORD-002905,PRD-0015,6,19300.0,12700.0,10.0,11580.0,104220.0,76200.0
ITM-0010443,ORD-002906,PRD-0053,18,50250.0,36300.0,12.5,113062.5,791437.5,653400.0
ITM-0010444,ORD-002906,PRD-0039,40,13350.0,9100.0,0.0,0.0,534000.0,364000.0
ITM-0010445,ORD-002906,PRD-0021,12,151550.0,109750.0,5.0,90930.0,1727670.0,1317000.0
ITM-0010446,ORD-002906,PRD-0007,9,33250.0,23700.0,2.5,7481.25,291768.75,213300.0
ITM-0010447,ORD-002906,PRD-0006,12,27000.0,19650.0,7.5,24300.0,299700.0,235800.0
ITM-0010448,ORD-002907,PRD-0063,61,12650.0,8000.0,10.0,77165.0,694485.0,488000.0
ITM-0010449,ORD-002907,PRD-0027,83,11500.0,7200.0,5.0,47725.0,906775.0,597600.0
ITM-0010450,ORD-002907,PRD-0053,7,50250.0,36300.0,2.5,8793.75,342956.25,254100.0
ITM-0010451,ORD-002908,PRD-0066,22,5300.0,3250.0,5.0,5830.0,110770.0,71500.0
ITM-0010452,ORD-002908,PRD-0005,22,11500.0,7900.0,5.0,12650.0,240350.0,173800.0
ITM-0010453,ORD-002908,PRD-0040,4,70550.0,49600.0,2.5,7055.0,275145.0,198400.0
ITM-0010454,ORD-002908,PRD-0052,6,40400.0,29250.0,10.0,24240.0,218160.0,175500.0
ITM-0010455,ORD-002908,PRD-0004,24,7100.0,4600.0,7.5,12780.0,157620.0,110400.0
ITM-0010456,ORD-002909,PRD-0050,16,1200.0,650.0,5.0,960.0,18240.0,10400.0
ITM-0010457,ORD-002910,PRD-0042,58,16900.0,11500.0,10.0,98020.0,882180.0,667000.0
ITM-0010458,ORD-002910,PRD-0038,21,32300.0,22650.0,5.0,33915.0,644385.0,475650.0
ITM-0010459,ORD-002910,PRD-0057,12,25450.0,17350.0,0.0,0.0,305400.0,208200.0
ITM-0010460,ORD-002910,PRD-0069,21,41700.0,30300.0,7.5,65677.5,810022.5,636300.0
ITM-0010461,ORD-002910,PRD-0027,49,11500.0,7200.0,2.5,14087.5,549412.5,352800.0
ITM-0010462,ORD-002910,PRD-0030,16,35850.0,25550.0,10.0,57360.0,516240.0,408800.0
ITM-0010463,ORD-002911,PRD-0064,4,40250.0,28850.0,7.5,12075.0,148925.0,115400.0
ITM-0010464,ORD-002911,PRD-0050,8,1200.0,650.0,12.5,1200.0,8400.0,5200.0
ITM-0010465,ORD-002912,PRD-0065,5,9000.0,5800.0,2.5,1125.0,43875.0,29000.0
ITM-0010466,ORD-002912,PRD-0066,7,5300.0,3250.0,5.0,1855.0,35245.0,22750.0
ITM-0010467,ORD-002913,PRD-0066,51,5300.0,3250.0,10.0,27030.0,243270.0,165750.0
ITM-0010468,ORD-002913,PRD-0058,7,28050.0,19450.0,7.5,14726.25,181623.75,136150.0
ITM-0010469,ORD-002913,PRD-0021,4,151550.0,109750.0,7.5,45465.0,560735.0,439000.0
ITM-0010470,ORD-002913,PRD-0069,22,41700.0,30300.0,2.5,22935.0,894465.0,666600.0
ITM-0010471,ORD-002913,PRD-0030,51,35850.0,25550.0,2.5,45708.75,1782641.25,1303050.0
ITM-0010472,ORD-002913,PRD-0009,18,75050.0,56000.0,0.0,0.0,1350900.0,1008000.0
ITM-0010473,ORD-002914,PRD-0009,2,75050.0,56000.0,7.5,11257.5,138842.5,112000.0
ITM-0010474,ORD-002915,PRD-0034,1,2800.0,1650.0,7.5,210.0,2590.0,1650.0
ITM-0010475,ORD-002915,PRD-0066,9,5300.0,3250.0,5.0,2385.0,45315.0,29250.0
ITM-0010476,ORD-002916,PRD-0030,12,35850.0,25550.0,7.5,32265.0,397935.0,306600.0
ITM-0010477,ORD-002916,PRD-0066,13,5300.0,3250.0,10.0,6890.0,62010.0,42250.0
ITM-0010478,ORD-002916,PRD-0029,5,30900.0,21650.0,0.0,0.0,154500.0,108250.0
ITM-0010479,ORD-002917,PRD-0037,11,7650.0,5500.0,2.5,2103.75,82046.25,60500.0
ITM-0010480,ORD-002917,PRD-0033,4,88100.0,66350.0,0.0,0.0,352400.0,265400.0
ITM-0010481,ORD-002917,PRD-0017,4,15250.0,10000.0,2.5,1525.0,59475.0,40000.0
ITM-0010482,ORD-002918,PRD-0009,2,75050.0,56000.0,12.5,18762.5,131337.5,112000.0
ITM-0010483,ORD-002918,PRD-0032,10,383350.0,305700.0,0.0,0.0,3833500.0,3057000.0
ITM-0010484,ORD-002918,PRD-0049,15,2250.0,1400.0,7.5,2531.25,31218.75,21000.0
ITM-0010485,ORD-002918,PRD-0033,7,88100.0,66350.0,0.0,0.0,616700.0,464450.0
ITM-0010486,ORD-002919,PRD-0069,4,41700.0,30300.0,5.0,8340.0,158460.0,121200.0
ITM-0010487,ORD-002920,PRD-0066,13,5300.0,3250.0,5.0,3445.0,65455.0,42250.0
ITM-0010488,ORD-002921,PRD-0026,24,5050.0,3050.0,2.5,3030.0,118170.0,73200.0
ITM-0010489,ORD-002921,PRD-0005,10,11500.0,7900.0,7.5,8625.0,106375.0,79000.0
ITM-0010490,ORD-002922,PRD-0066,10,5300.0,3250.0,2.5,1325.0,51675.0,32500.0
ITM-0010491,ORD-002922,PRD-0023,4,46600.0,33950.0,0.0,0.0,186400.0,135800.0
ITM-0010492,ORD-002922,PRD-0019,8,2950.0,1850.0,2.5,590.0,23010.0,14800.0
ITM-0010493,ORD-002923,PRD-0066,20,5300.0,3250.0,5.0,5300.0,100700.0,65000.0
ITM-0010494,ORD-002923,PRD-0031,9,1600.0,900.0,2.5,360.0,14040.0,8100.0
ITM-0010495,ORD-002924,PRD-0054,33,6000.0,4000.0,12.5,24750.0,173250.0,132000.0
ITM-0010496,ORD-002924,PRD-0027,61,11500.0,7200.0,12.5,87687.5,613812.5,439200.0
ITM-0010497,ORD-002924,PRD-0053,20,50250.0,36300.0,7.5,75375.0,929625.0,726000.0
ITM-0010498,ORD-002924,PRD-0014,16,199750.0,146450.0,12.5,399500.0,2796500.0,2343200.0
ITM-0010499,ORD-002924,PRD-0045,49,4400.0,2800.0,10.0,21560.0,194040.0,137200.0
ITM-0010500,ORD-002924,PRD-0032,4,383350.0,305700.0,10.0,153340.0,1380060.0,1222800.0
ITM-0010501,ORD-002925,PRD-0016,2,18750.0,12900.0,10.0,3750.0,33750.0,25800.0
ITM-0010502,ORD-002925,PRD-0034,9,2800.0,1650.0,5.0,1260.0,23940.0,14850.0
ITM-0010503,ORD-002925,PRD-0033,6,88100.0,66350.0,5.0,26430.0,502170.0,398100.0
ITM-0010504,ORD-002925,PRD-0064,6,40250.0,28850.0,2.5,6037.5,235462.5,173100.0
ITM-0010505,ORD-002925,PRD-0060,9,16450.0,11150.0,10.0,14805.0,133245.0,100350.0
ITM-0010506,ORD-002926,PRD-0058,9,28050.0,19450.0,10.0,25245.0,227205.0,175050.0
ITM-0010507,ORD-002926,PRD-0030,11,35850.0,25550.0,10.0,39435.0,354915.0,281050.0
ITM-0010508,ORD-002926,PRD-0015,2,19300.0,12700.0,10.0,3860.0,34740.0,25400.0
ITM-0010509,ORD-002926,PRD-0024,31,17950.0,12350.0,10.0,55645.0,500805.0,382850.0
ITM-0010510,ORD-002926,PRD-0026,40,5050.0,3050.0,5.0,10100.0,191900.0,122000.0
ITM-0010511,ORD-002927,PRD-0053,3,50250.0,36300.0,5.0,7537.5,143212.5,108900.0
ITM-0010512,ORD-002928,PRD-0050,23,1200.0,650.0,7.5,2070.0,25530.0,14950.0
ITM-0010513,ORD-002928,PRD-0023,9,46600.0,33950.0,10.0,41940.0,377460.0,305550.0
ITM-0010514,ORD-002928,PRD-0032,12,383350.0,305700.0,5.0,230010.0,4370190.0,3668400.0
ITM-0010515,ORD-002928,PRD-0053,2,50250.0,36300.0,7.5,7537.5,92962.5,72600.0
ITM-0010516,ORD-002928,PRD-0028,28,6400.0,4200.0,5.0,8960.0,170240.0,117600.0
ITM-0010517,ORD-002929,PRD-0069,8,41700.0,30300.0,0.0,0.0,333600.0,242400.0
ITM-0010518,ORD-002929,PRD-0022,12,13950.0,9250.0,12.5,20925.0,146475.0,111000.0
ITM-0010519,ORD-002930,PRD-0010,6,50450.0,37650.0,0.0,0.0,302700.0,225900.0
ITM-0010520,ORD-002930,PRD-0007,12,33250.0,23700.0,2.5,9975.0,389025.0,284400.0
ITM-0010521,ORD-002930,PRD-0066,24,5300.0,3250.0,0.0,0.0,127200.0,78000.0
ITM-0010522,ORD-002930,PRD-0048,3,160400.0,117650.0,10.0,48120.0,433080.0,352950.0
ITM-0010523,ORD-002930,PRD-0034,12,2800.0,1650.0,2.5,840.0,32760.0,19800.0
ITM-0010524,ORD-002930,PRD-0030,15,35850.0,25550.0,0.0,0.0,537750.0,383250.0
ITM-0010525,ORD-002930,PRD-0044,56,3350.0,2000.0,10.0,18760.0,168840.0,112000.0
ITM-0010526,ORD-002931,PRD-0026,15,5050.0,3050.0,5.0,3787.5,71962.5,45750.0
ITM-0010527,ORD-002931,PRD-0032,5,383350.0,305700.0,5.0,95837.5,1820912.5,1528500.0
ITM-0010528,ORD-002932,PRD-0005,3,11500.0,7900.0,2.5,862.5,33637.5,23700.0
ITM-0010529,ORD-002932,PRD-0053,3,50250.0,36300.0,0.0,0.0,150750.0,108900.0
ITM-0010530,ORD-002933,PRD-0013,29,8750.0,5350.0,0.0,0.0,253750.0,155150.0
ITM-0010531,ORD-002933,PRD-0010,8,50450.0,37650.0,7.5,30270.0,373330.0,301200.0
ITM-0010532,ORD-002934,PRD-0069,14,41700.0,30300.0,5.0,29190.0,554610.0,424200.0
ITM-0010533,ORD-002935,PRD-0053,8,50250.0,36300.0,5.0,20100.0,381900.0,290400.0
ITM-0010534,ORD-002935,PRD-0045,7,4400.0,2800.0,10.0,3080.0,27720.0,19600.0
ITM-0010535,ORD-002935,PRD-0011,1,50250.0,35950.0,0.0,0.0,50250.0,35950.0
ITM-0010536,ORD-002936,PRD-0052,11,40400.0,29250.0,0.0,0.0,444400.0,321750.0
ITM-0010537,ORD-002936,PRD-0014,11,199750.0,146450.0,0.0,0.0,2197250.0,1610950.0
ITM-0010538,ORD-002936,PRD-0068,4,29000.0,20900.0,5.0,5800.0,110200.0,83600.0
ITM-0010539,ORD-002936,PRD-0038,11,32300.0,22650.0,7.5,26647.5,328652.5,249150.0
ITM-0010540,ORD-002936,PRD-0005,42,11500.0,7900.0,12.5,60375.0,422625.0,331800.0
ITM-0010541,ORD-002937,PRD-0069,2,41700.0,30300.0,7.5,6255.0,77145.0,60600.0
ITM-0010542,ORD-002938,PRD-0066,28,5300.0,3250.0,0.0,0.0,148400.0,91000.0
ITM-0010543,ORD-002938,PRD-0045,38,4400.0,2800.0,2.5,4180.0,163020.0,106400.0
ITM-0010544,ORD-002938,PRD-0013,54,8750.0,5350.0,12.5,59062.5,413437.5,288900.0
ITM-0010545,ORD-002939,PRD-0027,13,11500.0,7200.0,5.0,7475.0,142025.0,93600.0
ITM-0010546,ORD-002939,PRD-0055,5,43600.0,31400.0,0.0,0.0,218000.0,157000.0
ITM-0010547,ORD-002939,PRD-0032,6,383350.0,305700.0,0.0,0.0,2300100.0,1834200.0
ITM-0010548,ORD-002939,PRD-0022,2,13950.0,9250.0,5.0,1395.0,26505.0,18500.0
ITM-0010549,ORD-002940,PRD-0007,2,33250.0,23700.0,7.5,4987.5,61512.5,47400.0
ITM-0010550,ORD-002941,PRD-0060,1,16450.0,11150.0,7.5,1233.75,15216.25,11150.0
ITM-0010551,ORD-002942,PRD-0030,35,35850.0,25550.0,7.5,94106.25,1160643.75,894250.0
ITM-0010552,ORD-002942,PRD-0069,8,41700.0,30300.0,10.0,33360.0,300240.0,242400.0
ITM-0010553,ORD-002943,PRD-0036,24,170650.0,122850.0,0.0,0.0,4095600.0,2948400.0
ITM-0010554,ORD-002943,PRD-0048,12,160400.0,117650.0,7.5,144360.0,1780440.0,1411800.0
ITM-0010555,ORD-002943,PRD-0030,44,35850.0,25550.0,7.5,118305.0,1459095.0,1124200.0
ITM-0010556,ORD-002943,PRD-0011,16,50250.0,35950.0,5.0,40200.0,763800.0,575200.0
ITM-0010557,ORD-002943,PRD-0013,92,8750.0,5350.0,5.0,40250.0,764750.0,492200.0
ITM-0010558,ORD-002944,PRD-0030,15,35850.0,25550.0,0.0,0.0,537750.0,383250.0
ITM-0010559,ORD-002944,PRD-0008,5,11400.0,7800.0,10.0,5700.0,51300.0,39000.0
ITM-0010560,ORD-002945,PRD-0052,2,40400.0,29250.0,7.5,6060.0,74740.0,58500.0
ITM-0010561,ORD-002945,PRD-0034,5,2800.0,1650.0,5.0,700.0,13300.0,8250.0
ITM-0010562,ORD-002945,PRD-0007,3,33250.0,23700.0,5.0,4987.5,94762.5,71100.0
ITM-0010563,ORD-002945,PRD-0023,4,46600.0,33950.0,7.5,13980.0,172420.0,135800.0
ITM-0010564,ORD-002945,PRD-0049,14,2250.0,1400.0,10.0,3150.0,28350.0,19600.0
ITM-0010565,ORD-002946,PRD-0046,20,141200.0,107400.0,7.5,211800.0,2612200.0,2148000.0
ITM-0010566,ORD-002946,PRD-0037,40,7650.0,5500.0,7.5,22950.0,283050.0,220000.0
ITM-0010567,ORD-002946,PRD-0021,17,151550.0,109750.0,0.0,0.0,2576350.0,1865750.0
ITM-0010568,ORD-002946,PRD-0012,10,42850.0,31750.0,7.5,32137.5,396362.5,317500.0
ITM-0010569,ORD-002947,PRD-0011,8,50250.0,35950.0,2.5,10050.0,391950.0,287600.0
ITM-0010570,ORD-002947,PRD-0033,12,88100.0,66350.0,0.0,0.0,1057200.0,796200.0
ITM-0010571,ORD-002947,PRD-0027,30,11500.0,7200.0,0.0,0.0,345000.0,216000.0
ITM-0010572,ORD-002947,PRD-0036,12,170650.0,122850.0,2.5,51195.0,1996605.0,1474200.0
ITM-0010573,ORD-002947,PRD-0032,12,383350.0,305700.0,10.0,460020.0,4140180.0,3668400.0
ITM-0010574,ORD-002948,PRD-0037,64,7650.0,5500.0,0.0,0.0,489600.0,352000.0
ITM-0010575,ORD-002948,PRD-0062,24,13700.0,9000.0,7.5,24660.0,304140.0,216000.0
ITM-0010576,ORD-002948,PRD-0047,12,67750.0,48250.0,10.0,81300.0,731700.0,579000.0
ITM-0010577,ORD-002948,PRD-0052,24,40400.0,29250.0,2.5,24240.0,945360.0,702000.0
ITM-0010578,ORD-002948,PRD-0017,24,15250.0,10000.0,12.5,45750.0,320250.0,240000.0
ITM-0010579,ORD-002948,PRD-0045,44,4400.0,2800.0,0.0,0.0,193600.0,123200.0
ITM-0010580,ORD-002948,PRD-0033,16,88100.0,66350.0,5.0,70480.0,1339120.0,1061600.0
ITM-0010581,ORD-002949,PRD-0049,16,2250.0,1400.0,2.5,900.0,35100.0,22400.0
ITM-0010582,ORD-002949,PRD-0040,4,70550.0,49600.0,10.0,28220.0,253980.0,198400.0
ITM-0010583,ORD-002949,PRD-0033,2,88100.0,66350.0,10.0,17620.0,158580.0,132700.0
ITM-0010584,ORD-002950,PRD-0009,11,75050.0,56000.0,5.0,41277.5,784272.5,616000.0
ITM-0010585,ORD-002950,PRD-0046,4,141200.0,107400.0,2.5,14120.0,550680.0,429600.0
ITM-0010586,ORD-002951,PRD-0065,27,9000.0,5800.0,10.0,24300.0,218700.0,156600.0
ITM-0010587,ORD-002951,PRD-0064,9,40250.0,28850.0,0.0,0.0,362250.0,259650.0
ITM-0010588,ORD-002951,PRD-0049,9,2250.0,1400.0,12.5,2531.25,17718.75,12600.0
ITM-0010589,ORD-002951,PRD-0036,9,170650.0,122850.0,5.0,76792.5,1459057.5,1105650.0
ITM-0010590,ORD-002951,PRD-0007,5,33250.0,23700.0,5.0,8312.5,157937.5,118500.0
ITM-0010591,ORD-002952,PRD-0034,2,2800.0,1650.0,5.0,280.0,5320.0,3300.0
ITM-0010592,ORD-002952,PRD-0040,5,70550.0,49600.0,5.0,17637.5,335112.5,248000.0
ITM-0010593,ORD-002952,PRD-0053,8,50250.0,36300.0,5.0,20100.0,381900.0,290400.0
ITM-0010594,ORD-002952,PRD-0048,8,160400.0,117650.0,5.0,64160.0,1219040.0,941200.0
ITM-0010595,ORD-002952,PRD-0005,7,11500.0,7900.0,2.5,2012.5,78487.5,55300.0
ITM-0010596,ORD-002953,PRD-0007,4,33250.0,23700.0,7.5,9975.0,123025.0,94800.0
ITM-0010597,ORD-002953,PRD-0048,4,160400.0,117650.0,5.0,32080.0,609520.0,470600.0
ITM-0010598,ORD-002954,PRD-0009,4,75050.0,56000.0,0.0,0.0,300200.0,224000.0
ITM-0010599,ORD-002954,PRD-0039,4,13350.0,9100.0,10.0,5340.0,48060.0,36400.0
ITM-0010600,ORD-002954,PRD-0050,4,1200.0,650.0,5.0,240.0,4560.0,2600.0
ITM-0010601,ORD-002955,PRD-0016,4,18750.0,12900.0,12.5,9375.0,65625.0,51600.0
ITM-0010602,ORD-002956,PRD-0034,11,2800.0,1650.0,7.5,2310.0,28490.0,18150.0
ITM-0010603,ORD-002956,PRD-0037,32,7650.0,5500.0,5.0,12240.0,232560.0,176000.0
ITM-0010604,ORD-002956,PRD-0062,30,13700.0,9000.0,2.5,10275.0,400725.0,270000.0
ITM-0010605,ORD-002957,PRD-0022,4,13950.0,9250.0,7.5,4185.0,51615.0,37000.0
ITM-0010606,ORD-002957,PRD-0052,3,40400.0,29250.0,2.5,3030.0,118170.0,87750.0
ITM-0010607,ORD-002957,PRD-0053,4,50250.0,36300.0,5.0,10050.0,190950.0,145200.0
ITM-0010608,ORD-002957,PRD-0011,4,50250.0,35950.0,0.0,0.0,201000.0,143800.0
ITM-0010609,ORD-002958,PRD-0021,19,151550.0,109750.0,2.5,71986.25,2807463.75,2085250.0
ITM-0010610,ORD-002958,PRD-0031,34,1600.0,900.0,0.0,0.0,54400.0,30600.0
ITM-0010611,ORD-002958,PRD-0022,11,13950.0,9250.0,0.0,0.0,153450.0,101750.0
ITM-0010612,ORD-002958,PRD-0030,11,35850.0,25550.0,0.0,0.0,394350.0,281050.0
ITM-0010613,ORD-002958,PRD-0047,8,67750.0,48250.0,5.0,27100.0,514900.0,386000.0
ITM-0010614,ORD-002958,PRD-0066,46,5300.0,3250.0,10.0,24380.0,219420.0,149500.0
ITM-0010615,ORD-002958,PRD-0063,27,12650.0,8000.0,5.0,17077.5,324472.5,216000.0
ITM-0010616,ORD-002959,PRD-0049,24,2250.0,1400.0,2.5,1350.0,52650.0,33600.0
ITM-0010617,ORD-002959,PRD-0002,16,52050.0,38100.0,2.5,20820.0,811980.0,609600.0
ITM-0010618,ORD-002959,PRD-0045,20,4400.0,2800.0,5.0,4400.0,83600.0,56000.0
ITM-0010619,ORD-002959,PRD-0001,4,49000.0,35150.0,12.5,24500.0,171500.0,140600.0
ITM-0010620,ORD-002960,PRD-0069,11,41700.0,30300.0,0.0,0.0,458700.0,333300.0
ITM-0010621,ORD-002960,PRD-0037,62,7650.0,5500.0,5.0,23715.0,450585.0,341000.0
ITM-0010622,ORD-002960,PRD-0007,7,33250.0,23700.0,0.0,0.0,232750.0,165900.0
ITM-0010623,ORD-002960,PRD-0047,7,67750.0,48250.0,5.0,23712.5,450537.5,337750.0
ITM-0010624,ORD-002961,PRD-0048,14,160400.0,117650.0,5.0,112280.0,2133320.0,1647100.0
ITM-0010625,ORD-002961,PRD-0037,77,7650.0,5500.0,10.0,58905.0,530145.0,423500.0
ITM-0010626,ORD-002961,PRD-0008,18,11400.0,7800.0,2.5,5130.0,200070.0,140400.0
ITM-0010627,ORD-002961,PRD-0045,28,4400.0,2800.0,0.0,0.0,123200.0,78400.0
ITM-0010628,ORD-002962,PRD-0066,22,5300.0,3250.0,2.5,2915.0,113685.0,71500.0
ITM-0010629,ORD-002962,PRD-0028,14,6400.0,4200.0,2.5,2240.0,87360.0,58800.0
ITM-0010630,ORD-002963,PRD-0055,4,43600.0,31400.0,10.0,17440.0,156960.0,125600.0
ITM-0010631,ORD-002963,PRD-0051,42,7700.0,4850.0,12.5,40425.0,282975.0,203700.0
ITM-0010632,ORD-002964,PRD-0049,28,2250.0,1400.0,5.0,3150.0,59850.0,39200.0
ITM-0010633,ORD-002964,PRD-0063,21,12650.0,8000.0,10.0,26565.0,239085.0,168000.0
ITM-0010634,ORD-002964,PRD-0024,35,17950.0,12350.0,10.0,62825.0,565425.0,432250.0
ITM-0010635,ORD-002964,PRD-0052,4,40400.0,29250.0,5.0,8080.0,153520.0,117000.0
ITM-0010636,ORD-002964,PRD-0048,18,160400.0,117650.0,10.0,288720.0,2598480.0,2117700.0
ITM-0010637,ORD-002964,PRD-0030,32,35850.0,25550.0,0.0,0.0,1147200.0,817600.0
ITM-0010638,ORD-002965,PRD-0034,5,2800.0,1650.0,5.0,700.0,13300.0,8250.0
ITM-0010639,ORD-002966,PRD-0050,6,1200.0,650.0,0.0,0.0,7200.0,3900.0
ITM-0010640,ORD-002967,PRD-0007,5,33250.0,23700.0,0.0,0.0,166250.0,118500.0
ITM-0010641,ORD-002967,PRD-0066,4,5300.0,3250.0,10.0,2120.0,19080.0,13000.0
ITM-0010642,ORD-002967,PRD-0027,25,11500.0,7200.0,10.0,28750.0,258750.0,180000.0
ITM-0010643,ORD-002968,PRD-0005,46,11500.0,7900.0,10.0,52900.0,476100.0,363400.0
ITM-0010644,ORD-002968,PRD-0069,8,41700.0,30300.0,5.0,16680.0,316920.0,242400.0
ITM-0010645,ORD-002969,PRD-0034,12,2800.0,1650.0,0.0,0.0,33600.0,19800.0
ITM-0010646,ORD-002969,PRD-0021,2,151550.0,109750.0,2.5,7577.5,295522.5,219500.0
ITM-0010647,ORD-002970,PRD-0036,11,170650.0,122850.0,5.0,93857.5,1783292.5,1351350.0
ITM-0010648,ORD-002970,PRD-0050,14,1200.0,650.0,12.5,2100.0,14700.0,9100.0
ITM-0010649,ORD-002970,PRD-0024,25,17950.0,12350.0,0.0,0.0,448750.0,308750.0
ITM-0010650,ORD-002970,PRD-0005,36,11500.0,7900.0,0.0,0.0,414000.0,284400.0
ITM-0010651,ORD-002971,PRD-0053,12,50250.0,36300.0,0.0,0.0,603000.0,435600.0
ITM-0010652,ORD-002971,PRD-0016,20,18750.0,12900.0,10.0,37500.0,337500.0,258000.0
ITM-0010653,ORD-002971,PRD-0007,4,33250.0,23700.0,5.0,6650.0,126350.0,94800.0
ITM-0010654,ORD-002971,PRD-0043,24,35950.0,25500.0,10.0,86280.0,776520.0,612000.0
ITM-0010655,ORD-002971,PRD-0026,52,5050.0,3050.0,7.5,19695.0,242905.0,158600.0
ITM-0010656,ORD-002972,PRD-0015,1,19300.0,12700.0,0.0,0.0,19300.0,12700.0
ITM-0010657,ORD-002972,PRD-0017,5,15250.0,10000.0,2.5,1906.25,74343.75,50000.0
ITM-0010658,ORD-002972,PRD-0060,2,16450.0,11150.0,7.5,2467.5,30432.5,22300.0
ITM-0010659,ORD-002972,PRD-0023,2,46600.0,33950.0,0.0,0.0,93200.0,67900.0
ITM-0010660,ORD-002973,PRD-0003,10,88300.0,65000.0,2.5,22075.0,860925.0,650000.0
ITM-0010661,ORD-002973,PRD-0007,7,33250.0,23700.0,7.5,17456.25,215293.75,165900.0
ITM-0010662,ORD-002974,PRD-0021,11,151550.0,109750.0,7.5,125028.75,1542021.25,1207250.0
ITM-0010663,ORD-002974,PRD-0043,2,35950.0,25500.0,7.5,5392.5,66507.5,51000.0
ITM-0010664,ORD-002975,PRD-0031,40,1600.0,900.0,0.0,0.0,64000.0,36000.0
ITM-0010665,ORD-002975,PRD-0066,33,5300.0,3250.0,10.0,17490.0,157410.0,107250.0
ITM-0010666,ORD-002975,PRD-0005,40,11500.0,7900.0,10.0,46000.0,414000.0,316000.0
ITM-0010667,ORD-002975,PRD-0054,51,6000.0,4000.0,5.0,15300.0,290700.0,204000.0
ITM-0010668,ORD-002975,PRD-0026,44,5050.0,3050.0,7.5,16665.0,205535.0,134200.0
ITM-0010669,ORD-002976,PRD-0034,6,2800.0,1650.0,7.5,1260.0,15540.0,9900.0
ITM-0010670,ORD-002976,PRD-0069,8,41700.0,30300.0,7.5,25020.0,308580.0,242400.0
ITM-0010671,ORD-002976,PRD-0048,8,160400.0,117650.0,2.5,32080.0,1251120.0,941200.0
ITM-0010672,ORD-002976,PRD-0032,11,383350.0,305700.0,2.5,105421.25,4111428.75,3362700.0
ITM-0010673,ORD-002977,PRD-0023,5,46600.0,33950.0,12.5,29125.0,203875.0,169750.0
ITM-0010674,ORD-002977,PRD-0032,4,383350.0,305700.0,5.0,76670.0,1456730.0,1222800.0
ITM-0010675,ORD-002978,PRD-0049,34,2250.0,1400.0,5.0,3825.0,72675.0,47600.0
ITM-0010676,ORD-002978,PRD-0005,36,11500.0,7900.0,10.0,41400.0,372600.0,284400.0
ITM-0010677,ORD-002979,PRD-0037,34,7650.0,5500.0,12.5,32512.5,227587.5,187000.0
ITM-0010678,ORD-002979,PRD-0034,5,2800.0,1650.0,5.0,700.0,13300.0,8250.0
ITM-0010679,ORD-002979,PRD-0005,24,11500.0,7900.0,2.5,6900.0,269100.0,189600.0
ITM-0010680,ORD-002979,PRD-0068,5,29000.0,20900.0,2.5,3625.0,141375.0,104500.0
ITM-0010681,ORD-002979,PRD-0069,5,41700.0,30300.0,10.0,20850.0,187650.0,151500.0
ITM-0010682,ORD-002980,PRD-0001,9,49000.0,35150.0,0.0,0.0,441000.0,316350.0
ITM-0010683,ORD-002980,PRD-0057,9,25450.0,17350.0,0.0,0.0,229050.0,156150.0
ITM-0010684,ORD-002980,PRD-0034,9,2800.0,1650.0,10.0,2520.0,22680.0,14850.0
ITM-0010685,ORD-002981,PRD-0031,20,1600.0,900.0,5.0,1600.0,30400.0,18000.0
ITM-0010686,ORD-002981,PRD-0021,9,151550.0,109750.0,0.0,0.0,1363950.0,987750.0
ITM-0010687,ORD-002981,PRD-0003,11,88300.0,65000.0,0.0,0.0,971300.0,715000.0
ITM-0010688,ORD-002981,PRD-0024,37,17950.0,12350.0,10.0,66415.0,597735.0,456950.0
ITM-0010689,ORD-002981,PRD-0034,2,2800.0,1650.0,7.5,420.0,5180.0,3300.0
ITM-0010690,ORD-002982,PRD-0027,15,11500.0,7200.0,7.5,12937.5,159562.5,108000.0
ITM-0010691,ORD-002982,PRD-0031,5,1600.0,900.0,0.0,0.0,8000.0,4500.0
ITM-0010692,ORD-002982,PRD-0005,11,11500.0,7900.0,2.5,3162.5,123337.5,86900.0
ITM-0010693,ORD-002982,PRD-0014,3,199750.0,146450.0,5.0,29962.5,569287.5,439350.0
ITM-0010694,ORD-002983,PRD-0040,7,70550.0,49600.0,5.0,24692.5,469157.5,347200.0
ITM-0010695,ORD-002983,PRD-0007,5,33250.0,23700.0,5.0,8312.5,157937.5,118500.0
ITM-0010696,ORD-002984,PRD-0069,21,41700.0,30300.0,0.0,0.0,875700.0,636300.0
ITM-0010697,ORD-002984,PRD-0045,35,4400.0,2800.0,5.0,7700.0,146300.0,98000.0
ITM-0010698,ORD-002984,PRD-0053,7,50250.0,36300.0,5.0,17587.5,334162.5,254100.0
ITM-0010699,ORD-002984,PRD-0021,14,151550.0,109750.0,2.5,53042.5,2068657.5,1536500.0
ITM-0010700,ORD-002984,PRD-0041,7,70000.0,52200.0,2.5,12250.0,477750.0,365400.0
ITM-0010701,ORD-002984,PRD-0034,4,2800.0,1650.0,5.0,560.0,10640.0,6600.0
ITM-0010702,ORD-002985,PRD-0053,3,50250.0,36300.0,5.0,7537.5,143212.5,108900.0
ITM-0010703,ORD-002985,PRD-0018,5,39400.0,29550.0,5.0,9850.0,187150.0,147750.0
ITM-0010704,ORD-002985,PRD-0040,1,70550.0,49600.0,0.0,0.0,70550.0,49600.0
ITM-0010705,ORD-002985,PRD-0066,12,5300.0,3250.0,10.0,6360.0,57240.0,39000.0
ITM-0010706,ORD-002985,PRD-0052,4,40400.0,29250.0,5.0,8080.0,153520.0,117000.0
ITM-0010707,ORD-002986,PRD-0001,8,49000.0,35150.0,7.5,29400.0,362600.0,281200.0
ITM-0010708,ORD-002986,PRD-0013,29,8750.0,5350.0,5.0,12687.5,241062.5,155150.0
ITM-0010709,ORD-002987,PRD-0036,8,170650.0,122850.0,7.5,102390.0,1262810.0,982800.0
ITM-0010710,ORD-002987,PRD-0058,25,28050.0,19450.0,7.5,52593.75,648656.25,486250.0
ITM-0010711,ORD-002988,PRD-0044,29,3350.0,2000.0,5.0,4857.5,92292.5,58000.0
ITM-0010712,ORD-002988,PRD-0066,29,5300.0,3250.0,5.0,7685.0,146015.0,94250.0
ITM-0010713,ORD-002989,PRD-0059,17,1850.0,1050.0,5.0,1572.5,29877.5,17850.0
ITM-0010714,ORD-002989,PRD-0053,21,50250.0,36300.0,0.0,0.0,1055250.0,762300.0
ITM-0010715,ORD-002989,PRD-0060,17,16450.0,11150.0,5.0,13982.5,265667.5,189550.0
ITM-0010716,ORD-002990,PRD-0034,3,2800.0,1650.0,0.0,0.0,8400.0,4950.0
ITM-0010717,ORD-002990,PRD-0066,18,5300.0,3250.0,5.0,4770.0,90630.0,58500.0
ITM-0010718,ORD-002990,PRD-0007,6,33250.0,23700.0,5.0,9975.0,189525.0,142200.0
ITM-0010719,ORD-002990,PRD-0046,9,141200.0,107400.0,0.0,0.0,1270800.0,966600.0
ITM-0010720,ORD-002990,PRD-0057,9,25450.0,17350.0,0.0,0.0,229050.0,156150.0
ITM-0010721,ORD-002991,PRD-0011,4,50250.0,35950.0,12.5,25125.0,175875.0,143800.0
ITM-0010722,ORD-002992,PRD-0045,22,4400.0,2800.0,12.5,12100.0,84700.0,61600.0
ITM-0010723,ORD-002992,PRD-0053,11,50250.0,36300.0,10.0,55275.0,497475.0,399300.0
ITM-0010724,ORD-002992,PRD-0050,16,1200.0,650.0,0.0,0.0,19200.0,10400.0
ITM-0010725,ORD-002992,PRD-0004,7,7100.0,4600.0,5.0,2485.0,47215.0,32200.0
ITM-0010726,ORD-002992,PRD-0015,2,19300.0,12700.0,10.0,3860.0,34740.0,25400.0
ITM-0010727,ORD-002993,PRD-0045,4,4400.0,2800.0,10.0,1760.0,15840.0,11200.0
ITM-0010728,ORD-002993,PRD-0037,22,7650.0,5500.0,7.5,12622.5,155677.5,121000.0
ITM-0010729,ORD-002994,PRD-0040,7,70550.0,49600.0,2.5,12346.25,481503.75,347200.0
ITM-0010730,ORD-002994,PRD-0023,11,46600.0,33950.0,2.5,12815.0,499785.0,373450.0
ITM-0010731,ORD-002994,PRD-0007,21,33250.0,23700.0,0.0,0.0,698250.0,497700.0
ITM-0010732,ORD-002994,PRD-0026,82,5050.0,3050.0,10.0,41410.0,372690.0,250100.0
ITM-0010733,ORD-002994,PRD-0047,11,67750.0,48250.0,10.0,74525.0,670725.0,530750.0
ITM-0010734,ORD-002995,PRD-0063,12,12650.0,8000.0,7.5,11385.0,140415.0,96000.0
ITM-0010735,ORD-002996,PRD-0053,4,50250.0,36300.0,7.5,15075.0,185925.0,145200.0
ITM-0010736,ORD-002996,PRD-0008,7,11400.0,7800.0,10.0,7980.0,71820.0,54600.0
ITM-0010737,ORD-002996,PRD-0034,18,2800.0,1650.0,0.0,0.0,50400.0,29700.0
ITM-0010738,ORD-002996,PRD-0025,11,32700.0,22850.0,5.0,17985.0,341715.0,251350.0
ITM-0010739,ORD-002996,PRD-0045,32,4400.0,2800.0,12.5,17600.0,123200.0,89600.0
ITM-0010740,ORD-002997,PRD-0034,7,2800.0,1650.0,10.0,1960.0,17640.0,11550.0
ITM-0010741,ORD-002997,PRD-0005,25,11500.0,7900.0,10.0,28750.0,258750.0,197500.0
ITM-0010742,ORD-002997,PRD-0014,9,199750.0,146450.0,0.0,0.0,1797750.0,1318050.0
ITM-0010743,ORD-002997,PRD-0050,14,1200.0,650.0,12.5,2100.0,14700.0,9100.0
ITM-0010744,ORD-002997,PRD-0007,14,33250.0,23700.0,5.0,23275.0,442225.0,331800.0
ITM-0010745,ORD-002998,PRD-0022,5,13950.0,9250.0,10.0,6975.0,62775.0,46250.0
ITM-0010746,ORD-002998,PRD-0034,5,2800.0,1650.0,0.0,0.0,14000.0,8250.0
ITM-0010747,ORD-002998,PRD-0050,12,1200.0,650.0,7.5,1080.0,13320.0,7800.0
ITM-0010748,ORD-002999,PRD-0013,26,8750.0,5350.0,12.5,28437.5,199062.5,139100.0
ITM-0010749,ORD-002999,PRD-0053,10,50250.0,36300.0,2.5,12562.5,489937.5,363000.0
ITM-0010750,ORD-003000,PRD-0006,4,27000.0,19650.0,0.0,0.0,108000.0,78600.0
ITM-0010751,ORD-003001,PRD-0007,16,33250.0,23700.0,7.5,39900.0,492100.0,379200.0
ITM-0010752,ORD-003001,PRD-0068,3,29000.0,20900.0,2.5,2175.0,84825.0,62700.0
ITM-0010753,ORD-003001,PRD-0021,13,151550.0,109750.0,2.5,49253.75,1920896.25,1426750.0
ITM-0010754,ORD-003002,PRD-0065,9,9000.0,5800.0,2.5,2025.0,78975.0,52200.0
ITM-0010755,ORD-003002,PRD-0005,22,11500.0,7900.0,12.5,31625.0,221375.0,173800.0
ITM-0010756,ORD-003002,PRD-0036,11,170650.0,122850.0,2.5,46928.75,1830221.25,1351350.0
ITM-0010757,ORD-003002,PRD-0008,9,11400.0,7800.0,7.5,7695.0,94905.0,70200.0
ITM-0010758,ORD-003002,PRD-0017,11,15250.0,10000.0,2.5,4193.75,163556.25,110000.0
ITM-0010759,ORD-003002,PRD-0069,9,41700.0,30300.0,2.5,9382.5,365917.5,272700.0
ITM-0010760,ORD-003003,PRD-0007,5,33250.0,23700.0,10.0,16625.0,149625.0,118500.0
ITM-0010761,ORD-003003,PRD-0069,9,41700.0,30300.0,2.5,9382.5,365917.5,272700.0
ITM-0010762,ORD-003003,PRD-0057,14,25450.0,17350.0,7.5,26722.5,329577.5,242900.0
ITM-0010763,ORD-003003,PRD-0027,47,11500.0,7200.0,10.0,54050.0,486450.0,338400.0
ITM-0010764,ORD-003003,PRD-0008,12,11400.0,7800.0,5.0,6840.0,129960.0,93600.0
ITM-0010765,ORD-003004,PRD-0069,5,41700.0,30300.0,0.0,0.0,208500.0,151500.0
ITM-0010766,ORD-003004,PRD-0006,8,27000.0,19650.0,12.5,27000.0,189000.0,157200.0
ITM-0010767,ORD-003004,PRD-0031,8,1600.0,900.0,10.0,1280.0,11520.0,7200.0
ITM-0010768,ORD-003005,PRD-0040,5,70550.0,49600.0,0.0,0.0,352750.0,248000.0
ITM-0010769,ORD-003005,PRD-0034,15,2800.0,1650.0,7.5,3150.0,38850.0,24750.0
ITM-0010770,ORD-003005,PRD-0066,22,5300.0,3250.0,7.5,8745.0,107855.0,71500.0
ITM-0010771,ORD-003005,PRD-0065,22,9000.0,5800.0,10.0,19800.0,178200.0,127600.0
ITM-0010772,ORD-003005,PRD-0063,27,12650.0,8000.0,2.5,8538.75,333011.25,216000.0
ITM-0010773,ORD-003005,PRD-0005,15,11500.0,7900.0,5.0,8625.0,163875.0,118500.0
ITM-0010774,ORD-003006,PRD-0016,4,18750.0,12900.0,10.0,7500.0,67500.0,51600.0
ITM-0010775,ORD-003006,PRD-0024,15,17950.0,12350.0,2.5,6731.25,262518.75,185250.0
ITM-0010776,ORD-003006,PRD-0027,13,11500.0,7200.0,0.0,0.0,149500.0,93600.0
ITM-0010777,ORD-003006,PRD-0005,14,11500.0,7900.0,5.0,8050.0,152950.0,110600.0
ITM-0010778,ORD-003007,PRD-0007,5,33250.0,23700.0,7.5,12468.75,153781.25,118500.0
ITM-0010779,ORD-003007,PRD-0009,2,75050.0,56000.0,0.0,0.0,150100.0,112000.0
ITM-0010780,ORD-003007,PRD-0050,17,1200.0,650.0,7.5,1530.0,18870.0,11050.0
ITM-0010781,ORD-003007,PRD-0069,10,41700.0,30300.0,10.0,41700.0,375300.0,303000.0
ITM-0010782,ORD-003007,PRD-0060,8,16450.0,11150.0,0.0,0.0,131600.0,89200.0
ITM-0010783,ORD-003008,PRD-0011,7,50250.0,35950.0,2.5,8793.75,342956.25,251650.0
ITM-0010784,ORD-003008,PRD-0030,8,35850.0,25550.0,10.0,28680.0,258120.0,204400.0
ITM-0010785,ORD-003009,PRD-0019,7,2950.0,1850.0,2.5,516.25,20133.75,12950.0
ITM-0010786,ORD-003009,PRD-0036,3,170650.0,122850.0,5.0,25597.5,486352.5,368550.0
ITM-0010787,ORD-003009,PRD-0023,2,46600.0,33950.0,0.0,0.0,93200.0,67900.0
ITM-0010788,ORD-003009,PRD-0069,1,41700.0,30300.0,10.0,4170.0,37530.0,30300.0
ITM-0010789,ORD-003010,PRD-0048,8,160400.0,117650.0,10.0,128320.0,1154880.0,941200.0
ITM-0010790,ORD-003010,PRD-0031,12,1600.0,900.0,10.0,1920.0,17280.0,10800.0
ITM-0010791,ORD-003011,PRD-0066,48,5300.0,3250.0,0.0,0.0,254400.0,156000.0
ITM-0010792,ORD-003011,PRD-0008,11,11400.0,7800.0,5.0,6270.0,119130.0,85800.0
ITM-0010793,ORD-003011,PRD-0006,7,27000.0,19650.0,5.0,9450.0,179550.0,137550.0
ITM-0010794,ORD-003011,PRD-0048,15,160400.0,117650.0,2.5,60150.0,2345850.0,1764750.0
ITM-0010795,ORD-003012,PRD-0051,73,7700.0,4850.0,2.5,14052.5,548047.5,354050.0
ITM-0010796,ORD-003012,PRD-0034,16,2800.0,1650.0,5.0,2240.0,42560.0,26400.0
ITM-0010797,ORD-003012,PRD-0057,16,25450.0,17350.0,10.0,40720.0,366480.0,277600.0
ITM-0010798,ORD-003013,PRD-0042,21,16900.0,11500.0,12.5,44362.5,310537.5,241500.0
ITM-0010799,ORD-003013,PRD-0007,7,33250.0,23700.0,5.0,11637.5,221112.5,165900.0
ITM-0010800,ORD-003013,PRD-0028,55,6400.0,4200.0,5.0,17600.0,334400.0,231000.0
ITM-0010801,ORD-003013,PRD-0027,41,11500.0,7200.0,2.5,11787.5,459712.5,295200.0
ITM-0010802,ORD-003013,PRD-0066,30,5300.0,3250.0,7.5,11925.0,147075.0,97500.0
ITM-0010803,ORD-003013,PRD-0063,34,12650.0,8000.0,10.0,43010.0,387090.0,272000.0
ITM-0010804,ORD-003013,PRD-0069,9,41700.0,30300.0,0.0,0.0,375300.0,272700.0
ITM-0010805,ORD-003014,PRD-0033,15,88100.0,66350.0,2.5,33037.5,1288462.5,995250.0
ITM-0010806,ORD-003014,PRD-0005,35,11500.0,7900.0,0.0,0.0,402500.0,276500.0
ITM-0010807,ORD-003014,PRD-0034,4,2800.0,1650.0,2.5,280.0,10920.0,6600.0
ITM-0010808,ORD-003014,PRD-0003,23,88300.0,65000.0,0.0,0.0,2030900.0,1495000.0
ITM-0010809,ORD-003015,PRD-0066,32,5300.0,3250.0,0.0,0.0,169600.0,104000.0
ITM-0010810,ORD-003015,PRD-0033,18,88100.0,66350.0,10.0,158580.0,1427220.0,1194300.0
ITM-0010811,ORD-003015,PRD-0005,42,11500.0,7900.0,10.0,48300.0,434700.0,331800.0
ITM-0010812,ORD-003015,PRD-0061,42,5600.0,3650.0,5.0,11760.0,223440.0,153300.0
ITM-0010813,ORD-003015,PRD-0034,21,2800.0,1650.0,7.5,4410.0,54390.0,34650.0
ITM-0010814,ORD-003015,PRD-0048,11,160400.0,117650.0,10.0,176440.0,1587960.0,1294150.0
ITM-0010815,ORD-003015,PRD-0006,18,27000.0,19650.0,5.0,24300.0,461700.0,353700.0
ITM-0010816,ORD-003016,PRD-0053,6,50250.0,36300.0,5.0,15075.0,286425.0,217800.0
ITM-0010817,ORD-003016,PRD-0045,6,4400.0,2800.0,12.5,3300.0,23100.0,16800.0
ITM-0010818,ORD-003016,PRD-0018,6,39400.0,29550.0,10.0,23640.0,212760.0,177300.0
ITM-0010819,ORD-003016,PRD-0013,40,8750.0,5350.0,10.0,35000.0,315000.0,214000.0
ITM-0010820,ORD-003016,PRD-0054,18,6000.0,4000.0,0.0,0.0,108000.0,72000.0
ITM-0010821,ORD-003016,PRD-0036,10,170650.0,122850.0,7.5,127987.5,1578512.5,1228500.0
ITM-0010822,ORD-003016,PRD-0049,28,2250.0,1400.0,7.5,4725.0,58275.0,39200.0
ITM-0010823,ORD-003017,PRD-0011,6,50250.0,35950.0,7.5,22612.5,278887.5,215700.0
ITM-0010824,ORD-003017,PRD-0039,7,13350.0,9100.0,5.0,4672.5,88777.5,63700.0
ITM-0010825,ORD-003018,PRD-0053,12,50250.0,36300.0,12.5,75375.0,527625.0,435600.0
ITM-0010826,ORD-003018,PRD-0037,40,7650.0,5500.0,2.5,7650.0,298350.0,220000.0
ITM-0010827,ORD-003018,PRD-0017,14,15250.0,10000.0,0.0,0.0,213500.0,140000.0
ITM-0010828,ORD-003018,PRD-0066,21,5300.0,3250.0,12.5,13912.5,97387.5,68250.0
ITM-0010829,ORD-003018,PRD-0009,7,75050.0,56000.0,0.0,0.0,525350.0,392000.0
ITM-0010830,ORD-003019,PRD-0036,3,170650.0,122850.0,5.0,25597.5,486352.5,368550.0
ITM-0010831,ORD-003019,PRD-0053,12,50250.0,36300.0,12.5,75375.0,527625.0,435600.0
ITM-0010832,ORD-003019,PRD-0005,24,11500.0,7900.0,5.0,13800.0,262200.0,189600.0
ITM-0010833,ORD-003019,PRD-0016,3,18750.0,12900.0,7.5,4218.75,52031.25,38700.0
ITM-0010834,ORD-003019,PRD-0066,27,5300.0,3250.0,2.5,3577.5,139522.5,87750.0
ITM-0010835,ORD-003019,PRD-0034,6,2800.0,1650.0,5.0,840.0,15960.0,9900.0
ITM-0010836,ORD-003019,PRD-0069,3,41700.0,30300.0,0.0,0.0,125100.0,90900.0
ITM-0010837,ORD-003020,PRD-0053,11,50250.0,36300.0,5.0,27637.5,525112.5,399300.0
ITM-0010838,ORD-003021,PRD-0045,32,4400.0,2800.0,10.0,14080.0,126720.0,89600.0
ITM-0010839,ORD-003021,PRD-0002,9,52050.0,38100.0,5.0,23422.5,445027.5,342900.0
ITM-0010840,ORD-003021,PRD-0034,5,2800.0,1650.0,5.0,700.0,13300.0,8250.0
ITM-0010841,ORD-003022,PRD-0069,2,41700.0,30300.0,5.0,4170.0,79230.0,60600.0
ITM-0010842,ORD-003022,PRD-0066,9,5300.0,3250.0,5.0,2385.0,45315.0,29250.0
ITM-0010843,ORD-003022,PRD-0007,8,33250.0,23700.0,0.0,0.0,266000.0,189600.0
ITM-0010844,ORD-003022,PRD-0029,3,30900.0,21650.0,2.5,2317.5,90382.5,64950.0
ITM-0010845,ORD-003022,PRD-0050,9,1200.0,650.0,0.0,0.0,10800.0,5850.0
ITM-0010846,ORD-003023,PRD-0022,13,13950.0,9250.0,2.5,4533.75,176816.25,120250.0
ITM-0010847,ORD-003024,PRD-0002,13,52050.0,38100.0,5.0,33832.5,642817.5,495300.0
ITM-0010848,ORD-003025,PRD-0054,11,6000.0,4000.0,0.0,0.0,66000.0,44000.0
ITM-0010849,ORD-003025,PRD-0037,27,7650.0,5500.0,12.5,25818.75,180731.25,148500.0
ITM-0010850,ORD-003026,PRD-0067,12,2050.0,1250.0,5.0,1230.0,23370.0,15000.0
ITM-0010851,ORD-003026,PRD-0036,4,170650.0,122850.0,7.5,51195.0,631405.0,491400.0
ITM-0010852,ORD-003026,PRD-0028,25,6400.0,4200.0,10.0,16000.0,144000.0,105000.0
ITM-0010853,ORD-003027,PRD-0048,7,160400.0,117650.0,2.5,28070.0,1094730.0,823550.0
ITM-0010854,ORD-003027,PRD-0034,18,2800.0,1650.0,10.0,5040.0,45360.0,29700.0
ITM-0010855,ORD-003027,PRD-0031,29,1600.0,900.0,0.0,0.0,46400.0,26100.0
ITM-0010856,ORD-003027,PRD-0005,55,11500.0,7900.0,0.0,0.0,632500.0,434500.0
ITM-0010857,ORD-003027,PRD-0028,59,6400.0,4200.0,0.0,0.0,377600.0,247800.0
ITM-0010858,ORD-003027,PRD-0023,22,46600.0,33950.0,0.0,0.0,1025200.0,746900.0
ITM-0010859,ORD-003027,PRD-0052,7,40400.0,29250.0,5.0,14140.0,268660.0,204750.0
ITM-0010860,ORD-003028,PRD-0034,7,2800.0,1650.0,2.5,490.0,19110.0,11550.0
ITM-0010861,ORD-003028,PRD-0025,5,32700.0,22850.0,2.5,4087.5,159412.5,114250.0
ITM-0010862,ORD-003028,PRD-0027,31,11500.0,7200.0,5.0,17825.0,338675.0,223200.0
ITM-0010863,ORD-003028,PRD-0052,5,40400.0,29250.0,2.5,5050.0,196950.0,146250.0
ITM-0010864,ORD-003029,PRD-0033,4,88100.0,66350.0,10.0,35240.0,317160.0,265400.0
ITM-0010865,ORD-003030,PRD-0020,19,31900.0,22100.0,12.5,75762.5,530337.5,419900.0
ITM-0010866,ORD-003030,PRD-0034,10,2800.0,1650.0,10.0,2800.0,25200.0,16500.0
ITM-0010867,ORD-003030,PRD-0060,6,16450.0,11150.0,10.0,9870.0,88830.0,66900.0
ITM-0010868,ORD-003030,PRD-0057,13,25450.0,17350.0,7.5,24813.75,306036.25,225550.0
ITM-0010869,ORD-003030,PRD-0003,3,88300.0,65000.0,5.0,13245.0,251655.0,195000.0
ITM-0010870,ORD-003030,PRD-0067,39,2050.0,1250.0,0.0,0.0,79950.0,48750.0
ITM-0010871,ORD-003030,PRD-0061,19,5600.0,3650.0,5.0,5320.0,101080.0,69350.0
ITM-0010872,ORD-003031,PRD-0027,54,11500.0,7200.0,5.0,31050.0,589950.0,388800.0
ITM-0010873,ORD-003031,PRD-0007,9,33250.0,23700.0,5.0,14962.5,284287.5,213300.0
ITM-0010874,ORD-003031,PRD-0009,11,75050.0,56000.0,0.0,0.0,825550.0,616000.0
ITM-0010875,ORD-003031,PRD-0035,17,195800.0,149250.0,10.0,332860.0,2995740.0,2537250.0
ITM-0010876,ORD-003031,PRD-0065,28,9000.0,5800.0,7.5,18900.0,233100.0,162400.0
ITM-0010877,ORD-003032,PRD-0037,40,7650.0,5500.0,0.0,0.0,306000.0,220000.0
ITM-0010878,ORD-003032,PRD-0066,27,5300.0,3250.0,2.5,3577.5,139522.5,87750.0
ITM-0010879,ORD-003032,PRD-0065,9,9000.0,5800.0,5.0,4050.0,76950.0,52200.0
ITM-0010880,ORD-003032,PRD-0058,15,28050.0,19450.0,5.0,21037.5,399712.5,291750.0
ITM-0010881,ORD-003032,PRD-0045,9,4400.0,2800.0,0.0,0.0,39600.0,25200.0
ITM-0010882,ORD-003032,PRD-0025,12,32700.0,22850.0,5.0,19620.0,372780.0,274200.0
ITM-0010883,ORD-003032,PRD-0032,6,383350.0,305700.0,7.5,172507.5,2127592.5,1834200.0
ITM-0010884,ORD-003033,PRD-0043,5,35950.0,25500.0,0.0,0.0,179750.0,127500.0
ITM-0010885,ORD-003033,PRD-0031,12,1600.0,900.0,2.5,480.0,18720.0,10800.0
ITM-0010886,ORD-003033,PRD-0013,12,8750.0,5350.0,5.0,5250.0,99750.0,64200.0
ITM-0010887,ORD-003034,PRD-0024,11,17950.0,12350.0,2.5,4936.25,192513.75,135850.0
ITM-0010888,ORD-003034,PRD-0037,47,7650.0,5500.0,5.0,17977.5,341572.5,258500.0
ITM-0010889,ORD-003034,PRD-0049,27,2250.0,1400.0,0.0,0.0,60750.0,37800.0
ITM-0010890,ORD-003034,PRD-0053,2,50250.0,36300.0,5.0,5025.0,95475.0,72600.0
ITM-0010891,ORD-003034,PRD-0005,34,11500.0,7900.0,2.5,9775.0,381225.0,268600.0
ITM-0010892,ORD-003034,PRD-0034,11,2800.0,1650.0,5.0,1540.0,29260.0,18150.0
ITM-0010893,ORD-003034,PRD-0067,34,2050.0,1250.0,10.0,6970.0,62730.0,42500.0
ITM-0010894,ORD-003035,PRD-0068,9,29000.0,20900.0,12.5,32625.0,228375.0,188100.0
ITM-0010895,ORD-003035,PRD-0058,9,28050.0,19450.0,7.5,18933.75,233516.25,175050.0
ITM-0010896,ORD-003035,PRD-0057,15,25450.0,17350.0,12.5,47718.75,334031.25,260250.0
ITM-0010897,ORD-003035,PRD-0050,15,1200.0,650.0,0.0,0.0,18000.0,9750.0
ITM-0010898,ORD-003035,PRD-0036,12,170650.0,122850.0,10.0,204780.0,1843020.0,1474200.0
ITM-0010899,ORD-003035,PRD-0066,15,5300.0,3250.0,10.0,7950.0,71550.0,48750.0
ITM-0010900,ORD-003035,PRD-0034,19,2800.0,1650.0,0.0,0.0,53200.0,31350.0
ITM-0010901,ORD-003036,PRD-0048,9,160400.0,117650.0,12.5,180450.0,1263150.0,1058850.0
ITM-0010902,ORD-003036,PRD-0030,18,35850.0,25550.0,0.0,0.0,645300.0,459900.0
ITM-0010903,ORD-003037,PRD-0066,13,5300.0,3250.0,2.5,1722.5,67177.5,42250.0
ITM-0010904,ORD-003037,PRD-0059,8,1850.0,1050.0,0.0,0.0,14800.0,8400.0
ITM-0010905,ORD-003037,PRD-0031,4,1600.0,900.0,7.5,480.0,5920.0,3600.0
ITM-0010906,ORD-003038,PRD-0009,9,75050.0,56000.0,12.5,84431.25,591018.75,504000.0
ITM-0010907,ORD-003038,PRD-0052,11,40400.0,29250.0,0.0,0.0,444400.0,321750.0
ITM-0010908,ORD-003038,PRD-0040,13,70550.0,49600.0,7.5,68786.25,848363.75,644800.0
ITM-0010909,ORD-003038,PRD-0058,11,28050.0,19450.0,10.0,30855.0,277695.0,213950.0
ITM-0010910,ORD-003038,PRD-0027,44,11500.0,7200.0,2.5,12650.0,493350.0,316800.0
ITM-0010911,ORD-003039,PRD-0034,8,2800.0,1650.0,0.0,0.0,22400.0,13200.0
ITM-0010912,ORD-003040,PRD-0027,54,11500.0,7200.0,5.0,31050.0,589950.0,388800.0
ITM-0010913,ORD-003040,PRD-0006,9,27000.0,19650.0,5.0,12150.0,230850.0,176850.0
ITM-0010914,ORD-003040,PRD-0024,34,17950.0,12350.0,10.0,61030.0,549270.0,419900.0
ITM-0010915,ORD-003041,PRD-0005,12,11500.0,7900.0,2.5,3450.0,134550.0,94800.0
ITM-0010916,ORD-003041,PRD-0058,1,28050.0,19450.0,5.0,1402.5,26647.5,19450.0
ITM-0010917,ORD-003041,PRD-0032,4,383350.0,305700.0,5.0,76670.0,1456730.0,1222800.0
ITM-0010918,ORD-003042,PRD-0009,7,75050.0,56000.0,7.5,39401.25,485948.75,392000.0
ITM-0010919,ORD-003042,PRD-0025,7,32700.0,22850.0,5.0,11445.0,217455.0,159950.0
ITM-0010920,ORD-003042,PRD-0063,35,12650.0,8000.0,2.5,11068.75,431681.25,280000.0
ITM-0010921,ORD-003042,PRD-0066,35,5300.0,3250.0,7.5,13912.5,171587.5,113750.0
ITM-0010922,ORD-003042,PRD-0057,7,25450.0,17350.0,7.5,13361.25,164788.75,121450.0
ITM-0010923,ORD-003042,PRD-0034,7,2800.0,1650.0,0.0,0.0,19600.0,11550.0
ITM-0010924,ORD-003042,PRD-0005,9,11500.0,7900.0,0.0,0.0,103500.0,71100.0
ITM-0010925,ORD-003043,PRD-0057,3,25450.0,17350.0,0.0,0.0,76350.0,52050.0
ITM-0010926,ORD-003044,PRD-0016,9,18750.0,12900.0,7.5,12656.25,156093.75,116100.0
ITM-0010927,ORD-003044,PRD-0046,5,141200.0,107400.0,5.0,35300.0,670700.0,537000.0
ITM-0010928,ORD-003044,PRD-0034,5,2800.0,1650.0,10.0,1400.0,12600.0,8250.0
ITM-0010929,ORD-003044,PRD-0007,10,33250.0,23700.0,0.0,0.0,332500.0,237000.0
ITM-0010930,ORD-003044,PRD-0058,10,28050.0,19450.0,2.5,7012.5,273487.5,194500.0
ITM-0010931,ORD-003045,PRD-0060,22,16450.0,11150.0,0.0,0.0,361900.0,245300.0
ITM-0010932,ORD-003045,PRD-0032,11,383350.0,305700.0,10.0,421685.0,3795165.0,3362700.0
ITM-0010933,ORD-003045,PRD-0040,15,70550.0,49600.0,2.5,26456.25,1031793.75,744000.0
ITM-0010934,ORD-003045,PRD-0009,18,75050.0,56000.0,7.5,101317.5,1249582.5,1008000.0
ITM-0010935,ORD-003045,PRD-0021,18,151550.0,109750.0,10.0,272790.0,2455110.0,1975500.0
ITM-0010936,ORD-003045,PRD-0064,22,40250.0,28850.0,7.5,66412.5,819087.5,634700.0
ITM-0010937,ORD-003045,PRD-0016,4,18750.0,12900.0,5.0,3750.0,71250.0,51600.0
ITM-0010938,ORD-003046,PRD-0060,3,16450.0,11150.0,7.5,3701.25,45648.75,33450.0
ITM-0010939,ORD-003046,PRD-0019,30,2950.0,1850.0,2.5,2212.5,86287.5,55500.0
ITM-0010940,ORD-003046,PRD-0007,12,33250.0,23700.0,5.0,19950.0,379050.0,284400.0
ITM-0010941,ORD-003047,PRD-0044,23,3350.0,2000.0,2.5,1926.25,75123.75,46000.0
ITM-0010942,ORD-003047,PRD-0034,3,2800.0,1650.0,5.0,420.0,7980.0,4950.0
ITM-0010943,ORD-003047,PRD-0045,40,4400.0,2800.0,5.0,8800.0,167200.0,112000.0
ITM-0010944,ORD-003047,PRD-0033,14,88100.0,66350.0,10.0,123340.0,1110060.0,928900.0
ITM-0010945,ORD-003047,PRD-0053,17,50250.0,36300.0,12.5,106781.25,747468.75,617100.0
ITM-0010946,ORD-003047,PRD-0052,17,40400.0,29250.0,5.0,34340.0,652460.0,497250.0
ITM-0010947,ORD-003048,PRD-0031,14,1600.0,900.0,5.0,1120.0,21280.0,12600.0
ITM-0010948,ORD-003048,PRD-0065,17,9000.0,5800.0,0.0,0.0,153000.0,98600.0
ITM-0010949,ORD-003048,PRD-0045,48,4400.0,2800.0,5.0,10560.0,200640.0,134400.0
ITM-0010950,ORD-003048,PRD-0011,10,50250.0,35950.0,5.0,25125.0,477375.0,359500.0
ITM-0010951,ORD-003049,PRD-0027,22,11500.0,7200.0,7.5,18975.0,234025.0,158400.0
ITM-0010952,ORD-003049,PRD-0026,8,5050.0,3050.0,5.0,2020.0,38380.0,24400.0
ITM-0010953,ORD-003050,PRD-0050,46,1200.0,650.0,2.5,1380.0,53820.0,29900.0
ITM-0010954,ORD-003050,PRD-0005,30,11500.0,7900.0,2.5,8625.0,336375.0,237000.0
ITM-0010955,ORD-003050,PRD-0006,12,27000.0,19650.0,5.0,16200.0,307800.0,235800.0
ITM-0010956,ORD-003050,PRD-0038,9,32300.0,22650.0,7.5,21802.5,268897.5,203850.0
ITM-0010957,ORD-003051,PRD-0069,6,41700.0,30300.0,10.0,25020.0,225180.0,181800.0
ITM-0010958,ORD-003051,PRD-0014,7,199750.0,146450.0,0.0,0.0,1398250.0,1025150.0
ITM-0010959,ORD-003051,PRD-0034,7,2800.0,1650.0,7.5,1470.0,18130.0,11550.0
ITM-0010960,ORD-003052,PRD-0031,23,1600.0,900.0,5.0,1840.0,34960.0,20700.0
ITM-0010961,ORD-003052,PRD-0007,11,33250.0,23700.0,5.0,18287.5,347462.5,260700.0
ITM-0010962,ORD-003053,PRD-0039,19,13350.0,9100.0,5.0,12682.5,240967.5,172900.0
ITM-0010963,ORD-003053,PRD-0009,8,75050.0,56000.0,2.5,15010.0,585390.0,448000.0
ITM-0010964,ORD-003054,PRD-0047,2,67750.0,48250.0,0.0,0.0,135500.0,96500.0
ITM-0010965,ORD-003054,PRD-0036,6,170650.0,122850.0,0.0,0.0,1023900.0,737100.0
ITM-0010966,ORD-003054,PRD-0063,51,12650.0,8000.0,5.0,32257.5,612892.5,408000.0
ITM-0010967,ORD-003055,PRD-0034,4,2800.0,1650.0,7.5,840.0,10360.0,6600.0
ITM-0010968,ORD-003055,PRD-0069,5,41700.0,30300.0,10.0,20850.0,187650.0,151500.0
ITM-0010969,ORD-003055,PRD-0052,6,40400.0,29250.0,10.0,24240.0,218160.0,175500.0
ITM-0010970,ORD-003056,PRD-0013,16,8750.0,5350.0,7.5,10500.0,129500.0,85600.0
ITM-0010971,ORD-003056,PRD-0003,4,88300.0,65000.0,12.5,44150.0,309050.0,260000.0
ITM-0010972,ORD-003056,PRD-0034,5,2800.0,1650.0,12.5,1750.0,12250.0,8250.0
ITM-0010973,ORD-003056,PRD-0042,5,16900.0,11500.0,7.5,6337.5,78162.5,57500.0
ITM-0010974,ORD-003057,PRD-0066,13,5300.0,3250.0,12.5,8612.5,60287.5,42250.0
ITM-0010975,ORD-003057,PRD-0069,4,41700.0,30300.0,5.0,8340.0,158460.0,121200.0
ITM-0010976,ORD-003058,PRD-0005,13,11500.0,7900.0,0.0,0.0,149500.0,102700.0
ITM-0010977,ORD-003058,PRD-0040,4,70550.0,49600.0,10.0,28220.0,253980.0,198400.0
ITM-0010978,ORD-003058,PRD-0030,4,35850.0,25550.0,0.0,0.0,143400.0,102200.0
ITM-0010979,ORD-003058,PRD-0050,3,1200.0,650.0,10.0,360.0,3240.0,1950.0
ITM-0010980,ORD-003058,PRD-0062,15,13700.0,9000.0,0.0,0.0,205500.0,135000.0
ITM-0010981,ORD-003059,PRD-0057,18,25450.0,17350.0,5.0,22905.0,435195.0,312300.0
ITM-0010982,ORD-003059,PRD-0053,4,50250.0,36300.0,10.0,20100.0,180900.0,145200.0
ITM-0010983,ORD-003059,PRD-0034,18,2800.0,1650.0,5.0,2520.0,47880.0,29700.0
ITM-0010984,ORD-003059,PRD-0026,79,5050.0,3050.0,0.0,0.0,398950.0,240950.0
ITM-0010985,ORD-003059,PRD-0048,14,160400.0,117650.0,5.0,112280.0,2133320.0,1647100.0
ITM-0010986,ORD-003059,PRD-0036,18,170650.0,122850.0,7.5,230377.5,2841322.5,2211300.0
ITM-0010987,ORD-003059,PRD-0022,14,13950.0,9250.0,5.0,9765.0,185535.0,129500.0
ITM-0010988,ORD-003060,PRD-0069,6,41700.0,30300.0,5.0,12510.0,237690.0,181800.0
ITM-0010989,ORD-003060,PRD-0037,24,7650.0,5500.0,10.0,18360.0,165240.0,132000.0
ITM-0010990,ORD-003060,PRD-0031,16,1600.0,900.0,10.0,2560.0,23040.0,14400.0
ITM-0010991,ORD-003060,PRD-0032,1,383350.0,305700.0,7.5,28751.25,354598.75,305700.0
ITM-0010992,ORD-003061,PRD-0066,17,5300.0,3250.0,5.0,4505.0,85595.0,55250.0
ITM-0010993,ORD-003061,PRD-0070,26,5100.0,3300.0,5.0,6630.0,125970.0,85800.0
ITM-0010994,ORD-003061,PRD-0034,9,2800.0,1650.0,7.5,1890.0,23310.0,14850.0
ITM-0010995,ORD-003061,PRD-0030,13,35850.0,25550.0,5.0,23302.5,442747.5,332150.0
ITM-0010996,ORD-003061,PRD-0058,2,28050.0,19450.0,5.0,2805.0,53295.0,38900.0
ITM-0010997,ORD-003062,PRD-0040,7,70550.0,49600.0,10.0,49385.0,444465.0,347200.0
ITM-0010998,ORD-003062,PRD-0005,16,11500.0,7900.0,5.0,9200.0,174800.0,126400.0
ITM-0010999,ORD-003063,PRD-0065,13,9000.0,5800.0,5.0,5850.0,111150.0,75400.0
ITM-0011000,ORD-003063,PRD-0043,9,35950.0,25500.0,0.0,0.0,323550.0,229500.0
ITM-0011001,ORD-003064,PRD-0027,15,11500.0,7200.0,5.0,8625.0,163875.0,108000.0
ITM-0011002,ORD-003064,PRD-0052,13,40400.0,29250.0,0.0,0.0,525200.0,380250.0
ITM-0011003,ORD-003064,PRD-0058,13,28050.0,19450.0,5.0,18232.5,346417.5,252850.0
ITM-0011004,ORD-003064,PRD-0063,18,12650.0,8000.0,12.5,28462.5,199237.5,144000.0
ITM-0011005,ORD-003065,PRD-0034,9,2800.0,1650.0,0.0,0.0,25200.0,14850.0
ITM-0011006,ORD-003065,PRD-0003,4,88300.0,65000.0,5.0,17660.0,335540.0,260000.0
ITM-0011007,ORD-003066,PRD-0053,3,50250.0,36300.0,5.0,7537.5,143212.5,108900.0
ITM-0011008,ORD-003066,PRD-0034,6,2800.0,1650.0,2.5,420.0,16380.0,9900.0
ITM-0011009,ORD-003066,PRD-0052,12,40400.0,29250.0,10.0,48480.0,436320.0,351000.0
ITM-0011010,ORD-003066,PRD-0008,12,11400.0,7800.0,7.5,10260.0,126540.0,93600.0
ITM-0011011,ORD-003067,PRD-0007,7,33250.0,23700.0,5.0,11637.5,221112.5,165900.0
ITM-0011012,ORD-003067,PRD-0032,4,383350.0,305700.0,5.0,76670.0,1456730.0,1222800.0
ITM-0011013,ORD-003067,PRD-0006,2,27000.0,19650.0,0.0,0.0,54000.0,39300.0
ITM-0011014,ORD-003067,PRD-0034,5,2800.0,1650.0,7.5,1050.0,12950.0,8250.0
ITM-0011015,ORD-003068,PRD-0027,28,11500.0,7200.0,5.0,16100.0,305900.0,201600.0
ITM-0011016,ORD-003068,PRD-0040,5,70550.0,49600.0,5.0,17637.5,335112.5,248000.0
ITM-0011017,ORD-003069,PRD-0013,73,8750.0,5350.0,7.5,47906.25,590843.75,390550.0
ITM-0011018,ORD-003069,PRD-0024,54,17950.0,12350.0,0.0,0.0,969300.0,666900.0
ITM-0011019,ORD-003069,PRD-0008,6,11400.0,7800.0,5.0,3420.0,64980.0,46800.0
ITM-0011020,ORD-003069,PRD-0049,45,2250.0,1400.0,7.5,7593.75,93656.25,63000.0
ITM-0011021,ORD-003069,PRD-0009,10,75050.0,56000.0,5.0,37525.0,712975.0,560000.0
ITM-0011022,ORD-003069,PRD-0005,42,11500.0,7900.0,0.0,0.0,483000.0,331800.0
ITM-0011023,ORD-003069,PRD-0017,6,15250.0,10000.0,10.0,9150.0,82350.0,60000.0
ITM-0011024,ORD-003070,PRD-0027,18,11500.0,7200.0,0.0,0.0,207000.0,129600.0
ITM-0011025,ORD-003070,PRD-0066,29,5300.0,3250.0,2.5,3842.5,149857.5,94250.0
ITM-0011026,ORD-003070,PRD-0038,8,32300.0,22650.0,2.5,6460.0,251940.0,181200.0
ITM-0011027,ORD-003070,PRD-0005,21,11500.0,7900.0,0.0,0.0,241500.0,165900.0
ITM-0011028,ORD-003070,PRD-0037,29,7650.0,5500.0,7.5,16638.75,205211.25,159500.0
ITM-0011029,ORD-003070,PRD-0048,8,160400.0,117650.0,2.5,32080.0,1251120.0,941200.0
ITM-0011030,ORD-003071,PRD-0030,22,35850.0,25550.0,7.5,59152.5,729547.5,562100.0
ITM-0011031,ORD-003071,PRD-0011,9,50250.0,35950.0,10.0,45225.0,407025.0,323550.0
ITM-0011032,ORD-003071,PRD-0031,28,1600.0,900.0,10.0,4480.0,40320.0,25200.0
ITM-0011033,ORD-003071,PRD-0005,38,11500.0,7900.0,0.0,0.0,437000.0,300200.0
ITM-0011034,ORD-003072,PRD-0022,11,13950.0,9250.0,7.5,11508.75,141941.25,101750.0
ITM-0011035,ORD-003072,PRD-0023,11,46600.0,33950.0,0.0,0.0,512600.0,373450.0
ITM-0011036,ORD-003072,PRD-0005,20,11500.0,7900.0,2.5,5750.0,224250.0,158000.0
ITM-0011037,ORD-003072,PRD-0003,17,88300.0,65000.0,5.0,75055.0,1426045.0,1105000.0
ITM-0011038,ORD-003073,PRD-0066,9,5300.0,3250.0,0.0,0.0,47700.0,29250.0
ITM-0011039,ORD-003073,PRD-0034,1,2800.0,1650.0,2.5,70.0,2730.0,1650.0
ITM-0011040,ORD-003073,PRD-0058,5,28050.0,19450.0,0.0,0.0,140250.0,97250.0
ITM-0011041,ORD-003073,PRD-0008,5,11400.0,7800.0,5.0,2850.0,54150.0,39000.0
ITM-0011042,ORD-003074,PRD-0009,3,75050.0,56000.0,5.0,11257.5,213892.5,168000.0
ITM-0011043,ORD-003074,PRD-0043,2,35950.0,25500.0,7.5,5392.5,66507.5,51000.0
ITM-0011044,ORD-003074,PRD-0066,7,5300.0,3250.0,7.5,2782.5,34317.5,22750.0
ITM-0011045,ORD-003074,PRD-0053,4,50250.0,36300.0,12.5,25125.0,175875.0,145200.0
ITM-0011046,ORD-003075,PRD-0027,55,11500.0,7200.0,12.5,79062.5,553437.5,396000.0
ITM-0011047,ORD-003075,PRD-0045,36,4400.0,2800.0,5.0,7920.0,150480.0,100800.0
ITM-0011048,ORD-003076,PRD-0067,32,2050.0,1250.0,7.5,4920.0,60680.0,40000.0
ITM-0011049,ORD-003076,PRD-0052,4,40400.0,29250.0,10.0,16160.0,145440.0,117000.0
ITM-0011050,ORD-003076,PRD-0043,8,35950.0,25500.0,5.0,14380.0,273220.0,204000.0
ITM-0011051,ORD-003076,PRD-0009,11,75050.0,56000.0,5.0,41277.5,784272.5,616000.0
ITM-0011052,ORD-003076,PRD-0012,13,42850.0,31750.0,0.0,0.0,557050.0,412750.0
ITM-0011053,ORD-003077,PRD-0058,2,28050.0,19450.0,5.0,2805.0,53295.0,38900.0
ITM-0011054,ORD-003077,PRD-0069,3,41700.0,30300.0,2.5,3127.5,121972.5,90900.0
ITM-0011055,ORD-003078,PRD-0009,10,75050.0,56000.0,7.5,56287.5,694212.5,560000.0
ITM-0011056,ORD-003078,PRD-0040,2,70550.0,49600.0,2.5,3527.5,137572.5,99200.0
ITM-0011057,ORD-003078,PRD-0050,19,1200.0,650.0,10.0,2280.0,20520.0,12350.0
ITM-0011058,ORD-003079,PRD-0007,7,33250.0,23700.0,2.5,5818.75,226931.25,165900.0
ITM-0011059,ORD-003079,PRD-0013,24,8750.0,5350.0,5.0,10500.0,199500.0,128400.0
ITM-0011060,ORD-003080,PRD-0011,2,50250.0,35950.0,2.5,2512.5,97987.5,71900.0
ITM-0011061,ORD-003080,PRD-0008,5,11400.0,7800.0,5.0,2850.0,54150.0,39000.0
ITM-0011062,ORD-003081,PRD-0034,5,2800.0,1650.0,0.0,0.0,14000.0,8250.0
ITM-0011063,ORD-003082,PRD-0038,2,32300.0,22650.0,5.0,3230.0,61370.0,45300.0
ITM-0011064,ORD-003082,PRD-0036,7,170650.0,122850.0,10.0,119455.0,1075095.0,859950.0
ITM-0011065,ORD-003083,PRD-0036,2,170650.0,122850.0,0.0,0.0,341300.0,245700.0
ITM-0011066,ORD-003084,PRD-0034,13,2800.0,1650.0,5.0,1820.0,34580.0,21450.0
ITM-0011067,ORD-003084,PRD-0039,18,13350.0,9100.0,7.5,18022.5,222277.5,163800.0
ITM-0011068,ORD-003084,PRD-0053,15,50250.0,36300.0,5.0,37687.5,716062.5,544500.0
ITM-0011069,ORD-003084,PRD-0043,8,35950.0,25500.0,10.0,28760.0,258840.0,204000.0
ITM-0011070,ORD-003084,PRD-0006,3,27000.0,19650.0,5.0,4050.0,76950.0,58950.0
ITM-0011071,ORD-003084,PRD-0045,25,4400.0,2800.0,5.0,5500.0,104500.0,70000.0
ITM-0011072,ORD-003085,PRD-0063,23,12650.0,8000.0,7.5,21821.25,269128.75,184000.0
ITM-0011073,ORD-003085,PRD-0009,17,75050.0,56000.0,7.5,95688.75,1180161.25,952000.0
ITM-0011074,ORD-003085,PRD-0032,7,383350.0,305700.0,12.5,335431.25,2348018.75,2139900.0
ITM-0011075,ORD-003085,PRD-0052,10,40400.0,29250.0,10.0,40400.0,363600.0,292500.0
ITM-0011076,ORD-003085,PRD-0022,3,13950.0,9250.0,2.5,1046.25,40803.75,27750.0
ITM-0011077,ORD-003085,PRD-0026,20,5050.0,3050.0,10.0,10100.0,90900.0,61000.0
ITM-0011078,ORD-003086,PRD-0040,2,70550.0,49600.0,10.0,14110.0,126990.0,99200.0
ITM-0011079,ORD-003086,PRD-0005,10,11500.0,7900.0,7.5,8625.0,106375.0,79000.0
ITM-0011080,ORD-003087,PRD-0034,13,2800.0,1650.0,2.5,910.0,35490.0,21450.0
ITM-0011081,ORD-003087,PRD-0053,17,50250.0,36300.0,7.5,64068.75,790181.25,617100.0
ITM-0011082,ORD-003087,PRD-0004,29,7100.0,4600.0,5.0,10295.0,195605.0,133400.0
ITM-0011083,ORD-003087,PRD-0021,8,151550.0,109750.0,10.0,121240.0,1091160.0,878000.0
ITM-0011084,ORD-003088,PRD-0023,8,46600.0,33950.0,10.0,37280.0,335520.0,271600.0
ITM-0011085,ORD-003088,PRD-0069,15,41700.0,30300.0,7.5,46912.5,578587.5,454500.0
ITM-0011086,ORD-003088,PRD-0036,13,170650.0,122850.0,5.0,110922.5,2107527.5,1597050.0
ITM-0011087,ORD-003088,PRD-0045,23,4400.0,2800.0,10.0,10120.0,91080.0,64400.0
ITM-0011088,ORD-003089,PRD-0040,11,70550.0,49600.0,12.5,97006.25,679043.75,545600.0
ITM-0011089,ORD-003089,PRD-0027,13,11500.0,7200.0,7.5,11212.5,138287.5,93600.0
ITM-0011090,ORD-003089,PRD-0005,11,11500.0,7900.0,5.0,6325.0,120175.0,86900.0
ITM-0011091,ORD-003090,PRD-0007,6,33250.0,23700.0,5.0,9975.0,189525.0,142200.0
ITM-0011092,ORD-003090,PRD-0068,4,29000.0,20900.0,2.5,2900.0,113100.0,83600.0
ITM-0011093,ORD-003090,PRD-0030,4,35850.0,25550.0,2.5,3585.0,139815.0,102200.0
ITM-0011094,ORD-003091,PRD-0063,64,12650.0,8000.0,0.0,0.0,809600.0,512000.0
ITM-0011095,ORD-003091,PRD-0005,25,11500.0,7900.0,12.5,35937.5,251562.5,197500.0
ITM-0011096,ORD-003091,PRD-0025,6,32700.0,22850.0,0.0,0.0,196200.0,137100.0
ITM-0011097,ORD-003091,PRD-0023,19,46600.0,33950.0,2.5,22135.0,863265.0,645050.0
ITM-0011098,ORD-003092,PRD-0060,6,16450.0,11150.0,0.0,0.0,98700.0,66900.0
ITM-0011099,ORD-003092,PRD-0022,6,13950.0,9250.0,7.5,6277.5,77422.5,55500.0
ITM-0011100,ORD-003092,PRD-0069,15,41700.0,30300.0,5.0,31275.0,594225.0,454500.0
ITM-0011101,ORD-003093,PRD-0056,9,16900.0,12000.0,0.0,0.0,152100.0,108000.0
ITM-0011102,ORD-003093,PRD-0053,9,50250.0,36300.0,2.5,11306.25,440943.75,326700.0
ITM-0011103,ORD-003094,PRD-0035,17,195800.0,149250.0,2.5,83215.0,3245385.0,2537250.0
ITM-0011104,ORD-003094,PRD-0053,6,50250.0,36300.0,7.5,22612.5,278887.5,217800.0
ITM-0011105,ORD-003094,PRD-0013,61,8750.0,5350.0,10.0,53375.0,480375.0,326350.0
ITM-0011106,ORD-003094,PRD-0050,35,1200.0,650.0,0.0,0.0,42000.0,22750.0
ITM-0011107,ORD-003094,PRD-0007,6,33250.0,23700.0,10.0,19950.0,179550.0,142200.0
ITM-0011108,ORD-003094,PRD-0021,9,151550.0,109750.0,0.0,0.0,1363950.0,987750.0
ITM-0011109,ORD-003094,PRD-0070,32,5100.0,3300.0,10.0,16320.0,146880.0,105600.0
ITM-0011110,ORD-003095,PRD-0005,32,11500.0,7900.0,5.0,18400.0,349600.0,252800.0
ITM-0011111,ORD-003095,PRD-0063,13,12650.0,8000.0,5.0,8222.5,156227.5,104000.0
ITM-0011112,ORD-003095,PRD-0052,4,40400.0,29250.0,5.0,8080.0,153520.0,117000.0
ITM-0011113,ORD-003096,PRD-0003,15,88300.0,65000.0,7.5,99337.5,1225162.5,975000.0
ITM-0011114,ORD-003096,PRD-0025,8,32700.0,22850.0,10.0,26160.0,235440.0,182800.0
ITM-0011115,ORD-003096,PRD-0069,8,41700.0,30300.0,0.0,0.0,333600.0,242400.0
ITM-0011116,ORD-003096,PRD-0060,13,16450.0,11150.0,2.5,5346.25,208503.75,144950.0
ITM-0011117,ORD-003097,PRD-0045,25,4400.0,2800.0,7.5,8250.0,101750.0,70000.0
ITM-0011118,ORD-003097,PRD-0044,81,3350.0,2000.0,5.0,13567.5,257782.5,162000.0
ITM-0011119,ORD-003097,PRD-0006,11,27000.0,19650.0,7.5,22275.0,274725.0,216150.0
ITM-0011120,ORD-003097,PRD-0047,18,67750.0,48250.0,7.5,91462.5,1128037.5,868500.0
ITM-0011121,ORD-003097,PRD-0005,21,11500.0,7900.0,2.5,6037.5,235462.5,165900.0
ITM-0011122,ORD-003097,PRD-0009,21,75050.0,56000.0,12.5,197006.25,1379043.75,1176000.0
ITM-0011123,ORD-003097,PRD-0034,21,2800.0,1650.0,10.0,5880.0,52920.0,34650.0
ITM-0011124,ORD-003098,PRD-0031,20,1600.0,900.0,2.5,800.0,31200.0,18000.0
ITM-0011125,ORD-003098,PRD-0048,20,160400.0,117650.0,10.0,320800.0,2887200.0,2353000.0
ITM-0011126,ORD-003098,PRD-0007,20,33250.0,23700.0,2.5,16625.0,648375.0,474000.0
ITM-0011127,ORD-003098,PRD-0058,20,28050.0,19450.0,7.5,42075.0,518925.0,389000.0
ITM-0011128,ORD-003098,PRD-0034,16,2800.0,1650.0,2.5,1120.0,43680.0,26400.0
ITM-0011129,ORD-003099,PRD-0010,6,50450.0,37650.0,5.0,15135.0,287565.0,225900.0
ITM-0011130,ORD-003099,PRD-0037,18,7650.0,5500.0,10.0,13770.0,123930.0,99000.0
ITM-0011131,ORD-003099,PRD-0052,1,40400.0,29250.0,2.5,1010.0,39390.0,29250.0
ITM-0011132,ORD-003099,PRD-0007,1,33250.0,23700.0,5.0,1662.5,31587.5,23700.0
ITM-0011133,ORD-003099,PRD-0023,6,46600.0,33950.0,10.0,27960.0,251640.0,203700.0
ITM-0011134,ORD-003100,PRD-0034,6,2800.0,1650.0,5.0,840.0,15960.0,9900.0
ITM-0011135,ORD-003101,PRD-0069,6,41700.0,30300.0,5.0,12510.0,237690.0,181800.0
ITM-0011136,ORD-003101,PRD-0040,2,70550.0,49600.0,0.0,0.0,141100.0,99200.0
ITM-0011137,ORD-003102,PRD-0052,4,40400.0,29250.0,12.5,20200.0,141400.0,117000.0
ITM-0011138,ORD-003102,PRD-0005,26,11500.0,7900.0,7.5,22425.0,276575.0,205400.0
ITM-0011139,ORD-003103,PRD-0052,12,40400.0,29250.0,12.5,60600.0,424200.0,351000.0
ITM-0011140,ORD-003103,PRD-0011,6,50250.0,35950.0,0.0,0.0,301500.0,215700.0
ITM-0011141,ORD-003103,PRD-0066,16,5300.0,3250.0,2.5,2120.0,82680.0,52000.0
ITM-0011142,ORD-003103,PRD-0063,37,12650.0,8000.0,10.0,46805.0,421245.0,296000.0
ITM-0011143,ORD-003104,PRD-0052,1,40400.0,29250.0,7.5,3030.0,37370.0,29250.0
ITM-0011144,ORD-003104,PRD-0006,4,27000.0,19650.0,5.0,5400.0,102600.0,78600.0
ITM-0011145,ORD-003104,PRD-0065,9,9000.0,5800.0,0.0,0.0,81000.0,52200.0
ITM-0011146,ORD-003105,PRD-0066,8,5300.0,3250.0,2.5,1060.0,41340.0,26000.0
ITM-0011147,ORD-003106,PRD-0011,8,50250.0,35950.0,5.0,20100.0,381900.0,287600.0
ITM-0011148,ORD-003106,PRD-0053,9,50250.0,36300.0,0.0,0.0,452250.0,326700.0
ITM-0011149,ORD-003106,PRD-0031,11,1600.0,900.0,5.0,880.0,16720.0,9900.0
ITM-0011150,ORD-003106,PRD-0056,9,16900.0,12000.0,10.0,15210.0,136890.0,108000.0
ITM-0011151,ORD-003107,PRD-0034,6,2800.0,1650.0,5.0,840.0,15960.0,9900.0
ITM-0011152,ORD-003107,PRD-0053,2,50250.0,36300.0,0.0,0.0,100500.0,72600.0
ITM-0011153,ORD-003107,PRD-0066,14,5300.0,3250.0,0.0,0.0,74200.0,45500.0
ITM-0011154,ORD-003108,PRD-0007,18,33250.0,23700.0,0.0,0.0,598500.0,426600.0
ITM-0011155,ORD-003108,PRD-0030,46,35850.0,25550.0,0.0,0.0,1649100.0,1175300.0
ITM-0011156,ORD-003108,PRD-0066,18,5300.0,3250.0,2.5,2385.0,93015.0,58500.0
ITM-0011157,ORD-003108,PRD-0043,18,35950.0,25500.0,7.5,48532.5,598567.5,459000.0
ITM-0011158,ORD-003109,PRD-0031,47,1600.0,900.0,10.0,7520.0,67680.0,42300.0
ITM-0011159,ORD-003109,PRD-0005,13,11500.0,7900.0,5.0,7475.0,142025.0,102700.0
ITM-0011160,ORD-003109,PRD-0017,20,15250.0,10000.0,7.5,22875.0,282125.0,200000.0
ITM-0011161,ORD-003109,PRD-0024,40,17950.0,12350.0,5.0,35900.0,682100.0,494000.0
ITM-0011162,ORD-003109,PRD-0004,51,7100.0,4600.0,5.0,18105.0,343995.0,234600.0
ITM-0011163,ORD-003110,PRD-0005,24,11500.0,7900.0,5.0,13800.0,262200.0,189600.0
ITM-0011164,ORD-003110,PRD-0007,4,33250.0,23700.0,5.0,6650.0,126350.0,94800.0
ITM-0011165,ORD-003110,PRD-0034,12,2800.0,1650.0,2.5,840.0,32760.0,19800.0
ITM-0011166,ORD-003110,PRD-0018,12,39400.0,29550.0,10.0,47280.0,425520.0,354600.0
ITM-0011167,ORD-003111,PRD-0022,2,13950.0,9250.0,5.0,1395.0,26505.0,18500.0
ITM-0011168,ORD-003111,PRD-0037,42,7650.0,5500.0,5.0,16065.0,305235.0,231000.0
ITM-0011169,ORD-003111,PRD-0063,54,12650.0,8000.0,0.0,0.0,683100.0,432000.0
ITM-0011170,ORD-003112,PRD-0003,8,88300.0,65000.0,5.0,35320.0,671080.0,520000.0
ITM-0011171,ORD-003113,PRD-0049,16,2250.0,1400.0,7.5,2700.0,33300.0,22400.0
ITM-0011172,ORD-003114,PRD-0069,3,41700.0,30300.0,5.0,6255.0,118845.0,90900.0
ITM-0011173,ORD-003114,PRD-0027,27,11500.0,7200.0,10.0,31050.0,279450.0,194400.0
ITM-0011174,ORD-003115,PRD-0061,59,5600.0,3650.0,0.0,0.0,330400.0,215350.0
ITM-0011175,ORD-003115,PRD-0034,20,2800.0,1650.0,2.5,1400.0,54600.0,33000.0
ITM-0011176,ORD-003115,PRD-0005,47,11500.0,7900.0,2.5,13512.5,526987.5,371300.0
ITM-0011177,ORD-003115,PRD-0027,35,11500.0,7200.0,10.0,40250.0,362250.0,252000.0
ITM-0011178,ORD-003115,PRD-0069,8,41700.0,30300.0,0.0,0.0,333600.0,242400.0
ITM-0011179,ORD-003116,PRD-0005,26,11500.0,7900.0,10.0,29900.0,269100.0,205400.0
ITM-0011180,ORD-003116,PRD-0039,15,13350.0,9100.0,0.0,0.0,200250.0,136500.0
ITM-0011181,ORD-003117,PRD-0050,40,1200.0,650.0,7.5,3600.0,44400.0,26000.0
ITM-0011182,ORD-003117,PRD-0005,12,11500.0,7900.0,2.5,3450.0,134550.0,94800.0
ITM-0011183,ORD-003117,PRD-0066,12,5300.0,3250.0,5.0,3180.0,60420.0,39000.0
ITM-0011184,ORD-003117,PRD-0004,48,7100.0,4600.0,5.0,17040.0,323760.0,220800.0
ITM-0011185,ORD-003118,PRD-0065,32,9000.0,5800.0,5.0,14400.0,273600.0,185600.0
ITM-0011186,ORD-003118,PRD-0023,10,46600.0,33950.0,7.5,34950.0,431050.0,339500.0
ITM-0011187,ORD-003119,PRD-0009,7,75050.0,56000.0,10.0,52535.0,472815.0,392000.0
ITM-0011188,ORD-003119,PRD-0040,8,70550.0,49600.0,5.0,28220.0,536180.0,396800.0
ITM-0011189,ORD-003120,PRD-0036,9,170650.0,122850.0,10.0,153585.0,1382265.0,1105650.0
ITM-0011190,ORD-003120,PRD-0031,12,1600.0,900.0,12.5,2400.0,16800.0,10800.0
ITM-0011191,ORD-003120,PRD-0054,21,6000.0,4000.0,7.5,9450.0,116550.0,84000.0
ITM-0011192,ORD-003120,PRD-0045,35,4400.0,2800.0,5.0,7700.0,146300.0,98000.0
ITM-0011193,ORD-003121,PRD-0021,15,151550.0,109750.0,0.0,0.0,2273250.0,1646250.0
ITM-0011194,ORD-003121,PRD-0026,46,5050.0,3050.0,7.5,17422.5,214877.5,140300.0
ITM-0011195,ORD-003122,PRD-0021,6,151550.0,109750.0,7.5,68197.5,841102.5,658500.0
ITM-0011196,ORD-003122,PRD-0007,8,33250.0,23700.0,5.0,13300.0,252700.0,189600.0
ITM-0011197,ORD-003122,PRD-0053,4,50250.0,36300.0,7.5,15075.0,185925.0,145200.0
ITM-0011198,ORD-003122,PRD-0040,8,70550.0,49600.0,5.0,28220.0,536180.0,396800.0
ITM-0011199,ORD-003123,PRD-0040,7,70550.0,49600.0,2.5,12346.25,481503.75,347200.0
ITM-0011200,ORD-003123,PRD-0025,7,32700.0,22850.0,5.0,11445.0,217455.0,159950.0
ITM-0011201,ORD-003123,PRD-0027,12,11500.0,7200.0,5.0,6900.0,131100.0,86400.0
ITM-0011202,ORD-003123,PRD-0033,1,88100.0,66350.0,0.0,0.0,88100.0,66350.0
ITM-0011203,ORD-003124,PRD-0069,7,41700.0,30300.0,0.0,0.0,291900.0,212100.0
ITM-0011204,ORD-003124,PRD-0055,7,43600.0,31400.0,5.0,15260.0,289940.0,219800.0
ITM-0011205,ORD-003124,PRD-0004,24,7100.0,4600.0,10.0,17040.0,153360.0,110400.0
ITM-0011206,ORD-003124,PRD-0005,20,11500.0,7900.0,5.0,11500.0,218500.0,158000.0
ITM-0011207,ORD-003124,PRD-0031,24,1600.0,900.0,7.5,2880.0,35520.0,21600.0
ITM-0011208,ORD-003124,PRD-0017,2,15250.0,10000.0,10.0,3050.0,27450.0,20000.0
ITM-0011209,ORD-003124,PRD-0007,4,33250.0,23700.0,12.5,16625.0,116375.0,94800.0
ITM-0011210,ORD-003125,PRD-0045,8,4400.0,2800.0,5.0,1760.0,33440.0,22400.0
ITM-0011211,ORD-003126,PRD-0027,27,11500.0,7200.0,5.0,15525.0,294975.0,194400.0
ITM-0011212,ORD-003126,PRD-0051,62,7700.0,4850.0,2.5,11935.0,465465.0,300700.0
ITM-0011213,ORD-003126,PRD-0002,10,52050.0,38100.0,7.5,39037.5,481462.5,381000.0
ITM-0011214,ORD-003127,PRD-0005,11,11500.0,7900.0,12.5,15812.5,110687.5,86900.0
ITM-0011215,ORD-003127,PRD-0027,15,11500.0,7200.0,0.0,0.0,172500.0,108000.0
ITM-0011216,ORD-003127,PRD-0003,1,88300.0,65000.0,7.5,6622.5,81677.5,65000.0
ITM-0011217,ORD-003128,PRD-0021,2,151550.0,109750.0,0.0,0.0,303100.0,219500.0
ITM-0011218,ORD-003128,PRD-0036,9,170650.0,122850.0,2.5,38396.25,1497453.75,1105650.0
ITM-0011219,ORD-003129,PRD-0030,13,35850.0,25550.0,5.0,23302.5,442747.5,332150.0
ITM-0011220,ORD-003129,PRD-0016,8,18750.0,12900.0,12.5,18750.0,131250.0,103200.0
ITM-0011221,ORD-003129,PRD-0007,6,33250.0,23700.0,5.0,9975.0,189525.0,142200.0
ITM-0011222,ORD-003129,PRD-0052,10,40400.0,29250.0,7.5,30300.0,373700.0,292500.0
ITM-0011223,ORD-003129,PRD-0070,16,5100.0,3300.0,10.0,8160.0,73440.0,52800.0
ITM-0011224,ORD-003130,PRD-0040,4,70550.0,49600.0,2.5,7055.0,275145.0,198400.0
ITM-0011225,ORD-003130,PRD-0069,16,41700.0,30300.0,2.5,16680.0,650520.0,484800.0
ITM-0011226,ORD-003130,PRD-0026,28,5050.0,3050.0,5.0,7070.0,134330.0,85400.0
ITM-0011227,ORD-003131,PRD-0023,6,46600.0,33950.0,2.5,6990.0,272610.0,203700.0
ITM-0011228,ORD-003131,PRD-0049,31,2250.0,1400.0,7.5,5231.25,64518.75,43400.0
ITM-0011229,ORD-003131,PRD-0013,45,8750.0,5350.0,2.5,9843.75,383906.25,240750.0
ITM-0011230,ORD-003131,PRD-0066,8,5300.0,3250.0,2.5,1060.0,41340.0,26000.0
ITM-0011231,ORD-003131,PRD-0043,6,35950.0,25500.0,0.0,0.0,215700.0,153000.0
ITM-0011232,ORD-003132,PRD-0021,2,151550.0,109750.0,10.0,30310.0,272790.0,219500.0
ITM-0011233,ORD-003132,PRD-0019,12,2950.0,1850.0,0.0,0.0,35400.0,22200.0
ITM-0011234,ORD-003132,PRD-0053,7,50250.0,36300.0,7.5,26381.25,325368.75,254100.0
ITM-0011235,ORD-003133,PRD-0012,9,42850.0,31750.0,5.0,19282.5,366367.5,285750.0
ITM-0011236,ORD-003133,PRD-0050,24,1200.0,650.0,10.0,2880.0,25920.0,15600.0
ITM-0011237,ORD-003133,PRD-0027,32,11500.0,7200.0,10.0,36800.0,331200.0,230400.0
ITM-0011238,ORD-003134,PRD-0066,26,5300.0,3250.0,5.0,6890.0,130910.0,84500.0
ITM-0011239,ORD-003134,PRD-0016,20,18750.0,12900.0,2.5,9375.0,365625.0,258000.0
ITM-0011240,ORD-003134,PRD-0052,16,40400.0,29250.0,7.5,48480.0,597920.0,468000.0
ITM-0011241,ORD-003134,PRD-0040,7,70550.0,49600.0,10.0,49385.0,444465.0,347200.0
ITM-0011242,ORD-003134,PRD-0050,43,1200.0,650.0,5.0,2580.0,49020.0,27950.0
ITM-0011243,ORD-003134,PRD-0033,10,88100.0,66350.0,7.5,66075.0,814925.0,663500.0
ITM-0011244,ORD-003135,PRD-0005,18,11500.0,7900.0,0.0,0.0,207000.0,142200.0
ITM-0011245,ORD-003135,PRD-0023,3,46600.0,33950.0,5.0,6990.0,132810.0,101850.0
ITM-0011246,ORD-003135,PRD-0007,1,33250.0,23700.0,2.5,831.25,32418.75,23700.0
ITM-0011247,ORD-003135,PRD-0053,8,50250.0,36300.0,2.5,10050.0,391950.0,290400.0
ITM-0011248,ORD-003136,PRD-0013,14,8750.0,5350.0,7.5,9187.5,113312.5,74900.0
ITM-0011249,ORD-003136,PRD-0045,7,4400.0,2800.0,7.5,2310.0,28490.0,19600.0
ITM-0011250,ORD-003136,PRD-0037,13,7650.0,5500.0,7.5,7458.75,91991.25,71500.0
ITM-0011251,ORD-003136,PRD-0026,18,5050.0,3050.0,10.0,9090.0,81810.0,54900.0
ITM-0011252,ORD-003137,PRD-0013,32,8750.0,5350.0,7.5,21000.0,259000.0,171200.0
ITM-0011253,ORD-003137,PRD-0045,57,4400.0,2800.0,7.5,18810.0,231990.0,159600.0
ITM-0011254,ORD-003137,PRD-0037,41,7650.0,5500.0,10.0,31365.0,282285.0,225500.0
ITM-0011255,ORD-003137,PRD-0064,4,40250.0,28850.0,5.0,8050.0,152950.0,115400.0
ITM-0011256,ORD-003137,PRD-0022,20,13950.0,9250.0,7.5,20925.0,258075.0,185000.0
ITM-0011257,ORD-003137,PRD-0063,85,12650.0,8000.0,7.5,80643.75,994606.25,680000.0
ITM-0011258,ORD-003137,PRD-0009,16,75050.0,56000.0,7.5,90060.0,1110740.0,896000.0
ITM-0011259,ORD-003138,PRD-0009,6,75050.0,56000.0,5.0,22515.0,427785.0,336000.0
ITM-0011260,ORD-003138,PRD-0066,16,5300.0,3250.0,0.0,0.0,84800.0,52000.0
ITM-0011261,ORD-003139,PRD-0066,35,5300.0,3250.0,2.5,4637.5,180862.5,113750.0
ITM-0011262,ORD-003139,PRD-0069,23,41700.0,30300.0,0.0,0.0,959100.0,696900.0
ITM-0011263,ORD-003139,PRD-0028,78,6400.0,4200.0,2.5,12480.0,486720.0,327600.0
ITM-0011264,ORD-003139,PRD-0034,20,2800.0,1650.0,7.5,4200.0,51800.0,33000.0
ITM-0011265,ORD-003139,PRD-0023,16,46600.0,33950.0,2.5,18640.0,726960.0,543200.0
ITM-0011266,ORD-003140,PRD-0005,8,11500.0,7900.0,5.0,4600.0,87400.0,63200.0
ITM-0011267,ORD-003140,PRD-0045,26,4400.0,2800.0,2.5,2860.0,111540.0,72800.0
ITM-0011268,ORD-003140,PRD-0048,10,160400.0,117650.0,5.0,80200.0,1523800.0,1176500.0
ITM-0011269,ORD-003140,PRD-0066,20,5300.0,3250.0,7.5,7950.0,98050.0,65000.0
ITM-0011270,ORD-003140,PRD-0053,4,50250.0,36300.0,5.0,10050.0,190950.0,145200.0
ITM-0011271,ORD-003141,PRD-0036,14,170650.0,122850.0,10.0,238910.0,2150190.0,1719900.0
ITM-0011272,ORD-003141,PRD-0042,10,16900.0,11500.0,7.5,12675.0,156325.0,115000.0
ITM-0011273,ORD-003141,PRD-0034,7,2800.0,1650.0,0.0,0.0,19600.0,11550.0
ITM-0011274,ORD-003142,PRD-0005,17,11500.0,7900.0,5.0,9775.0,185725.0,134300.0
ITM-0011275,ORD-003142,PRD-0034,3,2800.0,1650.0,10.0,840.0,7560.0,4950.0
ITM-0011276,ORD-003142,PRD-0053,8,50250.0,36300.0,7.5,30150.0,371850.0,290400.0
ITM-0011277,ORD-003142,PRD-0017,7,15250.0,10000.0,0.0,0.0,106750.0,70000.0
ITM-0011278,ORD-003143,PRD-0006,6,27000.0,19650.0,5.0,8100.0,153900.0,117900.0
ITM-0011279,ORD-003143,PRD-0060,9,16450.0,11150.0,12.5,18506.25,129543.75,100350.0
ITM-0011280,ORD-003143,PRD-0005,14,11500.0,7900.0,5.0,8050.0,152950.0,110600.0
ITM-0011281,ORD-003143,PRD-0036,11,170650.0,122850.0,2.5,46928.75,1830221.25,1351350.0
ITM-0011282,ORD-003144,PRD-0040,11,70550.0,49600.0,2.5,19401.25,756648.75,545600.0
ITM-0011283,ORD-003144,PRD-0005,32,11500.0,7900.0,5.0,18400.0,349600.0,252800.0
ITM-0011284,ORD-003145,PRD-0009,2,75050.0,56000.0,10.0,15010.0,135090.0,112000.0
ITM-0011285,ORD-003145,PRD-0021,4,151550.0,109750.0,5.0,30310.0,575890.0,439000.0
ITM-0011286,ORD-003145,PRD-0067,4,2050.0,1250.0,0.0,0.0,8200.0,5000.0
ITM-0011287,ORD-003145,PRD-0023,2,46600.0,33950.0,7.5,6990.0,86210.0,67900.0
ITM-0011288,ORD-003146,PRD-0052,8,40400.0,29250.0,5.0,16160.0,307040.0,234000.0
ITM-0011289,ORD-003146,PRD-0033,2,88100.0,66350.0,12.5,22025.0,154175.0,132700.0
ITM-0011290,ORD-003146,PRD-0053,6,50250.0,36300.0,7.5,22612.5,278887.5,217800.0
ITM-0011291,ORD-003147,PRD-0066,40,5300.0,3250.0,5.0,10600.0,201400.0,130000.0
ITM-0011292,ORD-003147,PRD-0057,3,25450.0,17350.0,5.0,3817.5,72532.5,52050.0
ITM-0011293,ORD-003147,PRD-0034,3,2800.0,1650.0,0.0,0.0,8400.0,4950.0
ITM-0011294,ORD-003147,PRD-0028,67,6400.0,4200.0,7.5,32160.0,396640.0,281400.0
ITM-0011295,ORD-003147,PRD-0038,12,32300.0,22650.0,5.0,19380.0,368220.0,271800.0
ITM-0011296,ORD-003147,PRD-0011,9,50250.0,35950.0,7.5,33918.75,418331.25,323550.0
ITM-0011297,ORD-003147,PRD-0063,67,12650.0,8000.0,0.0,0.0,847550.0,536000.0
ITM-0011298,ORD-003148,PRD-0058,1,28050.0,19450.0,10.0,2805.0,25245.0,19450.0
ITM-0011299,ORD-003149,PRD-0030,17,35850.0,25550.0,5.0,30472.5,578977.5,434350.0
ITM-0011300,ORD-003149,PRD-0009,14,75050.0,56000.0,2.5,26267.5,1024432.5,784000.0
ITM-0011301,ORD-003149,PRD-0049,11,2250.0,1400.0,0.0,0.0,24750.0,15400.0
ITM-0011302,ORD-003149,PRD-0007,11,33250.0,23700.0,2.5,9143.75,356606.25,260700.0
ITM-0011303,ORD-003149,PRD-0034,11,2800.0,1650.0,0.0,0.0,30800.0,18150.0
ITM-0011304,ORD-003149,PRD-0010,6,50450.0,37650.0,5.0,15135.0,287565.0,225900.0
ITM-0011305,ORD-003150,PRD-0052,6,40400.0,29250.0,0.0,0.0,242400.0,175500.0
ITM-0011306,ORD-003150,PRD-0005,6,11500.0,7900.0,10.0,6900.0,62100.0,47400.0
ITM-0011307,ORD-003150,PRD-0035,8,195800.0,149250.0,0.0,0.0,1566400.0,1194000.0
ITM-0011308,ORD-003150,PRD-0053,2,50250.0,36300.0,5.0,5025.0,95475.0,72600.0
ITM-0011309,ORD-003150,PRD-0064,10,40250.0,28850.0,0.0,0.0,402500.0,288500.0
ITM-0011310,ORD-003150,PRD-0033,4,88100.0,66350.0,0.0,0.0,352400.0,265400.0
ITM-0011311,ORD-003151,PRD-0026,8,5050.0,3050.0,0.0,0.0,40400.0,24400.0
ITM-0011312,ORD-003151,PRD-0049,9,2250.0,1400.0,2.5,506.25,19743.75,12600.0
ITM-0011313,ORD-003151,PRD-0007,5,33250.0,23700.0,10.0,16625.0,149625.0,118500.0
ITM-0011314,ORD-003151,PRD-0058,3,28050.0,19450.0,7.5,6311.25,77838.75,58350.0
ITM-0011315,ORD-003152,PRD-0048,4,160400.0,117650.0,0.0,0.0,641600.0,470600.0
ITM-0011316,ORD-003152,PRD-0007,2,33250.0,23700.0,10.0,6650.0,59850.0,47400.0
ITM-0011317,ORD-003152,PRD-0052,4,40400.0,29250.0,0.0,0.0,161600.0,117000.0
ITM-0011318,ORD-003152,PRD-0060,2,16450.0,11150.0,5.0,1645.0,31255.0,22300.0
ITM-0011319,ORD-003153,PRD-0060,4,16450.0,11150.0,12.5,8225.0,57575.0,44600.0
ITM-0011320,ORD-003153,PRD-0005,11,11500.0,7900.0,10.0,12650.0,113850.0,86900.0
ITM-0011321,ORD-003153,PRD-0008,19,11400.0,7800.0,5.0,10830.0,205770.0,148200.0
ITM-0011322,ORD-003153,PRD-0033,4,88100.0,66350.0,0.0,0.0,352400.0,265400.0
ITM-0011323,ORD-003153,PRD-0034,4,2800.0,1650.0,7.5,840.0,10360.0,6600.0
ITM-0011324,ORD-003153,PRD-0070,44,5100.0,3300.0,7.5,16830.0,207570.0,145200.0
ITM-0011325,ORD-003153,PRD-0050,48,1200.0,650.0,0.0,0.0,57600.0,31200.0
ITM-0011326,ORD-003154,PRD-0022,9,13950.0,9250.0,5.0,6277.5,119272.5,83250.0
ITM-0011327,ORD-003154,PRD-0045,14,4400.0,2800.0,2.5,1540.0,60060.0,39200.0
ITM-0011328,ORD-003154,PRD-0006,17,27000.0,19650.0,5.0,22950.0,436050.0,334050.0
ITM-0011329,ORD-003155,PRD-0007,1,33250.0,23700.0,10.0,3325.0,29925.0,23700.0
ITM-0011330,ORD-003155,PRD-0050,18,1200.0,650.0,10.0,2160.0,19440.0,11700.0
ITM-0011331,ORD-003155,PRD-0045,20,4400.0,2800.0,5.0,4400.0,83600.0,56000.0
ITM-0011332,ORD-003155,PRD-0066,18,5300.0,3250.0,5.0,4770.0,90630.0,58500.0
ITM-0011333,ORD-003156,PRD-0013,25,8750.0,5350.0,7.5,16406.25,202343.75,133750.0
ITM-0011334,ORD-003157,PRD-0060,6,16450.0,11150.0,5.0,4935.0,93765.0,66900.0
ITM-0011335,ORD-003157,PRD-0033,6,88100.0,66350.0,7.5,39645.0,488955.0,398100.0
ITM-0011336,ORD-003157,PRD-0066,28,5300.0,3250.0,10.0,14840.0,133560.0,91000.0
ITM-0011337,ORD-003157,PRD-0048,4,160400.0,117650.0,0.0,0.0,641600.0,470600.0
ITM-0011338,ORD-003158,PRD-0006,5,27000.0,19650.0,7.5,10125.0,124875.0,98250.0
ITM-0011339,ORD-003158,PRD-0003,9,88300.0,65000.0,5.0,39735.0,754965.0,585000.0
ITM-0011340,ORD-003158,PRD-0034,11,2800.0,1650.0,2.5,770.0,30030.0,18150.0
ITM-0011341,ORD-003159,PRD-0058,4,28050.0,19450.0,5.0,5610.0,106590.0,77800.0
ITM-0011342,ORD-003159,PRD-0027,50,11500.0,7200.0,7.5,43125.0,531875.0,360000.0
ITM-0011343,ORD-003159,PRD-0036,11,170650.0,122850.0,0.0,0.0,1877150.0,1351350.0
ITM-0011344,ORD-003159,PRD-0069,2,41700.0,30300.0,0.0,0.0,83400.0,60600.0
ITM-0011345,ORD-003160,PRD-0034,9,2800.0,1650.0,5.0,1260.0,23940.0,14850.0
ITM-0011346,ORD-003160,PRD-0053,9,50250.0,36300.0,5.0,22612.5,429637.5,326700.0
ITM-0011347,ORD-003160,PRD-0030,27,35850.0,25550.0,7.5,72596.25,895353.75,689850.0
ITM-0011348,ORD-003160,PRD-0037,52,7650.0,5500.0,2.5,9945.0,387855.0,286000.0
ITM-0011349,ORD-003161,PRD-0052,14,40400.0,29250.0,2.5,14140.0,551460.0,409500.0
ITM-0011350,ORD-003161,PRD-0016,5,18750.0,12900.0,2.5,2343.75,91406.25,64500.0
ITM-0011351,ORD-003161,PRD-0018,11,39400.0,29550.0,10.0,43340.0,390060.0,325050.0
ITM-0011352,ORD-003161,PRD-0003,11,88300.0,65000.0,2.5,24282.5,947017.5,715000.0
ITM-0011353,ORD-003161,PRD-0034,5,2800.0,1650.0,5.0,700.0,13300.0,8250.0
ITM-0011354,ORD-003161,PRD-0048,11,160400.0,117650.0,0.0,0.0,1764400.0,1294150.0
ITM-0011355,ORD-003162,PRD-0070,37,5100.0,3300.0,2.5,4717.5,183982.5,122100.0
ITM-0011356,ORD-003162,PRD-0003,10,88300.0,65000.0,0.0,0.0,883000.0,650000.0
ITM-0011357,ORD-003162,PRD-0066,10,5300.0,3250.0,10.0,5300.0,47700.0,32500.0
ITM-0011358,ORD-003163,PRD-0027,75,11500.0,7200.0,5.0,43125.0,819375.0,540000.0
ITM-0011359,ORD-003163,PRD-0063,47,12650.0,8000.0,5.0,29727.5,564822.5,376000.0
ITM-0011360,ORD-003163,PRD-0029,16,30900.0,21650.0,0.0,0.0,494400.0,346400.0
ITM-0011361,ORD-003163,PRD-0014,16,199750.0,146450.0,5.0,159800.0,3036200.0,2343200.0
ITM-0011362,ORD-003164,PRD-0007,11,33250.0,23700.0,0.0,0.0,365750.0,260700.0
ITM-0011363,ORD-003164,PRD-0017,17,15250.0,10000.0,10.0,25925.0,233325.0,170000.0
ITM-0011364,ORD-003164,PRD-0037,69,7650.0,5500.0,2.5,13196.25,514653.75,379500.0
ITM-0011365,ORD-003164,PRD-0067,8,2050.0,1250.0,5.0,820.0,15580.0,10000.0
ITM-0011366,ORD-003164,PRD-0053,3,50250.0,36300.0,10.0,15075.0,135675.0,108900.0
ITM-0011367,ORD-003164,PRD-0030,30,35850.0,25550.0,5.0,53775.0,1021725.0,766500.0
ITM-0011368,ORD-003165,PRD-0067,29,2050.0,1250.0,0.0,0.0,59450.0,36250.0
ITM-0011369,ORD-003165,PRD-0038,4,32300.0,22650.0,10.0,12920.0,116280.0,90600.0
ITM-0011370,ORD-003165,PRD-0017,8,15250.0,10000.0,10.0,12200.0,109800.0,80000.0
ITM-0011371,ORD-003166,PRD-0016,12,18750.0,12900.0,0.0,0.0,225000.0,154800.0
ITM-0011372,ORD-003166,PRD-0027,24,11500.0,7200.0,2.5,6900.0,269100.0,172800.0
ITM-0011373,ORD-003166,PRD-0007,4,33250.0,23700.0,12.5,16625.0,116375.0,94800.0
ITM-0011374,ORD-003166,PRD-0069,4,41700.0,30300.0,5.0,8340.0,158460.0,121200.0
ITM-0011375,ORD-003167,PRD-0032,22,383350.0,305700.0,0.0,0.0,8433700.0,6725400.0
ITM-0011376,ORD-003167,PRD-0066,22,5300.0,3250.0,10.0,11660.0,104940.0,71500.0
ITM-0011377,ORD-003167,PRD-0027,62,11500.0,7200.0,2.5,17825.0,695175.0,446400.0
ITM-0011378,ORD-003168,PRD-0057,6,25450.0,17350.0,7.5,11452.5,141247.5,104100.0
ITM-0011379,ORD-003168,PRD-0007,1,33250.0,23700.0,5.0,1662.5,31587.5,23700.0
ITM-0011380,ORD-003168,PRD-0027,13,11500.0,7200.0,5.0,7475.0,142025.0,93600.0
ITM-0011381,ORD-003169,PRD-0034,1,2800.0,1650.0,10.0,280.0,2520.0,1650.0
ITM-0011382,ORD-003169,PRD-0045,13,4400.0,2800.0,5.0,2860.0,54340.0,36400.0
ITM-0011383,ORD-003170,PRD-0031,14,1600.0,900.0,0.0,0.0,22400.0,12600.0
ITM-0011384,ORD-003170,PRD-0023,6,46600.0,33950.0,5.0,13980.0,265620.0,203700.0
ITM-0011385,ORD-003170,PRD-0028,28,6400.0,4200.0,0.0,0.0,179200.0,117600.0
ITM-0011386,ORD-003171,PRD-0019,30,2950.0,1850.0,7.5,6637.5,81862.5,55500.0
ITM-0011387,ORD-003171,PRD-0034,9,2800.0,1650.0,7.5,1890.0,23310.0,14850.0
ITM-0011388,ORD-003171,PRD-0003,6,88300.0,65000.0,5.0,26490.0,503310.0,390000.0
ITM-0011389,ORD-003171,PRD-0001,9,49000.0,35150.0,5.0,22050.0,418950.0,316350.0
ITM-0011390,ORD-003172,PRD-0013,24,8750.0,5350.0,10.0,21000.0,189000.0,128400.0
ITM-0011391,ORD-003172,PRD-0052,11,40400.0,29250.0,0.0,0.0,444400.0,321750.0
ITM-0011392,ORD-003173,PRD-0031,37,1600.0,900.0,0.0,0.0,59200.0,33300.0
ITM-0011393,ORD-003173,PRD-0007,8,33250.0,23700.0,7.5,19950.0,246050.0,189600.0
ITM-0011394,ORD-003174,PRD-0069,1,41700.0,30300.0,10.0,4170.0,37530.0,30300.0
ITM-0011395,ORD-003174,PRD-0016,5,18750.0,12900.0,0.0,0.0,93750.0,64500.0
ITM-0011396,ORD-003175,PRD-0027,3,11500.0,7200.0,10.0,3450.0,31050.0,21600.0
ITM-0011397,ORD-003175,PRD-0034,2,2800.0,1650.0,2.5,140.0,5460.0,3300.0
ITM-0011398,ORD-003175,PRD-0052,3,40400.0,29250.0,10.0,12120.0,109080.0,87750.0
ITM-0011399,ORD-003176,PRD-0032,19,383350.0,305700.0,5.0,364182.5,6919467.5,5808300.0
ITM-0011400,ORD-003176,PRD-0050,41,1200.0,650.0,5.0,2460.0,46740.0,26650.0
ITM-0011401,ORD-003176,PRD-0019,41,2950.0,1850.0,7.5,9071.25,111878.75,75850.0
ITM-0011402,ORD-003176,PRD-0027,72,11500.0,7200.0,2.5,20700.0,807300.0,518400.0
ITM-0011403,ORD-003176,PRD-0041,16,70000.0,52200.0,7.5,84000.0,1036000.0,835200.0
ITM-0011404,ORD-003176,PRD-0047,6,67750.0,48250.0,0.0,0.0,406500.0,289500.0
ITM-0011405,ORD-003176,PRD-0045,34,4400.0,2800.0,12.5,18700.0,130900.0,95200.0
ITM-0011406,ORD-003177,PRD-0034,11,2800.0,1650.0,5.0,1540.0,29260.0,18150.0
ITM-0011407,ORD-003177,PRD-0059,47,1850.0,1050.0,7.5,6521.25,80428.75,49350.0
ITM-0011408,ORD-003177,PRD-0050,47,1200.0,650.0,12.5,7050.0,49350.0,30550.0
ITM-0011409,ORD-003177,PRD-0022,4,13950.0,9250.0,0.0,0.0,55800.0,37000.0
ITM-0011410,ORD-003177,PRD-0013,25,8750.0,5350.0,10.0,21875.0,196875.0,133750.0
ITM-0011411,ORD-003177,PRD-0058,22,28050.0,19450.0,10.0,61710.0,555390.0,427900.0
ITM-0011412,ORD-003177,PRD-0052,11,40400.0,29250.0,2.5,11110.0,433290.0,321750.0
ITM-0011413,ORD-003178,PRD-0040,13,70550.0,49600.0,7.5,68786.25,848363.75,644800.0
ITM-0011414,ORD-003178,PRD-0049,20,2250.0,1400.0,2.5,1125.0,43875.0,28000.0
ITM-0011415,ORD-003178,PRD-0005,17,11500.0,7900.0,2.5,4887.5,190612.5,134300.0
ITM-0011416,ORD-003178,PRD-0045,20,4400.0,2800.0,0.0,0.0,88000.0,56000.0
ITM-0011417,ORD-003178,PRD-0024,30,17950.0,12350.0,7.5,40387.5,498112.5,370500.0
ITM-0011418,ORD-003179,PRD-0042,8,16900.0,11500.0,12.5,16900.0,118300.0,92000.0
ITM-0011419,ORD-003179,PRD-0060,9,16450.0,11150.0,10.0,14805.0,133245.0,100350.0
ITM-0011420,ORD-003180,PRD-0050,13,1200.0,650.0,5.0,780.0,14820.0,8450.0
ITM-0011421,ORD-003180,PRD-0034,5,2800.0,1650.0,2.5,350.0,13650.0,8250.0
ITM-0011422,ORD-003180,PRD-0007,9,33250.0,23700.0,2.5,7481.25,291768.75,213300.0
ITM-0011423,ORD-003181,PRD-0048,18,160400.0,117650.0,5.0,144360.0,2742840.0,2117700.0
ITM-0011424,ORD-003181,PRD-0036,18,170650.0,122850.0,2.5,76792.5,2994907.5,2211300.0
ITM-0011425,ORD-003182,PRD-0029,5,30900.0,21650.0,0.0,0.0,154500.0,108250.0
ITM-0011426,ORD-003183,PRD-0053,18,50250.0,36300.0,0.0,0.0,904500.0,653400.0
ITM-0011427,ORD-003183,PRD-0043,15,35950.0,25500.0,2.5,13481.25,525768.75,382500.0
ITM-0011428,ORD-003183,PRD-0028,25,6400.0,4200.0,10.0,16000.0,144000.0,105000.0
ITM-0011429,ORD-003183,PRD-0037,34,7650.0,5500.0,0.0,0.0,260100.0,187000.0
ITM-0011430,ORD-003183,PRD-0069,6,41700.0,30300.0,10.0,25020.0,225180.0,181800.0
ITM-0011431,ORD-003183,PRD-0004,43,7100.0,4600.0,5.0,15265.0,290035.0,197800.0
ITM-0011432,ORD-003184,PRD-0034,1,2800.0,1650.0,5.0,140.0,2660.0,1650.0
ITM-0011433,ORD-003184,PRD-0009,2,75050.0,56000.0,5.0,7505.0,142595.0,112000.0
ITM-0011434,ORD-003185,PRD-0066,18,5300.0,3250.0,10.0,9540.0,85860.0,58500.0
ITM-0011435,ORD-003186,PRD-0057,3,25450.0,17350.0,5.0,3817.5,72532.5,52050.0
ITM-0011436,ORD-003186,PRD-0055,3,43600.0,31400.0,2.5,3270.0,127530.0,94200.0
ITM-0011437,ORD-003187,PRD-0023,12,46600.0,33950.0,5.0,27960.0,531240.0,407400.0
ITM-0011438,ORD-003187,PRD-0053,20,50250.0,36300.0,7.5,75375.0,929625.0,726000.0
ITM-0011439,ORD-003187,PRD-0019,59,2950.0,1850.0,2.5,4351.25,169698.75,109150.0
ITM-0011440,ORD-003187,PRD-0034,4,2800.0,1650.0,5.0,560.0,10640.0,6600.0
ITM-0011441,ORD-003187,PRD-0011,24,50250.0,35950.0,10.0,120600.0,1085400.0,862800.0
ITM-0011442,ORD-003187,PRD-0043,12,35950.0,25500.0,5.0,21570.0,409830.0,306000.0
ITM-0011443,ORD-003188,PRD-0049,6,2250.0,1400.0,5.0,675.0,12825.0,8400.0
ITM-0011444,ORD-003188,PRD-0037,9,7650.0,5500.0,12.5,8606.25,60243.75,49500.0
ITM-0011445,ORD-003188,PRD-0009,3,75050.0,56000.0,2.5,5628.75,219521.25,168000.0
ITM-0011446,ORD-003189,PRD-0065,9,9000.0,5800.0,12.5,10125.0,70875.0,52200.0
ITM-0011447,ORD-003190,PRD-0034,2,2800.0,1650.0,2.5,140.0,5460.0,3300.0
ITM-0011448,ORD-003190,PRD-0030,19,35850.0,25550.0,10.0,68115.0,613035.0,485450.0
ITM-0011449,ORD-003190,PRD-0069,7,41700.0,30300.0,10.0,29190.0,262710.0,212100.0
ITM-0011450,ORD-003190,PRD-0054,34,6000.0,4000.0,2.5,5100.0,198900.0,136000.0
ITM-0011451,ORD-003190,PRD-0026,36,5050.0,3050.0,2.5,4545.0,177255.0,109800.0
ITM-0011452,ORD-003190,PRD-0060,2,16450.0,11150.0,7.5,2467.5,30432.5,22300.0
ITM-0011453,ORD-003190,PRD-0006,7,27000.0,19650.0,7.5,14175.0,174825.0,137550.0
ITM-0011454,ORD-003191,PRD-0066,29,5300.0,3250.0,5.0,7685.0,146015.0,94250.0
ITM-0011455,ORD-003191,PRD-0001,7,49000.0,35150.0,5.0,17150.0,325850.0,246050.0
ITM-0011456,ORD-003191,PRD-0030,29,35850.0,25550.0,7.5,77973.75,961676.25,740950.0
ITM-0011457,ORD-003191,PRD-0003,9,88300.0,65000.0,5.0,39735.0,754965.0,585000.0
ITM-0011458,ORD-003191,PRD-0067,9,2050.0,1250.0,0.0,0.0,18450.0,11250.0
ITM-0011459,ORD-003191,PRD-0019,9,2950.0,1850.0,10.0,2655.0,23895.0,16650.0
ITM-0011460,ORD-003192,PRD-0032,1,383350.0,305700.0,7.5,28751.25,354598.75,305700.0
ITM-0011461,ORD-003192,PRD-0015,6,19300.0,12700.0,12.5,14475.0,101325.0,76200.0
ITM-0011462,ORD-003192,PRD-0005,7,11500.0,7900.0,7.5,6037.5,74462.5,55300.0
ITM-0011463,ORD-003192,PRD-0024,13,17950.0,12350.0,5.0,11667.5,221682.5,160550.0
ITM-0011464,ORD-003193,PRD-0031,10,1600.0,900.0,0.0,0.0,16000.0,9000.0
ITM-0011465,ORD-003194,PRD-0030,41,35850.0,25550.0,2.5,36746.25,1433103.75,1047550.0
ITM-0011466,ORD-003194,PRD-0037,50,7650.0,5500.0,2.5,9562.5,372937.5,275000.0
ITM-0011467,ORD-003194,PRD-0013,19,8750.0,5350.0,12.5,20781.25,145468.75,101650.0
ITM-0011468,ORD-003194,PRD-0024,17,17950.0,12350.0,5.0,15257.5,289892.5,209950.0
ITM-0011469,ORD-003194,PRD-0066,14,5300.0,3250.0,0.0,0.0,74200.0,45500.0
ITM-0011470,ORD-003195,PRD-0004,26,7100.0,4600.0,5.0,9230.0,175370.0,119600.0
ITM-0011471,ORD-003195,PRD-0032,3,383350.0,305700.0,5.0,57502.5,1092547.5,917100.0
ITM-0011472,ORD-003195,PRD-0050,26,1200.0,650.0,0.0,0.0,31200.0,16900.0
ITM-0011473,ORD-003196,PRD-0024,44,17950.0,12350.0,5.0,39490.0,750310.0,543400.0
ITM-0011474,ORD-003196,PRD-0031,26,1600.0,900.0,0.0,0.0,41600.0,23400.0
ITM-0011475,ORD-003196,PRD-0033,15,88100.0,66350.0,7.5,99112.5,1222387.5,995250.0
ITM-0011476,ORD-003196,PRD-0034,5,2800.0,1650.0,5.0,700.0,13300.0,8250.0
ITM-0011477,ORD-003196,PRD-0049,28,2250.0,1400.0,7.5,4725.0,58275.0,39200.0
ITM-0011478,ORD-003197,PRD-0007,3,33250.0,23700.0,5.0,4987.5,94762.5,71100.0
ITM-0011479,ORD-003197,PRD-0065,25,9000.0,5800.0,2.5,5625.0,219375.0,145000.0
ITM-0011480,ORD-003198,PRD-0053,5,50250.0,36300.0,5.0,12562.5,238687.5,181500.0
ITM-0011481,ORD-003199,PRD-0036,10,170650.0,122850.0,5.0,85325.0,1621175.0,1228500.0
ITM-0011482,ORD-003199,PRD-0034,15,2800.0,1650.0,2.5,1050.0,40950.0,24750.0
ITM-0011483,ORD-003199,PRD-0027,18,11500.0,7200.0,7.5,15525.0,191475.0,129600.0
ITM-0011484,ORD-003200,PRD-0011,1,50250.0,35950.0,0.0,0.0,50250.0,35950.0
ITM-0011485,ORD-003200,PRD-0007,3,33250.0,23700.0,2.5,2493.75,97256.25,71100.0
ITM-0011486,ORD-003200,PRD-0052,1,40400.0,29250.0,0.0,0.0,40400.0,29250.0
