payment_id,invoice_id,order_id,customer_id,payment_date,payment_method,payment_amount
PAY-0000001,INV-000001,ORD-000003,CUS-0004,2026-02-12,Cheque,1865307.12
PAY-0000002,INV-000002,ORD-000004,CUS-0046,2025-12-26,Bank Transfer,4109291.0
PAY-0000003,INV-000003,ORD-000005,CUS-0076,2026-01-10,Bank Transfer,267582.7
PAY-0000004,INV-000004,ORD-000006,CUS-0039,2025-11-26,Bank Transfer,4379071.45
PAY-0000005,INV-000005,ORD-000007,CUS-0005,2026-08-16,Online Transfer,2247050.4
PAY-0000006,INV-000006,ORD-000008,CUS-0037,2026-03-22,Bank Transfer,54920.0
PAY-0000007,INV-000007,ORD-000009,CUS-0045,2025-05-16,Cash,639797.76
PAY-0000008,INV-000007,ORD-000009,CUS-0045,2026-02-25,Bank Transfer,387722.64
PAY-0000009,INV-000008,ORD-000012,CUS-0066,2026-02-01,Cheque,237567.92
PAY-0000010,INV-000009,ORD-000013,CUS-0055,2026-06-07,Bank Transfer,3118191.3
PAY-0000011,INV-000010,ORD-000014,CUS-0005,2026-01-31,Bank Transfer,910756.45
PAY-0000012,INV-000011,ORD-000015,CUS-0068,2026-01-09,Bank Transfer,329456.0
PAY-0000013,INV-000012,ORD-000016,CUS-0115,2026-04-17,Bank Transfer,203333.98
PAY-0000014,INV-000012,ORD-000016,CUS-0115,2026-08-12,Online Transfer,438783.67
PAY-0000015,INV-000013,ORD-000019,CUS-0067,2025-10-18,Bank Transfer,331994.64
PAY-0000016,INV-000013,ORD-000019,CUS-0067,2025-12-14,Bank Transfer,1302587.09
PAY-0000017,INV-000014,ORD-000020,CUS-0039,2025-06-25,Cheque,4300799.1
PAY-0000018,INV-000015,ORD-000021,CUS-0067,2025-06-15,Online Transfer,1480037.12
PAY-0000019,INV-000016,ORD-000022,CUS-0076,2026-01-20,Cheque,936575.88
PAY-0000020,INV-000016,ORD-000022,CUS-0076,2026-04-21,Cheque,36539.23
PAY-0000021,INV-000016,ORD-000022,CUS-0076,2026-04-24,Bank Transfer,444053.09
PAY-0000022,INV-000017,ORD-000024,CUS-0060,2026-05-20,Bank Transfer,185944.4
PAY-0000023,INV-000018,ORD-000025,CUS-0011,2026-06-18,Bank Transfer,1375730.45
PAY-0000024,INV-000018,ORD-000025,CUS-0011,2026-07-29,Cash,67658.82
PAY-0000025,INV-000019,ORD-000028,CUS-0058,2026-05-22,Online Transfer,2520810.4
PAY-0000026,INV-000020,ORD-000029,CUS-0096,2026-02-25,Bank Transfer,853865.7
PAY-0000027,INV-000021,ORD-000031,CUS-0003,2026-08-18,Cheque,274771.85
PAY-0000028,INV-000022,ORD-000032,CUS-0004,2026-02-16,Bank Transfer,1011276.22
PAY-0000029,INV-000023,ORD-000033,CUS-0093,2026-06-20,Bank Transfer,675461.5
PAY-0000030,INV-000024,ORD-000034,CUS-0050,2026-05-11,Bank Transfer,1011476.82
PAY-0000031,INV-000025,ORD-000035,CUS-0077,2026-08-26,Bank Transfer,81645.3
PAY-0000032,INV-000026,ORD-000039,CUS-0010,2026-06-25,Bank Transfer,130708.6
PAY-0000033,INV-000027,ORD-000040,CUS-0055,2026-04-06,Cheque,808241.0
PAY-0000034,INV-000028,ORD-000041,CUS-0002,2025-11-30,Online Transfer,3595519.0
PAY-0000035,INV-000029,ORD-000044,CUS-0032,2026-06-25,Cheque,381809.65
PAY-0000036,INV-000030,ORD-000045,CUS-0005,2026-07-04,Cheque,3290631.03
PAY-0000037,INV-000030,ORD-000045,CUS-0005,2026-07-28,Cheque,1540061.82
PAY-0000038,INV-000031,ORD-000046,CUS-0087,2026-06-27,Cheque,84243.0
PAY-0000039,INV-000032,ORD-000047,CUS-0069,2025-09-15,Cheque,91494.13
PAY-0000040,INV-000032,ORD-000047,CUS-0069,2026-01-08,Online Transfer,312467.07
PAY-0000041,INV-000033,ORD-000048,CUS-0036,2026-08-07,Bank Transfer,164579.58
PAY-0000042,INV-000033,ORD-000048,CUS-0036,2026-08-10,Bank Transfer,155981.24
PAY-0000043,INV-000033,ORD-000048,CUS-0036,2026-08-16,Cheque,886965.04
PAY-0000044,INV-000034,ORD-000049,CUS-0060,2025-05-15,Bank Transfer,418289.35
PAY-0000045,INV-000035,ORD-000050,CUS-0075,2025-08-07,Bank Transfer,913943.31
PAY-0000046,INV-000035,ORD-000050,CUS-0075,2026-03-31,Cheque,3960387.41
PAY-0000047,INV-000036,ORD-000051,CUS-0113,2025-07-13,Bank Transfer,2179943.38
PAY-0000048,INV-000036,ORD-000051,CUS-0113,2025-12-08,Bank Transfer,1553436.79
PAY-0000049,INV-000037,ORD-000052,CUS-0061,2025-11-19,Bank Transfer,137694.3
PAY-0000050,INV-000037,ORD-000052,CUS-0061,2025-12-02,Cheque,81564.45
PAY-0000051,INV-000038,ORD-000053,CUS-0095,2025-11-24,Cheque,2023978.3
PAY-0000052,INV-000038,ORD-000053,CUS-0095,2026-06-27,Bank Transfer,3915817.2
PAY-0000053,INV-000039,ORD-000054,CUS-0035,2026-08-02,Bank Transfer,5973549.4
PAY-0000054,INV-000040,ORD-000055,CUS-0119,2025-10-11,Bank Transfer,3456.14
PAY-0000055,INV-000040,ORD-000055,CUS-0119,2026-06-12,Bank Transfer,531597.16
PAY-0000056,INV-000041,ORD-000056,CUS-0028,2026-04-26,Online Transfer,1506040.5
PAY-0000057,INV-000041,ORD-000056,CUS-0028,2026-07-02,Online Transfer,495139.2
PAY-0000058,INV-000042,ORD-000057,CUS-0035,2025-12-29,Bank Transfer,812108.45
PAY-0000059,INV-000043,ORD-000059,CUS-0043,2025-06-30,Cheque,3620693.71
PAY-0000060,INV-000044,ORD-000060,CUS-0098,2026-08-19,Online Transfer,849347.78
PAY-0000061,INV-000045,ORD-000061,CUS-0001,2026-04-05,Bank Transfer,5602445.3
PAY-0000062,INV-000046,ORD-000062,CUS-0055,2026-06-19,Online Transfer,742954.55
PAY-0000063,INV-000047,ORD-000063,CUS-0045,2026-06-22,Bank Transfer,134166.0
PAY-0000064,INV-000048,ORD-000064,CUS-0012,2026-05-07,Bank Transfer,288792.31
PAY-0000065,INV-000048,ORD-000064,CUS-0012,2026-06-02,Bank Transfer,97605.22
PAY-0000066,INV-000048,ORD-000064,CUS-0012,2026-08-26,Bank Transfer,315749.67
PAY-0000067,INV-000049,ORD-000067,CUS-0057,2026-05-18,Cheque,391483.15
PAY-0000068,INV-000049,ORD-000067,CUS-0057,2026-05-24,Online Transfer,354673.63
PAY-0000069,INV-000050,ORD-000069,CUS-0064,2026-08-13,Cheque,692556.11
PAY-0000070,INV-000050,ORD-000069,CUS-0064,2026-08-25,Bank Transfer,798210.75
PAY-0000071,INV-000051,ORD-000070,CUS-0083,2026-08-14,Cash,502305.35
PAY-0000072,INV-000052,ORD-000071,CUS-0083,2025-07-07,Online Transfer,17.51
PAY-0000073,INV-000052,ORD-000071,CUS-0083,2025-07-18,Cheque,33634.49
PAY-0000074,INV-000053,ORD-000072,CUS-0055,2026-03-05,Bank Transfer,3811686.15
PAY-0000075,INV-000054,ORD-000073,CUS-0098,2025-12-13,Bank Transfer,614861.17
PAY-0000076,INV-000054,ORD-000073,CUS-0098,2026-04-21,Bank Transfer,138810.73
PAY-0000077,INV-000055,ORD-000075,CUS-0044,2026-06-19,Cheque,8055048.75
PAY-0000078,INV-000056,ORD-000077,CUS-0094,2025-12-13,Online Transfer,335970.73
PAY-0000079,INV-000056,ORD-000077,CUS-0094,2026-03-05,Online Transfer,548746.07
PAY-0000080,INV-000057,ORD-000078,CUS-0084,2026-06-20,Bank Transfer,180481.0
PAY-0000081,INV-000058,ORD-000081,CUS-0106,2026-03-21,Online Transfer,319042.5
PAY-0000082,INV-000059,ORD-000083,CUS-0038,2026-07-19,Bank Transfer,2332433.73
PAY-0000083,INV-000060,ORD-000084,CUS-0088,2026-07-23,Cheque,278135.14
PAY-0000084,INV-000060,ORD-000084,CUS-0088,2026-08-10,Online Transfer,325849.33
PAY-0000085,INV-000061,ORD-000085,CUS-0049,2026-06-11,Cash,968827.2
PAY-0000086,INV-000062,ORD-000086,CUS-0003,2026-08-21,Bank Transfer,241354.25
PAY-0000087,INV-000063,ORD-000087,CUS-0086,2026-01-03,Online Transfer,91571.63
PAY-0000088,INV-000064,ORD-000089,CUS-0039,2026-01-21,Cheque,65880.17
PAY-0000089,INV-000064,ORD-000089,CUS-0039,2026-04-27,Cheque,2816137.08
PAY-0000090,INV-000065,ORD-000090,CUS-0099,2026-07-31,Bank Transfer,1161562.5
PAY-0000091,INV-000066,ORD-000091,CUS-0069,2026-07-07,Online Transfer,297920.5
PAY-0000092,INV-000067,ORD-000093,CUS-0055,2025-07-25,Bank Transfer,2797974.7
PAY-0000093,INV-000068,ORD-000094,CUS-0046,2025-10-30,Online Transfer,447947.88
PAY-0000094,INV-000068,ORD-000094,CUS-0046,2026-01-04,Bank Transfer,181434.62
PAY-0000095,INV-000069,ORD-000095,CUS-0059,2026-01-18,Cheque,522716.4
PAY-0000096,INV-000070,ORD-000098,CUS-0045,2026-08-17,Bank Transfer,313205.04
PAY-0000097,INV-000071,ORD-000099,CUS-0118,2026-06-07,Online Transfer,443500.05
PAY-0000098,INV-000072,ORD-000100,CUS-0070,2026-08-01,Cheque,250030.2
PAY-0000099,INV-000073,ORD-000101,CUS-0047,2025-11-18,Bank Transfer,334757.73
PAY-0000100,INV-000073,ORD-000101,CUS-0047,2026-05-20,Bank Transfer,3393390.32
PAY-0000101,INV-000074,ORD-000102,CUS-0038,2026-03-28,Bank Transfer,633209.83
PAY-0000102,INV-000074,ORD-000102,CUS-0038,2026-04-30,Online Transfer,203032.57
PAY-0000103,INV-000075,ORD-000104,CUS-0084,2025-11-20,Bank Transfer,176831.85
PAY-0000104,INV-000076,ORD-000105,CUS-0064,2026-01-22,Bank Transfer,6844370.29
PAY-0000105,INV-000076,ORD-000105,CUS-0064,2026-04-22,Online Transfer,10140.56
PAY-0000106,INV-000077,ORD-000106,CUS-0001,2026-06-10,Cheque,282668.33
PAY-0000107,INV-000077,ORD-000106,CUS-0001,2026-07-15,Bank Transfer,3689148.25
PAY-0000108,INV-000078,ORD-000107,CUS-0069,2025-10-25,Bank Transfer,1451211.2
PAY-0000109,INV-000079,ORD-000109,CUS-0044,2026-08-26,Online Transfer,1065855.65
PAY-0000110,INV-000080,ORD-000111,CUS-0042,2026-08-27,Bank Transfer,484832.5
PAY-0000111,INV-000081,ORD-000112,CUS-0081,2025-06-01,Bank Transfer,55870.96
PAY-0000112,INV-000081,ORD-000112,CUS-0081,2025-12-11,Bank Transfer,590474.04
PAY-0000113,INV-000082,ORD-000113,CUS-0002,2026-04-26,Bank Transfer,3275994.17
PAY-0000114,INV-000083,ORD-000114,CUS-0048,2025-08-17,Cheque,54583.55
PAY-0000115,INV-000083,ORD-000114,CUS-0048,2025-11-28,Bank Transfer,1220166.02
PAY-0000116,INV-000084,ORD-000116,CUS-0063,2026-03-01,Bank Transfer,6957253.45
PAY-0000117,INV-000085,ORD-000117,CUS-0024,2026-05-26,Cheque,627640.82
PAY-0000118,INV-000086,ORD-000118,CUS-0097,2026-06-17,Bank Transfer,474870.35
PAY-0000119,INV-000087,ORD-000119,CUS-0003,2026-05-24,Cheque,4764.8
PAY-0000120,INV-000088,ORD-000120,CUS-0053,2025-12-23,Online Transfer,746630.26
PAY-0000121,INV-000088,ORD-000120,CUS-0053,2026-02-13,Cheque,604238.17
PAY-0000122,INV-000089,ORD-000123,CUS-0056,2026-06-20,Bank Transfer,184280.6
PAY-0000123,INV-000090,ORD-000124,CUS-0003,2026-09-01,Bank Transfer,123889.67
PAY-0000124,INV-000091,ORD-000125,CUS-0035,2025-10-16,Cheque,2998111.53
PAY-0000125,INV-000091,ORD-000125,CUS-0035,2025-11-12,Bank Transfer,3683594.22
PAY-0000126,INV-000092,ORD-000126,CUS-0102,2026-08-18,Bank Transfer,660248.0
PAY-0000127,INV-000092,ORD-000126,CUS-0102,2026-08-31,Cheque,626473.19
PAY-0000128,INV-000093,ORD-000127,CUS-0058,2026-06-23,Bank Transfer,316458.31
PAY-0000129,INV-000093,ORD-000127,CUS-0058,2026-07-22,Bank Transfer,827917.57
PAY-0000130,INV-000093,ORD-000127,CUS-0058,2026-07-22,Bank Transfer,52142.64
PAY-0000131,INV-000094,ORD-000128,CUS-0041,2026-07-28,Cheque,576660.1
PAY-0000132,INV-000095,ORD-000129,CUS-0089,2025-06-03,Bank Transfer,674290.98
PAY-0000133,INV-000095,ORD-000129,CUS-0089,2025-07-22,Cheque,1969086.02
PAY-0000134,INV-000096,ORD-000132,CUS-0024,2026-04-06,Bank Transfer,816355.39
PAY-0000135,INV-000096,ORD-000132,CUS-0024,2026-04-27,Bank Transfer,1114385.34
PAY-0000136,INV-000096,ORD-000132,CUS-0024,2026-08-17,Bank Transfer,283154.62
PAY-0000137,INV-000097,ORD-000133,CUS-0037,2026-03-07,Online Transfer,998952.6
PAY-0000138,INV-000098,ORD-000134,CUS-0001,2026-07-30,Online Transfer,2167993.95
PAY-0000139,INV-000098,ORD-000134,CUS-0001,2026-08-25,Online Transfer,3573681.02
PAY-0000140,INV-000099,ORD-000135,CUS-0100,2025-09-10,Cheque,1448335.91
PAY-0000141,INV-000099,ORD-000135,CUS-0100,2025-11-06,Cheque,1206922.23
PAY-0000142,INV-000099,ORD-000135,CUS-0100,2026-05-08,Bank Transfer,130469.63
PAY-0000143,INV-000100,ORD-000136,CUS-0052,2026-07-25,Bank Transfer,347380.2
PAY-0000144,INV-000101,ORD-000137,CUS-0059,2026-06-30,Cheque,1197289.95
PAY-0000145,INV-000102,ORD-000139,CUS-0045,2026-03-24,Online Transfer,2759958.05
PAY-0000146,INV-000103,ORD-000140,CUS-0059,2026-02-27,Bank Transfer,850027.75
PAY-0000147,INV-000104,ORD-000141,CUS-0090,2025-12-14,Cheque,206396.91
PAY-0000148,INV-000104,ORD-000141,CUS-0090,2026-05-27,Online Transfer,316045.14
PAY-0000149,INV-000105,ORD-000142,CUS-0001,2026-02-24,Online Transfer,1226815.34
PAY-0000150,INV-000105,ORD-000142,CUS-0001,2026-06-01,Cheque,1084606.56
PAY-0000151,INV-000105,ORD-000142,CUS-0001,2026-07-16,Cheque,981163.08
PAY-0000152,INV-000106,ORD-000143,CUS-0034,2025-11-14,Bank Transfer,2870562.4
PAY-0000153,INV-000107,ORD-000144,CUS-0109,2026-08-30,Bank Transfer,296048.72
PAY-0000154,INV-000108,ORD-000145,CUS-0043,2026-08-15,Online Transfer,3439949.27
PAY-0000155,INV-000109,ORD-000147,CUS-0054,2026-05-09,Bank Transfer,78008.25
PAY-0000156,INV-000110,ORD-000148,CUS-0025,2026-07-02,Cheque,533029.81
PAY-0000157,INV-000110,ORD-000148,CUS-0025,2026-08-08,Bank Transfer,366404.54
PAY-0000158,INV-000111,ORD-000150,CUS-0075,2025-06-10,Online Transfer,351908.09
PAY-0000159,INV-000111,ORD-000150,CUS-0075,2026-04-10,Bank Transfer,40604.16
PAY-0000160,INV-000112,ORD-000151,CUS-0004,2026-06-24,Cash,1227303.25
PAY-0000161,INV-000113,ORD-000152,CUS-0096,2026-06-29,Cheque,1053273.8
PAY-0000162,INV-000113,ORD-000152,CUS-0096,2026-08-15,Bank Transfer,1095776.12
PAY-0000163,INV-000114,ORD-000153,CUS-0079,2026-08-12,Cheque,175234.87
PAY-0000164,INV-000115,ORD-000154,CUS-0090,2026-08-27,Bank Transfer,275234.04
PAY-0000165,INV-000116,ORD-000155,CUS-0080,2026-02-03,Cheque,613104.4
PAY-0000166,INV-000117,ORD-000157,CUS-0005,2026-08-25,Bank Transfer,7915866.28
PAY-0000167,INV-000118,ORD-000158,CUS-0058,2026-06-04,Bank Transfer,1043510.88
PAY-0000168,INV-000119,ORD-000159,CUS-0050,2026-03-08,Online Transfer,869488.9
PAY-0000169,INV-000120,ORD-000160,CUS-0094,2025-05-28,Cheque,377163.4
PAY-0000170,INV-000121,ORD-000161,CUS-0116,2026-07-28,Cheque,111465.65
PAY-0000171,INV-000122,ORD-000162,CUS-0036,2025-09-08,Bank Transfer,983305.8
PAY-0000172,INV-000123,ORD-000163,CUS-0043,2026-08-11,Online Transfer,249269.68
PAY-0000173,INV-000123,ORD-000163,CUS-0043,2026-08-18,Online Transfer,1852148.07
PAY-0000174,INV-000124,ORD-000164,CUS-0105,2026-01-29,Bank Transfer,454429.8
PAY-0000175,INV-000125,ORD-000166,CUS-0024,2026-02-18,Bank Transfer,196173.78
PAY-0000176,INV-000125,ORD-000166,CUS-0024,2026-02-23,Bank Transfer,4888166.65
PAY-0000177,INV-000125,ORD-000166,CUS-0024,2026-03-07,Bank Transfer,370053.22
PAY-0000178,INV-000126,ORD-000167,CUS-0075,2026-06-06,Bank Transfer,78605.55
PAY-0000179,INV-000126,ORD-000167,CUS-0075,2026-08-02,Online Transfer,752285.55
PAY-0000180,INV-000127,ORD-000169,CUS-0002,2025-12-16,Bank Transfer,1731123.28
PAY-0000181,INV-000127,ORD-000169,CUS-0002,2026-06-01,Cheque,1094877.89
PAY-0000182,INV-000128,ORD-000171,CUS-0082,2026-08-13,Bank Transfer,52338.8
PAY-0000183,INV-000129,ORD-000172,CUS-0120,2026-07-07,Bank Transfer,343998.12
PAY-0000184,INV-000129,ORD-000172,CUS-0120,2026-07-21,Online Transfer,856939.5
PAY-0000185,INV-000130,ORD-000173,CUS-0101,2026-02-06,Online Transfer,750196.8
PAY-0000186,INV-000131,ORD-000175,CUS-0090,2026-08-08,Bank Transfer,178616.6
PAY-0000187,INV-000132,ORD-000176,CUS-0035,2026-06-16,Online Transfer,3130702.25
PAY-0000188,INV-000133,ORD-000177,CUS-0083,2026-04-15,Online Transfer,178287.67
PAY-0000189,INV-000134,ORD-000178,CUS-0082,2026-02-12,Bank Transfer,118846.5
PAY-0000190,INV-000135,ORD-000179,CUS-0002,2026-07-11,Bank Transfer,378465.3
PAY-0000191,INV-000136,ORD-000180,CUS-0046,2026-06-05,Online Transfer,1924850.2
PAY-0000192,INV-000136,ORD-000180,CUS-0046,2026-06-26,Bank Transfer,2483174.02
PAY-0000193,INV-000137,ORD-000181,CUS-0050,2026-03-30,Bank Transfer,6831494.73
PAY-0000194,INV-000137,ORD-000181,CUS-0050,2026-06-27,Online Transfer,1863898.72
PAY-0000195,INV-000138,ORD-000183,CUS-0120,2026-08-18,Bank Transfer,2735337.35
PAY-0000196,INV-000139,ORD-000185,CUS-0001,2026-07-26,Bank Transfer,5935633.05
PAY-0000197,INV-000140,ORD-000186,CUS-0034,2026-08-06,Bank Transfer,222429.54
PAY-0000198,INV-000140,ORD-000186,CUS-0034,2026-08-15,Bank Transfer,276787.39
PAY-0000199,INV-000140,ORD-000186,CUS-0034,2026-08-27,Bank Transfer,252692.35
PAY-0000200,INV-000141,ORD-000187,CUS-0010,2026-08-31,Bank Transfer,7540.0
PAY-0000201,INV-000141,ORD-000187,CUS-0010,2026-09-01,Bank Transfer,205995.01
PAY-0000202,INV-000142,ORD-000188,CUS-0092,2026-08-03,Online Transfer,80989.3
PAY-0000203,INV-000143,ORD-000191,CUS-0049,2026-02-21,Cash,636413.82
PAY-0000204,INV-000144,ORD-000192,CUS-0032,2026-07-04,Bank Transfer,338083.28
PAY-0000205,INV-000145,ORD-000194,CUS-0034,2026-05-15,Cheque,279225.88
PAY-0000206,INV-000145,ORD-000194,CUS-0034,2026-08-20,Online Transfer,391421.22
PAY-0000207,INV-000146,ORD-000195,CUS-0102,2026-08-05,Bank Transfer,194894.7
PAY-0000208,INV-000147,ORD-000196,CUS-0095,2026-07-06,Cheque,1374281.1
PAY-0000209,INV-000148,ORD-000197,CUS-0002,2026-07-14,Cheque,508662.16
PAY-0000210,INV-000149,ORD-000198,CUS-0049,2026-08-31,Online Transfer,724059.8
PAY-0000211,INV-000150,ORD-000199,CUS-0012,2026-02-18,Bank Transfer,641625.0
PAY-0000212,INV-000151,ORD-000200,CUS-0074,2026-02-10,Cheque,286148.44
PAY-0000213,INV-000151,ORD-000200,CUS-0074,2026-06-22,Online Transfer,1478591.71
PAY-0000214,INV-000152,ORD-000202,CUS-0059,2026-05-19,Bank Transfer,1393358.75
PAY-0000215,INV-000153,ORD-000203,CUS-0049,2026-01-28,Bank Transfer,5216036.6
PAY-0000216,INV-000154,ORD-000204,CUS-0059,2026-01-14,Bank Transfer,395432.75
PAY-0000217,INV-000155,ORD-000206,CUS-0085,2026-07-03,Bank Transfer,3454686.0
PAY-0000218,INV-000156,ORD-000209,CUS-0011,2026-09-01,Bank Transfer,1198275.25
PAY-0000219,INV-000157,ORD-000210,CUS-0037,2025-05-01,Cheque,339471.25
PAY-0000220,INV-000158,ORD-000211,CUS-0018,2026-06-16,Cheque,435502.6
PAY-0000221,INV-000159,ORD-000212,CUS-0069,2025-11-05,Cheque,308046.38
PAY-0000222,INV-000160,ORD-000213,CUS-0054,2026-04-03,Cheque,230049.85
PAY-0000223,INV-000161,ORD-000214,CUS-0055,2026-06-20,Online Transfer,2208545.25
PAY-0000224,INV-000161,ORD-000214,CUS-0055,2026-08-01,Online Transfer,1021588.23
PAY-0000225,INV-000162,ORD-000218,CUS-0089,2026-09-01,Cheque,815584.14
PAY-0000226,INV-000163,ORD-000219,CUS-0004,2026-06-15,Cheque,1982881.02
PAY-0000227,INV-000163,ORD-000219,CUS-0004,2026-08-03,Cheque,220955.4
PAY-0000228,INV-000163,ORD-000219,CUS-0004,2026-08-31,Bank Transfer,40547.18
PAY-0000229,INV-000164,ORD-000220,CUS-0113,2025-07-25,Online Transfer,233057.96
PAY-0000230,INV-000164,ORD-000220,CUS-0113,2026-02-08,Bank Transfer,921501.24
PAY-0000231,INV-000165,ORD-000221,CUS-0007,2026-08-27,Bank Transfer,258390.5
PAY-0000232,INV-000166,ORD-000222,CUS-0028,2026-07-25,Online Transfer,871867.58
PAY-0000233,INV-000166,ORD-000222,CUS-0028,2026-07-28,Cheque,170113.72
PAY-0000234,INV-000167,ORD-000223,CUS-0100,2026-08-25,Bank Transfer,172150.2
PAY-0000235,INV-000168,ORD-000225,CUS-0110,2025-09-18,Bank Transfer,558010.2
PAY-0000236,INV-000169,ORD-000226,CUS-0050,2026-04-25,Bank Transfer,700950.97
PAY-0000237,INV-000170,ORD-000228,CUS-0064,2026-02-09,Cheque,1513019.6
PAY-0000238,INV-000171,ORD-000230,CUS-0008,2025-07-06,Online Transfer,313995.05
PAY-0000239,INV-000172,ORD-000232,CUS-0067,2026-08-18,Online Transfer,10278.28
PAY-0000240,INV-000172,ORD-000232,CUS-0067,2026-08-24,Cheque,168071.34
PAY-0000241,INV-000173,ORD-000235,CUS-0014,2026-07-16,Cheque,1981311.45
PAY-0000242,INV-000174,ORD-000236,CUS-0045,2026-02-01,Bank Transfer,2164062.48
PAY-0000243,INV-000175,ORD-000237,CUS-0086,2026-06-17,Cheque,267358.5
PAY-0000244,INV-000176,ORD-000238,CUS-0047,2026-08-28,Online Transfer,30464.1
PAY-0000245,INV-000177,ORD-000240,CUS-0021,2025-10-01,Online Transfer,20999.2
PAY-0000246,INV-000177,ORD-000240,CUS-0021,2026-01-26,Cheque,133362.5
PAY-0000247,INV-000178,ORD-000241,CUS-0067,2026-07-22,Cheque,26930.57
PAY-0000248,INV-000178,ORD-000241,CUS-0067,2026-08-10,Bank Transfer,1822650.11
PAY-0000249,INV-000179,ORD-000246,CUS-0108,2025-08-11,Bank Transfer,3972559.98
PAY-0000250,INV-000180,ORD-000247,CUS-0036,2026-06-19,Bank Transfer,3860403.92
PAY-0000251,INV-000181,ORD-000248,CUS-0036,2026-04-09,Bank Transfer,1557818.64
PAY-0000252,INV-000181,ORD-000248,CUS-0036,2026-07-07,Bank Transfer,197266.16
PAY-0000253,INV-000182,ORD-000249,CUS-0003,2026-08-23,Bank Transfer,729181.0
PAY-0000254,INV-000183,ORD-000250,CUS-0036,2026-03-21,Online Transfer,421178.88
PAY-0000255,INV-000184,ORD-000251,CUS-0095,2026-04-26,Bank Transfer,1139071.7
PAY-0000256,INV-000185,ORD-000253,CUS-0090,2025-06-28,Bank Transfer,465350.7
PAY-0000257,INV-000186,ORD-000254,CUS-0075,2026-08-17,Bank Transfer,1577193.31
PAY-0000258,INV-000187,ORD-000255,CUS-0071,2026-08-01,Online Transfer,3768378.67
PAY-0000259,INV-000188,ORD-000257,CUS-0044,2026-05-02,Online Transfer,75685.05
PAY-0000260,INV-000189,ORD-000258,CUS-0068,2026-08-17,Bank Transfer,23119.2
PAY-0000261,INV-000190,ORD-000259,CUS-0024,2025-11-26,Online Transfer,2159175.21
PAY-0000262,INV-000190,ORD-000259,CUS-0024,2025-12-27,Bank Transfer,716157.34
PAY-0000263,INV-000191,ORD-000260,CUS-0001,2026-08-25,Bank Transfer,2142315.86
PAY-0000264,INV-000191,ORD-000260,CUS-0001,2026-08-25,Online Transfer,6527238.54
PAY-0000265,INV-000192,ORD-000261,CUS-0046,2026-08-30,Online Transfer,809855.32
PAY-0000266,INV-000193,ORD-000263,CUS-0001,2025-08-26,Cheque,166796.14
PAY-0000267,INV-000193,ORD-000263,CUS-0001,2025-11-14,Online Transfer,1137876.76
PAY-0000268,INV-000194,ORD-000264,CUS-0053,2026-04-16,Online Transfer,55462.8
PAY-0000269,INV-000195,ORD-000265,CUS-0055,2026-06-29,Online Transfer,2932860.5
PAY-0000270,INV-000196,ORD-000266,CUS-0048,2025-07-16,Bank Transfer,1791358.0
PAY-0000271,INV-000197,ORD-000267,CUS-0080,2026-08-15,Online Transfer,611694.3
PAY-0000272,INV-000198,ORD-000268,CUS-0048,2026-03-25,Online Transfer,434405.2
PAY-0000273,INV-000199,ORD-000269,CUS-0071,2025-10-05,Online Transfer,626802.72
PAY-0000274,INV-000200,ORD-000271,CUS-0030,2026-05-17,Online Transfer,77488.2
PAY-0000275,INV-000201,ORD-000273,CUS-0104,2025-12-10,Bank Transfer,1242400.48
PAY-0000276,INV-000201,ORD-000273,CUS-0104,2025-12-24,Bank Transfer,607736.27
PAY-0000277,INV-000202,ORD-000274,CUS-0056,2026-01-04,Online Transfer,2197794.25
PAY-0000278,INV-000203,ORD-000275,CUS-0043,2026-04-28,Bank Transfer,1544811.75
PAY-0000279,INV-000204,ORD-000276,CUS-0097,2025-11-23,Bank Transfer,1112676.47
PAY-0000280,INV-000204,ORD-000276,CUS-0097,2026-05-31,Bank Transfer,2238104.63
PAY-0000281,INV-000205,ORD-000277,CUS-0092,2026-01-25,Online Transfer,4030.06
PAY-0000282,INV-000205,ORD-000277,CUS-0092,2026-02-09,Bank Transfer,2012.66
PAY-0000283,INV-000206,ORD-000278,CUS-0039,2026-05-01,Cheque,464596.28
PAY-0000284,INV-000206,ORD-000278,CUS-0039,2026-06-05,Bank Transfer,1645646.39
PAY-0000285,INV-000207,ORD-000280,CUS-0005,2026-08-22,Bank Transfer,2717522.3
PAY-0000286,INV-000208,ORD-000282,CUS-0036,2026-08-24,Bank Transfer,7692681.08
PAY-0000287,INV-000209,ORD-000283,CUS-0005,2026-05-15,Bank Transfer,3917558.7
PAY-0000288,INV-000210,ORD-000284,CUS-0045,2026-03-16,Cheque,461644.03
PAY-0000289,INV-000211,ORD-000285,CUS-0115,2026-04-29,Cheque,1300737.6
PAY-0000290,INV-000212,ORD-000286,CUS-0050,2026-06-29,Online Transfer,692873.77
PAY-0000291,INV-000212,ORD-000286,CUS-0050,2026-08-06,Cheque,1388280.43
PAY-0000292,INV-000213,ORD-000287,CUS-0084,2026-05-14,Cheque,116718.1
PAY-0000293,INV-000214,ORD-000289,CUS-0004,2026-05-19,Cheque,5157002.67
PAY-0000294,INV-000215,ORD-000292,CUS-0029,2026-09-01,Cheque,422587.5
PAY-0000295,INV-000216,ORD-000293,CUS-0011,2025-10-29,Cheque,321600.15
PAY-0000296,INV-000217,ORD-000294,CUS-0063,2026-03-09,Cheque,349442.78
PAY-0000297,INV-000217,ORD-000294,CUS-0063,2026-03-11,Online Transfer,65981.96
PAY-0000298,INV-000217,ORD-000294,CUS-0063,2026-08-29,Bank Transfer,164362.36
PAY-0000299,INV-000218,ORD-000295,CUS-0072,2026-06-24,Online Transfer,405576.9
PAY-0000300,INV-000218,ORD-000295,CUS-0072,2026-07-30,Cheque,552870.06
PAY-0000301,INV-000218,ORD-000295,CUS-0072,2026-07-31,Cheque,63778.19
PAY-0000302,INV-000219,ORD-000296,CUS-0007,2025-10-14,Online Transfer,368696.9
PAY-0000303,INV-000220,ORD-000297,CUS-0013,2026-07-27,Bank Transfer,865450.35
PAY-0000304,INV-000221,ORD-000298,CUS-0005,2026-07-03,Cheque,7340102.97
PAY-0000305,INV-000222,ORD-000299,CUS-0089,2026-08-11,Cheque,1637350.3
PAY-0000306,INV-000223,ORD-000300,CUS-0098,2026-06-14,Cheque,2169276.88
PAY-0000307,INV-000223,ORD-000300,CUS-0098,2026-08-11,Online Transfer,63613.52
PAY-0000308,INV-000224,ORD-000301,CUS-0023,2026-08-29,Cheque,306327.26
PAY-0000309,INV-000225,ORD-000302,CUS-0028,2026-03-20,Online Transfer,441556.0
PAY-0000310,INV-000226,ORD-000303,CUS-0043,2025-09-26,Cheque,1944933.02
PAY-0000311,INV-000226,ORD-000303,CUS-0043,2026-07-07,Cheque,826485.78
PAY-0000312,INV-000227,ORD-000305,CUS-0044,2026-08-12,Cheque,819625.05
PAY-0000313,INV-000228,ORD-000306,CUS-0004,2026-04-24,Online Transfer,782656.52
PAY-0000314,INV-000228,ORD-000306,CUS-0004,2026-07-14,Cheque,357071.4
PAY-0000315,INV-000228,ORD-000306,CUS-0004,2026-07-22,Cheque,70748.53
PAY-0000316,INV-000229,ORD-000307,CUS-0115,2026-06-19,Cheque,1273594.65
PAY-0000317,INV-000230,ORD-000308,CUS-0079,2026-04-17,Bank Transfer,351688.51
PAY-0000318,INV-000230,ORD-000308,CUS-0079,2026-04-27,Online Transfer,210680.31
PAY-0000319,INV-000230,ORD-000308,CUS-0079,2026-05-03,Bank Transfer,868565.56
PAY-0000320,INV-000231,ORD-000309,CUS-0119,2026-04-15,Bank Transfer,133694.0
PAY-0000321,INV-000232,ORD-000310,CUS-0109,2026-07-21,Online Transfer,304229.08
PAY-0000322,INV-000233,ORD-000312,CUS-0076,2026-06-07,Bank Transfer,449206.71
PAY-0000323,INV-000233,ORD-000312,CUS-0076,2026-08-13,Bank Transfer,471967.67
PAY-0000324,INV-000234,ORD-000313,CUS-0074,2026-07-15,Bank Transfer,587198.21
PAY-0000325,INV-000234,ORD-000313,CUS-0074,2026-08-28,Bank Transfer,709910.89
PAY-0000326,INV-000235,ORD-000314,CUS-0016,2026-05-30,Cheque,630370.93
PAY-0000327,INV-000235,ORD-000314,CUS-0016,2026-07-03,Online Transfer,89266.82
PAY-0000328,INV-000236,ORD-000316,CUS-0030,2026-06-07,Bank Transfer,46612.8
PAY-0000329,INV-000237,ORD-000317,CUS-0016,2026-06-03,Bank Transfer,16641.7
PAY-0000330,INV-000238,ORD-000318,CUS-0025,2026-04-20,Online Transfer,70994.6
PAY-0000331,INV-000239,ORD-000319,CUS-0079,2026-07-26,Bank Transfer,423947.45
PAY-0000332,INV-000240,ORD-000320,CUS-0108,2026-06-21,Cheque,384228.65
PAY-0000333,INV-000241,ORD-000321,CUS-0032,2026-03-01,Bank Transfer,295154.88
PAY-0000334,INV-000242,ORD-000322,CUS-0005,2026-08-24,Online Transfer,1575985.88
PAY-0000335,INV-000243,ORD-000323,CUS-0011,2025-09-28,Bank Transfer,3781265.75
PAY-0000336,INV-000244,ORD-000324,CUS-0032,2026-04-18,Online Transfer,105407.8
PAY-0000337,INV-000245,ORD-000325,CUS-0005,2025-10-03,Online Transfer,608036.3
PAY-0000338,INV-000246,ORD-000327,CUS-0064,2026-08-14,Online Transfer,5361596.97
PAY-0000339,INV-000247,ORD-000328,CUS-0035,2026-08-26,Online Transfer,373773.75
PAY-0000340,INV-000247,ORD-000328,CUS-0035,2026-08-27,Bank Transfer,440608.04
PAY-0000341,INV-000248,ORD-000329,CUS-0055,2026-06-13,Cheque,1170712.07
PAY-0000342,INV-000248,ORD-000329,CUS-0055,2026-08-02,Cash,4547240.48
PAY-0000343,INV-000249,ORD-000330,CUS-0055,2026-08-04,Cheque,3081065.55
PAY-0000344,INV-000250,ORD-000331,CUS-0090,2026-06-02,Cheque,809733.7
PAY-0000345,INV-000251,ORD-000332,CUS-0035,2026-02-21,Bank Transfer,2151352.4
PAY-0000346,INV-000252,ORD-000334,CUS-0011,2025-10-31,Bank Transfer,846045.15
PAY-0000347,INV-000252,ORD-000334,CUS-0011,2026-04-02,Online Transfer,576073.15
PAY-0000348,INV-000253,ORD-000335,CUS-0103,2026-03-17,Bank Transfer,43995.61
PAY-0000349,INV-000253,ORD-000335,CUS-0103,2026-04-24,Online Transfer,60387.09
PAY-0000350,INV-000254,ORD-000336,CUS-0044,2026-01-06,Bank Transfer,3671200.82
PAY-0000351,INV-000254,ORD-000336,CUS-0044,2026-08-02,Bank Transfer,31184.88
PAY-0000352,INV-000255,ORD-000337,CUS-0045,2026-06-26,Online Transfer,39733.28
PAY-0000353,INV-000255,ORD-000337,CUS-0045,2026-07-05,Bank Transfer,580290.34
PAY-0000354,INV-000256,ORD-000339,CUS-0089,2026-08-14,Bank Transfer,412825.92
PAY-0000355,INV-000256,ORD-000339,CUS-0089,2026-09-01,Cheque,46621.83
PAY-0000356,INV-000257,ORD-000341,CUS-0081,2025-07-19,Bank Transfer,1180118.0
PAY-0000357,INV-000258,ORD-000342,CUS-0071,2026-06-04,Bank Transfer,181461.88
PAY-0000358,INV-000259,ORD-000343,CUS-0001,2026-07-18,Bank Transfer,1808291.0
PAY-0000359,INV-000260,ORD-000344,CUS-0043,2025-06-19,Bank Transfer,3433364.03
PAY-0000360,INV-000260,ORD-000344,CUS-0043,2025-07-11,Online Transfer,1803804.89
PAY-0000361,INV-000261,ORD-000345,CUS-0045,2025-11-22,Bank Transfer,1694562.68
PAY-0000362,INV-000261,ORD-000345,CUS-0045,2026-04-11,Online Transfer,1831157.84
PAY-0000363,INV-000262,ORD-000346,CUS-0074,2026-02-07,Bank Transfer,3157550.62
PAY-0000364,INV-000262,ORD-000346,CUS-0074,2026-04-04,Bank Transfer,2258389.78
PAY-0000365,INV-000263,ORD-000347,CUS-0079,2026-01-26,Bank Transfer,1087222.5
PAY-0000366,INV-000264,ORD-000349,CUS-0120,2026-07-02,Bank Transfer,722637.9
PAY-0000367,INV-000265,ORD-000350,CUS-0010,2026-05-27,Bank Transfer,444842.34
PAY-0000368,INV-000265,ORD-000350,CUS-0010,2026-08-07,Online Transfer,691103.84
PAY-0000369,INV-000266,ORD-000351,CUS-0052,2026-08-12,Online Transfer,1123079.75
PAY-0000370,INV-000267,ORD-000352,CUS-0031,2026-05-08,Bank Transfer,280699.88
PAY-0000371,INV-000268,ORD-000354,CUS-0046,2026-07-31,Bank Transfer,8520310.95
PAY-0000372,INV-000269,ORD-000355,CUS-0044,2026-06-25,Cheque,2930987.25
PAY-0000373,INV-000270,ORD-000356,CUS-0088,2026-05-06,Cheque,332167.05
PAY-0000374,INV-000271,ORD-000357,CUS-0095,2026-08-30,Bank Transfer,1727923.29
PAY-0000375,INV-000271,ORD-000357,CUS-0095,2026-08-30,Bank Transfer,1097769.64
PAY-0000376,INV-000271,ORD-000357,CUS-0095,2026-08-30,Bank Transfer,760138.27
PAY-0000377,INV-000272,ORD-000358,CUS-0118,2026-01-16,Bank Transfer,225911.0
PAY-0000378,INV-000273,ORD-000359,CUS-0062,2026-01-18,Bank Transfer,916553.85
PAY-0000379,INV-000274,ORD-000361,CUS-0043,2026-08-18,Online Transfer,5870733.05
PAY-0000380,INV-000275,ORD-000362,CUS-0102,2026-07-22,Bank Transfer,46750.05
PAY-0000381,INV-000276,ORD-000363,CUS-0095,2026-03-08,Online Transfer,3056860.89
PAY-0000382,INV-000276,ORD-000363,CUS-0095,2026-05-01,Bank Transfer,1020419.66
PAY-0000383,INV-000277,ORD-000364,CUS-0017,2026-06-21,Bank Transfer,1409.18
PAY-0000384,INV-000277,ORD-000364,CUS-0017,2026-07-18,Bank Transfer,1800.14
PAY-0000385,INV-000278,ORD-000365,CUS-0050,2026-02-23,Bank Transfer,6205403.17
PAY-0000386,INV-000279,ORD-000366,CUS-0117,2026-07-25,Cheque,130038.75
PAY-0000387,INV-000280,ORD-000367,CUS-0005,2026-08-28,Online Transfer,335338.45
PAY-0000388,INV-000281,ORD-000368,CUS-0005,2025-12-17,Cheque,1311519.85
PAY-0000389,INV-000282,ORD-000369,CUS-0074,2026-05-16,Bank Transfer,24686.06
PAY-0000390,INV-000282,ORD-000369,CUS-0074,2026-05-19,Bank Transfer,419173.89
PAY-0000391,INV-000283,ORD-000370,CUS-0045,2025-12-13,Cheque,605179.95
PAY-0000392,INV-000283,ORD-000370,CUS-0045,2026-04-12,Cheque,20408.85
PAY-0000393,INV-000284,ORD-000371,CUS-0037,2026-08-23,Online Transfer,1259691.3
PAY-0000394,INV-000285,ORD-000374,CUS-0001,2025-06-17,Bank Transfer,665955.74
PAY-0000395,INV-000285,ORD-000374,CUS-0001,2026-08-11,Bank Transfer,125847.86
PAY-0000396,INV-000286,ORD-000375,CUS-0073,2026-08-28,Cheque,181867.5
PAY-0000397,INV-000287,ORD-000376,CUS-0037,2026-05-03,Bank Transfer,464433.25
PAY-0000398,INV-000288,ORD-000377,CUS-0056,2026-05-22,Online Transfer,354236.0
PAY-0000399,INV-000289,ORD-000379,CUS-0041,2025-11-04,Cash,117749.62
PAY-0000400,INV-000289,ORD-000379,CUS-0041,2026-08-22,Bank Transfer,81304.58
PAY-0000401,INV-000290,ORD-000380,CUS-0004,2026-05-10,Cheque,190441.78
PAY-0000402,INV-000291,ORD-000381,CUS-0041,2025-12-11,Cheque,339840.0
PAY-0000403,INV-000292,ORD-000382,CUS-0036,2026-04-26,Bank Transfer,1564565.97
PAY-0000404,INV-000292,ORD-000382,CUS-0036,2026-05-15,Bank Transfer,4688121.28
PAY-0000405,INV-000293,ORD-000383,CUS-0079,2026-07-21,Bank Transfer,777707.03
PAY-0000406,INV-000294,ORD-000384,CUS-0075,2026-08-27,Bank Transfer,1275696.52
PAY-0000407,INV-000295,ORD-000385,CUS-0083,2026-07-07,Cheque,23525.36
PAY-0000408,INV-000295,ORD-000385,CUS-0083,2026-08-21,Cheque,341401.01
PAY-0000409,INV-000296,ORD-000387,CUS-0074,2026-08-28,Bank Transfer,1082375.65
PAY-0000410,INV-000297,ORD-000388,CUS-0120,2026-07-07,Online Transfer,21972.67
PAY-0000411,INV-000297,ORD-000388,CUS-0120,2026-07-10,Bank Transfer,1885851.33
PAY-0000412,INV-000298,ORD-000389,CUS-0031,2026-07-04,Bank Transfer,6861.68
PAY-0000413,INV-000299,ORD-000390,CUS-0094,2025-12-08,Cheque,233728.5
PAY-0000414,INV-000300,ORD-000391,CUS-0025,2025-12-23,Cheque,37022.99
PAY-0000415,INV-000300,ORD-000391,CUS-0025,2026-04-29,Bank Transfer,195351.64
PAY-0000416,INV-000300,ORD-000391,CUS-0025,2026-05-21,Cheque,836504.77
PAY-0000417,INV-000301,ORD-000393,CUS-0021,2026-04-15,Bank Transfer,436614.75
PAY-0000418,INV-000302,ORD-000400,CUS-0011,2026-02-24,Bank Transfer,2261565.88
PAY-0000419,INV-000303,ORD-000401,CUS-0011,2026-03-25,Online Transfer,7557979.65
PAY-0000420,INV-000304,ORD-000402,CUS-0081,2025-11-29,Bank Transfer,2365053.35
PAY-0000421,INV-000305,ORD-000403,CUS-0004,2026-01-12,Cheque,2213801.59
PAY-0000422,INV-000305,ORD-000403,CUS-0004,2026-03-18,Bank Transfer,120675.06
PAY-0000423,INV-000305,ORD-000403,CUS-0004,2026-07-11,Online Transfer,1060588.37
PAY-0000424,INV-000306,ORD-000404,CUS-0120,2025-12-07,Bank Transfer,177706.89
PAY-0000425,INV-000306,ORD-000404,CUS-0120,2026-06-16,Bank Transfer,1263571.66
PAY-0000426,INV-000307,ORD-000405,CUS-0004,2026-09-01,Bank Transfer,143885.07
PAY-0000427,INV-000308,ORD-000406,CUS-0094,2026-05-25,Bank Transfer,274645.1
PAY-0000428,INV-000308,ORD-000406,CUS-0094,2026-07-25,Online Transfer,1377590.9
PAY-0000429,INV-000309,ORD-000407,CUS-0060,2026-08-21,Online Transfer,724921.2
PAY-0000430,INV-000310,ORD-000408,CUS-0084,2026-05-17,Online Transfer,2262911.2
PAY-0000431,INV-000310,ORD-000408,CUS-0084,2026-08-27,Online Transfer,68730.45
PAY-0000432,INV-000311,ORD-000409,CUS-0075,2025-10-04,Bank Transfer,2263847.7
PAY-0000433,INV-000312,ORD-000410,CUS-0037,2026-07-26,Online Transfer,210113.75
PAY-0000434,INV-000313,ORD-000411,CUS-0119,2026-06-21,Bank Transfer,316682.5
PAY-0000435,INV-000314,ORD-000412,CUS-0067,2025-12-25,Bank Transfer,3769020.3
PAY-0000436,INV-000315,ORD-000414,CUS-0005,2026-06-22,Bank Transfer,3013725.9
PAY-0000437,INV-000316,ORD-000416,CUS-0074,2025-12-04,Bank Transfer,584049.85
PAY-0000438,INV-000317,ORD-000417,CUS-0050,2026-05-19,Bank Transfer,2863926.38
PAY-0000439,INV-000318,ORD-000420,CUS-0036,2025-11-03,Bank Transfer,3551221.8
PAY-0000440,INV-000319,ORD-000421,CUS-0011,2026-05-02,Bank Transfer,1017643.8
PAY-0000441,INV-000320,ORD-000422,CUS-0067,2025-11-13,Bank Transfer,3518537.27
PAY-0000442,INV-000321,ORD-000425,CUS-0069,2026-01-24,Bank Transfer,265881.49
PAY-0000443,INV-000321,ORD-000425,CUS-0069,2026-08-15,Online Transfer,134647.39
PAY-0000444,INV-000322,ORD-000427,CUS-0037,2026-08-09,Cheque,343576.76
PAY-0000445,INV-000323,ORD-000428,CUS-0055,2025-09-27,Online Transfer,1217339.63
PAY-0000446,INV-000323,ORD-000428,CUS-0055,2026-01-14,Cash,2385591.08
PAY-0000447,INV-000323,ORD-000428,CUS-0055,2026-05-15,Bank Transfer,2403388.76
PAY-0000448,INV-000324,ORD-000430,CUS-0100,2025-11-21,Bank Transfer,293992.18
PAY-0000449,INV-000324,ORD-000430,CUS-0100,2026-01-06,Bank Transfer,883901.36
PAY-0000450,INV-000324,ORD-000430,CUS-0100,2026-04-12,Online Transfer,348302.23
PAY-0000451,INV-000325,ORD-000432,CUS-0096,2026-05-07,Bank Transfer,1843950.6
PAY-0000452,INV-000326,ORD-000434,CUS-0022,2026-07-11,Cash,4806713.78
PAY-0000453,INV-000327,ORD-000435,CUS-0024,2026-05-28,Bank Transfer,7157151.35
PAY-0000454,INV-000328,ORD-000436,CUS-0065,2026-03-25,Cheque,60632.75
PAY-0000455,INV-000329,ORD-000437,CUS-0013,2026-03-01,Bank Transfer,153573.44
PAY-0000456,INV-000329,ORD-000437,CUS-0013,2026-08-29,Bank Transfer,99651.61
PAY-0000457,INV-000330,ORD-000438,CUS-0050,2026-08-12,Bank Transfer,147355.45
PAY-0000458,INV-000331,ORD-000439,CUS-0084,2026-04-28,Bank Transfer,46566.96
PAY-0000459,INV-000331,ORD-000439,CUS-0084,2026-09-01,Cheque,929393.64
PAY-0000460,INV-000332,ORD-000440,CUS-0012,2025-11-05,Online Transfer,1716551.9
PAY-0000461,INV-000333,ORD-000441,CUS-0041,2025-06-15,Online Transfer,443411.55
PAY-0000462,INV-000334,ORD-000442,CUS-0072,2026-03-12,Bank Transfer,1812716.0
PAY-0000463,INV-000335,ORD-000445,CUS-0021,2025-09-12,Bank Transfer,1080177.9
PAY-0000464,INV-000336,ORD-000446,CUS-0075,2025-12-24,Online Transfer,5813919.0
PAY-0000465,INV-000337,ORD-000448,CUS-0001,2026-08-28,Online Transfer,394947.18
PAY-0000466,INV-000338,ORD-000452,CUS-0110,2026-07-05,Online Transfer,94864.5
PAY-0000467,INV-000339,ORD-000453,CUS-0014,2026-06-25,Cheque,261127.9
PAY-0000468,INV-000339,ORD-000453,CUS-0014,2026-07-28,Cheque,417360.3
PAY-0000469,INV-000340,ORD-000455,CUS-0067,2025-08-05,Cheque,1261089.69
PAY-0000470,INV-000340,ORD-000455,CUS-0067,2026-08-13,Bank Transfer,1371549.31
PAY-0000471,INV-000341,ORD-000456,CUS-0090,2025-07-26,Online Transfer,2262239.22
PAY-0000472,INV-000341,ORD-000456,CUS-0090,2025-10-16,Cash,4238897.03
PAY-0000473,INV-000342,ORD-000457,CUS-0075,2026-04-13,Cash,3023254.4
PAY-0000474,INV-000343,ORD-000458,CUS-0046,2026-07-27,Cheque,706137.07
PAY-0000475,INV-000344,ORD-000459,CUS-0067,2025-11-27,Bank Transfer,3256900.3
PAY-0000476,INV-000345,ORD-000460,CUS-0001,2026-07-26,Bank Transfer,2151554.48
PAY-0000477,INV-000346,ORD-000461,CUS-0113,2025-09-06,Bank Transfer,842389.43
PAY-0000478,INV-000346,ORD-000461,CUS-0113,2025-10-16,Bank Transfer,1029289.83
PAY-0000479,INV-000346,ORD-000461,CUS-0113,2025-10-29,Bank Transfer,894099.14
PAY-0000480,INV-000347,ORD-000462,CUS-0053,2026-04-22,Cheque,1214330.62
PAY-0000481,INV-000348,ORD-000465,CUS-0113,2026-08-30,Bank Transfer,592451.45
PAY-0000482,INV-000349,ORD-000466,CUS-0045,2026-08-13,Online Transfer,365346.92
PAY-0000483,INV-000349,ORD-000466,CUS-0045,2026-08-21,Bank Transfer,111718.89
PAY-0000484,INV-000349,ORD-000466,CUS-0045,2026-08-31,Bank Transfer,115799.01
PAY-0000485,INV-000350,ORD-000467,CUS-0018,2026-02-08,Online Transfer,11425.27
PAY-0000486,INV-000350,ORD-000467,CUS-0018,2026-06-05,Cash,233808.23
PAY-0000487,INV-000351,ORD-000468,CUS-0001,2025-09-17,Bank Transfer,1005603.73
PAY-0000488,INV-000351,ORD-000468,CUS-0001,2026-04-26,Bank Transfer,1174474.29
PAY-0000489,INV-000352,ORD-000469,CUS-0035,2026-08-22,Cash,1789130.75
PAY-0000490,INV-000353,ORD-000470,CUS-0038,2026-05-12,Cheque,208563.52
PAY-0000491,INV-000354,ORD-000472,CUS-0023,2026-06-28,Cheque,221068.8
PAY-0000492,INV-000355,ORD-000475,CUS-0113,2026-08-20,Bank Transfer,3357440.73
PAY-0000493,INV-000356,ORD-000476,CUS-0001,2026-08-31,Online Transfer,1352885.78
PAY-0000494,INV-000357,ORD-000477,CUS-0052,2025-03-19,Cheque,74220.4
PAY-0000495,INV-000358,ORD-000478,CUS-0065,2026-07-10,Bank Transfer,307258.71
PAY-0000496,INV-000358,ORD-000478,CUS-0065,2026-08-18,Online Transfer,135399.12
PAY-0000497,INV-000359,ORD-000479,CUS-0047,2026-04-02,Online Transfer,599131.72
PAY-0000498,INV-000360,ORD-000482,CUS-0024,2026-01-29,Online Transfer,1748069.7
PAY-0000499,INV-000361,ORD-000483,CUS-0112,2026-03-14,Cheque,1673450.93
PAY-0000500,INV-000362,ORD-000484,CUS-0045,2025-12-27,Bank Transfer,210876.81
PAY-0000501,INV-000362,ORD-000484,CUS-0045,2026-08-08,Online Transfer,1998710.07
PAY-0000502,INV-000363,ORD-000485,CUS-0039,2026-08-27,Online Transfer,1387033.95
PAY-0000503,INV-000364,ORD-000486,CUS-0047,2026-03-19,Online Transfer,188132.16
PAY-0000504,INV-000364,ORD-000486,CUS-0047,2026-06-26,Bank Transfer,518053.59
PAY-0000505,INV-000365,ORD-000487,CUS-0095,2026-02-28,Cheque,370765.85
PAY-0000506,INV-000365,ORD-000487,CUS-0095,2026-08-17,Cheque,1174868.95
PAY-0000507,INV-000366,ORD-000488,CUS-0028,2026-08-05,Online Transfer,224772.3
PAY-0000508,INV-000367,ORD-000491,CUS-0090,2026-07-10,Bank Transfer,2414917.2
PAY-0000509,INV-000368,ORD-000492,CUS-0108,2026-08-30,Cash,246877.73
PAY-0000510,INV-000368,ORD-000492,CUS-0108,2026-08-31,Bank Transfer,24234.27
PAY-0000511,INV-000369,ORD-000495,CUS-0041,2026-08-10,Bank Transfer,363434.23
PAY-0000512,INV-000369,ORD-000495,CUS-0041,2026-08-18,Cheque,138655.77
PAY-0000513,INV-000370,ORD-000496,CUS-0046,2026-05-11,Cheque,3142658.6
PAY-0000514,INV-000371,ORD-000499,CUS-0037,2025-11-26,Online Transfer,307817.45
PAY-0000515,INV-000371,ORD-000499,CUS-0037,2025-12-19,Online Transfer,357513.75
PAY-0000516,INV-000372,ORD-000500,CUS-0055,2026-08-26,Bank Transfer,549306.22
PAY-0000517,INV-000373,ORD-000502,CUS-0079,2026-04-01,Cheque,95855.6
PAY-0000518,INV-000373,ORD-000502,CUS-0079,2026-08-21,Bank Transfer,961946.55
PAY-0000519,INV-000374,ORD-000503,CUS-0050,2025-12-15,Cheque,223245.75
PAY-0000520,INV-000374,ORD-000503,CUS-0050,2025-12-31,Online Transfer,243601.42
PAY-0000521,INV-000374,ORD-000503,CUS-0050,2026-08-30,Online Transfer,623406.45
PAY-0000522,INV-000375,ORD-000504,CUS-0055,2026-05-23,Cheque,1896431.69
PAY-0000523,INV-000375,ORD-000504,CUS-0055,2026-08-06,Bank Transfer,1510343.95
PAY-0000524,INV-000376,ORD-000505,CUS-0074,2025-12-12,Bank Transfer,1209559.0
PAY-0000525,INV-000377,ORD-000507,CUS-0046,2026-02-03,Bank Transfer,153069.6
PAY-0000526,INV-000378,ORD-000508,CUS-0055,2026-06-23,Bank Transfer,4579880.9
PAY-0000527,INV-000379,ORD-000510,CUS-0005,2026-05-16,Bank Transfer,629650.89
PAY-0000528,INV-000379,ORD-000510,CUS-0005,2026-07-04,Online Transfer,3861188.69
PAY-0000529,INV-000380,ORD-000512,CUS-0071,2026-05-25,Online Transfer,768495.65
PAY-0000530,INV-000381,ORD-000513,CUS-0009,2026-07-24,Cheque,144612.4
PAY-0000531,INV-000381,ORD-000513,CUS-0009,2026-08-27,Cheque,108910.6
PAY-0000532,INV-000382,ORD-000514,CUS-0059,2026-01-19,Online Transfer,1759043.7
PAY-0000533,INV-000383,ORD-000515,CUS-0096,2026-02-23,Bank Transfer,948684.82
PAY-0000534,INV-000383,ORD-000515,CUS-0096,2026-05-31,Bank Transfer,1517799.85
PAY-0000535,INV-000384,ORD-000517,CUS-0001,2026-03-26,Bank Transfer,4323444.78
PAY-0000536,INV-000385,ORD-000518,CUS-0010,2026-07-10,Bank Transfer,965629.57
PAY-0000537,INV-000385,ORD-000518,CUS-0010,2026-08-13,Cheque,1133481.28
PAY-0000538,INV-000386,ORD-000519,CUS-0068,2026-08-29,Bank Transfer,15017.94
PAY-0000539,INV-000387,ORD-000520,CUS-0101,2026-08-17,Bank Transfer,324133.75
PAY-0000540,INV-000388,ORD-000521,CUS-0083,2026-08-18,Bank Transfer,3854989.2
PAY-0000541,INV-000389,ORD-000522,CUS-0001,2026-01-05,Bank Transfer,435399.04
PAY-0000542,INV-000389,ORD-000522,CUS-0001,2026-05-11,Bank Transfer,70015.61
PAY-0000543,INV-000390,ORD-000524,CUS-0097,2026-08-10,Online Transfer,1758564.32
PAY-0000544,INV-000391,ORD-000525,CUS-0054,2026-06-15,Bank Transfer,2606996.12
PAY-0000545,INV-000392,ORD-000526,CUS-0084,2026-08-11,Bank Transfer,142891.29
PAY-0000546,INV-000393,ORD-000527,CUS-0021,2026-07-31,Bank Transfer,270161.0
PAY-0000547,INV-000394,ORD-000528,CUS-0059,2026-05-27,Bank Transfer,413874.67
PAY-0000548,INV-000395,ORD-000529,CUS-0120,2026-05-15,Cheque,354088.5
PAY-0000549,INV-000396,ORD-000530,CUS-0081,2026-01-18,Cheque,1254122.51
PAY-0000550,INV-000396,ORD-000530,CUS-0081,2026-04-03,Cash,1046036.74
PAY-0000551,INV-000397,ORD-000531,CUS-0046,2026-06-23,Bank Transfer,4065120.65
PAY-0000552,INV-000398,ORD-000532,CUS-0061,2026-01-08,Bank Transfer,239609.5
PAY-0000553,INV-000399,ORD-000533,CUS-0038,2025-08-18,Cheque,577458.07
PAY-0000554,INV-000400,ORD-000534,CUS-0115,2026-01-04,Cheque,80286.81
PAY-0000555,INV-000400,ORD-000534,CUS-0115,2026-01-06,Cheque,18475.19
PAY-0000556,INV-000401,ORD-000535,CUS-0075,2026-07-27,Cheque,493386.18
PAY-0000557,INV-000401,ORD-000535,CUS-0075,2026-08-20,Bank Transfer,888042.77
PAY-0000558,INV-000402,ORD-000536,CUS-0013,2026-08-27,Online Transfer,453174.02
PAY-0000559,INV-000402,ORD-000536,CUS-0013,2026-09-01,Online Transfer,639942.58
PAY-0000560,INV-000403,ORD-000537,CUS-0042,2026-07-25,Bank Transfer,1348020.2
PAY-0000561,INV-000404,ORD-000538,CUS-0095,2026-08-08,Online Transfer,1111524.6
PAY-0000562,INV-000405,ORD-000539,CUS-0109,2026-08-02,Bank Transfer,142662.13
PAY-0000563,INV-000405,ORD-000539,CUS-0109,2026-08-28,Cheque,307997.57
PAY-0000564,INV-000406,ORD-000541,CUS-0079,2026-01-19,Bank Transfer,71069.8
PAY-0000565,INV-000407,ORD-000542,CUS-0067,2025-07-23,Bank Transfer,3266812.3
PAY-0000566,INV-000408,ORD-000543,CUS-0084,2026-08-17,Cheque,1226897.62
PAY-0000567,INV-000409,ORD-000544,CUS-0073,2025-11-22,Bank Transfer,103159.9
PAY-0000568,INV-000410,ORD-000545,CUS-0108,2026-07-22,Online Transfer,6741932.95
PAY-0000569,INV-000411,ORD-000549,CUS-0120,2026-03-10,Cheque,236165.8
PAY-0000570,INV-000411,ORD-000549,CUS-0120,2026-03-12,Bank Transfer,359447.46
PAY-0000571,INV-000412,ORD-000550,CUS-0009,2026-07-12,Cash,523869.85
PAY-0000572,INV-000413,ORD-000551,CUS-0059,2026-08-15,Cheque,25771.16
PAY-0000573,INV-000414,ORD-000553,CUS-0070,2026-05-03,Cheque,486381.4
PAY-0000574,INV-000414,ORD-000553,CUS-0070,2026-07-08,Cheque,66675.75
PAY-0000575,INV-000415,ORD-000554,CUS-0120,2026-07-14,Cheque,286244.4
PAY-0000576,INV-000416,ORD-000556,CUS-0035,2026-07-13,Online Transfer,4709688.28
PAY-0000577,INV-000417,ORD-000557,CUS-0066,2026-05-01,Bank Transfer,240053.3
PAY-0000578,INV-000418,ORD-000558,CUS-0092,2026-07-23,Cheque,1764321.21
PAY-0000579,INV-000418,ORD-000558,CUS-0092,2026-08-20,Cheque,927558.21
PAY-0000580,INV-000419,ORD-000559,CUS-0001,2025-12-13,Bank Transfer,4279070.88
PAY-0000581,INV-000420,ORD-000560,CUS-0064,2025-10-05,Bank Transfer,948324.7
PAY-0000582,INV-000421,ORD-000561,CUS-0048,2026-01-17,Bank Transfer,298333.5
PAY-0000583,INV-000422,ORD-000562,CUS-0090,2026-06-18,Cheque,2720094.7
PAY-0000584,INV-000423,ORD-000563,CUS-0081,2025-11-20,Cheque,57195.0
PAY-0000585,INV-000424,ORD-000564,CUS-0063,2026-02-20,Bank Transfer,796104.44
PAY-0000586,INV-000424,ORD-000564,CUS-0063,2026-08-19,Online Transfer,308986.21
PAY-0000587,INV-000425,ORD-000565,CUS-0102,2026-08-27,Cheque,268146.15
PAY-0000588,INV-000426,ORD-000567,CUS-0063,2026-09-01,Online Transfer,106638.0
PAY-0000589,INV-000427,ORD-000569,CUS-0021,2026-02-27,Bank Transfer,2627175.6
PAY-0000590,INV-000428,ORD-000570,CUS-0083,2025-09-25,Bank Transfer,576042.07
PAY-0000591,INV-000429,ORD-000571,CUS-0120,2026-01-21,Cheque,2976640.8
PAY-0000592,INV-000430,ORD-000572,CUS-0105,2026-07-08,Cash,59330.25
PAY-0000593,INV-000431,ORD-000573,CUS-0024,2025-09-28,Bank Transfer,3275708.02
PAY-0000594,INV-000432,ORD-000575,CUS-0083,2026-07-21,Bank Transfer,640148.12
PAY-0000595,INV-000432,ORD-000575,CUS-0083,2026-07-27,Online Transfer,208888.19
PAY-0000596,INV-000432,ORD-000575,CUS-0083,2026-08-03,Online Transfer,41155.69
PAY-0000597,INV-000433,ORD-000576,CUS-0049,2026-08-07,Cheque,188177.55
PAY-0000598,INV-000433,ORD-000576,CUS-0049,2026-08-23,Online Transfer,518229.45
PAY-0000599,INV-000434,ORD-000578,CUS-0065,2025-04-08,Bank Transfer,241295.25
PAY-0000600,INV-000435,ORD-000579,CUS-0069,2026-07-16,Cash,89237.62
PAY-0000601,INV-000435,ORD-000579,CUS-0069,2026-08-16,Bank Transfer,929257.26
PAY-0000602,INV-000436,ORD-000580,CUS-0062,2026-06-26,Cheque,1806032.24
PAY-0000603,INV-000436,ORD-000580,CUS-0062,2026-06-26,Bank Transfer,919804.64
PAY-0000604,INV-000437,ORD-000581,CUS-0035,2025-11-19,Cheque,8122543.28
PAY-0000605,INV-000438,ORD-000584,CUS-0072,2026-08-12,Cheque,5369847.62
PAY-0000606,INV-000439,ORD-000585,CUS-0095,2026-09-01,Online Transfer,2545464.65
PAY-0000607,INV-000440,ORD-000586,CUS-0048,2025-07-05,Online Transfer,1255039.11
PAY-0000608,INV-000440,ORD-000586,CUS-0048,2026-04-20,Bank Transfer,724469.89
PAY-0000609,INV-000441,ORD-000588,CUS-0004,2026-04-14,Bank Transfer,2154170.34
PAY-0000610,INV-000441,ORD-000588,CUS-0004,2026-08-05,Cheque,1412260.18
PAY-0000611,INV-000442,ORD-000589,CUS-0096,2025-12-18,Cheque,330262.86
PAY-0000612,INV-000442,ORD-000589,CUS-0096,2026-02-24,Bank Transfer,275525.54
PAY-0000613,INV-000443,ORD-000590,CUS-0075,2026-02-16,Bank Transfer,6588947.41
PAY-0000614,INV-000443,ORD-000590,CUS-0075,2026-07-14,Cheque,1903496.59
PAY-0000615,INV-000444,ORD-000591,CUS-0050,2026-04-09,Bank Transfer,436822.39
PAY-0000616,INV-000444,ORD-000591,CUS-0050,2026-06-27,Cheque,898288.61
PAY-0000617,INV-000445,ORD-000592,CUS-0092,2025-08-13,Bank Transfer,2161503.35
PAY-0000618,INV-000446,ORD-000593,CUS-0024,2026-07-10,Bank Transfer,3163556.4
PAY-0000619,INV-000447,ORD-000594,CUS-0035,2026-05-23,Cheque,673803.6
PAY-0000620,INV-000448,ORD-000595,CUS-0110,2026-07-15,Bank Transfer,858169.75
PAY-0000621,INV-000449,ORD-000597,CUS-0031,2025-07-02,Online Transfer,331756.65
PAY-0000622,INV-000449,ORD-000597,CUS-0031,2025-10-05,Bank Transfer,315709.35
PAY-0000623,INV-000450,ORD-000598,CUS-0035,2026-02-08,Bank Transfer,506220.0
PAY-0000624,INV-000451,ORD-000599,CUS-0029,2026-09-01,Online Transfer,515477.1
PAY-0000625,INV-000452,ORD-000600,CUS-0039,2026-02-22,Online Transfer,618518.24
PAY-0000626,INV-000453,ORD-000601,CUS-0096,2026-08-19,Bank Transfer,203024.09
PAY-0000627,INV-000454,ORD-000602,CUS-0028,2026-03-17,Bank Transfer,482730.68
PAY-0000628,INV-000454,ORD-000602,CUS-0028,2026-05-02,Bank Transfer,119392.35
PAY-0000629,INV-000455,ORD-000603,CUS-0034,2026-01-11,Bank Transfer,479963.34
PAY-0000630,INV-000455,ORD-000603,CUS-0034,2026-01-21,Online Transfer,1370775.21
PAY-0000631,INV-000456,ORD-000604,CUS-0028,2026-08-13,Online Transfer,161152.6
PAY-0000632,INV-000457,ORD-000606,CUS-0008,2025-08-23,Cheque,1635397.4
PAY-0000633,INV-000458,ORD-000607,CUS-0001,2026-07-30,Online Transfer,936667.78
PAY-0000634,INV-000459,ORD-000608,CUS-0064,2026-08-18,Cheque,1393698.0
PAY-0000635,INV-000460,ORD-000609,CUS-0067,2026-08-15,Cheque,2093172.5
PAY-0000636,INV-000461,ORD-000610,CUS-0120,2026-07-05,Online Transfer,2249501.69
PAY-0000637,INV-000461,ORD-000610,CUS-0120,2026-07-12,Online Transfer,516191.16
PAY-0000638,INV-000462,ORD-000612,CUS-0024,2026-02-23,Bank Transfer,1317529.0
PAY-0000639,INV-000463,ORD-000613,CUS-0081,2026-08-23,Online Transfer,781941.75
PAY-0000640,INV-000464,ORD-000615,CUS-0108,2026-09-01,Bank Transfer,987400.4
PAY-0000641,INV-000465,ORD-000617,CUS-0058,2026-02-21,Online Transfer,251201.35
PAY-0000642,INV-000466,ORD-000618,CUS-0063,2026-03-20,Bank Transfer,101237.26
PAY-0000643,INV-000466,ORD-000618,CUS-0063,2026-05-11,Online Transfer,124490.84
PAY-0000644,INV-000467,ORD-000619,CUS-0108,2026-05-28,Bank Transfer,252393.15
PAY-0000645,INV-000468,ORD-000621,CUS-0044,2026-08-31,Bank Transfer,1988140.33
PAY-0000646,INV-000469,ORD-000622,CUS-0108,2026-06-15,Cheque,161317.8
PAY-0000647,INV-000470,ORD-000623,CUS-0081,2026-07-05,Bank Transfer,836963.61
PAY-0000648,INV-000470,ORD-000623,CUS-0081,2026-07-14,Bank Transfer,770678.71
PAY-0000649,INV-000471,ORD-000624,CUS-0005,2026-03-12,Cheque,3283329.35
PAY-0000650,INV-000472,ORD-000625,CUS-0107,2026-08-19,Cheque,188519.17
PAY-0000651,INV-000473,ORD-000626,CUS-0049,2026-02-14,Cheque,149966.2
PAY-0000652,INV-000474,ORD-000627,CUS-0029,2025-06-20,Bank Transfer,506768.7
PAY-0000653,INV-000475,ORD-000628,CUS-0095,2026-01-01,Online Transfer,404314.43
PAY-0000654,INV-000475,ORD-000628,CUS-0095,2026-08-18,Cheque,629642.87
PAY-0000655,INV-000476,ORD-000629,CUS-0068,2026-03-12,Cheque,213069.14
PAY-0000656,INV-000476,ORD-000629,CUS-0068,2026-07-07,Bank Transfer,1372634.04
PAY-0000657,INV-000477,ORD-000630,CUS-0074,2025-12-11,Online Transfer,2327436.25
PAY-0000658,INV-000477,ORD-000630,CUS-0074,2026-06-16,Bank Transfer,790182.75
PAY-0000659,INV-000478,ORD-000631,CUS-0098,2026-09-01,Cheque,317889.66
PAY-0000660,INV-000478,ORD-000631,CUS-0098,2026-09-01,Bank Transfer,1090030.29
PAY-0000661,INV-000479,ORD-000632,CUS-0053,2026-04-14,Bank Transfer,640648.53
PAY-0000662,INV-000479,ORD-000632,CUS-0053,2026-06-01,Cheque,257508.47
PAY-0000663,INV-000480,ORD-000633,CUS-0089,2026-04-19,Bank Transfer,3419013.12
PAY-0000664,INV-000481,ORD-000634,CUS-0031,2025-12-06,Cheque,63873.1
PAY-0000665,INV-000481,ORD-000634,CUS-0031,2026-07-08,Bank Transfer,14194.1
PAY-0000666,INV-000482,ORD-000635,CUS-0116,2026-05-19,Bank Transfer,1504976.66
PAY-0000667,INV-000482,ORD-000635,CUS-0116,2026-06-30,Bank Transfer,119964.46
PAY-0000668,INV-000483,ORD-000636,CUS-0017,2026-03-17,Bank Transfer,496716.1
PAY-0000669,INV-000483,ORD-000636,CUS-0017,2026-06-21,Bank Transfer,874263.95
PAY-0000670,INV-000484,ORD-000637,CUS-0010,2026-02-12,Bank Transfer,309331.1
PAY-0000671,INV-000485,ORD-000639,CUS-0049,2025-08-16,Bank Transfer,689196.41
PAY-0000672,INV-000485,ORD-000639,CUS-0049,2025-12-08,Cheque,1430909.59
PAY-0000673,INV-000486,ORD-000641,CUS-0113,2026-04-13,Online Transfer,634750.56
PAY-0000674,INV-000486,ORD-000641,CUS-0113,2026-07-01,Bank Transfer,4766439.84
PAY-0000675,INV-000487,ORD-000644,CUS-0024,2026-04-07,Cheque,5366759.47
PAY-0000676,INV-000488,ORD-000645,CUS-0075,2026-05-13,Bank Transfer,379151.7
PAY-0000677,INV-000489,ORD-000646,CUS-0104,2026-08-09,Cheque,1624656.45
PAY-0000678,INV-000490,ORD-000647,CUS-0117,2025-11-27,Bank Transfer,1175969.18
PAY-0000679,INV-000490,ORD-000647,CUS-0117,2026-02-16,Online Transfer,665233.5
PAY-0000680,INV-000491,ORD-000649,CUS-0105,2026-08-06,Online Transfer,519745.75
PAY-0000681,INV-000492,ORD-000650,CUS-0043,2025-11-15,Bank Transfer,909243.1
PAY-0000682,INV-000493,ORD-000651,CUS-0005,2025-09-22,Bank Transfer,4015321.7
PAY-0000683,INV-000494,ORD-000652,CUS-0103,2026-08-31,Online Transfer,1518586.25
PAY-0000684,INV-000495,ORD-000653,CUS-0046,2025-10-02,Cheque,235335.55
PAY-0000685,INV-000495,ORD-000653,CUS-0046,2026-02-07,Cheque,117867.49
PAY-0000686,INV-000495,ORD-000653,CUS-0046,2026-04-04,Cheque,384858.93
PAY-0000687,INV-000496,ORD-000655,CUS-0094,2026-08-04,Online Transfer,1726404.9
PAY-0000688,INV-000497,ORD-000656,CUS-0067,2026-05-29,Bank Transfer,789290.96
PAY-0000689,INV-000497,ORD-000656,CUS-0067,2026-08-18,Cash,69628.09
PAY-0000690,INV-000498,ORD-000657,CUS-0046,2025-04-27,Bank Transfer,956549.3
PAY-0000691,INV-000499,ORD-000658,CUS-0036,2026-05-12,Cheque,1306221.95
PAY-0000692,INV-000500,ORD-000661,CUS-0097,2026-02-13,Bank Transfer,871419.68
PAY-0000693,INV-000501,ORD-000662,CUS-0096,2026-05-12,Online Transfer,2892952.9
PAY-0000694,INV-000502,ORD-000663,CUS-0059,2026-03-04,Bank Transfer,1081628.68
PAY-0000695,INV-000502,ORD-000663,CUS-0059,2026-06-28,Cheque,388494.97
PAY-0000696,INV-000503,ORD-000664,CUS-0035,2026-08-19,Bank Transfer,238057.62
PAY-0000697,INV-000503,ORD-000664,CUS-0035,2026-09-01,Cheque,428151.65
PAY-0000698,INV-000504,ORD-000665,CUS-0010,2026-08-19,Bank Transfer,1286800.32
PAY-0000699,INV-000505,ORD-000667,CUS-0001,2026-08-28,Online Transfer,148643.21
PAY-0000700,INV-000505,ORD-000667,CUS-0001,2026-08-30,Bank Transfer,112624.72
PAY-0000701,INV-000506,ORD-000668,CUS-0064,2026-04-09,Bank Transfer,440182.71
PAY-0000702,INV-000506,ORD-000668,CUS-0064,2026-05-16,Bank Transfer,492980.47
PAY-0000703,INV-000507,ORD-000670,CUS-0075,2026-06-08,Bank Transfer,129220.23
PAY-0000704,INV-000507,ORD-000670,CUS-0075,2026-07-01,Bank Transfer,551026.17
PAY-0000705,INV-000508,ORD-000671,CUS-0089,2026-07-01,Bank Transfer,1717406.73
PAY-0000706,INV-000508,ORD-000671,CUS-0089,2026-08-02,Online Transfer,1345908.67
PAY-0000707,INV-000509,ORD-000675,CUS-0052,2026-06-19,Bank Transfer,264320.0
PAY-0000708,INV-000510,ORD-000676,CUS-0044,2025-12-12,Bank Transfer,2969565.88
PAY-0000709,INV-000511,ORD-000677,CUS-0095,2026-08-31,Bank Transfer,1063681.99
PAY-0000710,INV-000511,ORD-000677,CUS-0095,2026-09-01,Bank Transfer,1903715.63
PAY-0000711,INV-000512,ORD-000678,CUS-0035,2026-06-05,Bank Transfer,225372.15
PAY-0000712,INV-000513,ORD-000679,CUS-0120,2026-04-28,Cheque,3742606.3
PAY-0000713,INV-000513,ORD-000679,CUS-0120,2026-04-29,Bank Transfer,481255.32
PAY-0000714,INV-000514,ORD-000682,CUS-0023,2025-10-20,Online Transfer,709558.5
PAY-0000715,INV-000514,ORD-000682,CUS-0023,2026-05-29,Cheque,35368.75
PAY-0000716,INV-000514,ORD-000682,CUS-0023,2026-07-13,Bank Transfer,194426.5
PAY-0000717,INV-000515,ORD-000683,CUS-0034,2026-05-29,Bank Transfer,1081616.34
PAY-0000718,INV-000515,ORD-000683,CUS-0034,2026-05-31,Cheque,574689.18
PAY-0000719,INV-000516,ORD-000684,CUS-0046,2026-01-25,Cheque,2541731.8
PAY-0000720,INV-000517,ORD-000686,CUS-0056,2025-09-21,Bank Transfer,253963.49
PAY-0000721,INV-000517,ORD-000686,CUS-0056,2025-12-30,Bank Transfer,142074.02
PAY-0000722,INV-000517,ORD-000686,CUS-0056,2026-08-11,Bank Transfer,1158311.59
PAY-0000723,INV-000518,ORD-000687,CUS-0095,2026-05-23,Bank Transfer,10484907.7
PAY-0000724,INV-000519,ORD-000689,CUS-0084,2026-08-02,Bank Transfer,54328.6
PAY-0000725,INV-000520,ORD-000690,CUS-0053,2026-07-20,Bank Transfer,454401.78
PAY-0000726,INV-000521,ORD-000691,CUS-0075,2025-06-19,Bank Transfer,1971465.14
PAY-0000727,INV-000521,ORD-000691,CUS-0075,2025-08-23,Bank Transfer,1706348.66
PAY-0000728,INV-000521,ORD-000691,CUS-0075,2026-02-01,Bank Transfer,313167.45
PAY-0000729,INV-000522,ORD-000693,CUS-0075,2026-05-26,Bank Transfer,1207515.24
PAY-0000730,INV-000522,ORD-000693,CUS-0075,2026-08-10,Bank Transfer,1093.86
PAY-0000731,INV-000523,ORD-000695,CUS-0005,2026-08-28,Bank Transfer,574606.5
PAY-0000732,INV-000523,ORD-000695,CUS-0005,2026-08-30,Online Transfer,1084218.25
PAY-0000733,INV-000524,ORD-000697,CUS-0107,2026-07-02,Bank Transfer,136546.65
PAY-0000734,INV-000525,ORD-000698,CUS-0085,2026-06-17,Bank Transfer,4255481.2
PAY-0000735,INV-000526,ORD-000699,CUS-0032,2026-08-22,Bank Transfer,303201.0
PAY-0000736,INV-000527,ORD-000700,CUS-0117,2026-07-16,Online Transfer,660677.57
PAY-0000737,INV-000528,ORD-000701,CUS-0003,2025-11-27,Online Transfer,392509.3
PAY-0000738,INV-000529,ORD-000702,CUS-0054,2026-04-06,Bank Transfer,182156.6
PAY-0000739,INV-000530,ORD-000703,CUS-0113,2025-07-24,Cheque,1070971.04
PAY-0000740,INV-000530,ORD-000703,CUS-0113,2026-05-29,Bank Transfer,2199944.71
PAY-0000741,INV-000531,ORD-000705,CUS-0063,2026-08-28,Cheque,1394883.9
PAY-0000742,INV-000532,ORD-000706,CUS-0064,2026-05-21,Bank Transfer,676060.35
PAY-0000743,INV-000533,ORD-000707,CUS-0012,2025-10-13,Bank Transfer,612146.24
PAY-0000744,INV-000534,ORD-000708,CUS-0095,2026-07-28,Bank Transfer,2821669.1
PAY-0000745,INV-000535,ORD-000709,CUS-0092,2026-04-22,Bank Transfer,83495.2
PAY-0000746,INV-000536,ORD-000710,CUS-0089,2026-06-28,Cash,236249.32
PAY-0000747,INV-000536,ORD-000710,CUS-0089,2026-08-07,Cheque,700695.48
PAY-0000748,INV-000536,ORD-000710,CUS-0089,2026-08-15,Bank Transfer,1101760.38
PAY-0000749,INV-000537,ORD-000711,CUS-0074,2026-07-09,Bank Transfer,340453.6
PAY-0000750,INV-000538,ORD-000712,CUS-0050,2026-05-05,Bank Transfer,2888353.85
PAY-0000751,INV-000539,ORD-000713,CUS-0050,2026-01-30,Cheque,709164.61
PAY-0000752,INV-000539,ORD-000713,CUS-0050,2026-04-08,Bank Transfer,2505879.81
PAY-0000753,INV-000540,ORD-000715,CUS-0079,2026-08-21,Bank Transfer,1057454.05
PAY-0000754,INV-000541,ORD-000716,CUS-0046,2026-07-27,Online Transfer,340632.27
PAY-0000755,INV-000541,ORD-000716,CUS-0046,2026-08-25,Bank Transfer,1509483.32
PAY-0000756,INV-000542,ORD-000717,CUS-0090,2026-05-24,Bank Transfer,19884.4
PAY-0000757,INV-000543,ORD-000719,CUS-0084,2026-03-02,Bank Transfer,373106.8
PAY-0000758,INV-000544,ORD-000721,CUS-0039,2026-03-14,Bank Transfer,767768.5
PAY-0000759,INV-000544,ORD-000721,CUS-0039,2026-08-03,Online Transfer,1181246.35
PAY-0000760,INV-000545,ORD-000722,CUS-0037,2025-10-31,Bank Transfer,1116494.96
PAY-0000761,INV-000545,ORD-000722,CUS-0037,2026-05-18,Cheque,228579.66
PAY-0000762,INV-000546,ORD-000724,CUS-0053,2026-05-03,Online Transfer,191747.78
PAY-0000763,INV-000546,ORD-000724,CUS-0053,2026-08-21,Cheque,164299.52
PAY-0000764,INV-000547,ORD-000725,CUS-0043,2026-02-25,Online Transfer,2956802.7
PAY-0000765,INV-000548,ORD-000726,CUS-0049,2026-04-13,Online Transfer,1133740.56
PAY-0000766,INV-000548,ORD-000726,CUS-0049,2026-04-23,Online Transfer,310287.39
PAY-0000767,INV-000549,ORD-000727,CUS-0010,2026-07-03,Bank Transfer,660345.7
PAY-0000768,INV-000550,ORD-000728,CUS-0046,2026-04-13,Online Transfer,1524752.92
PAY-0000769,INV-000550,ORD-000728,CUS-0046,2026-06-27,Cheque,173441.13
PAY-0000770,INV-000551,ORD-000729,CUS-0081,2026-06-06,Cheque,3236515.8
PAY-0000771,INV-000552,ORD-000730,CUS-0049,2026-07-05,Online Transfer,2101119.84
PAY-0000772,INV-000552,ORD-000730,CUS-0049,2026-07-27,Bank Transfer,383148.91
PAY-0000773,INV-000553,ORD-000731,CUS-0095,2026-07-02,Bank Transfer,2143838.75
PAY-0000774,INV-000554,ORD-000732,CUS-0001,2025-07-11,Online Transfer,5524479.75
PAY-0000775,INV-000555,ORD-000734,CUS-0064,2026-08-02,Cheque,3318750.0
PAY-0000776,INV-000556,ORD-000735,CUS-0026,2026-07-15,Bank Transfer,1609874.82
PAY-0000777,INV-000556,ORD-000735,CUS-0026,2026-08-12,Cheque,153540.78
PAY-0000778,INV-000557,ORD-000736,CUS-0114,2026-06-29,Cheque,158835.25
PAY-0000779,INV-000558,ORD-000737,CUS-0058,2026-06-18,Bank Transfer,234303.11
PAY-0000780,INV-000558,ORD-000737,CUS-0058,2026-07-12,Bank Transfer,239684.5
PAY-0000781,INV-000558,ORD-000737,CUS-0058,2026-08-25,Bank Transfer,126706.14
PAY-0000782,INV-000559,ORD-000738,CUS-0064,2026-01-10,Bank Transfer,955720.35
PAY-0000783,INV-000560,ORD-000739,CUS-0079,2026-07-31,Bank Transfer,280474.2
PAY-0000784,INV-000561,ORD-000740,CUS-0045,2026-03-14,Bank Transfer,424955.38
PAY-0000785,INV-000561,ORD-000740,CUS-0045,2026-07-20,Bank Transfer,347236.62
PAY-0000786,INV-000562,ORD-000742,CUS-0002,2026-04-26,Bank Transfer,204712.84
PAY-0000787,INV-000562,ORD-000742,CUS-0002,2026-07-23,Online Transfer,120082.16
PAY-0000788,INV-000563,ORD-000743,CUS-0096,2025-10-03,Cheque,2986049.0
PAY-0000789,INV-000564,ORD-000744,CUS-0068,2026-08-08,Online Transfer,300855.75
PAY-0000790,INV-000565,ORD-000745,CUS-0005,2026-03-06,Bank Transfer,2688287.8
PAY-0000791,INV-000566,ORD-000747,CUS-0002,2025-06-03,Online Transfer,1897709.05
PAY-0000792,INV-000566,ORD-000747,CUS-0002,2025-12-27,Cheque,16961.9
PAY-0000793,INV-000567,ORD-000748,CUS-0104,2025-11-09,Bank Transfer,631488.8
PAY-0000794,INV-000568,ORD-000750,CUS-0011,2026-06-19,Bank Transfer,661663.8
PAY-0000795,INV-000568,ORD-000750,CUS-0011,2026-06-25,Bank Transfer,1248856.5
PAY-0000796,INV-000569,ORD-000751,CUS-0001,2026-07-18,Cheque,466356.65
PAY-0000797,INV-000570,ORD-000753,CUS-0036,2026-07-31,Cheque,33751.7
PAY-0000798,INV-000570,ORD-000753,CUS-0036,2026-08-19,Bank Transfer,2033254.95
PAY-0000799,INV-000570,ORD-000753,CUS-0036,2026-08-26,Bank Transfer,271060.1
PAY-0000800,INV-000571,ORD-000754,CUS-0034,2025-12-27,Online Transfer,1486330.4
PAY-0000801,INV-000572,ORD-000755,CUS-0032,2026-06-14,Cheque,297094.5
PAY-0000802,INV-000573,ORD-000756,CUS-0055,2025-12-08,Bank Transfer,811179.06
PAY-0000803,INV-000573,ORD-000756,CUS-0055,2025-12-16,Online Transfer,128185.16
PAY-0000804,INV-000573,ORD-000756,CUS-0055,2026-07-04,Online Transfer,1317368.08
PAY-0000805,INV-000574,ORD-000757,CUS-0072,2025-12-10,Online Transfer,75373.3
PAY-0000806,INV-000574,ORD-000757,CUS-0072,2026-04-26,Bank Transfer,435939.87
PAY-0000807,INV-000575,ORD-000758,CUS-0061,2026-08-14,Cheque,325051.65
PAY-0000808,INV-000576,ORD-000759,CUS-0073,2026-03-11,Bank Transfer,353716.8
PAY-0000809,INV-000577,ORD-000760,CUS-0005,2026-05-26,Bank Transfer,549043.96
PAY-0000810,INV-000577,ORD-000760,CUS-0005,2026-06-06,Cheque,972866.94
PAY-0000811,INV-000578,ORD-000761,CUS-0047,2026-08-27,Bank Transfer,223508.37
PAY-0000812,INV-000579,ORD-000762,CUS-0075,2026-08-24,Bank Transfer,1314555.55
PAY-0000813,INV-000580,ORD-000763,CUS-0023,2026-08-06,Online Transfer,641057.69
PAY-0000814,INV-000580,ORD-000763,CUS-0023,2026-08-16,Cheque,235599.76
PAY-0000815,INV-000581,ORD-000764,CUS-0096,2026-01-17,Bank Transfer,1163654.05
PAY-0000816,INV-000582,ORD-000766,CUS-0016,2026-02-27,Bank Transfer,1675691.45
PAY-0000817,INV-000583,ORD-000767,CUS-0034,2026-07-31,Bank Transfer,2934515.45
PAY-0000818,INV-000584,ORD-000768,CUS-0011,2026-08-24,Cheque,4132370.11
PAY-0000819,INV-000585,ORD-000769,CUS-0005,2026-07-29,Online Transfer,2811293.95
PAY-0000820,INV-000586,ORD-000771,CUS-0120,2026-03-17,Bank Transfer,410894.1
PAY-0000821,INV-000587,ORD-000773,CUS-0092,2026-06-12,Bank Transfer,629695.97
PAY-0000822,INV-000587,ORD-000773,CUS-0092,2026-08-15,Bank Transfer,399184.46
PAY-0000823,INV-000587,ORD-000773,CUS-0092,2026-08-29,Online Transfer,700316.64
PAY-0000824,INV-000588,ORD-000775,CUS-0100,2026-08-12,Online Transfer,68799.8
PAY-0000825,INV-000589,ORD-000777,CUS-0095,2026-06-27,Bank Transfer,1164013.3
PAY-0000826,INV-000589,ORD-000777,CUS-0095,2026-07-25,Online Transfer,74783.15
PAY-0000827,INV-000590,ORD-000778,CUS-0081,2026-05-05,Cheque,620458.3
PAY-0000828,INV-000591,ORD-000779,CUS-0097,2026-08-03,Bank Transfer,1421069.56
PAY-0000829,INV-000591,ORD-000779,CUS-0097,2026-08-10,Bank Transfer,226334.34
PAY-0000830,INV-000592,ORD-000780,CUS-0107,2026-08-07,Bank Transfer,274239.38
PAY-0000831,INV-000593,ORD-000781,CUS-0059,2026-07-06,Online Transfer,1461612.57
PAY-0000832,INV-000593,ORD-000781,CUS-0059,2026-08-16,Bank Transfer,564167.18
PAY-0000833,INV-000594,ORD-000783,CUS-0016,2026-06-19,Bank Transfer,191412.51
PAY-0000834,INV-000594,ORD-000783,CUS-0016,2026-08-22,Bank Transfer,21084.84
PAY-0000835,INV-000595,ORD-000784,CUS-0084,2026-06-29,Online Transfer,655223.03
PAY-0000836,INV-000596,ORD-000785,CUS-0108,2025-11-17,Bank Transfer,1239902.7
PAY-0000837,INV-000597,ORD-000786,CUS-0100,2026-04-03,Online Transfer,168498.1
PAY-0000838,INV-000598,ORD-000787,CUS-0101,2026-06-27,Bank Transfer,16083.37
PAY-0000839,INV-000599,ORD-000788,CUS-0104,2025-11-22,Bank Transfer,167287.73
PAY-0000840,INV-000599,ORD-000788,CUS-0104,2026-04-12,Bank Transfer,341472.22
PAY-0000841,INV-000600,ORD-000790,CUS-0065,2026-07-29,Online Transfer,1188667.1
PAY-0000842,INV-000601,ORD-000791,CUS-0102,2026-08-11,Bank Transfer,6791336.6
PAY-0000843,INV-000602,ORD-000792,CUS-0043,2026-01-11,Online Transfer,2083451.03
PAY-0000844,INV-000602,ORD-000792,CUS-0043,2026-07-03,Online Transfer,17689.42
PAY-0000845,INV-000603,ORD-000793,CUS-0052,2025-08-22,Online Transfer,2723.68
PAY-0000846,INV-000604,ORD-000795,CUS-0011,2026-07-07,Bank Transfer,5997512.25
PAY-0000847,INV-000605,ORD-000796,CUS-0018,2026-03-31,Cheque,1288928.75
PAY-0000848,INV-000606,ORD-000798,CUS-0069,2026-07-28,Bank Transfer,692902.73
PAY-0000849,INV-000606,ORD-000798,CUS-0069,2026-08-15,Bank Transfer,344597.52
PAY-0000850,INV-000607,ORD-000799,CUS-0088,2026-06-27,Bank Transfer,519139.88
PAY-0000851,INV-000607,ORD-000799,CUS-0088,2026-08-24,Online Transfer,157525.22
PAY-0000852,INV-000608,ORD-000801,CUS-0034,2025-12-03,Cheque,2283412.1
PAY-0000853,INV-000609,ORD-000802,CUS-0013,2026-07-18,Bank Transfer,421031.38
PAY-0000854,INV-000610,ORD-000803,CUS-0095,2026-06-26,Bank Transfer,377022.19
PAY-0000855,INV-000610,ORD-000803,CUS-0095,2026-08-14,Bank Transfer,1426961.81
PAY-0000856,INV-000611,ORD-000804,CUS-0034,2025-11-10,Bank Transfer,1163805.98
PAY-0000857,INV-000612,ORD-000805,CUS-0098,2026-07-20,Online Transfer,1115800.62
PAY-0000858,INV-000613,ORD-000806,CUS-0014,2026-08-29,Bank Transfer,254282.62
PAY-0000859,INV-000614,ORD-000807,CUS-0035,2026-08-18,Bank Transfer,350000.05
PAY-0000860,INV-000614,ORD-000807,CUS-0035,2026-08-26,Cheque,396569.48
PAY-0000861,INV-000614,ORD-000807,CUS-0035,2026-09-01,Bank Transfer,181854.47
PAY-0000862,INV-000615,ORD-000808,CUS-0052,2026-07-14,Bank Transfer,2518114.1
PAY-0000863,INV-000616,ORD-000811,CUS-0034,2026-07-16,Bank Transfer,4790797.05
PAY-0000864,INV-000617,ORD-000813,CUS-0055,2026-08-06,Online Transfer,415265.6
PAY-0000865,INV-000618,ORD-000814,CUS-0076,2026-02-13,Bank Transfer,173583.9
PAY-0000866,INV-000619,ORD-000815,CUS-0100,2026-05-23,Online Transfer,322013.15
PAY-0000867,INV-000620,ORD-000816,CUS-0044,2026-05-31,Online Transfer,5539081.53
PAY-0000868,INV-000621,ORD-000820,CUS-0117,2026-05-29,Bank Transfer,113128.0
PAY-0000869,INV-000622,ORD-000821,CUS-0050,2025-06-07,Bank Transfer,1303273.12
PAY-0000870,INV-000623,ORD-000822,CUS-0012,2026-05-12,Bank Transfer,577202.9
PAY-0000871,INV-000624,ORD-000823,CUS-0094,2026-06-14,Bank Transfer,984088.06
PAY-0000872,INV-000624,ORD-000823,CUS-0094,2026-06-25,Online Transfer,1151299.54
PAY-0000873,INV-000624,ORD-000823,CUS-0094,2026-07-31,Bank Transfer,347181.95
PAY-0000874,INV-000625,ORD-000824,CUS-0093,2025-09-11,Cheque,392599.28
PAY-0000875,INV-000626,ORD-000825,CUS-0117,2026-02-01,Online Transfer,338625.03
PAY-0000876,INV-000626,ORD-000825,CUS-0117,2026-05-22,Online Transfer,30527.64
PAY-0000877,INV-000627,ORD-000831,CUS-0089,2025-12-08,Bank Transfer,1467011.4
PAY-0000878,INV-000628,ORD-000832,CUS-0034,2026-02-19,Cheque,1557443.65
PAY-0000879,INV-000629,ORD-000833,CUS-0104,2026-08-18,Cheque,25254.6
PAY-0000880,INV-000630,ORD-000835,CUS-0034,2026-03-17,Bank Transfer,72583.2
PAY-0000881,INV-000631,ORD-000836,CUS-0092,2026-08-04,Online Transfer,336547.8
PAY-0000882,INV-000632,ORD-000837,CUS-0079,2025-12-30,Cheque,997542.5
PAY-0000883,INV-000633,ORD-000838,CUS-0005,2026-04-09,Online Transfer,4433336.71
PAY-0000884,INV-000633,ORD-000838,CUS-0005,2026-08-03,Cheque,793381.84
PAY-0000885,INV-000634,ORD-000839,CUS-0012,2026-06-12,Bank Transfer,2204523.2
PAY-0000886,INV-000635,ORD-000841,CUS-0096,2026-06-26,Bank Transfer,3802937.92
PAY-0000887,INV-000636,ORD-000843,CUS-0081,2026-06-01,Bank Transfer,1780325.0
PAY-0000888,INV-000637,ORD-000845,CUS-0052,2025-08-16,Bank Transfer,656661.15
PAY-0000889,INV-000638,ORD-000846,CUS-0089,2026-01-30,Online Transfer,656155.22
PAY-0000890,INV-000639,ORD-000847,CUS-0067,2026-08-05,Bank Transfer,2608009.45
PAY-0000891,INV-000640,ORD-000849,CUS-0120,2026-07-10,Bank Transfer,1088054.4
PAY-0000892,INV-000641,ORD-000851,CUS-0089,2026-08-17,Bank Transfer,1164948.07
PAY-0000893,INV-000641,ORD-000851,CUS-0089,2026-08-29,Online Transfer,160376.31
PAY-0000894,INV-000642,ORD-000852,CUS-0024,2025-12-11,Online Transfer,1299847.39
PAY-0000895,INV-000642,ORD-000852,CUS-0024,2026-01-04,Bank Transfer,189808.21
PAY-0000896,INV-000643,ORD-000853,CUS-0024,2026-02-06,Cash,2004113.17
PAY-0000897,INV-000643,ORD-000853,CUS-0024,2026-06-26,Online Transfer,1348583.95
PAY-0000898,INV-000644,ORD-000854,CUS-0074,2026-03-06,Cheque,1798997.02
PAY-0000899,INV-000645,ORD-000858,CUS-0040,2025-06-22,Cheque,34507.63
PAY-0000900,INV-000645,ORD-000858,CUS-0040,2025-07-29,Bank Transfer,61930.75
PAY-0000901,INV-000646,ORD-000859,CUS-0052,2026-08-26,Bank Transfer,74152.82
PAY-0000902,INV-000647,ORD-000861,CUS-0113,2025-08-26,Cheque,28404.65
PAY-0000903,INV-000647,ORD-000861,CUS-0113,2026-03-29,Online Transfer,769393.35
PAY-0000904,INV-000648,ORD-000862,CUS-0089,2026-04-23,Bank Transfer,1867361.8
PAY-0000905,INV-000649,ORD-000863,CUS-0063,2026-05-19,Bank Transfer,275557.32
PAY-0000906,INV-000649,ORD-000863,CUS-0063,2026-08-08,Bank Transfer,5648.25
PAY-0000907,INV-000649,ORD-000863,CUS-0063,2026-08-13,Bank Transfer,548552.73
PAY-0000908,INV-000650,ORD-000864,CUS-0068,2026-07-30,Bank Transfer,8368.8
PAY-0000909,INV-000650,ORD-000864,CUS-0068,2026-08-23,Bank Transfer,178614.0
PAY-0000910,INV-000651,ORD-000865,CUS-0045,2026-05-09,Bank Transfer,1014674.62
PAY-0000911,INV-000652,ORD-000867,CUS-0013,2026-06-07,Bank Transfer,1265759.45
PAY-0000912,INV-000653,ORD-000869,CUS-0083,2026-05-18,Bank Transfer,2414227.81
PAY-0000913,INV-000653,ORD-000869,CUS-0083,2026-07-12,Bank Transfer,1549567.71
PAY-0000914,INV-000654,ORD-000870,CUS-0014,2026-08-14,Bank Transfer,386037.0
PAY-0000915,INV-000655,ORD-000871,CUS-0076,2026-08-08,Bank Transfer,540780.9
PAY-0000916,INV-000655,ORD-000871,CUS-0076,2026-08-30,Cash,234089.7
PAY-0000917,INV-000656,ORD-000872,CUS-0032,2026-01-06,Cheque,9588.1
PAY-0000918,INV-000656,ORD-000872,CUS-0032,2026-03-05,Cheque,680779.75
PAY-0000919,INV-000657,ORD-000873,CUS-0104,2025-08-18,Bank Transfer,415806.92
PAY-0000920,INV-000658,ORD-000874,CUS-0050,2025-12-23,Cash,2730835.05
PAY-0000921,INV-000658,ORD-000874,CUS-0050,2026-02-24,Bank Transfer,2831024.15
PAY-0000922,INV-000659,ORD-000875,CUS-0044,2026-03-30,Cheque,2141284.05
PAY-0000923,INV-000660,ORD-000876,CUS-0008,2026-04-27,Cheque,621467.06
PAY-0000924,INV-000661,ORD-000878,CUS-0115,2026-03-06,Bank Transfer,775333.66
PAY-0000925,INV-000661,ORD-000878,CUS-0115,2026-08-19,Online Transfer,351427.69
PAY-0000926,INV-000662,ORD-000879,CUS-0043,2026-07-05,Bank Transfer,445318.01
PAY-0000927,INV-000662,ORD-000879,CUS-0043,2026-07-08,Bank Transfer,266030.05
PAY-0000928,INV-000662,ORD-000879,CUS-0043,2026-07-17,Bank Transfer,93208.39
PAY-0000929,INV-000663,ORD-000880,CUS-0079,2025-10-31,Bank Transfer,1721687.85
PAY-0000930,INV-000664,ORD-000881,CUS-0038,2026-08-01,Cash,265677.0
PAY-0000931,INV-000665,ORD-000883,CUS-0001,2026-07-25,Bank Transfer,2848409.33
PAY-0000932,INV-000665,ORD-000883,CUS-0001,2026-07-27,Bank Transfer,1173207.67
PAY-0000933,INV-000666,ORD-000885,CUS-0002,2026-05-01,Bank Transfer,106940.93
PAY-0000934,INV-000666,ORD-000885,CUS-0002,2026-06-03,Bank Transfer,4249.96
PAY-0000935,INV-000666,ORD-000885,CUS-0002,2026-06-08,Bank Transfer,450205.91
PAY-0000936,INV-000667,ORD-000887,CUS-0090,2026-06-15,Bank Transfer,33415.5
PAY-0000937,INV-000667,ORD-000887,CUS-0090,2026-06-18,Online Transfer,92112.9
PAY-0000938,INV-000668,ORD-000888,CUS-0113,2026-06-08,Cheque,52383.0
PAY-0000939,INV-000669,ORD-000889,CUS-0036,2025-12-22,Cheque,609526.63
PAY-0000940,INV-000669,ORD-000889,CUS-0036,2026-01-16,Online Transfer,4589461.92
PAY-0000941,INV-000670,ORD-000890,CUS-0035,2026-03-11,Bank Transfer,698034.99
PAY-0000942,INV-000670,ORD-000890,CUS-0035,2026-05-03,Cheque,5031783.5
PAY-0000943,INV-000670,ORD-000890,CUS-0035,2026-08-26,Online Transfer,1089643.41
PAY-0000944,INV-000671,ORD-000891,CUS-0007,2025-05-16,Cheque,813213.22
PAY-0000945,INV-000672,ORD-000893,CUS-0050,2026-08-25,Cheque,692514.77
PAY-0000946,INV-000672,ORD-000893,CUS-0050,2026-08-29,Online Transfer,1187450.24
PAY-0000947,INV-000673,ORD-000894,CUS-0094,2025-11-10,Cheque,39955.63
PAY-0000948,INV-000673,ORD-000894,CUS-0094,2025-12-09,Bank Transfer,363305.77
PAY-0000949,INV-000673,ORD-000894,CUS-0094,2026-08-06,Bank Transfer,226746.5
PAY-0000950,INV-000674,ORD-000896,CUS-0025,2026-04-15,Bank Transfer,255953.8
PAY-0000951,INV-000675,ORD-000897,CUS-0046,2026-08-30,Bank Transfer,980023.93
PAY-0000952,INV-000676,ORD-000898,CUS-0063,2026-07-12,Bank Transfer,196175.0
PAY-0000953,INV-000677,ORD-000900,CUS-0013,2026-06-03,Online Transfer,562798.05
PAY-0000954,INV-000678,ORD-000901,CUS-0091,2026-06-14,Bank Transfer,129626.54
PAY-0000955,INV-000678,ORD-000901,CUS-0091,2026-08-18,Bank Transfer,304376.66
PAY-0000956,INV-000678,ORD-000901,CUS-0091,2026-08-25,Cheque,109090.33
PAY-0000957,INV-000679,ORD-000902,CUS-0116,2026-06-29,Bank Transfer,62737.5
PAY-0000958,INV-000680,ORD-000903,CUS-0078,2026-06-25,Cheque,244856.07
PAY-0000959,INV-000680,ORD-000903,CUS-0078,2026-08-08,Bank Transfer,151081.13
PAY-0000960,INV-000681,ORD-000905,CUS-0004,2026-07-08,Bank Transfer,813005.25
PAY-0000961,INV-000682,ORD-000906,CUS-0036,2026-08-12,Online Transfer,2254836.48
PAY-0000962,INV-000683,ORD-000907,CUS-0084,2026-02-14,Online Transfer,2540122.58
PAY-0000963,INV-000684,ORD-000908,CUS-0081,2026-04-18,Cash,635103.53
PAY-0000964,INV-000684,ORD-000908,CUS-0081,2026-08-16,Online Transfer,636216.93
PAY-0000965,INV-000684,ORD-000908,CUS-0081,2026-08-24,Online Transfer,39898.49
PAY-0000966,INV-000685,ORD-000909,CUS-0071,2026-08-20,Online Transfer,4664.8
PAY-0000967,INV-000686,ORD-000910,CUS-0095,2026-07-28,Cheque,556576.5
PAY-0000968,INV-000687,ORD-000911,CUS-0071,2026-07-13,Bank Transfer,694304.62
PAY-0000969,INV-000688,ORD-000912,CUS-0053,2026-07-22,Online Transfer,1118811.1
PAY-0000970,INV-000689,ORD-000913,CUS-0014,2026-03-07,Bank Transfer,927850.22
PAY-0000971,INV-000690,ORD-000914,CUS-0039,2026-06-24,Cheque,1508320.25
PAY-0000972,INV-000691,ORD-000915,CUS-0002,2025-11-19,Bank Transfer,5333571.14
PAY-0000973,INV-000691,ORD-000915,CUS-0002,2026-01-06,Bank Transfer,1481964.31
PAY-0000974,INV-000692,ORD-000916,CUS-0043,2026-08-30,Bank Transfer,1676188.52
PAY-0000975,INV-000693,ORD-000917,CUS-0110,2026-06-20,Bank Transfer,172221.0
PAY-0000976,INV-000694,ORD-000919,CUS-0117,2025-05-10,Bank Transfer,536072.17
PAY-0000977,INV-000694,ORD-000919,CUS-0117,2026-01-13,Bank Transfer,459650.18
PAY-0000978,INV-000695,ORD-000921,CUS-0055,2026-05-03,Bank Transfer,4084298.6
PAY-0000979,INV-000696,ORD-000922,CUS-0044,2025-11-01,Online Transfer,271403.65
PAY-0000980,INV-000696,ORD-000922,CUS-0044,2026-03-27,Online Transfer,1024408.92
PAY-0000981,INV-000697,ORD-000923,CUS-0050,2026-02-16,Bank Transfer,5656716.45
PAY-0000982,INV-000698,ORD-000924,CUS-0041,2026-05-31,Bank Transfer,285524.6
PAY-0000983,INV-000699,ORD-000925,CUS-0059,2026-07-13,Online Transfer,1103243.95
PAY-0000984,INV-000700,ORD-000926,CUS-0072,2025-08-18,Cheque,648212.35
PAY-0000985,INV-000701,ORD-000927,CUS-0084,2026-04-06,Cheque,2225283.83
PAY-0000986,INV-000702,ORD-000928,CUS-0089,2025-07-23,Bank Transfer,64879.06
PAY-0000987,INV-000702,ORD-000928,CUS-0089,2025-09-01,Bank Transfer,29091.43
PAY-0000988,INV-000702,ORD-000928,CUS-0089,2026-01-15,Cheque,890975.51
PAY-0000989,INV-000703,ORD-000929,CUS-0011,2026-03-02,Bank Transfer,417941.25
PAY-0000990,INV-000704,ORD-000930,CUS-0100,2026-09-01,Cheque,162182.15
PAY-0000991,INV-000705,ORD-000932,CUS-0117,2026-06-27,Bank Transfer,179617.95
PAY-0000992,INV-000706,ORD-000934,CUS-0045,2025-08-05,Bank Transfer,372673.44
PAY-0000993,INV-000706,ORD-000934,CUS-0045,2026-01-08,Cheque,1594498.77
PAY-0000994,INV-000706,ORD-000934,CUS-0045,2026-08-12,Bank Transfer,428434.29
PAY-0000995,INV-000707,ORD-000936,CUS-0084,2026-04-30,Bank Transfer,277438.65
PAY-0000996,INV-000708,ORD-000937,CUS-0118,2026-05-15,Online Transfer,395232.15
PAY-0000997,INV-000709,ORD-000938,CUS-0050,2026-07-30,Online Transfer,328682.6
PAY-0000998,INV-000709,ORD-000938,CUS-0050,2026-08-11,Bank Transfer,414756.63
PAY-0000999,INV-000710,ORD-000939,CUS-0011,2026-03-21,Cash,337834.03
PAY-0001000,INV-000710,ORD-000939,CUS-0011,2026-05-13,Bank Transfer,860305.52
PAY-0001001,INV-000711,ORD-000940,CUS-0100,2026-07-10,Bank Transfer,582164.8
PAY-0001002,INV-000712,ORD-000941,CUS-0104,2026-07-06,Online Transfer,2971550.58
PAY-0001003,INV-000712,ORD-000941,CUS-0104,2026-07-18,Bank Transfer,1823872.07
PAY-0001004,INV-000713,ORD-000942,CUS-0100,2026-07-28,Bank Transfer,1885085.4
PAY-0001005,INV-000714,ORD-000943,CUS-0019,2026-08-15,Online Transfer,194414.59
PAY-0001006,INV-000715,ORD-000945,CUS-0061,2025-08-24,Bank Transfer,43289.55
PAY-0001007,INV-000716,ORD-000946,CUS-0049,2026-02-28,Bank Transfer,1202741.55
PAY-0001008,INV-000717,ORD-000947,CUS-0034,2026-09-01,Bank Transfer,821609.66
PAY-0001009,INV-000718,ORD-000948,CUS-0002,2026-07-13,Bank Transfer,4320493.3
PAY-0001010,INV-000719,ORD-000949,CUS-0089,2026-06-05,Bank Transfer,1117814.0
PAY-0001011,INV-000720,ORD-000950,CUS-0117,2026-05-18,Bank Transfer,1818541.23
PAY-0001012,INV-000720,ORD-000950,CUS-0117,2026-06-11,Online Transfer,472095.42
PAY-0001013,INV-000721,ORD-000951,CUS-0034,2026-06-30,Online Transfer,4154546.95
PAY-0001014,INV-000722,ORD-000953,CUS-0018,2026-08-15,Cheque,67067.07
PAY-0001015,INV-000723,ORD-000956,CUS-0080,2026-01-27,Bank Transfer,36515.0
PAY-0001016,INV-000724,ORD-000957,CUS-0072,2026-05-22,Bank Transfer,4574610.72
PAY-0001017,INV-000725,ORD-000958,CUS-0096,2025-11-22,Cheque,946312.62
PAY-0001018,INV-000725,ORD-000958,CUS-0096,2026-07-17,Bank Transfer,2668053.93
PAY-0001019,INV-000726,ORD-000959,CUS-0084,2026-03-23,Online Transfer,383935.12
PAY-0001020,INV-000727,ORD-000960,CUS-0098,2026-08-12,Cheque,119241.36
PAY-0001021,INV-000728,ORD-000961,CUS-0075,2026-06-02,Online Transfer,1223975.65
PAY-0001022,INV-000729,ORD-000962,CUS-0024,2026-01-03,Online Transfer,2088751.35
PAY-0001023,INV-000729,ORD-000962,CUS-0024,2026-04-23,Online Transfer,2294728.74
PAY-0001024,INV-000729,ORD-000962,CUS-0024,2026-05-10,Bank Transfer,3485403.01
PAY-0001025,INV-000730,ORD-000963,CUS-0064,2026-05-04,Bank Transfer,1002282.36
PAY-0001026,INV-000730,ORD-000963,CUS-0064,2026-08-13,Online Transfer,82195.26
PAY-0001027,INV-000730,ORD-000963,CUS-0064,2026-08-17,Bank Transfer,1621939.4
PAY-0001028,INV-000731,ORD-000964,CUS-0083,2026-05-11,Bank Transfer,79521.75
PAY-0001029,INV-000732,ORD-000966,CUS-0053,2026-04-13,Bank Transfer,24244.42
PAY-0001030,INV-000733,ORD-000968,CUS-0081,2026-08-15,Cheque,2934957.95
PAY-0001031,INV-000734,ORD-000970,CUS-0084,2026-08-05,Bank Transfer,156521.1
PAY-0001032,INV-000735,ORD-000972,CUS-0044,2026-08-29,Online Transfer,105378.92
PAY-0001033,INV-000735,ORD-000972,CUS-0044,2026-08-29,Online Transfer,649212.57
PAY-0001034,INV-000736,ORD-000973,CUS-0033,2026-01-01,Bank Transfer,131578.85
PAY-0001035,INV-000737,ORD-000974,CUS-0075,2026-07-24,Bank Transfer,733488.0
PAY-0001036,INV-000738,ORD-000975,CUS-0083,2026-04-04,Bank Transfer,3406369.42
PAY-0001037,INV-000739,ORD-000976,CUS-0080,2025-10-22,Bank Transfer,170773.04
PAY-0001038,INV-000739,ORD-000976,CUS-0080,2026-05-30,Bank Transfer,155504.34
PAY-0001039,INV-000740,ORD-000977,CUS-0056,2025-11-23,Bank Transfer,801133.17
PAY-0001040,INV-000740,ORD-000977,CUS-0056,2026-08-06,Bank Transfer,166842.95
PAY-0001041,INV-000741,ORD-000979,CUS-0101,2026-04-24,Cheque,264852.47
PAY-0001042,INV-000742,ORD-000980,CUS-0115,2025-12-20,Bank Transfer,923571.25
PAY-0001043,INV-000743,ORD-000981,CUS-0036,2026-01-13,Cheque,577493.47
PAY-0001044,INV-000744,ORD-000982,CUS-0089,2026-06-18,Online Transfer,349343.42
PAY-0001045,INV-000745,ORD-000983,CUS-0056,2026-08-03,Bank Transfer,433329.92
PAY-0001046,INV-000746,ORD-000984,CUS-0092,2025-09-20,Cheque,60051.55
PAY-0001047,INV-000747,ORD-000985,CUS-0010,2026-07-29,Online Transfer,699273.54
PAY-0001048,INV-000747,ORD-000985,CUS-0010,2026-08-17,Cheque,512344.56
PAY-0001049,INV-000748,ORD-000988,CUS-0062,2026-05-17,Bank Transfer,324337.5
PAY-0001050,INV-000748,ORD-000988,CUS-0062,2026-05-22,Bank Transfer,512515.55
PAY-0001051,INV-000749,ORD-000989,CUS-0074,2025-11-22,Bank Transfer,3554112.8
PAY-0001052,INV-000750,ORD-000990,CUS-0014,2026-07-25,Bank Transfer,814092.32
PAY-0001053,INV-000751,ORD-000991,CUS-0096,2026-08-20,Cheque,107027.69
PAY-0001054,INV-000751,ORD-000991,CUS-0096,2026-08-25,Online Transfer,197443.84
PAY-0001055,INV-000751,ORD-000991,CUS-0096,2026-09-01,Cheque,585648.79
PAY-0001056,INV-000752,ORD-000992,CUS-0050,2026-08-06,Bank Transfer,402449.33
PAY-0001057,INV-000753,ORD-000995,CUS-0004,2025-12-24,Bank Transfer,18144.71
PAY-0001058,INV-000753,ORD-000995,CUS-0004,2026-05-09,Cheque,4533.29
PAY-0001059,INV-000754,ORD-000996,CUS-0035,2025-11-11,Bank Transfer,292719.94
PAY-0001060,INV-000754,ORD-000996,CUS-0035,2026-03-27,Bank Transfer,1032415.63
PAY-0001061,INV-000755,ORD-000997,CUS-0059,2026-02-13,Online Transfer,595056.3
PAY-0001062,INV-000756,ORD-000998,CUS-0094,2026-06-11,Cheque,566815.95
PAY-0001063,INV-000757,ORD-000999,CUS-0120,2025-12-05,Online Transfer,2005874.7
PAY-0001064,INV-000757,ORD-000999,CUS-0120,2026-03-05,Online Transfer,4958562.0
PAY-0001065,INV-000758,ORD-001000,CUS-0029,2026-01-03,Bank Transfer,187024.88
PAY-0001066,INV-000758,ORD-001000,CUS-0029,2026-03-15,Cheque,14342.12
PAY-0001067,INV-000759,ORD-001002,CUS-0048,2026-09-01,Bank Transfer,630752.33
PAY-0001068,INV-000760,ORD-001003,CUS-0084,2026-08-19,Bank Transfer,219814.65
PAY-0001069,INV-000761,ORD-001004,CUS-0069,2025-09-27,Bank Transfer,2665336.8
PAY-0001070,INV-000762,ORD-001006,CUS-0103,2026-07-12,Bank Transfer,1257983.25
PAY-0001071,INV-000763,ORD-001007,CUS-0117,2026-05-22,Online Transfer,778487.3
PAY-0001072,INV-000764,ORD-001008,CUS-0066,2026-06-08,Bank Transfer,657336.7
PAY-0001073,INV-000765,ORD-001011,CUS-0033,2026-06-20,Bank Transfer,232489.5
PAY-0001074,INV-000766,ORD-001012,CUS-0072,2026-07-12,Bank Transfer,2080056.8
PAY-0001075,INV-000767,ORD-001013,CUS-0063,2026-08-23,Bank Transfer,1003109.15
PAY-0001076,INV-000768,ORD-001014,CUS-0075,2026-08-30,Bank Transfer,3985532.6
PAY-0001077,INV-000769,ORD-001017,CUS-0116,2026-04-30,Cheque,1986469.13
PAY-0001078,INV-000769,ORD-001017,CUS-0116,2026-07-03,Bank Transfer,348823.14
PAY-0001079,INV-000770,ORD-001018,CUS-0096,2026-08-11,Bank Transfer,350064.0
PAY-0001080,INV-000771,ORD-001019,CUS-0110,2026-08-13,Bank Transfer,165569.64
PAY-0001081,INV-000772,ORD-001021,CUS-0082,2026-03-22,Bank Transfer,332258.5
PAY-0001082,INV-000773,ORD-001024,CUS-0040,2026-08-02,Bank Transfer,85631.05
PAY-0001083,INV-000774,ORD-001028,CUS-0003,2026-08-19,Online Transfer,353949.85
PAY-0001084,INV-000775,ORD-001030,CUS-0063,2026-09-01,Bank Transfer,238371.21
PAY-0001085,INV-000776,ORD-001031,CUS-0096,2026-05-15,Bank Transfer,2208905.7
PAY-0001086,INV-000776,ORD-001031,CUS-0096,2026-05-28,Bank Transfer,2139698.15
PAY-0001087,INV-000777,ORD-001032,CUS-0078,2026-07-21,Bank Transfer,302262.9
PAY-0001088,INV-000778,ORD-001035,CUS-0011,2026-08-14,Online Transfer,3615310.55
PAY-0001089,INV-000779,ORD-001036,CUS-0046,2026-04-21,Cheque,1629764.6
PAY-0001090,INV-000779,ORD-001036,CUS-0046,2026-05-30,Cash,52266.09
PAY-0001091,INV-000779,ORD-001036,CUS-0046,2026-08-17,Cheque,573036.33
PAY-0001092,INV-000780,ORD-001037,CUS-0047,2025-06-27,Online Transfer,4246.0
PAY-0001093,INV-000780,ORD-001037,CUS-0047,2026-02-10,Cash,639573.8
PAY-0001094,INV-000781,ORD-001038,CUS-0076,2026-02-26,Online Transfer,114853.4
PAY-0001095,INV-000781,ORD-001038,CUS-0076,2026-04-09,Bank Transfer,401116.35
PAY-0001096,INV-000782,ORD-001040,CUS-0005,2026-03-06,Bank Transfer,1226468.37
PAY-0001097,INV-000782,ORD-001040,CUS-0005,2026-08-13,Online Transfer,408120.73
PAY-0001098,INV-000783,ORD-001041,CUS-0048,2026-08-24,Cheque,1869456.3
PAY-0001099,INV-000784,ORD-001042,CUS-0013,2026-01-07,Online Transfer,382612.05
PAY-0001100,INV-000785,ORD-001043,CUS-0018,2026-06-02,Bank Transfer,185743.71
PAY-0001101,INV-000785,ORD-001043,CUS-0018,2026-07-16,Online Transfer,773096.52
PAY-0001102,INV-000786,ORD-001044,CUS-0052,2025-11-06,Bank Transfer,391482.7
PAY-0001103,INV-000787,ORD-001045,CUS-0071,2026-02-02,Bank Transfer,1342828.53
PAY-0001104,INV-000787,ORD-001045,CUS-0071,2026-03-10,Bank Transfer,1583331.05
PAY-0001105,INV-000788,ORD-001047,CUS-0090,2026-05-30,Cash,1268274.32
PAY-0001106,INV-000789,ORD-001049,CUS-0110,2026-08-28,Cheque,665242.7
PAY-0001107,INV-000790,ORD-001050,CUS-0095,2026-01-12,Cheque,3243395.2
PAY-0001108,INV-000791,ORD-001051,CUS-0063,2026-05-17,Online Transfer,97951.7
PAY-0001109,INV-000792,ORD-001052,CUS-0114,2026-06-29,Cheque,428354.86
PAY-0001110,INV-000792,ORD-001052,CUS-0114,2026-08-10,Bank Transfer,111175.07
PAY-0001111,INV-000793,ORD-001053,CUS-0005,2026-07-22,Cheque,628254.81
PAY-0001112,INV-000793,ORD-001053,CUS-0005,2026-08-04,Cheque,273651.64
PAY-0001113,INV-000794,ORD-001054,CUS-0075,2025-07-01,Cheque,1898109.65
PAY-0001114,INV-000795,ORD-001056,CUS-0002,2026-09-01,Bank Transfer,260324.02
PAY-0001115,INV-000795,ORD-001056,CUS-0002,2026-09-01,Cash,415923.06
PAY-0001116,INV-000796,ORD-001058,CUS-0057,2026-06-24,Bank Transfer,44962.35
PAY-0001117,INV-000797,ORD-001059,CUS-0064,2026-04-07,Bank Transfer,1321843.38
PAY-0001118,INV-000798,ORD-001060,CUS-0023,2026-07-03,Online Transfer,397422.53
PAY-0001119,INV-000799,ORD-001061,CUS-0104,2026-06-01,Cheque,1166747.12
PAY-0001120,INV-000800,ORD-001062,CUS-0103,2025-10-17,Online Transfer,882672.45
PAY-0001121,INV-000801,ORD-001063,CUS-0011,2026-08-02,Bank Transfer,6377523.88
PAY-0001122,INV-000802,ORD-001064,CUS-0069,2026-07-09,Bank Transfer,388016.45
PAY-0001123,INV-000803,ORD-001066,CUS-0004,2026-08-16,Online Transfer,944626.88
PAY-0001124,INV-000804,ORD-001069,CUS-0095,2026-08-27,Bank Transfer,122936.54
PAY-0001125,INV-000804,ORD-001069,CUS-0095,2026-08-29,Bank Transfer,731847.35
PAY-0001126,INV-000805,ORD-001070,CUS-0044,2026-07-14,Online Transfer,2695332.4
PAY-0001127,INV-000806,ORD-001071,CUS-0080,2026-05-23,Cheque,862420.7
PAY-0001128,INV-000807,ORD-001072,CUS-0067,2025-07-29,Bank Transfer,1775063.04
PAY-0001129,INV-000807,ORD-001072,CUS-0067,2025-10-25,Online Transfer,68514.39
PAY-0001130,INV-000808,ORD-001073,CUS-0097,2026-04-23,Bank Transfer,61737.5
PAY-0001131,INV-000809,ORD-001074,CUS-0074,2026-07-05,Online Transfer,664135.17
PAY-0001132,INV-000809,ORD-001074,CUS-0074,2026-08-10,Cheque,1351983.33
PAY-0001133,INV-000810,ORD-001076,CUS-0045,2025-11-09,Bank Transfer,1168728.08
PAY-0001134,INV-000810,ORD-001076,CUS-0045,2026-07-12,Bank Transfer,2355552.84
PAY-0001135,INV-000811,ORD-001077,CUS-0003,2026-05-10,Bank Transfer,566410.32
PAY-0001136,INV-000812,ORD-001078,CUS-0046,2026-08-24,Cheque,660205.57
PAY-0001137,INV-000813,ORD-001080,CUS-0117,2026-06-15,Cheque,32336.1
PAY-0001138,INV-000814,ORD-001081,CUS-0115,2026-08-31,Bank Transfer,399365.1
PAY-0001139,INV-000815,ORD-001082,CUS-0053,2026-08-25,Bank Transfer,73800.0
PAY-0001140,INV-000816,ORD-001083,CUS-0055,2025-05-21,Online Transfer,534332.83
PAY-0001141,INV-000816,ORD-001083,CUS-0055,2025-08-13,Bank Transfer,1334324.02
PAY-0001142,INV-000817,ORD-001085,CUS-0041,2026-01-01,Cheque,1446331.9
PAY-0001143,INV-000818,ORD-001086,CUS-0069,2026-06-18,Cheque,456837.13
PAY-0001144,INV-000818,ORD-001086,CUS-0069,2026-08-26,Bank Transfer,100600.77
PAY-0001145,INV-000819,ORD-001088,CUS-0011,2026-08-24,Online Transfer,1151939.6
PAY-0001146,INV-000820,ORD-001089,CUS-0116,2026-07-16,Online Transfer,178631.35
PAY-0001147,INV-000821,ORD-001092,CUS-0046,2026-08-10,Online Transfer,1035627.0
PAY-0001148,INV-000822,ORD-001094,CUS-0081,2025-12-11,Online Transfer,965667.75
PAY-0001149,INV-000823,ORD-001095,CUS-0072,2025-10-08,Bank Transfer,979582.9
PAY-0001150,INV-000824,ORD-001097,CUS-0107,2026-08-17,Cheque,520928.7
PAY-0001151,INV-000825,ORD-001100,CUS-0092,2026-07-06,Online Transfer,255883.0
PAY-0001152,INV-000826,ORD-001101,CUS-0071,2026-04-08,Bank Transfer,137216.3
PAY-0001153,INV-000827,ORD-001102,CUS-0083,2026-06-24,Online Transfer,841997.85
PAY-0001154,INV-000828,ORD-001103,CUS-0115,2026-07-25,Bank Transfer,901071.6
PAY-0001155,INV-000829,ORD-001104,CUS-0010,2026-03-19,Online Transfer,650253.82
PAY-0001156,INV-000829,ORD-001104,CUS-0010,2026-07-09,Bank Transfer,79506.86
PAY-0001157,INV-000830,ORD-001105,CUS-0089,2026-04-24,Cheque,1220782.27
PAY-0001158,INV-000831,ORD-001106,CUS-0112,2026-02-13,Bank Transfer,545974.2
PAY-0001159,INV-000832,ORD-001108,CUS-0014,2026-04-19,Cheque,151866.0
PAY-0001160,INV-000833,ORD-001109,CUS-0039,2026-05-01,Bank Transfer,980226.0
PAY-0001161,INV-000834,ORD-001110,CUS-0025,2026-08-06,Cheque,12934.2
PAY-0001162,INV-000835,ORD-001112,CUS-0120,2026-06-21,Bank Transfer,1311878.27
PAY-0001163,INV-000836,ORD-001114,CUS-0002,2026-08-02,Bank Transfer,604813.88
PAY-0001164,INV-000836,ORD-001114,CUS-0002,2026-08-21,Bank Transfer,1129986.72
PAY-0001165,INV-000837,ORD-001117,CUS-0116,2025-09-09,Bank Transfer,299625.6
PAY-0001166,INV-000838,ORD-001119,CUS-0075,2026-06-30,Online Transfer,3140924.0
PAY-0001167,INV-000839,ORD-001120,CUS-0100,2026-04-13,Bank Transfer,537846.52
PAY-0001168,INV-000839,ORD-001120,CUS-0100,2026-06-13,Online Transfer,135235.8
PAY-0001169,INV-000840,ORD-001121,CUS-0092,2026-01-04,Cheque,462610.03
PAY-0001170,INV-000840,ORD-001121,CUS-0092,2026-06-06,Cheque,586417.35
PAY-0001171,INV-000841,ORD-001122,CUS-0034,2025-11-03,Bank Transfer,1170821.34
PAY-0001172,INV-000841,ORD-001122,CUS-0034,2026-04-16,Bank Transfer,857408.39
PAY-0001173,INV-000842,ORD-001124,CUS-0064,2026-08-26,Cheque,1178997.0
PAY-0001174,INV-000843,ORD-001125,CUS-0086,2026-05-12,Bank Transfer,20743.89
PAY-0001175,INV-000843,ORD-001125,CUS-0086,2026-08-20,Bank Transfer,544611.81
PAY-0001176,INV-000844,ORD-001126,CUS-0058,2026-08-24,Bank Transfer,1271078.3
PAY-0001177,INV-000845,ORD-001129,CUS-0024,2026-08-06,Cheque,923732.03
PAY-0001178,INV-000846,ORD-001130,CUS-0116,2026-08-18,Bank Transfer,792906.8
PAY-0001179,INV-000846,ORD-001130,CUS-0116,2026-08-23,Bank Transfer,495918.7
PAY-0001180,INV-000847,ORD-001131,CUS-0059,2026-05-16,Online Transfer,1011708.4
PAY-0001181,INV-000848,ORD-001132,CUS-0012,2026-08-14,Online Transfer,500337.7
PAY-0001182,INV-000849,ORD-001134,CUS-0119,2025-10-05,Bank Transfer,534203.7
PAY-0001183,INV-000850,ORD-001135,CUS-0094,2025-09-05,Bank Transfer,21432.6
PAY-0001184,INV-000851,ORD-001137,CUS-0035,2026-08-13,Bank Transfer,3379150.58
PAY-0001185,INV-000851,ORD-001137,CUS-0035,2026-08-17,Cheque,121083.42
PAY-0001186,INV-000852,ORD-001140,CUS-0115,2026-02-03,Cheque,38183.2
PAY-0001187,INV-000853,ORD-001141,CUS-0037,2026-07-14,Bank Transfer,151936.8
PAY-0001188,INV-000854,ORD-001142,CUS-0024,2026-08-16,Bank Transfer,1103307.38
PAY-0001189,INV-000855,ORD-001143,CUS-0087,2026-09-01,Bank Transfer,35929.39
PAY-0001190,INV-000856,ORD-001145,CUS-0113,2026-05-31,Online Transfer,2928641.67
PAY-0001191,INV-000856,ORD-001145,CUS-0113,2026-08-15,Cheque,1980471.03
PAY-0001192,INV-000857,ORD-001146,CUS-0028,2026-02-05,Bank Transfer,485120.42
PAY-0001193,INV-000857,ORD-001146,CUS-0028,2026-06-25,Online Transfer,714579.68
PAY-0001194,INV-000858,ORD-001147,CUS-0120,2026-06-09,Cheque,3675770.39
PAY-0001195,INV-000858,ORD-001147,CUS-0120,2026-08-04,Bank Transfer,1589474.08
PAY-0001196,INV-000858,ORD-001147,CUS-0120,2026-08-19,Online Transfer,1456932.33
PAY-0001197,INV-000859,ORD-001149,CUS-0012,2026-03-03,Cheque,1320787.72
PAY-0001198,INV-000859,ORD-001149,CUS-0012,2026-05-24,Online Transfer,2241067.36
PAY-0001199,INV-000860,ORD-001150,CUS-0041,2026-08-25,Bank Transfer,840518.57
PAY-0001200,INV-000861,ORD-001151,CUS-0040,2026-04-15,Cheque,465813.85
PAY-0001201,INV-000862,ORD-001152,CUS-0073,2026-04-09,Cheque,503072.35
PAY-0001202,INV-000863,ORD-001154,CUS-0046,2026-01-15,Cash,1359430.8
PAY-0001203,INV-000864,ORD-001155,CUS-0004,2026-06-03,Bank Transfer,143927.55
PAY-0001204,INV-000865,ORD-001156,CUS-0072,2026-06-18,Bank Transfer,2232983.33
PAY-0001205,INV-000866,ORD-001157,CUS-0046,2026-01-01,Cheque,498051.45
PAY-0001206,INV-000867,ORD-001158,CUS-0115,2026-08-30,Bank Transfer,255508.62
PAY-0001207,INV-000867,ORD-001158,CUS-0115,2026-09-01,Bank Transfer,297564.46
PAY-0001208,INV-000868,ORD-001159,CUS-0028,2026-05-29,Cheque,312695.51
PAY-0001209,INV-000868,ORD-001159,CUS-0028,2026-07-25,Bank Transfer,4603.54
PAY-0001210,INV-000869,ORD-001160,CUS-0117,2026-02-15,Online Transfer,236553.69
PAY-0001211,INV-000869,ORD-001160,CUS-0117,2026-08-12,Online Transfer,112610.26
PAY-0001212,INV-000870,ORD-001162,CUS-0048,2026-01-17,Online Transfer,1283441.75
PAY-0001213,INV-000871,ORD-001163,CUS-0092,2025-07-22,Online Transfer,706650.38
PAY-0001214,INV-000872,ORD-001164,CUS-0067,2026-06-21,Bank Transfer,974323.05
PAY-0001215,INV-000873,ORD-001166,CUS-0108,2026-08-27,Bank Transfer,51822.22
PAY-0001216,INV-000874,ORD-001167,CUS-0055,2026-08-30,Bank Transfer,1887541.27
PAY-0001217,INV-000875,ORD-001168,CUS-0024,2026-08-10,Cheque,168070.75
PAY-0001218,INV-000875,ORD-001168,CUS-0024,2026-08-29,Bank Transfer,798183.31
PAY-0001219,INV-000876,ORD-001170,CUS-0001,2025-12-16,Online Transfer,828091.92
PAY-0001220,INV-000876,ORD-001170,CUS-0001,2026-06-02,Online Transfer,5919130.38
PAY-0001221,INV-000877,ORD-001171,CUS-0087,2026-01-07,Cheque,96427.8
PAY-0001222,INV-000878,ORD-001172,CUS-0064,2025-05-11,Online Transfer,1222348.35
PAY-0001223,INV-000878,ORD-001172,CUS-0064,2026-05-02,Bank Transfer,594235.14
PAY-0001224,INV-000878,ORD-001172,CUS-0064,2026-05-26,Bank Transfer,46418.21
PAY-0001225,INV-000879,ORD-001173,CUS-0094,2026-03-14,Online Transfer,93864.85
PAY-0001226,INV-000879,ORD-001173,CUS-0094,2026-07-23,Bank Transfer,79433.52
PAY-0001227,INV-000880,ORD-001174,CUS-0120,2026-05-02,Online Transfer,1730529.0
PAY-0001228,INV-000881,ORD-001175,CUS-0113,2026-05-15,Cash,2071192.1
PAY-0001229,INV-000881,ORD-001175,CUS-0113,2026-08-15,Bank Transfer,41173.1
PAY-0001230,INV-000882,ORD-001177,CUS-0030,2026-07-29,Bank Transfer,1424001.88
PAY-0001231,INV-000883,ORD-001178,CUS-0038,2026-08-12,Bank Transfer,387497.25
PAY-0001232,INV-000884,ORD-001179,CUS-0039,2026-09-01,Online Transfer,613836.81
PAY-0001233,INV-000884,ORD-001179,CUS-0039,2026-09-01,Bank Transfer,1235565.17
PAY-0001234,INV-000885,ORD-001180,CUS-0112,2026-08-05,Bank Transfer,174840.6
PAY-0001235,INV-000886,ORD-001181,CUS-0008,2026-06-10,Bank Transfer,90283.2
PAY-0001236,INV-000887,ORD-001183,CUS-0081,2026-05-25,Bank Transfer,1762257.73
PAY-0001237,INV-000888,ORD-001184,CUS-0083,2026-07-22,Bank Transfer,834922.3
PAY-0001238,INV-000889,ORD-001186,CUS-0071,2025-12-19,Cheque,1282997.16
PAY-0001239,INV-000889,ORD-001186,CUS-0071,2026-01-28,Online Transfer,186393.41
PAY-0001240,INV-000890,ORD-001187,CUS-0072,2026-02-03,Bank Transfer,1361315.81
PAY-0001241,INV-000890,ORD-001187,CUS-0072,2026-07-25,Bank Transfer,1790520.24
PAY-0001242,INV-000891,ORD-001188,CUS-0074,2026-01-06,Bank Transfer,3870373.65
PAY-0001243,INV-000891,ORD-001188,CUS-0074,2026-08-01,Online Transfer,563724.15
PAY-0001244,INV-000892,ORD-001189,CUS-0050,2025-10-28,Online Transfer,3392488.2
PAY-0001245,INV-000893,ORD-001190,CUS-0045,2026-01-06,Bank Transfer,204899.62
PAY-0001246,INV-000894,ORD-001192,CUS-0066,2025-08-25,Online Transfer,145189.13
PAY-0001247,INV-000894,ORD-001192,CUS-0066,2026-08-17,Cheque,196361.87
PAY-0001248,INV-000895,ORD-001193,CUS-0058,2026-06-09,Online Transfer,777680.47
PAY-0001249,INV-000896,ORD-001194,CUS-0034,2026-08-09,Online Transfer,891891.68
PAY-0001250,INV-000896,ORD-001194,CUS-0034,2026-08-17,Cheque,139624.03
PAY-0001251,INV-000896,ORD-001194,CUS-0034,2026-08-28,Bank Transfer,346712.49
PAY-0001252,INV-000897,ORD-001197,CUS-0010,2026-03-24,Cheque,530339.83
PAY-0001253,INV-000897,ORD-001197,CUS-0010,2026-04-02,Online Transfer,512013.17
PAY-0001254,INV-000898,ORD-001198,CUS-0024,2025-12-24,Online Transfer,158138.92
PAY-0001255,INV-000898,ORD-001198,CUS-0024,2025-12-29,Bank Transfer,2957897.41
PAY-0001256,INV-000899,ORD-001199,CUS-0102,2026-07-25,Cash,112195.75
PAY-0001257,INV-000900,ORD-001201,CUS-0081,2026-07-24,Cheque,1706418.65
PAY-0001258,INV-000901,ORD-001202,CUS-0102,2025-11-03,Cash,1363171.4
PAY-0001259,INV-000902,ORD-001203,CUS-0071,2026-07-29,Bank Transfer,286353.6
PAY-0001260,INV-000903,ORD-001204,CUS-0104,2026-05-10,Bank Transfer,109953.29
PAY-0001261,INV-000903,ORD-001204,CUS-0104,2026-06-03,Cash,1066590.08
PAY-0001262,INV-000903,ORD-001204,CUS-0104,2026-06-06,Bank Transfer,713434.61
PAY-0001263,INV-000904,ORD-001205,CUS-0024,2026-07-29,Online Transfer,1224755.93
PAY-0001264,INV-000905,ORD-001206,CUS-0072,2026-09-01,Cheque,167365.89
PAY-0001265,INV-000906,ORD-001207,CUS-0074,2025-10-13,Online Transfer,2627261.17
PAY-0001266,INV-000906,ORD-001207,CUS-0074,2026-08-08,Cheque,566709.73
PAY-0001267,INV-000907,ORD-001208,CUS-0019,2026-06-28,Cheque,354964.65
PAY-0001268,INV-000908,ORD-001209,CUS-0074,2026-08-06,Bank Transfer,1744655.07
PAY-0001269,INV-000909,ORD-001210,CUS-0045,2026-08-16,Online Transfer,467451.1
PAY-0001270,INV-000910,ORD-001211,CUS-0041,2026-03-27,Bank Transfer,3735977.35
PAY-0001271,INV-000911,ORD-001212,CUS-0042,2026-08-17,Cheque,159774.95
PAY-0001272,INV-000912,ORD-001213,CUS-0049,2026-07-11,Cheque,1740818.6
PAY-0001273,INV-000913,ORD-001215,CUS-0041,2025-08-13,Online Transfer,738551.68
PAY-0001274,INV-000914,ORD-001217,CUS-0025,2026-08-20,Bank Transfer,8593.72
PAY-0001275,INV-000914,ORD-001217,CUS-0025,2026-08-20,Online Transfer,3765.27
PAY-0001276,INV-000915,ORD-001218,CUS-0094,2025-12-11,Bank Transfer,2607285.7
PAY-0001277,INV-000916,ORD-001219,CUS-0064,2026-06-13,Bank Transfer,1793526.25
PAY-0001278,INV-000917,ORD-001220,CUS-0050,2025-12-04,Bank Transfer,288571.31
PAY-0001279,INV-000917,ORD-001220,CUS-0050,2026-06-16,Online Transfer,3816440.71
PAY-0001280,INV-000918,ORD-001221,CUS-0008,2026-04-01,Online Transfer,295118.0
PAY-0001281,INV-000919,ORD-001222,CUS-0011,2026-08-11,Cheque,197803.4
PAY-0001282,INV-000920,ORD-001223,CUS-0096,2026-01-08,Online Transfer,402309.67
PAY-0001283,INV-000920,ORD-001223,CUS-0096,2026-03-24,Cheque,444360.98
PAY-0001284,INV-000921,ORD-001224,CUS-0081,2026-05-15,Online Transfer,514494.1
PAY-0001285,INV-000921,ORD-001224,CUS-0081,2026-07-29,Cheque,328194.05
PAY-0001286,INV-000922,ORD-001227,CUS-0024,2025-06-07,Cheque,7354556.5
PAY-0001287,INV-000923,ORD-001228,CUS-0103,2025-10-28,Bank Transfer,2002882.71
PAY-0001288,INV-000923,ORD-001228,CUS-0103,2025-11-06,Bank Transfer,2224825.95
PAY-0001289,INV-000923,ORD-001228,CUS-0103,2026-06-11,Cheque,207374.44
PAY-0001290,INV-000924,ORD-001229,CUS-0046,2026-08-28,Online Transfer,1530634.05
PAY-0001291,INV-000925,ORD-001230,CUS-0005,2026-01-26,Bank Transfer,2381188.38
PAY-0001292,INV-000926,ORD-001232,CUS-0090,2026-07-29,Bank Transfer,519790.0
PAY-0001293,INV-000927,ORD-001233,CUS-0110,2026-08-15,Bank Transfer,125522.5
PAY-0001294,INV-000928,ORD-001234,CUS-0101,2026-06-27,Online Transfer,1887637.15
PAY-0001295,INV-000929,ORD-001235,CUS-0011,2026-06-29,Bank Transfer,1033087.05
PAY-0001296,INV-000930,ORD-001237,CUS-0095,2026-08-10,Online Transfer,364120.14
PAY-0001297,INV-000930,ORD-001237,CUS-0095,2026-08-16,Bank Transfer,4984218.06
PAY-0001298,INV-000931,ORD-001238,CUS-0046,2026-06-25,Bank Transfer,2965729.4
PAY-0001299,INV-000932,ORD-001239,CUS-0039,2026-08-29,Bank Transfer,2863839.35
PAY-0001300,INV-000933,ORD-001241,CUS-0067,2025-11-29,Bank Transfer,463278.67
PAY-0001301,INV-000933,ORD-001241,CUS-0067,2026-08-10,Online Transfer,1384183.9
PAY-0001302,INV-000934,ORD-001242,CUS-0063,2026-08-29,Bank Transfer,182811.16
PAY-0001303,INV-000934,ORD-001242,CUS-0063,2026-09-01,Online Transfer,465240.41
PAY-0001304,INV-000935,ORD-001243,CUS-0120,2025-04-25,Online Transfer,88823.07
PAY-0001305,INV-000935,ORD-001243,CUS-0120,2025-09-11,Online Transfer,267967.63
PAY-0001306,INV-000936,ORD-001246,CUS-0061,2025-09-02,Bank Transfer,181153.6
PAY-0001307,INV-000937,ORD-001247,CUS-0118,2026-07-20,Online Transfer,643359.6
PAY-0001308,INV-000938,ORD-001249,CUS-0047,2025-12-14,Bank Transfer,845095.35
PAY-0001309,INV-000939,ORD-001250,CUS-0075,2026-02-09,Bank Transfer,911351.25
PAY-0001310,INV-000939,ORD-001250,CUS-0075,2026-05-11,Bank Transfer,761201.4
PAY-0001311,INV-000940,ORD-001253,CUS-0044,2026-07-21,Cheque,95248.12
PAY-0001312,INV-000941,ORD-001254,CUS-0120,2026-04-09,Cheque,1121334.04
PAY-0001313,INV-000941,ORD-001254,CUS-0120,2026-06-04,Bank Transfer,2260625.61
PAY-0001314,INV-000942,ORD-001255,CUS-0016,2026-08-08,Bank Transfer,498803.7
PAY-0001315,INV-000943,ORD-001256,CUS-0084,2025-06-10,Cheque,936702.66
PAY-0001316,INV-000943,ORD-001256,CUS-0084,2026-04-05,Cheque,542751.84
PAY-0001317,INV-000944,ORD-001257,CUS-0094,2026-07-27,Cheque,3688001.5
PAY-0001318,INV-000945,ORD-001258,CUS-0051,2026-04-19,Bank Transfer,816642.6
PAY-0001319,INV-000946,ORD-001259,CUS-0044,2026-08-20,Cheque,1202087.09
PAY-0001320,INV-000947,ORD-001260,CUS-0098,2026-07-14,Bank Transfer,915033.95
PAY-0001321,INV-000948,ORD-001261,CUS-0056,2026-03-27,Online Transfer,1041468.0
PAY-0001322,INV-000949,ORD-001263,CUS-0063,2026-08-23,Cheque,341999.4
PAY-0001323,INV-000950,ORD-001264,CUS-0074,2026-04-28,Cheque,604367.09
PAY-0001324,INV-000951,ORD-001265,CUS-0117,2025-12-11,Cheque,57292.17
PAY-0001325,INV-000951,ORD-001265,CUS-0117,2026-01-19,Cash,54992.09
PAY-0001326,INV-000951,ORD-001265,CUS-0117,2026-07-22,Bank Transfer,484626.12
PAY-0001327,INV-000952,ORD-001266,CUS-0064,2026-02-27,Online Transfer,180251.29
PAY-0001328,INV-000952,ORD-001266,CUS-0064,2026-06-10,Cheque,3435177.26
PAY-0001329,INV-000953,ORD-001267,CUS-0016,2026-05-01,Bank Transfer,1018115.8
PAY-0001330,INV-000954,ORD-001268,CUS-0093,2026-01-07,Cheque,255374.12
PAY-0001331,INV-000955,ORD-001269,CUS-0010,2026-06-28,Bank Transfer,1189469.5
PAY-0001332,INV-000956,ORD-001270,CUS-0056,2026-08-09,Cheque,270528.28
PAY-0001333,INV-000957,ORD-001272,CUS-0059,2026-06-25,Cheque,259138.33
PAY-0001334,INV-000958,ORD-001273,CUS-0115,2026-03-02,Cheque,806945.52
PAY-0001335,INV-000958,ORD-001273,CUS-0115,2026-04-19,Bank Transfer,1103794.55
PAY-0001336,INV-000959,ORD-001275,CUS-0077,2026-04-18,Cheque,122029.7
PAY-0001337,INV-000960,ORD-001276,CUS-0113,2026-01-09,Bank Transfer,852868.53
PAY-0001338,INV-000960,ORD-001276,CUS-0113,2026-08-28,Bank Transfer,90416.09
PAY-0001339,INV-000961,ORD-001278,CUS-0037,2026-03-19,Bank Transfer,1222481.76
PAY-0001340,INV-000961,ORD-001278,CUS-0037,2026-04-19,Cheque,66643.49
PAY-0001341,INV-000961,ORD-001278,CUS-0037,2026-05-02,Cheque,69101.95
PAY-0001342,INV-000962,ORD-001279,CUS-0053,2026-08-24,Bank Transfer,423384.0
PAY-0001343,INV-000963,ORD-001280,CUS-0076,2025-12-13,Bank Transfer,1958841.3
PAY-0001344,INV-000964,ORD-001281,CUS-0104,2026-08-12,Bank Transfer,1036140.3
PAY-0001345,INV-000965,ORD-001282,CUS-0042,2026-02-23,Bank Transfer,303183.0
PAY-0001346,INV-000966,ORD-001283,CUS-0114,2026-05-23,Cheque,536618.74
PAY-0001347,INV-000966,ORD-001283,CUS-0114,2026-06-14,Bank Transfer,142521.41
PAY-0001348,INV-000967,ORD-001284,CUS-0098,2026-06-28,Online Transfer,649138.49
PAY-0001349,INV-000967,ORD-001284,CUS-0098,2026-07-03,Bank Transfer,524238.86
PAY-0001350,INV-000967,ORD-001284,CUS-0098,2026-08-08,Bank Transfer,5188.95
PAY-0001351,INV-000968,ORD-001287,CUS-0080,2025-07-29,Cash,1717.19
PAY-0001352,INV-000968,ORD-001287,CUS-0080,2025-09-14,Online Transfer,158.97
PAY-0001353,INV-000969,ORD-001288,CUS-0090,2026-03-02,Bank Transfer,614868.5
PAY-0001354,INV-000970,ORD-001289,CUS-0100,2026-02-05,Bank Transfer,59348.0
PAY-0001355,INV-000971,ORD-001290,CUS-0102,2026-01-31,Bank Transfer,559799.38
PAY-0001356,INV-000972,ORD-001291,CUS-0001,2026-08-24,Bank Transfer,1057808.05
PAY-0001357,INV-000973,ORD-001292,CUS-0116,2026-04-05,Online Transfer,650003.0
PAY-0001358,INV-000974,ORD-001293,CUS-0031,2026-08-28,Online Transfer,98690.48
PAY-0001359,INV-000975,ORD-001294,CUS-0005,2026-07-06,Bank Transfer,150363.31
PAY-0001360,INV-000975,ORD-001294,CUS-0005,2026-08-28,Bank Transfer,1292357.79
PAY-0001361,INV-000976,ORD-001295,CUS-0056,2026-03-31,Online Transfer,1066554.7
PAY-0001362,INV-000976,ORD-001295,CUS-0056,2026-08-22,Cheque,1307428.3
PAY-0001363,INV-000977,ORD-001296,CUS-0096,2026-07-16,Online Transfer,1185835.23
PAY-0001364,INV-000977,ORD-001296,CUS-0096,2026-08-23,Cheque,2343928.27
PAY-0001365,INV-000978,ORD-001297,CUS-0048,2026-07-20,Online Transfer,1297882.0
PAY-0001366,INV-000979,ORD-001298,CUS-0049,2026-08-04,Bank Transfer,551689.03
PAY-0001367,INV-000979,ORD-001298,CUS-0049,2026-08-16,Bank Transfer,631650.44
PAY-0001368,INV-000980,ORD-001299,CUS-0050,2026-05-14,Bank Transfer,1397344.2
PAY-0001369,INV-000981,ORD-001300,CUS-0080,2026-08-10,Cheque,629484.85
PAY-0001370,INV-000981,ORD-001300,CUS-0080,2026-08-29,Bank Transfer,458391.08
PAY-0001371,INV-000982,ORD-001301,CUS-0002,2026-05-28,Bank Transfer,465533.6
PAY-0001372,INV-000983,ORD-001302,CUS-0003,2025-12-25,Cheque,357139.51
PAY-0001373,INV-000983,ORD-001302,CUS-0003,2026-01-19,Online Transfer,797957.88
PAY-0001374,INV-000983,ORD-001302,CUS-0003,2026-03-02,Cheque,468963.16
PAY-0001375,INV-000984,ORD-001303,CUS-0039,2026-07-06,Cheque,1444522.96
PAY-0001376,INV-000984,ORD-001303,CUS-0039,2026-08-24,Cheque,189046.92
PAY-0001377,INV-000985,ORD-001305,CUS-0078,2026-08-11,Bank Transfer,5027.2
PAY-0001378,INV-000986,ORD-001306,CUS-0103,2026-05-27,Bank Transfer,211869.0
PAY-0001379,INV-000987,ORD-001307,CUS-0074,2025-07-12,Bank Transfer,1430169.25
PAY-0001380,INV-000987,ORD-001307,CUS-0074,2026-04-09,Bank Transfer,3264522.7
PAY-0001381,INV-000988,ORD-001308,CUS-0113,2025-12-20,Bank Transfer,2549822.17
PAY-0001382,INV-000989,ORD-001309,CUS-0043,2026-06-11,Bank Transfer,413611.84
PAY-0001383,INV-000989,ORD-001309,CUS-0043,2026-07-16,Bank Transfer,2353812.66
PAY-0001384,INV-000990,ORD-001310,CUS-0045,2026-05-14,Cheque,2258555.4
PAY-0001385,INV-000991,ORD-001312,CUS-0064,2025-03-26,Cheque,175919.13
PAY-0001386,INV-000991,ORD-001312,CUS-0064,2026-07-22,Online Transfer,773143.07
PAY-0001387,INV-000992,ORD-001313,CUS-0065,2026-05-16,Bank Transfer,48548.0
PAY-0001388,INV-000993,ORD-001314,CUS-0096,2026-02-28,Bank Transfer,544444.02
PAY-0001389,INV-000993,ORD-001314,CUS-0096,2026-06-29,Bank Transfer,1438699.38
PAY-0001390,INV-000994,ORD-001315,CUS-0113,2026-04-29,Cheque,15481.6
PAY-0001391,INV-000994,ORD-001315,CUS-0113,2026-06-18,Online Transfer,6067.66
PAY-0001392,INV-000994,ORD-001315,CUS-0113,2026-08-13,Bank Transfer,535490.39
PAY-0001393,INV-000995,ORD-001318,CUS-0044,2026-01-11,Bank Transfer,1228521.6
PAY-0001394,INV-000996,ORD-001319,CUS-0044,2025-09-02,Bank Transfer,1626309.28
PAY-0001395,INV-000996,ORD-001319,CUS-0044,2026-04-07,Bank Transfer,1780082.27
PAY-0001396,INV-000997,ORD-001320,CUS-0054,2026-05-08,Cheque,29784.96
PAY-0001397,INV-000997,ORD-001320,CUS-0054,2026-08-17,Cash,356722.57
PAY-0001398,INV-000998,ORD-001321,CUS-0070,2026-08-21,Cheque,211763.52
PAY-0001399,INV-000998,ORD-001321,CUS-0070,2026-08-25,Bank Transfer,562384.33
PAY-0001400,INV-000999,ORD-001322,CUS-0103,2025-11-23,Bank Transfer,1993158.65
PAY-0001401,INV-001000,ORD-001323,CUS-0076,2026-03-14,Online Transfer,1747639.0
PAY-0001402,INV-001001,ORD-001324,CUS-0061,2026-07-30,Online Transfer,168596.92
PAY-0001403,INV-001002,ORD-001325,CUS-0060,2026-04-04,Bank Transfer,539460.6
PAY-0001404,INV-001003,ORD-001326,CUS-0046,2026-08-25,Bank Transfer,268486.88
PAY-0001405,INV-001004,ORD-001328,CUS-0003,2026-07-25,Online Transfer,986.48
PAY-0001406,INV-001005,ORD-001329,CUS-0053,2025-06-28,Online Transfer,305440.41
PAY-0001407,INV-001005,ORD-001329,CUS-0053,2025-10-12,Online Transfer,212465.16
PAY-0001408,INV-001005,ORD-001329,CUS-0053,2026-08-03,Online Transfer,435583.11
PAY-0001409,INV-001006,ORD-001330,CUS-0063,2026-02-14,Bank Transfer,340583.4
PAY-0001410,INV-001007,ORD-001332,CUS-0036,2026-08-08,Cheque,2022828.27
PAY-0001411,INV-001008,ORD-001333,CUS-0044,2025-08-17,Bank Transfer,2784565.33
PAY-0001412,INV-001008,ORD-001333,CUS-0044,2025-08-30,Cash,2477217.7
PAY-0001413,INV-001008,ORD-001333,CUS-0044,2026-01-22,Cheque,2432929.12
PAY-0001414,INV-001009,ORD-001334,CUS-0037,2026-03-22,Bank Transfer,709734.71
PAY-0001415,INV-001009,ORD-001334,CUS-0037,2026-04-22,Online Transfer,565802.52
PAY-0001416,INV-001010,ORD-001335,CUS-0092,2025-11-26,Online Transfer,153724.5
PAY-0001417,INV-001011,ORD-001336,CUS-0044,2025-10-06,Online Transfer,1782972.95
PAY-0001418,INV-001011,ORD-001336,CUS-0044,2026-04-04,Bank Transfer,166145.54
PAY-0001419,INV-001011,ORD-001336,CUS-0044,2026-07-09,Cash,808364.51
PAY-0001420,INV-001012,ORD-001337,CUS-0068,2026-02-09,Cheque,252623.25
PAY-0001421,INV-001013,ORD-001338,CUS-0113,2026-05-21,Cheque,1097756.78
PAY-0001422,INV-001014,ORD-001339,CUS-0090,2026-08-24,Bank Transfer,393773.82
PAY-0001423,INV-001015,ORD-001341,CUS-0117,2026-03-27,Cheque,1783401.85
PAY-0001424,INV-001016,ORD-001342,CUS-0011,2025-09-16,Cheque,5658055.75
PAY-0001425,INV-001017,ORD-001343,CUS-0018,2026-04-13,Bank Transfer,125976.8
PAY-0001426,INV-001018,ORD-001344,CUS-0096,2025-12-09,Online Transfer,2749116.8
PAY-0001427,INV-001019,ORD-001345,CUS-0060,2025-07-18,Cheque,202163.5
PAY-0001428,INV-001020,ORD-001346,CUS-0035,2026-08-25,Bank Transfer,1045805.83
PAY-0001429,INV-001021,ORD-001347,CUS-0074,2025-06-09,Bank Transfer,3206348.15
PAY-0001430,INV-001021,ORD-001347,CUS-0074,2026-02-15,Bank Transfer,8777.57
PAY-0001431,INV-001021,ORD-001347,CUS-0074,2026-06-28,Online Transfer,1322805.0
PAY-0001432,INV-001022,ORD-001349,CUS-0002,2026-03-03,Cheque,2077004.27
PAY-0001433,INV-001022,ORD-001349,CUS-0002,2026-06-14,Cheque,1566764.34
PAY-0001434,INV-001023,ORD-001350,CUS-0056,2026-06-07,Bank Transfer,487459.4
PAY-0001435,INV-001023,ORD-001350,CUS-0056,2026-07-13,Bank Transfer,71667.41
PAY-0001436,INV-001023,ORD-001350,CUS-0056,2026-08-29,Cheque,191890.09
PAY-0001437,INV-001024,ORD-001352,CUS-0064,2026-08-31,Bank Transfer,1066770.15
PAY-0001438,INV-001025,ORD-001354,CUS-0035,2025-11-23,Bank Transfer,162359.72
PAY-0001439,INV-001025,ORD-001354,CUS-0035,2026-08-07,Bank Transfer,2784427.73
PAY-0001440,INV-001026,ORD-001355,CUS-0058,2025-07-02,Online Transfer,193372.5
PAY-0001441,INV-001027,ORD-001356,CUS-0062,2025-12-18,Bank Transfer,1250905.82
PAY-0001442,INV-001027,ORD-001356,CUS-0062,2026-07-16,Online Transfer,300631.93
PAY-0001443,INV-001028,ORD-001359,CUS-0004,2026-08-17,Cheque,695187.05
PAY-0001444,INV-001028,ORD-001359,CUS-0004,2026-08-23,Bank Transfer,33309.67
PAY-0001445,INV-001028,ORD-001359,CUS-0004,2026-08-24,Bank Transfer,65495.78
PAY-0001446,INV-001029,ORD-001360,CUS-0044,2026-04-04,Cheque,6641013.45
PAY-0001447,INV-001030,ORD-001362,CUS-0115,2026-08-02,Bank Transfer,5094.32
PAY-0001448,INV-001031,ORD-001363,CUS-0053,2026-05-31,Cheque,826999.27
PAY-0001449,INV-001031,ORD-001363,CUS-0053,2026-08-30,Bank Transfer,299247.3
PAY-0001450,INV-001032,ORD-001365,CUS-0059,2026-08-01,Cheque,865099.3
PAY-0001451,INV-001033,ORD-001369,CUS-0011,2026-01-17,Cheque,1442140.85
PAY-0001452,INV-001033,ORD-001369,CUS-0011,2026-06-03,Bank Transfer,665828.85
PAY-0001453,INV-001034,ORD-001370,CUS-0100,2026-09-01,Bank Transfer,133412.31
PAY-0001454,INV-001034,ORD-001370,CUS-0100,2026-09-01,Bank Transfer,101466.91
PAY-0001455,INV-001035,ORD-001372,CUS-0008,2026-08-19,Cheque,1895541.68
PAY-0001456,INV-001036,ORD-001374,CUS-0039,2026-07-18,Bank Transfer,191105.95
PAY-0001457,INV-001036,ORD-001374,CUS-0039,2026-08-22,Bank Transfer,668730.55
PAY-0001458,INV-001037,ORD-001375,CUS-0075,2025-08-07,Cheque,341846.98
PAY-0001459,INV-001037,ORD-001375,CUS-0075,2025-11-17,Bank Transfer,4686135.97
PAY-0001460,INV-001038,ORD-001376,CUS-0075,2026-05-30,Cheque,759020.25
PAY-0001461,INV-001039,ORD-001378,CUS-0097,2025-07-12,Bank Transfer,5460379.2
PAY-0001462,INV-001040,ORD-001379,CUS-0076,2025-11-18,Online Transfer,919366.05
PAY-0001463,INV-001040,ORD-001379,CUS-0076,2026-08-18,Online Transfer,2080269.18
PAY-0001464,INV-001041,ORD-001380,CUS-0100,2026-04-09,Bank Transfer,1859960.25
PAY-0001465,INV-001042,ORD-001381,CUS-0017,2025-11-20,Online Transfer,278581.17
PAY-0001466,INV-001042,ORD-001381,CUS-0017,2026-02-19,Online Transfer,33617.86
PAY-0001467,INV-001042,ORD-001381,CUS-0017,2026-06-24,Online Transfer,399600.57
PAY-0001468,INV-001043,ORD-001383,CUS-0096,2026-04-27,Bank Transfer,1746910.35
PAY-0001469,INV-001044,ORD-001384,CUS-0021,2026-08-15,Bank Transfer,2469576.27
PAY-0001470,INV-001045,ORD-001385,CUS-0113,2026-08-06,Cash,247144.36
PAY-0001471,INV-001046,ORD-001386,CUS-0042,2026-08-12,Online Transfer,374467.1
PAY-0001472,INV-001047,ORD-001388,CUS-0045,2026-08-03,Bank Transfer,69419.03
PAY-0001473,INV-001048,ORD-001389,CUS-0065,2025-08-10,Bank Transfer,315770.95
PAY-0001474,INV-001049,ORD-001391,CUS-0014,2026-08-10,Online Transfer,473510.4
PAY-0001475,INV-001050,ORD-001392,CUS-0089,2026-07-24,Bank Transfer,1173866.95
PAY-0001476,INV-001051,ORD-001393,CUS-0052,2026-05-28,Bank Transfer,1672065.9
PAY-0001477,INV-001052,ORD-001396,CUS-0093,2026-02-10,Bank Transfer,149865.9
PAY-0001478,INV-001053,ORD-001397,CUS-0118,2026-03-18,Bank Transfer,532039.88
PAY-0001479,INV-001054,ORD-001399,CUS-0060,2026-05-16,Cheque,139077.75
PAY-0001480,INV-001055,ORD-001400,CUS-0014,2026-07-26,Online Transfer,2333476.55
PAY-0001481,INV-001056,ORD-001402,CUS-0083,2025-11-29,Bank Transfer,14062.99
PAY-0001482,INV-001056,ORD-001402,CUS-0083,2025-12-02,Cheque,119893.13
PAY-0001483,INV-001056,ORD-001402,CUS-0083,2026-05-17,Bank Transfer,1288297.88
PAY-0001484,INV-001057,ORD-001406,CUS-0005,2026-07-29,Bank Transfer,2695197.46
PAY-0001485,INV-001057,ORD-001406,CUS-0005,2026-09-01,Bank Transfer,548395.39
PAY-0001486,INV-001058,ORD-001407,CUS-0058,2026-05-23,Bank Transfer,278333.97
PAY-0001487,INV-001059,ORD-001408,CUS-0013,2026-04-13,Bank Transfer,1278649.48
PAY-0001488,INV-001060,ORD-001409,CUS-0045,2026-04-17,Bank Transfer,491537.2
PAY-0001489,INV-001060,ORD-001409,CUS-0045,2026-07-19,Cheque,1963120.92
PAY-0001490,INV-001061,ORD-001410,CUS-0089,2026-07-22,Bank Transfer,1256164.57
PAY-0001491,INV-001062,ORD-001411,CUS-0120,2026-03-05,Online Transfer,182702.78
PAY-0001492,INV-001062,ORD-001411,CUS-0120,2026-05-24,Cash,463695.88
PAY-0001493,INV-001062,ORD-001411,CUS-0120,2026-07-31,Online Transfer,533605.77
PAY-0001494,INV-001063,ORD-001412,CUS-0053,2026-04-26,Cheque,937672.25
PAY-0001495,INV-001064,ORD-001413,CUS-0049,2026-06-10,Bank Transfer,140973.44
PAY-0001496,INV-001064,ORD-001413,CUS-0049,2026-07-21,Bank Transfer,282322.06
PAY-0001497,INV-001065,ORD-001414,CUS-0043,2026-06-21,Bank Transfer,464738.62
PAY-0001498,INV-001065,ORD-001414,CUS-0043,2026-08-31,Online Transfer,468033.68
PAY-0001499,INV-001066,ORD-001415,CUS-0011,2026-06-21,Bank Transfer,3795434.01
PAY-0001500,INV-001066,ORD-001415,CUS-0011,2026-08-30,Bank Transfer,3561550.34
PAY-0001501,INV-001067,ORD-001416,CUS-0097,2026-08-20,Cheque,648175.77
PAY-0001502,INV-001068,ORD-001418,CUS-0038,2026-04-24,Bank Transfer,151245.92
PAY-0001503,INV-001068,ORD-001418,CUS-0038,2026-05-24,Bank Transfer,1500643.03
PAY-0001504,INV-001068,ORD-001418,CUS-0038,2026-06-29,Bank Transfer,118602.23
PAY-0001505,INV-001069,ORD-001419,CUS-0008,2026-02-11,Cheque,181182.0
PAY-0001506,INV-001069,ORD-001419,CUS-0008,2026-04-16,Bank Transfer,63756.5
PAY-0001507,INV-001070,ORD-001420,CUS-0036,2026-05-03,Online Transfer,517443.95
PAY-0001508,INV-001070,ORD-001420,CUS-0036,2026-06-29,Online Transfer,6651744.88
PAY-0001509,INV-001071,ORD-001422,CUS-0021,2025-12-10,Bank Transfer,880674.44
PAY-0001510,INV-001071,ORD-001422,CUS-0021,2026-07-11,Bank Transfer,1238614.41
PAY-0001511,INV-001072,ORD-001423,CUS-0116,2026-08-31,Cheque,349451.1
PAY-0001512,INV-001073,ORD-001425,CUS-0063,2026-04-29,Online Transfer,444184.45
PAY-0001513,INV-001074,ORD-001426,CUS-0039,2026-08-27,Online Transfer,2189147.8
PAY-0001514,INV-001075,ORD-001427,CUS-0016,2026-07-12,Bank Transfer,4516.73
PAY-0001515,INV-001075,ORD-001427,CUS-0016,2026-08-11,Online Transfer,7533.62
PAY-0001516,INV-001076,ORD-001428,CUS-0016,2026-07-17,Bank Transfer,195894.75
PAY-0001517,INV-001077,ORD-001429,CUS-0085,2025-10-27,Online Transfer,1385620.9
PAY-0001518,INV-001078,ORD-001430,CUS-0047,2025-09-12,Cheque,62835.25
PAY-0001519,INV-001078,ORD-001430,CUS-0047,2026-04-19,Online Transfer,8800.95
PAY-0001520,INV-001079,ORD-001431,CUS-0112,2026-02-23,Bank Transfer,300904.42
PAY-0001521,INV-001080,ORD-001433,CUS-0094,2026-03-01,Cheque,197271.73
PAY-0001522,INV-001080,ORD-001433,CUS-0094,2026-06-12,Bank Transfer,321065.39
PAY-0001523,INV-001081,ORD-001434,CUS-0042,2026-05-19,Bank Transfer,104106.85
PAY-0001524,INV-001082,ORD-001436,CUS-0117,2026-08-29,Cheque,269625.87
PAY-0001525,INV-001083,ORD-001437,CUS-0116,2026-03-02,Cheque,281177.02
PAY-0001526,INV-001083,ORD-001437,CUS-0116,2026-07-28,Online Transfer,617142.23
PAY-0001527,INV-001084,ORD-001438,CUS-0016,2025-10-03,Cheque,413135.7
PAY-0001528,INV-001085,ORD-001439,CUS-0013,2026-08-28,Online Transfer,88946.8
PAY-0001529,INV-001086,ORD-001440,CUS-0067,2026-08-04,Bank Transfer,2489024.15
PAY-0001530,INV-001087,ORD-001441,CUS-0059,2026-07-30,Bank Transfer,204234.4
PAY-0001531,INV-001088,ORD-001442,CUS-0044,2026-05-12,Cheque,1949725.8
PAY-0001532,INV-001089,ORD-001443,CUS-0044,2026-05-22,Online Transfer,1193701.16
PAY-0001533,INV-001089,ORD-001443,CUS-0044,2026-08-04,Cash,2269352.41
PAY-0001534,INV-001089,ORD-001443,CUS-0044,2026-08-24,Online Transfer,1131745.48
PAY-0001535,INV-001090,ORD-001444,CUS-0109,2026-06-24,Online Transfer,896768.04
PAY-0001536,INV-001090,ORD-001444,CUS-0109,2026-07-01,Online Transfer,221942.76
PAY-0001537,INV-001091,ORD-001445,CUS-0118,2026-04-04,Bank Transfer,412071.67
PAY-0001538,INV-001091,ORD-001445,CUS-0118,2026-08-28,Bank Transfer,16545.63
PAY-0001539,INV-001092,ORD-001447,CUS-0008,2025-09-13,Online Transfer,661339.85
PAY-0001540,INV-001093,ORD-001448,CUS-0056,2025-10-21,Online Transfer,516442.26
PAY-0001541,INV-001093,ORD-001448,CUS-0056,2025-12-23,Bank Transfer,1559962.44
PAY-0001542,INV-001094,ORD-001449,CUS-0034,2026-03-04,Cheque,1641904.11
PAY-0001543,INV-001094,ORD-001449,CUS-0034,2026-06-15,Bank Transfer,2594705.94
PAY-0001544,INV-001095,ORD-001451,CUS-0046,2025-09-29,Bank Transfer,569482.85
PAY-0001545,INV-001095,ORD-001451,CUS-0046,2025-12-14,Cheque,55209.15
PAY-0001546,INV-001096,ORD-001454,CUS-0081,2026-07-16,Bank Transfer,35766.11
PAY-0001547,INV-001096,ORD-001454,CUS-0081,2026-07-19,Online Transfer,616598.36
PAY-0001548,INV-001097,ORD-001455,CUS-0048,2025-09-08,Bank Transfer,43483.23
PAY-0001549,INV-001097,ORD-001455,CUS-0048,2026-08-11,Bank Transfer,103869.27
PAY-0001550,INV-001098,ORD-001456,CUS-0061,2025-09-14,Bank Transfer,604637.75
PAY-0001551,INV-001098,ORD-001456,CUS-0061,2026-08-23,Online Transfer,184375.15
PAY-0001552,INV-001099,ORD-001458,CUS-0071,2026-03-07,Cheque,516069.32
PAY-0001553,INV-001099,ORD-001458,CUS-0071,2026-05-06,Online Transfer,17597.48
PAY-0001554,INV-001100,ORD-001459,CUS-0114,2025-11-20,Bank Transfer,32678.5
PAY-0001555,INV-001100,ORD-001459,CUS-0114,2026-01-27,Bank Transfer,153687.75
PAY-0001556,INV-001101,ORD-001460,CUS-0016,2026-05-05,Online Transfer,169883.12
PAY-0001557,INV-001102,ORD-001461,CUS-0014,2025-09-08,Cheque,207022.23
PAY-0001558,INV-001102,ORD-001461,CUS-0014,2026-01-11,Bank Transfer,443134.17
PAY-0001559,INV-001103,ORD-001462,CUS-0095,2026-03-03,Bank Transfer,2593791.8
PAY-0001560,INV-001103,ORD-001462,CUS-0095,2026-07-01,Bank Transfer,2298961.67
PAY-0001561,INV-001104,ORD-001464,CUS-0049,2026-07-29,Online Transfer,1526357.01
PAY-0001562,INV-001104,ORD-001464,CUS-0049,2026-07-30,Bank Transfer,1451353.9
PAY-0001563,INV-001104,ORD-001464,CUS-0049,2026-08-24,Bank Transfer,2116596.89
PAY-0001564,INV-001105,ORD-001466,CUS-0043,2026-05-23,Bank Transfer,74758.95
PAY-0001565,INV-001106,ORD-001467,CUS-0074,2026-01-16,Cash,2036401.88
PAY-0001566,INV-001106,ORD-001467,CUS-0074,2026-05-24,Bank Transfer,292230.77
PAY-0001567,INV-001107,ORD-001469,CUS-0052,2026-08-13,Online Transfer,2362746.45
PAY-0001568,INV-001108,ORD-001470,CUS-0039,2026-06-12,Bank Transfer,2898506.27
PAY-0001569,INV-001109,ORD-001471,CUS-0066,2026-03-05,Online Transfer,124869.36
PAY-0001570,INV-001109,ORD-001471,CUS-0066,2026-06-06,Online Transfer,223048.44
PAY-0001571,INV-001109,ORD-001471,CUS-0066,2026-08-04,Cheque,400324.63
PAY-0001572,INV-001110,ORD-001472,CUS-0017,2026-08-11,Cheque,24759.29
PAY-0001573,INV-001110,ORD-001472,CUS-0017,2026-08-31,Bank Transfer,5088.71
PAY-0001574,INV-001111,ORD-001474,CUS-0092,2025-04-10,Online Transfer,445037.0
PAY-0001575,INV-001112,ORD-001475,CUS-0097,2026-03-15,Bank Transfer,118161.63
PAY-0001576,INV-001112,ORD-001475,CUS-0097,2026-06-02,Bank Transfer,993138.77
PAY-0001577,INV-001113,ORD-001476,CUS-0095,2026-06-30,Online Transfer,3091875.83
PAY-0001578,INV-001114,ORD-001478,CUS-0009,2026-05-08,Bank Transfer,371930.1
PAY-0001579,INV-001115,ORD-001481,CUS-0024,2026-06-03,Online Transfer,84899.92
PAY-0001580,INV-001115,ORD-001481,CUS-0024,2026-07-09,Cheque,69693.36
PAY-0001581,INV-001115,ORD-001481,CUS-0024,2026-08-22,Bank Transfer,1010630.17
PAY-0001582,INV-001116,ORD-001484,CUS-0053,2026-01-25,Bank Transfer,900410.6
PAY-0001583,INV-001116,ORD-001484,CUS-0053,2026-02-20,Bank Transfer,40158.55
PAY-0001584,INV-001117,ORD-001486,CUS-0048,2026-07-03,Cheque,2822652.92
PAY-0001585,INV-001118,ORD-001487,CUS-0080,2026-08-04,Cheque,123908.85
PAY-0001586,INV-001119,ORD-001489,CUS-0035,2026-07-21,Bank Transfer,3448277.12
PAY-0001587,INV-001120,ORD-001490,CUS-0002,2025-12-05,Bank Transfer,3461745.35
PAY-0001588,INV-001121,ORD-001491,CUS-0074,2026-02-25,Bank Transfer,568887.67
PAY-0001589,INV-001121,ORD-001491,CUS-0074,2026-07-19,Bank Transfer,1944633.28
PAY-0001590,INV-001122,ORD-001492,CUS-0017,2025-08-10,Bank Transfer,23209.0
PAY-0001591,INV-001123,ORD-001494,CUS-0008,2026-08-25,Online Transfer,1615024.7
PAY-0001592,INV-001124,ORD-001495,CUS-0104,2026-08-07,Online Transfer,529159.2
PAY-0001593,INV-001125,ORD-001496,CUS-0117,2026-06-04,Cheque,1513335.25
PAY-0001594,INV-001126,ORD-001497,CUS-0115,2026-05-04,Cheque,3618963.22
PAY-0001595,INV-001126,ORD-001497,CUS-0115,2026-08-26,Online Transfer,248654.93
PAY-0001596,INV-001127,ORD-001498,CUS-0014,2025-10-03,Bank Transfer,65388.1
PAY-0001597,INV-001128,ORD-001500,CUS-0079,2026-05-29,Cheque,142933.4
PAY-0001598,INV-001129,ORD-001503,CUS-0039,2025-10-21,Bank Transfer,299309.46
PAY-0001599,INV-001129,ORD-001503,CUS-0039,2026-06-12,Cheque,1072229.61
PAY-0001600,INV-001130,ORD-001504,CUS-0008,2026-08-16,Bank Transfer,67631.6
PAY-0001601,INV-001131,ORD-001505,CUS-0105,2026-07-02,Bank Transfer,295272.88
PAY-0001602,INV-001132,ORD-001506,CUS-0056,2026-06-04,Cheque,398242.85
PAY-0001603,INV-001132,ORD-001506,CUS-0056,2026-08-19,Online Transfer,367670.08
PAY-0001604,INV-001133,ORD-001509,CUS-0044,2026-03-02,Bank Transfer,6423679.58
PAY-0001605,INV-001134,ORD-001510,CUS-0001,2025-10-18,Bank Transfer,3476285.9
PAY-0001606,INV-001135,ORD-001511,CUS-0044,2026-09-01,Bank Transfer,543643.7
PAY-0001607,INV-001136,ORD-001512,CUS-0075,2026-07-28,Cheque,110208.82
PAY-0001608,INV-001137,ORD-001513,CUS-0116,2026-05-19,Cheque,232094.2
PAY-0001609,INV-001138,ORD-001515,CUS-0011,2026-02-28,Online Transfer,644424.8
PAY-0001610,INV-001138,ORD-001515,CUS-0011,2026-03-07,Cheque,471719.5
PAY-0001611,INV-001139,ORD-001516,CUS-0081,2025-11-08,Online Transfer,839484.03
PAY-0001612,INV-001139,ORD-001516,CUS-0081,2026-05-15,Bank Transfer,1591790.92
PAY-0001613,INV-001140,ORD-001518,CUS-0104,2025-12-28,Cheque,518601.15
PAY-0001614,INV-001141,ORD-001519,CUS-0068,2025-09-02,Bank Transfer,507684.67
PAY-0001615,INV-001142,ORD-001520,CUS-0065,2026-05-18,Cheque,1322771.15
PAY-0001616,INV-001143,ORD-001522,CUS-0115,2026-08-31,Bank Transfer,139027.09
PAY-0001617,INV-001144,ORD-001523,CUS-0049,2026-02-07,Online Transfer,4975118.95
PAY-0001618,INV-001145,ORD-001524,CUS-0062,2026-08-24,Online Transfer,601481.4
PAY-0001619,INV-001146,ORD-001525,CUS-0045,2026-06-02,Bank Transfer,1874623.39
PAY-0001620,INV-001146,ORD-001525,CUS-0045,2026-07-07,Bank Transfer,2146102.12
PAY-0001621,INV-001146,ORD-001525,CUS-0045,2026-07-21,Cheque,4508867.61
PAY-0001622,INV-001147,ORD-001527,CUS-0036,2026-08-08,Online Transfer,757569.21
PAY-0001623,INV-001147,ORD-001527,CUS-0036,2026-08-31,Cheque,509951.39
PAY-0001624,INV-001148,ORD-001528,CUS-0108,2025-12-26,Online Transfer,206877.6
PAY-0001625,INV-001149,ORD-001530,CUS-0059,2026-07-23,Cheque,1485372.2
PAY-0001626,INV-001150,ORD-001531,CUS-0072,2026-06-07,Cheque,233483.0
PAY-0001627,INV-001150,ORD-001531,CUS-0072,2026-07-18,Bank Transfer,899393.7
PAY-0001628,INV-001151,ORD-001533,CUS-0034,2026-08-31,Cheque,600423.3
PAY-0001629,INV-001152,ORD-001534,CUS-0043,2026-09-01,Bank Transfer,338747.76
PAY-0001630,INV-001153,ORD-001535,CUS-0034,2025-07-24,Cheque,3395615.2
PAY-0001631,INV-001154,ORD-001536,CUS-0108,2026-03-26,Online Transfer,693421.1
PAY-0001632,INV-001155,ORD-001537,CUS-0073,2026-08-17,Bank Transfer,71472.96
PAY-0001633,INV-001155,ORD-001537,CUS-0073,2026-08-28,Bank Transfer,61527.79
PAY-0001634,INV-001156,ORD-001538,CUS-0063,2025-12-15,Cheque,83567.8
PAY-0001635,INV-001156,ORD-001538,CUS-0063,2026-08-19,Cheque,509199.3
PAY-0001636,INV-001157,ORD-001545,CUS-0086,2026-08-14,Online Transfer,156331.35
PAY-0001637,INV-001158,ORD-001546,CUS-0117,2026-06-26,Online Transfer,73623.0
PAY-0001638,INV-001159,ORD-001547,CUS-0081,2026-05-31,Online Transfer,29893.19
PAY-0001639,INV-001159,ORD-001547,CUS-0081,2026-06-15,Online Transfer,710860.85
PAY-0001640,INV-001159,ORD-001547,CUS-0081,2026-06-29,Bank Transfer,234480.56
PAY-0001641,INV-001160,ORD-001548,CUS-0095,2025-11-11,Bank Transfer,956210.88
PAY-0001642,INV-001160,ORD-001548,CUS-0095,2026-08-20,Cash,985235.74
PAY-0001643,INV-001161,ORD-001550,CUS-0089,2026-02-27,Online Transfer,1381444.75
PAY-0001644,INV-001161,ORD-001550,CUS-0089,2026-07-31,Bank Transfer,1560792.54
PAY-0001645,INV-001161,ORD-001550,CUS-0089,2026-08-05,Bank Transfer,515873.66
PAY-0001646,INV-001162,ORD-001551,CUS-0116,2026-07-25,Cheque,735103.3
PAY-0001647,INV-001162,ORD-001551,CUS-0116,2026-08-16,Bank Transfer,238603.2
PAY-0001648,INV-001163,ORD-001554,CUS-0078,2026-08-06,Bank Transfer,168454.92
PAY-0001649,INV-001163,ORD-001554,CUS-0078,2026-08-26,Cheque,427147.13
PAY-0001650,INV-001164,ORD-001555,CUS-0035,2026-06-02,Bank Transfer,445181.99
PAY-0001651,INV-001164,ORD-001555,CUS-0035,2026-06-15,Online Transfer,327945.9
PAY-0001652,INV-001164,ORD-001555,CUS-0035,2026-07-29,Bank Transfer,185472.46
PAY-0001653,INV-001165,ORD-001556,CUS-0100,2026-09-01,Online Transfer,911352.35
PAY-0001654,INV-001166,ORD-001557,CUS-0118,2026-06-12,Bank Transfer,141018.14
PAY-0001655,INV-001166,ORD-001557,CUS-0118,2026-07-08,Bank Transfer,1646785.11
PAY-0001656,INV-001167,ORD-001558,CUS-0013,2026-02-11,Bank Transfer,231528.42
PAY-0001657,INV-001167,ORD-001558,CUS-0013,2026-08-19,Bank Transfer,424419.18
PAY-0001658,INV-001167,ORD-001558,CUS-0013,2026-08-28,Cash,300824.43
PAY-0001659,INV-001168,ORD-001560,CUS-0080,2026-07-12,Online Transfer,433378.6
PAY-0001660,INV-001169,ORD-001561,CUS-0105,2025-07-13,Online Transfer,305463.65
PAY-0001661,INV-001170,ORD-001562,CUS-0079,2025-12-30,Online Transfer,949795.28
PAY-0001662,INV-001171,ORD-001564,CUS-0074,2025-10-03,Bank Transfer,322057.4
PAY-0001663,INV-001172,ORD-001565,CUS-0088,2026-07-28,Bank Transfer,476448.6
PAY-0001664,INV-001173,ORD-001569,CUS-0040,2026-08-01,Bank Transfer,92740.5
PAY-0001665,INV-001174,ORD-001571,CUS-0093,2026-02-16,Bank Transfer,235356.75
PAY-0001666,INV-001175,ORD-001572,CUS-0050,2026-02-09,Bank Transfer,1784161.48
PAY-0001667,INV-001176,ORD-001573,CUS-0074,2026-06-22,Bank Transfer,966375.0
PAY-0001668,INV-001177,ORD-001574,CUS-0035,2025-10-30,Online Transfer,1636606.04
PAY-0001669,INV-001177,ORD-001574,CUS-0035,2026-01-24,Bank Transfer,185264.47
PAY-0001670,INV-001177,ORD-001574,CUS-0035,2026-03-09,Cash,2530942.99
PAY-0001671,INV-001178,ORD-001576,CUS-0034,2026-02-03,Online Transfer,36377.99
PAY-0001672,INV-001178,ORD-001576,CUS-0034,2026-07-22,Cheque,3443555.59
PAY-0001673,INV-001179,ORD-001577,CUS-0034,2026-04-22,Bank Transfer,652389.55
PAY-0001674,INV-001180,ORD-001578,CUS-0055,2026-04-26,Bank Transfer,1328969.1
PAY-0001675,INV-001181,ORD-001579,CUS-0005,2026-07-22,Bank Transfer,723157.66
PAY-0001676,INV-001181,ORD-001579,CUS-0005,2026-07-28,Online Transfer,599460.09
PAY-0001677,INV-001182,ORD-001580,CUS-0053,2026-02-20,Bank Transfer,2657078.27
PAY-0001678,INV-001183,ORD-001581,CUS-0037,2026-06-30,Bank Transfer,916739.47
PAY-0001679,INV-001183,ORD-001581,CUS-0037,2026-07-29,Bank Transfer,448495.46
PAY-0001680,INV-001184,ORD-001582,CUS-0024,2026-02-16,Bank Transfer,222340.05
PAY-0001681,INV-001184,ORD-001582,CUS-0024,2026-08-16,Bank Transfer,15300.15
PAY-0001682,INV-001185,ORD-001583,CUS-0039,2026-08-27,Online Transfer,394814.58
PAY-0001683,INV-001186,ORD-001584,CUS-0036,2026-01-17,Bank Transfer,1546503.27
PAY-0001684,INV-001186,ORD-001584,CUS-0036,2026-08-02,Online Transfer,3379424.43
PAY-0001685,INV-001187,ORD-001586,CUS-0052,2026-06-04,Bank Transfer,184054.27
PAY-0001686,INV-001188,ORD-001587,CUS-0004,2026-07-10,Online Transfer,335830.95
PAY-0001687,INV-001189,ORD-001588,CUS-0045,2026-03-19,Bank Transfer,2181509.89
PAY-0001688,INV-001189,ORD-001588,CUS-0045,2026-06-02,Bank Transfer,114382.19
PAY-0001689,INV-001190,ORD-001589,CUS-0043,2026-07-17,Bank Transfer,1389833.5
PAY-0001690,INV-001191,ORD-001590,CUS-0017,2026-04-15,Online Transfer,55509.92
PAY-0001691,INV-001191,ORD-001590,CUS-0017,2026-08-22,Bank Transfer,598925.46
PAY-0001692,INV-001192,ORD-001591,CUS-0044,2026-03-07,Bank Transfer,676056.26
PAY-0001693,INV-001192,ORD-001591,CUS-0044,2026-07-24,Bank Transfer,300586.96
PAY-0001694,INV-001193,ORD-001592,CUS-0069,2026-06-27,Cheque,841110.98
PAY-0001695,INV-001193,ORD-001592,CUS-0069,2026-08-02,Bank Transfer,152055.2
PAY-0001696,INV-001194,ORD-001593,CUS-0030,2026-02-06,Online Transfer,257269.5
PAY-0001697,INV-001195,ORD-001594,CUS-0081,2026-05-09,Online Transfer,1566691.9
PAY-0001698,INV-001196,ORD-001597,CUS-0074,2026-02-02,Bank Transfer,656705.4
PAY-0001699,INV-001197,ORD-001598,CUS-0083,2026-05-04,Cheque,267293.6
PAY-0001700,INV-001198,ORD-001599,CUS-0041,2026-01-12,Bank Transfer,745638.69
PAY-0001701,INV-001198,ORD-001599,CUS-0041,2026-05-29,Bank Transfer,17682.66
PAY-0001702,INV-001199,ORD-001601,CUS-0082,2026-08-22,Bank Transfer,52206.0
PAY-0001703,INV-001200,ORD-001602,CUS-0055,2026-09-01,Bank Transfer,122367.96
PAY-0001704,INV-001200,ORD-001602,CUS-0055,2026-09-01,Online Transfer,418083.84
PAY-0001705,INV-001201,ORD-001603,CUS-0093,2026-06-08,Bank Transfer,836853.05
PAY-0001706,INV-001202,ORD-001604,CUS-0074,2026-05-27,Online Transfer,882017.86
PAY-0001707,INV-001202,ORD-001604,CUS-0074,2026-08-18,Bank Transfer,478705.04
PAY-0001708,INV-001203,ORD-001606,CUS-0050,2026-08-27,Cash,4636752.47
PAY-0001709,INV-001204,ORD-001608,CUS-0001,2026-04-30,Bank Transfer,243947.63
PAY-0001710,INV-001204,ORD-001608,CUS-0001,2026-06-12,Online Transfer,109466.25
PAY-0001711,INV-001204,ORD-001608,CUS-0001,2026-07-14,Bank Transfer,201824.8
PAY-0001712,INV-001205,ORD-001610,CUS-0039,2026-03-01,Bank Transfer,713756.28
PAY-0001713,INV-001205,ORD-001610,CUS-0039,2026-03-18,Cheque,22882.32
PAY-0001714,INV-001206,ORD-001611,CUS-0037,2026-06-16,Bank Transfer,451202.5
PAY-0001715,INV-001207,ORD-001612,CUS-0050,2026-08-27,Online Transfer,424184.04
PAY-0001716,INV-001208,ORD-001614,CUS-0054,2026-06-01,Bank Transfer,280338.5
PAY-0001717,INV-001209,ORD-001617,CUS-0090,2026-09-01,Cheque,379619.86
PAY-0001718,INV-001210,ORD-001618,CUS-0056,2026-07-22,Bank Transfer,321278.6
PAY-0001719,INV-001211,ORD-001621,CUS-0073,2026-08-20,Online Transfer,406356.6
PAY-0001720,INV-001212,ORD-001625,CUS-0002,2026-03-30,Bank Transfer,1853440.75
PAY-0001721,INV-001213,ORD-001627,CUS-0011,2026-08-06,Online Transfer,1597935.3
PAY-0001722,INV-001214,ORD-001629,CUS-0089,2026-06-29,Cheque,4247985.25
PAY-0001723,INV-001215,ORD-001631,CUS-0108,2026-08-22,Bank Transfer,30268.12
PAY-0001724,INV-001215,ORD-001631,CUS-0108,2026-08-24,Cheque,557292.53
PAY-0001725,INV-001216,ORD-001632,CUS-0069,2026-09-01,Bank Transfer,148973.38
PAY-0001726,INV-001217,ORD-001636,CUS-0013,2026-08-27,Bank Transfer,1705425.98
PAY-0001727,INV-001218,ORD-001637,CUS-0046,2025-11-09,Bank Transfer,651335.43
PAY-0001728,INV-001218,ORD-001637,CUS-0046,2026-07-17,Bank Transfer,2220721.15
PAY-0001729,INV-001219,ORD-001638,CUS-0001,2026-01-07,Cash,140774.4
PAY-0001730,INV-001220,ORD-001639,CUS-0117,2026-04-11,Online Transfer,361529.52
PAY-0001731,INV-001220,ORD-001639,CUS-0117,2026-05-26,Online Transfer,479614.3
PAY-0001732,INV-001221,ORD-001640,CUS-0067,2026-08-07,Online Transfer,4836212.84
PAY-0001733,INV-001221,ORD-001640,CUS-0067,2026-08-21,Online Transfer,2170453.11
PAY-0001734,INV-001222,ORD-001641,CUS-0058,2026-08-30,Cheque,13850.4
PAY-0001735,INV-001223,ORD-001642,CUS-0012,2026-07-23,Bank Transfer,455258.75
PAY-0001736,INV-001224,ORD-001644,CUS-0074,2026-07-19,Cheque,344282.7
PAY-0001737,INV-001225,ORD-001646,CUS-0001,2026-05-25,Bank Transfer,1313616.93
PAY-0001738,INV-001225,ORD-001646,CUS-0001,2026-06-21,Bank Transfer,7224091.64
PAY-0001739,INV-001226,ORD-001647,CUS-0060,2026-06-18,Online Transfer,389872.0
PAY-0001740,INV-001227,ORD-001648,CUS-0002,2026-08-30,Online Transfer,871496.45
PAY-0001741,INV-001228,ORD-001649,CUS-0087,2026-04-05,Cheque,970965.95
PAY-0001742,INV-001229,ORD-001650,CUS-0101,2026-07-28,Bank Transfer,158570.1
PAY-0001743,INV-001230,ORD-001652,CUS-0081,2026-08-24,Online Transfer,330253.23
PAY-0001744,INV-001230,ORD-001652,CUS-0081,2026-08-27,Bank Transfer,1314423.39
PAY-0001745,INV-001231,ORD-001653,CUS-0035,2026-03-13,Bank Transfer,3931313.08
PAY-0001746,INV-001232,ORD-001654,CUS-0047,2026-01-26,Cash,2314109.8
PAY-0001747,INV-001233,ORD-001658,CUS-0080,2026-08-05,Online Transfer,309842.92
PAY-0001748,INV-001234,ORD-001659,CUS-0035,2026-03-18,Bank Transfer,39076.93
PAY-0001749,INV-001234,ORD-001659,CUS-0035,2026-05-08,Bank Transfer,462896.42
PAY-0001750,INV-001234,ORD-001659,CUS-0035,2026-08-30,Bank Transfer,444268.65
PAY-0001751,INV-001235,ORD-001661,CUS-0061,2026-05-15,Online Transfer,278319.22
PAY-0001752,INV-001236,ORD-001662,CUS-0001,2026-08-08,Online Transfer,69548.56
PAY-0001753,INV-001236,ORD-001662,CUS-0001,2026-08-13,Cheque,75314.27
PAY-0001754,INV-001236,ORD-001662,CUS-0001,2026-08-27,Online Transfer,516825.12
PAY-0001755,INV-001237,ORD-001664,CUS-0053,2026-04-10,Cheque,231067.6
PAY-0001756,INV-001238,ORD-001666,CUS-0090,2025-12-05,Online Transfer,2130276.12
PAY-0001757,INV-001239,ORD-001667,CUS-0028,2025-09-09,Bank Transfer,784546.29
PAY-0001758,INV-001239,ORD-001667,CUS-0028,2025-12-18,Bank Transfer,191801.93
PAY-0001759,INV-001240,ORD-001668,CUS-0002,2026-02-23,Bank Transfer,747111.1
PAY-0001760,INV-001241,ORD-001669,CUS-0075,2025-12-07,Cheque,1270890.49
PAY-0001761,INV-001241,ORD-001669,CUS-0075,2026-01-16,Bank Transfer,1074964.26
PAY-0001762,INV-001242,ORD-001671,CUS-0098,2026-08-13,Bank Transfer,173222.52
PAY-0001763,INV-001243,ORD-001672,CUS-0066,2026-07-17,Bank Transfer,92224.25
PAY-0001764,INV-001244,ORD-001674,CUS-0036,2025-09-25,Bank Transfer,111764.88
PAY-0001765,INV-001244,ORD-001674,CUS-0036,2025-10-15,Cheque,657250.84
PAY-0001766,INV-001244,ORD-001674,CUS-0036,2025-12-19,Online Transfer,50485.43
PAY-0001767,INV-001245,ORD-001675,CUS-0069,2025-12-05,Bank Transfer,726840.18
PAY-0001768,INV-001246,ORD-001676,CUS-0110,2026-03-21,Bank Transfer,408870.99
PAY-0001769,INV-001246,ORD-001676,CUS-0110,2026-05-22,Bank Transfer,252697.37
PAY-0001770,INV-001246,ORD-001676,CUS-0110,2026-06-08,Bank Transfer,686817.64
PAY-0001771,INV-001247,ORD-001677,CUS-0083,2026-03-16,Bank Transfer,1396311.7
PAY-0001772,INV-001248,ORD-001678,CUS-0059,2026-06-05,Cheque,124215.7
PAY-0001773,INV-001248,ORD-001678,CUS-0059,2026-08-30,Online Transfer,266199.1
PAY-0001774,INV-001249,ORD-001679,CUS-0096,2025-12-15,Bank Transfer,706671.59
PAY-0001775,INV-001249,ORD-001679,CUS-0096,2026-06-09,Online Transfer,581496.06
PAY-0001776,INV-001250,ORD-001680,CUS-0070,2026-02-05,Online Transfer,301572.6
PAY-0001777,INV-001251,ORD-001681,CUS-0037,2026-08-24,Cheque,140535.0
PAY-0001778,INV-001252,ORD-001682,CUS-0119,2026-07-20,Online Transfer,300065.15
PAY-0001779,INV-001253,ORD-001683,CUS-0088,2026-07-28,Bank Transfer,1440760.82
PAY-0001780,INV-001254,ORD-001684,CUS-0110,2026-02-14,Bank Transfer,468094.46
PAY-0001781,INV-001254,ORD-001684,CUS-0110,2026-08-11,Online Transfer,70758.29
PAY-0001782,INV-001254,ORD-001684,CUS-0110,2026-08-12,Cheque,131033.25
PAY-0001783,INV-001255,ORD-001685,CUS-0115,2025-09-02,Bank Transfer,482428.3
PAY-0001784,INV-001256,ORD-001686,CUS-0095,2026-08-13,Bank Transfer,1255685.85
PAY-0001785,INV-001256,ORD-001686,CUS-0095,2026-08-19,Online Transfer,2553071.51
PAY-0001786,INV-001256,ORD-001686,CUS-0095,2026-08-27,Bank Transfer,988201.06
PAY-0001787,INV-001257,ORD-001687,CUS-0034,2026-01-06,Bank Transfer,7399569.08
PAY-0001788,INV-001258,ORD-001689,CUS-0060,2026-02-15,Online Transfer,408594.17
PAY-0001789,INV-001259,ORD-001690,CUS-0048,2025-04-08,Cheque,38537.93
PAY-0001790,INV-001259,ORD-001690,CUS-0048,2026-07-11,Online Transfer,647587.82
PAY-0001791,INV-001260,ORD-001691,CUS-0081,2026-07-16,Online Transfer,24499.38
PAY-0001792,INV-001260,ORD-001691,CUS-0081,2026-08-03,Online Transfer,437341.46
PAY-0001793,INV-001260,ORD-001691,CUS-0081,2026-08-28,Bank Transfer,188370.87
PAY-0001794,INV-001261,ORD-001692,CUS-0096,2026-04-08,Bank Transfer,355610.7
PAY-0001795,INV-001262,ORD-001693,CUS-0078,2026-03-01,Cheque,77382.8
PAY-0001796,INV-001263,ORD-001694,CUS-0079,2026-08-05,Bank Transfer,30704.55
PAY-0001797,INV-001263,ORD-001694,CUS-0079,2026-08-23,Online Transfer,2424470.49
PAY-0001798,INV-001264,ORD-001696,CUS-0054,2026-08-23,Cheque,387953.03
PAY-0001799,INV-001265,ORD-001698,CUS-0005,2026-07-09,Bank Transfer,4137096.23
PAY-0001800,INV-001266,ORD-001700,CUS-0032,2026-03-14,Bank Transfer,49480.2
PAY-0001801,INV-001267,ORD-001701,CUS-0074,2026-01-30,Bank Transfer,1391810.0
PAY-0001802,INV-001268,ORD-001703,CUS-0094,2025-08-11,Cheque,275549.17
PAY-0001803,INV-001269,ORD-001704,CUS-0071,2026-08-06,Cash,196234.73
PAY-0001804,INV-001269,ORD-001704,CUS-0071,2026-08-23,Cash,700683.27
PAY-0001805,INV-001270,ORD-001705,CUS-0041,2026-07-08,Cheque,4335001.51
PAY-0001806,INV-001270,ORD-001705,CUS-0041,2026-07-17,Bank Transfer,490345.94
PAY-0001807,INV-001271,ORD-001706,CUS-0054,2026-01-13,Cheque,451999.5
PAY-0001808,INV-001271,ORD-001706,CUS-0054,2026-07-18,Bank Transfer,167192.52
PAY-0001809,INV-001272,ORD-001707,CUS-0090,2026-08-11,Bank Transfer,1194921.1
PAY-0001810,INV-001273,ORD-001708,CUS-0016,2026-07-20,Online Transfer,82150.0
PAY-0001811,INV-001274,ORD-001709,CUS-0088,2026-04-18,Bank Transfer,482762.66
PAY-0001812,INV-001274,ORD-001709,CUS-0088,2026-05-09,Bank Transfer,229275.89
PAY-0001813,INV-001275,ORD-001710,CUS-0024,2026-08-26,Bank Transfer,2078466.09
PAY-0001814,INV-001276,ORD-001711,CUS-0064,2026-07-16,Cheque,53692.31
PAY-0001815,INV-001276,ORD-001711,CUS-0064,2026-07-28,Bank Transfer,199196.44
PAY-0001816,INV-001277,ORD-001712,CUS-0039,2026-09-01,Online Transfer,502243.69
PAY-0001817,INV-001278,ORD-001715,CUS-0060,2026-03-08,Bank Transfer,368702.8
PAY-0001818,INV-001279,ORD-001716,CUS-0024,2026-08-07,Bank Transfer,3895939.62
PAY-0001819,INV-001280,ORD-001717,CUS-0033,2026-07-22,Cheque,59140.0
PAY-0001820,INV-001281,ORD-001719,CUS-0048,2026-06-07,Cash,473308.33
PAY-0001821,INV-001282,ORD-001720,CUS-0078,2026-03-16,Bank Transfer,1390082.01
PAY-0001822,INV-001282,ORD-001720,CUS-0078,2026-07-02,Bank Transfer,621965.49
PAY-0001823,INV-001283,ORD-001721,CUS-0074,2026-03-21,Cheque,1375939.0
PAY-0001824,INV-001284,ORD-001722,CUS-0046,2026-02-24,Cheque,6188136.83
PAY-0001825,INV-001285,ORD-001723,CUS-0055,2026-08-15,Bank Transfer,2452890.1
PAY-0001826,INV-001285,ORD-001723,CUS-0055,2026-08-28,Bank Transfer,1952038.1
PAY-0001827,INV-001286,ORD-001725,CUS-0090,2026-04-26,Bank Transfer,675493.95
PAY-0001828,INV-001287,ORD-001728,CUS-0104,2025-05-03,Online Transfer,546699.12
PAY-0001829,INV-001287,ORD-001728,CUS-0104,2026-06-14,Bank Transfer,341607.83
PAY-0001830,INV-001288,ORD-001729,CUS-0034,2026-06-18,Bank Transfer,1649309.6
PAY-0001831,INV-001289,ORD-001730,CUS-0067,2025-12-17,Bank Transfer,101398.95
PAY-0001832,INV-001290,ORD-001732,CUS-0081,2026-08-23,Bank Transfer,617189.91
PAY-0001833,INV-001290,ORD-001732,CUS-0081,2026-08-25,Bank Transfer,1507260.11
PAY-0001834,INV-001291,ORD-001734,CUS-0120,2026-07-26,Online Transfer,8077838.97
PAY-0001835,INV-001292,ORD-001735,CUS-0048,2026-05-16,Online Transfer,628821.46
PAY-0001836,INV-001292,ORD-001735,CUS-0048,2026-08-03,Bank Transfer,36419.76
PAY-0001837,INV-001293,ORD-001736,CUS-0013,2026-04-24,Bank Transfer,265485.25
PAY-0001838,INV-001294,ORD-001738,CUS-0045,2026-07-26,Cheque,413925.12
PAY-0001839,INV-001295,ORD-001740,CUS-0062,2026-08-30,Cheque,1544856.0
PAY-0001840,INV-001296,ORD-001741,CUS-0069,2026-04-19,Online Transfer,380715.53
PAY-0001841,INV-001296,ORD-001741,CUS-0069,2026-07-10,Online Transfer,548045.65
PAY-0001842,INV-001297,ORD-001742,CUS-0063,2026-05-24,Bank Transfer,76969.95
PAY-0001843,INV-001298,ORD-001743,CUS-0046,2026-06-05,Bank Transfer,5831385.95
PAY-0001844,INV-001299,ORD-001744,CUS-0005,2025-11-01,Bank Transfer,570866.05
PAY-0001845,INV-001299,ORD-001744,CUS-0005,2026-01-28,Online Transfer,285426.25
PAY-0001846,INV-001299,ORD-001744,CUS-0005,2026-03-07,Online Transfer,28297.65
PAY-0001847,INV-001300,ORD-001745,CUS-0034,2026-02-08,Bank Transfer,4240492.25
PAY-0001848,INV-001301,ORD-001748,CUS-0092,2026-07-05,Bank Transfer,442362.83
PAY-0001849,INV-001302,ORD-001749,CUS-0038,2026-08-10,Bank Transfer,1923209.73
PAY-0001850,INV-001303,ORD-001750,CUS-0089,2026-05-25,Bank Transfer,2009782.07
PAY-0001851,INV-001304,ORD-001752,CUS-0070,2025-08-14,Bank Transfer,1600970.02
PAY-0001852,INV-001304,ORD-001752,CUS-0070,2026-04-08,Cheque,1210002.38
PAY-0001853,INV-001305,ORD-001753,CUS-0074,2025-10-02,Bank Transfer,604720.5
PAY-0001854,INV-001306,ORD-001754,CUS-0113,2026-04-21,Bank Transfer,4903232.8
PAY-0001855,INV-001306,ORD-001754,CUS-0113,2026-08-02,Bank Transfer,1718012.7
PAY-0001856,INV-001307,ORD-001755,CUS-0102,2026-05-18,Cheque,2709592.7
PAY-0001857,INV-001308,ORD-001756,CUS-0010,2026-04-02,Bank Transfer,927756.69
PAY-0001858,INV-001308,ORD-001756,CUS-0010,2026-08-10,Bank Transfer,91115.78
PAY-0001859,INV-001309,ORD-001758,CUS-0104,2026-08-31,Online Transfer,227617.8
PAY-0001860,INV-001310,ORD-001759,CUS-0095,2026-07-07,Bank Transfer,109373.93
PAY-0001861,INV-001310,ORD-001759,CUS-0095,2026-07-25,Online Transfer,205450.07
PAY-0001862,INV-001311,ORD-001760,CUS-0037,2026-03-12,Bank Transfer,358688.77
PAY-0001863,INV-001311,ORD-001760,CUS-0037,2026-06-03,Bank Transfer,620702.38
PAY-0001864,INV-001312,ORD-001761,CUS-0011,2025-10-22,Online Transfer,949362.31
PAY-0001865,INV-001312,ORD-001761,CUS-0011,2025-12-05,Cheque,933451.59
PAY-0001866,INV-001313,ORD-001763,CUS-0057,2026-08-11,Cheque,161028.7
PAY-0001867,INV-001314,ORD-001764,CUS-0049,2026-06-14,Bank Transfer,2091392.18
PAY-0001868,INV-001315,ORD-001765,CUS-0075,2025-12-16,Bank Transfer,105319.26
PAY-0001869,INV-001315,ORD-001765,CUS-0075,2026-06-19,Bank Transfer,2079743.84
PAY-0001870,INV-001315,ORD-001765,CUS-0075,2026-08-09,Bank Transfer,57776.17
PAY-0001871,INV-001316,ORD-001766,CUS-0063,2026-08-16,Cheque,67524.47
PAY-0001872,INV-001317,ORD-001770,CUS-0036,2025-05-16,Cheque,63784.05
PAY-0001873,INV-001317,ORD-001770,CUS-0036,2025-11-28,Online Transfer,980270.78
PAY-0001874,INV-001317,ORD-001770,CUS-0036,2026-05-24,Cheque,65475.57
PAY-0001875,INV-001318,ORD-001771,CUS-0098,2026-01-01,Online Transfer,1314503.05
PAY-0001876,INV-001319,ORD-001774,CUS-0029,2026-06-29,Cheque,6877.6
PAY-0001877,INV-001320,ORD-001775,CUS-0049,2026-07-31,Bank Transfer,382730.57
PAY-0001878,INV-001320,ORD-001775,CUS-0049,2026-08-14,Bank Transfer,860104.43
PAY-0001879,INV-001321,ORD-001776,CUS-0016,2025-11-01,Online Transfer,61897.29
PAY-0001880,INV-001321,ORD-001776,CUS-0016,2026-02-20,Online Transfer,1046745.16
PAY-0001881,INV-001322,ORD-001779,CUS-0095,2026-05-26,Online Transfer,5853332.47
PAY-0001882,INV-001323,ORD-001782,CUS-0044,2026-07-28,Bank Transfer,2916930.5
PAY-0001883,INV-001324,ORD-001785,CUS-0062,2026-07-10,Bank Transfer,1506613.08
PAY-0001884,INV-001324,ORD-001785,CUS-0062,2026-08-31,Online Transfer,852075.65
PAY-0001885,INV-001325,ORD-001787,CUS-0089,2025-07-18,Bank Transfer,680554.8
PAY-0001886,INV-001325,ORD-001787,CUS-0089,2026-05-19,Bank Transfer,136034.7
PAY-0001887,INV-001326,ORD-001788,CUS-0010,2026-06-10,Online Transfer,239183.79
PAY-0001888,INV-001326,ORD-001788,CUS-0010,2026-08-16,Bank Transfer,444264.83
PAY-0001889,INV-001327,ORD-001789,CUS-0012,2025-11-27,Online Transfer,655516.55
PAY-0001890,INV-001328,ORD-001790,CUS-0024,2025-10-14,Bank Transfer,2353769.6
PAY-0001891,INV-001329,ORD-001791,CUS-0039,2026-08-02,Bank Transfer,346000.83
PAY-0001892,INV-001329,ORD-001791,CUS-0039,2026-08-14,Bank Transfer,409907.1
PAY-0001893,INV-001329,ORD-001791,CUS-0039,2026-08-21,Online Transfer,2003460.12
PAY-0001894,INV-001330,ORD-001793,CUS-0034,2026-03-22,Online Transfer,516160.3
PAY-0001895,INV-001331,ORD-001794,CUS-0010,2026-08-18,Bank Transfer,2855819.77
PAY-0001896,INV-001332,ORD-001795,CUS-0043,2026-05-13,Bank Transfer,604611.35
PAY-0001897,INV-001333,ORD-001796,CUS-0064,2025-08-14,Bank Transfer,696813.6
PAY-0001898,INV-001334,ORD-001797,CUS-0049,2026-08-31,Bank Transfer,39626.01
PAY-0001899,INV-001335,ORD-001798,CUS-0063,2026-06-30,Cheque,102120.0
PAY-0001900,INV-001336,ORD-001799,CUS-0081,2026-05-19,Bank Transfer,164896.12
PAY-0001901,INV-001336,ORD-001799,CUS-0081,2026-06-13,Bank Transfer,42264.68
PAY-0001902,INV-001337,ORD-001800,CUS-0046,2026-06-29,Cheque,667152.82
PAY-0001903,INV-001338,ORD-001803,CUS-0026,2026-08-16,Bank Transfer,402012.96
PAY-0001904,INV-001338,ORD-001803,CUS-0026,2026-08-30,Online Transfer,548769.09
PAY-0001905,INV-001339,ORD-001804,CUS-0052,2026-01-16,Online Transfer,83287.7
PAY-0001906,INV-001339,ORD-001804,CUS-0052,2026-02-27,Cheque,566358.0
PAY-0001907,INV-001339,ORD-001804,CUS-0052,2026-03-20,Online Transfer,814688.57
PAY-0001908,INV-001340,ORD-001805,CUS-0034,2026-07-01,Bank Transfer,5792863.38
PAY-0001909,INV-001341,ORD-001806,CUS-0005,2026-08-27,Bank Transfer,215232.0
PAY-0001910,INV-001342,ORD-001807,CUS-0038,2026-08-16,Bank Transfer,4170041.83
PAY-0001911,INV-001343,ORD-001808,CUS-0071,2025-06-08,Bank Transfer,532843.65
PAY-0001912,INV-001343,ORD-001808,CUS-0071,2025-07-01,Cheque,26119.4
PAY-0001913,INV-001344,ORD-001809,CUS-0034,2026-07-20,Bank Transfer,3503686.98
PAY-0001914,INV-001345,ORD-001810,CUS-0083,2026-07-18,Bank Transfer,334891.12
PAY-0001915,INV-001345,ORD-001810,CUS-0083,2026-08-26,Online Transfer,534236.41
PAY-0001916,INV-001346,ORD-001811,CUS-0075,2026-03-04,Online Transfer,736133.97
PAY-0001917,INV-001346,ORD-001811,CUS-0075,2026-07-27,Bank Transfer,1187050.68
PAY-0001918,INV-001347,ORD-001812,CUS-0059,2026-08-19,Cheque,6459907.05
PAY-0001919,INV-001348,ORD-001813,CUS-0081,2025-06-26,Online Transfer,5272911.12
PAY-0001920,INV-001349,ORD-001815,CUS-0064,2025-06-21,Bank Transfer,2378454.93
PAY-0001921,INV-001349,ORD-001815,CUS-0064,2025-08-05,Cheque,872866.77
PAY-0001922,INV-001349,ORD-001815,CUS-0064,2026-02-22,Bank Transfer,811138.05
PAY-0001923,INV-001350,ORD-001816,CUS-0100,2026-05-02,Bank Transfer,581512.35
PAY-0001924,INV-001350,ORD-001816,CUS-0100,2026-05-06,Bank Transfer,252039.65
PAY-0001925,INV-001351,ORD-001817,CUS-0116,2026-05-27,Cheque,220955.0
PAY-0001926,INV-001352,ORD-001818,CUS-0116,2026-01-04,Bank Transfer,4751889.5
PAY-0001927,INV-001353,ORD-001819,CUS-0120,2026-08-27,Cheque,185336.7
PAY-0001928,INV-001354,ORD-001820,CUS-0005,2025-10-30,Bank Transfer,368478.03
PAY-0001929,INV-001354,ORD-001820,CUS-0005,2026-07-18,Online Transfer,807394.92
PAY-0001930,INV-001355,ORD-001821,CUS-0095,2026-08-19,Online Transfer,589415.9
PAY-0001931,INV-001356,ORD-001823,CUS-0081,2026-07-17,Bank Transfer,93008.25
PAY-0001932,INV-001356,ORD-001823,CUS-0081,2026-07-29,Online Transfer,345452.32
PAY-0001933,INV-001356,ORD-001823,CUS-0081,2026-08-13,Bank Transfer,522180.38
PAY-0001934,INV-001357,ORD-001825,CUS-0047,2026-06-18,Cheque,458797.3
PAY-0001935,INV-001358,ORD-001826,CUS-0082,2026-06-14,Online Transfer,377470.93
PAY-0001936,INV-001358,ORD-001826,CUS-0082,2026-07-14,Bank Transfer,579022.32
PAY-0001937,INV-001359,ORD-001828,CUS-0093,2026-08-09,Bank Transfer,429735.35
PAY-0001938,INV-001360,ORD-001830,CUS-0068,2026-05-24,Cash,90865.75
PAY-0001939,INV-001361,ORD-001831,CUS-0043,2026-07-22,Online Transfer,775148.97
PAY-0001940,INV-001361,ORD-001831,CUS-0043,2026-08-03,Bank Transfer,97777.23
PAY-0001941,INV-001362,ORD-001832,CUS-0081,2026-07-15,Bank Transfer,2555608.6
PAY-0001942,INV-001363,ORD-001833,CUS-0013,2026-01-09,Cheque,85861.33
PAY-0001943,INV-001363,ORD-001833,CUS-0013,2026-06-08,Cheque,189670.14
PAY-0001944,INV-001364,ORD-001834,CUS-0075,2026-06-18,Cheque,290264.65
PAY-0001945,INV-001364,ORD-001834,CUS-0075,2026-08-10,Bank Transfer,7905142.15
PAY-0001946,INV-001365,ORD-001837,CUS-0006,2025-07-28,Bank Transfer,153857.25
PAY-0001947,INV-001366,ORD-001838,CUS-0082,2026-05-16,Bank Transfer,137741.4
PAY-0001948,INV-001367,ORD-001839,CUS-0057,2026-04-21,Cheque,549509.91
PAY-0001949,INV-001367,ORD-001839,CUS-0057,2026-07-11,Cheque,528172.29
PAY-0001950,INV-001368,ORD-001840,CUS-0094,2026-05-20,Online Transfer,713324.39
PAY-0001951,INV-001368,ORD-001840,CUS-0094,2026-06-28,Bank Transfer,110144.51
PAY-0001952,INV-001369,ORD-001841,CUS-0017,2025-12-02,Cheque,145750.65
PAY-0001953,INV-001370,ORD-001842,CUS-0098,2026-04-12,Online Transfer,483140.49
PAY-0001954,INV-001370,ORD-001842,CUS-0098,2026-06-29,Bank Transfer,141674.82
PAY-0001955,INV-001371,ORD-001843,CUS-0074,2026-08-14,Bank Transfer,11751062.45
PAY-0001956,INV-001372,ORD-001844,CUS-0116,2026-08-29,Bank Transfer,471749.77
PAY-0001957,INV-001373,ORD-001845,CUS-0050,2026-05-13,Online Transfer,1570658.18
PAY-0001958,INV-001374,ORD-001847,CUS-0008,2026-03-19,Bank Transfer,525498.9
PAY-0001959,INV-001374,ORD-001847,CUS-0008,2026-07-26,Online Transfer,467451.73
PAY-0001960,INV-001374,ORD-001847,CUS-0008,2026-08-16,Bank Transfer,712866.22
PAY-0001961,INV-001375,ORD-001848,CUS-0009,2026-01-24,Cheque,522720.28
PAY-0001962,INV-001375,ORD-001848,CUS-0009,2026-04-27,Bank Transfer,8433.12
PAY-0001963,INV-001376,ORD-001850,CUS-0089,2026-05-28,Bank Transfer,4875789.5
PAY-0001964,INV-001377,ORD-001851,CUS-0055,2025-09-01,Cheque,1031052.24
PAY-0001965,INV-001377,ORD-001851,CUS-0055,2026-05-02,Bank Transfer,497215.91
PAY-0001966,INV-001378,ORD-001852,CUS-0047,2026-05-10,Bank Transfer,195924.25
PAY-0001967,INV-001379,ORD-001853,CUS-0075,2026-08-30,Cheque,760848.03
PAY-0001968,INV-001379,ORD-001853,CUS-0075,2026-09-01,Cheque,490672.51
PAY-0001969,INV-001380,ORD-001854,CUS-0102,2026-08-27,Bank Transfer,287855.1
PAY-0001970,INV-001381,ORD-001855,CUS-0055,2026-06-12,Bank Transfer,1215388.2
PAY-0001971,INV-001382,ORD-001858,CUS-0120,2026-07-02,Cheque,123569.6
PAY-0001972,INV-001383,ORD-001860,CUS-0001,2026-07-04,Cheque,2696015.33
PAY-0001973,INV-001384,ORD-001861,CUS-0102,2025-11-21,Bank Transfer,396049.31
PAY-0001974,INV-001384,ORD-001861,CUS-0102,2026-07-28,Bank Transfer,837109.69
PAY-0001975,INV-001385,ORD-001862,CUS-0024,2026-06-09,Online Transfer,7040409.53
PAY-0001976,INV-001386,ORD-001863,CUS-0060,2026-08-17,Online Transfer,6056.2
PAY-0001977,INV-001387,ORD-001865,CUS-0039,2026-05-19,Bank Transfer,2337708.33
PAY-0001978,INV-001388,ORD-001867,CUS-0045,2026-04-21,Bank Transfer,3231253.0
PAY-0001979,INV-001389,ORD-001868,CUS-0026,2026-07-31,Bank Transfer,374534.95
PAY-0001980,INV-001390,ORD-001869,CUS-0094,2026-07-26,Online Transfer,526179.7
PAY-0001981,INV-001391,ORD-001870,CUS-0083,2026-03-11,Bank Transfer,985625.97
PAY-0001982,INV-001392,ORD-001871,CUS-0008,2025-11-12,Bank Transfer,529142.97
PAY-0001983,INV-001393,ORD-001872,CUS-0120,2026-03-22,Bank Transfer,2230674.95
PAY-0001984,INV-001394,ORD-001873,CUS-0004,2026-06-26,Cheque,244938.5
PAY-0001985,INV-001395,ORD-001875,CUS-0069,2026-08-20,Bank Transfer,1229424.3
PAY-0001986,INV-001396,ORD-001876,CUS-0110,2026-08-15,Cheque,1219133.23
PAY-0001987,INV-001397,ORD-001877,CUS-0025,2026-03-26,Online Transfer,50530.4
PAY-0001988,INV-001398,ORD-001878,CUS-0102,2026-06-15,Bank Transfer,983625.88
PAY-0001989,INV-001399,ORD-001879,CUS-0113,2026-06-19,Bank Transfer,1103517.02
PAY-0001990,INV-001399,ORD-001879,CUS-0113,2026-08-20,Bank Transfer,1668208.58
PAY-0001991,INV-001400,ORD-001880,CUS-0076,2026-03-20,Bank Transfer,921706.85
PAY-0001992,INV-001401,ORD-001882,CUS-0056,2026-06-15,Online Transfer,396500.19
PAY-0001993,INV-001401,ORD-001882,CUS-0056,2026-07-03,Bank Transfer,228132.81
PAY-0001994,INV-001402,ORD-001883,CUS-0116,2026-07-31,Online Transfer,398558.34
PAY-0001995,INV-001402,ORD-001883,CUS-0116,2026-08-12,Bank Transfer,9258.51
PAY-0001996,INV-001403,ORD-001884,CUS-0066,2026-09-01,Bank Transfer,1950538.52
PAY-0001997,INV-001404,ORD-001885,CUS-0118,2026-08-03,Cheque,361970.9
PAY-0001998,INV-001405,ORD-001887,CUS-0120,2026-02-22,Bank Transfer,178823.49
PAY-0001999,INV-001405,ORD-001887,CUS-0120,2026-05-03,Bank Transfer,964909.21
PAY-0002000,INV-001406,ORD-001888,CUS-0001,2026-04-13,Cheque,2671826.1
PAY-0002001,INV-001407,ORD-001889,CUS-0108,2026-08-28,Bank Transfer,932624.8
PAY-0002002,INV-001408,ORD-001890,CUS-0103,2026-08-25,Online Transfer,783166.1
PAY-0002003,INV-001409,ORD-001891,CUS-0113,2025-09-26,Bank Transfer,1858028.0
PAY-0002004,INV-001410,ORD-001892,CUS-0043,2026-08-27,Cheque,699876.58
PAY-0002005,INV-001411,ORD-001893,CUS-0043,2026-06-22,Online Transfer,635827.66
PAY-0002006,INV-001412,ORD-001894,CUS-0081,2025-08-13,Bank Transfer,200730.82
PAY-0002007,INV-001413,ORD-001895,CUS-0055,2026-07-11,Cheque,5035725.47
PAY-0002008,INV-001413,ORD-001895,CUS-0055,2026-08-02,Bank Transfer,3993605.64
PAY-0002009,INV-001413,ORD-001895,CUS-0055,2026-08-22,Cheque,632396.79
PAY-0002010,INV-001414,ORD-001897,CUS-0090,2026-03-02,Cheque,492732.6
PAY-0002011,INV-001415,ORD-001899,CUS-0076,2026-02-22,Cheque,512760.15
PAY-0002012,INV-001416,ORD-001900,CUS-0081,2026-08-01,Online Transfer,403119.45
PAY-0002013,INV-001417,ORD-001901,CUS-0035,2026-07-01,Cheque,1093813.58
PAY-0002014,INV-001417,ORD-001901,CUS-0035,2026-07-25,Bank Transfer,1701537.09
PAY-0002015,INV-001418,ORD-001902,CUS-0108,2026-06-08,Bank Transfer,664758.9
PAY-0002016,INV-001419,ORD-001905,CUS-0083,2026-08-31,Online Transfer,254316.12
PAY-0002017,INV-001419,ORD-001905,CUS-0083,2026-08-31,Bank Transfer,556573.98
PAY-0002018,INV-001420,ORD-001906,CUS-0098,2026-05-30,Bank Transfer,11692.2
PAY-0002019,INV-001421,ORD-001907,CUS-0089,2026-08-20,Bank Transfer,489174.9
PAY-0002020,INV-001422,ORD-001908,CUS-0037,2026-08-20,Bank Transfer,60640.99
PAY-0002021,INV-001422,ORD-001908,CUS-0037,2026-08-27,Bank Transfer,1784845.08
PAY-0002022,INV-001423,ORD-001909,CUS-0014,2026-08-10,Online Transfer,7774.4
PAY-0002023,INV-001424,ORD-001910,CUS-0113,2026-08-22,Bank Transfer,9138.76
PAY-0002024,INV-001424,ORD-001910,CUS-0113,2026-08-25,Online Transfer,249947.45
PAY-0002025,INV-001424,ORD-001910,CUS-0113,2026-08-31,Cheque,895743.21
PAY-0002026,INV-001425,ORD-001911,CUS-0013,2025-12-06,Bank Transfer,347318.25
PAY-0002027,INV-001426,ORD-001913,CUS-0074,2026-03-20,Bank Transfer,1480657.18
PAY-0002028,INV-001426,ORD-001913,CUS-0074,2026-04-21,Bank Transfer,376795.57
PAY-0002029,INV-001427,ORD-001914,CUS-0035,2025-10-30,Cheque,3424781.85
PAY-0002030,INV-001428,ORD-001915,CUS-0038,2026-08-20,Bank Transfer,308676.2
PAY-0002031,INV-001429,ORD-001916,CUS-0002,2026-09-01,Bank Transfer,962042.24
PAY-0002032,INV-001429,ORD-001916,CUS-0002,2026-09-01,Cheque,74206.25
PAY-0002033,INV-001430,ORD-001917,CUS-0035,2026-03-11,Online Transfer,1405691.85
PAY-0002034,INV-001430,ORD-001917,CUS-0035,2026-06-17,Online Transfer,4425481.7
PAY-0002035,INV-001431,ORD-001918,CUS-0046,2026-08-24,Bank Transfer,1182880.68
PAY-0002036,INV-001432,ORD-001919,CUS-0038,2025-12-10,Bank Transfer,382581.76
PAY-0002037,INV-001432,ORD-001919,CUS-0038,2026-08-20,Online Transfer,1072089.79
PAY-0002038,INV-001433,ORD-001920,CUS-0004,2026-05-10,Cheque,2251912.0
PAY-0002039,INV-001434,ORD-001922,CUS-0036,2026-05-23,Bank Transfer,2996303.2
PAY-0002040,INV-001435,ORD-001924,CUS-0011,2026-05-07,Cheque,5973832.6
PAY-0002041,INV-001436,ORD-001925,CUS-0014,2026-06-07,Bank Transfer,1064463.17
PAY-0002042,INV-001436,ORD-001925,CUS-0014,2026-08-15,Cheque,1114926.03
PAY-0002043,INV-001437,ORD-001926,CUS-0012,2026-03-28,Bank Transfer,520313.62
PAY-0002044,INV-001438,ORD-001927,CUS-0103,2026-03-03,Online Transfer,774732.48
PAY-0002045,INV-001438,ORD-001927,CUS-0103,2026-05-02,Bank Transfer,628688.72
PAY-0002046,INV-001439,ORD-001928,CUS-0021,2025-11-23,Cheque,782622.63
PAY-0002047,INV-001439,ORD-001928,CUS-0021,2026-02-24,Bank Transfer,298457.97
PAY-0002048,INV-001440,ORD-001929,CUS-0097,2026-08-25,Bank Transfer,172168.78
PAY-0002049,INV-001441,ORD-001931,CUS-0064,2026-08-02,Cheque,745350.45
PAY-0002050,INV-001441,ORD-001931,CUS-0064,2026-08-12,Cash,589686.8
PAY-0002051,INV-001442,ORD-001932,CUS-0120,2026-01-15,Bank Transfer,675389.0
PAY-0002052,INV-001442,ORD-001932,CUS-0120,2026-06-02,Bank Transfer,3371999.2
PAY-0002053,INV-001443,ORD-001934,CUS-0034,2025-12-21,Online Transfer,2176763.7
PAY-0002054,INV-001444,ORD-001935,CUS-0118,2025-12-06,Bank Transfer,42058.26
PAY-0002055,INV-001444,ORD-001935,CUS-0118,2026-01-31,Cash,654893.99
PAY-0002056,INV-001445,ORD-001936,CUS-0044,2026-06-18,Bank Transfer,1713023.7
PAY-0002057,INV-001446,ORD-001937,CUS-0012,2025-04-17,Cheque,896807.24
PAY-0002058,INV-001446,ORD-001937,CUS-0012,2025-06-12,Bank Transfer,304680.56
PAY-0002059,INV-001447,ORD-001939,CUS-0013,2026-07-24,Bank Transfer,28311.0
PAY-0002060,INV-001448,ORD-001940,CUS-0072,2026-06-01,Online Transfer,69081.5
PAY-0002061,INV-001449,ORD-001941,CUS-0095,2025-05-31,Bank Transfer,263583.3
PAY-0002062,INV-001449,ORD-001941,CUS-0095,2026-05-25,Bank Transfer,674879.55
PAY-0002063,INV-001450,ORD-001942,CUS-0026,2025-12-12,Bank Transfer,102191.75
PAY-0002064,INV-001450,ORD-001942,CUS-0026,2026-05-26,Bank Transfer,527897.28
PAY-0002065,INV-001451,ORD-001943,CUS-0011,2026-03-12,Bank Transfer,2807526.8
PAY-0002066,INV-001452,ORD-001944,CUS-0043,2026-07-09,Bank Transfer,52794.69
PAY-0002067,INV-001452,ORD-001944,CUS-0043,2026-07-17,Cheque,1375561.38
PAY-0002068,INV-001453,ORD-001945,CUS-0001,2026-03-16,Online Transfer,1036054.75
PAY-0002069,INV-001454,ORD-001946,CUS-0044,2026-01-04,Bank Transfer,1732617.6
PAY-0002070,INV-001455,ORD-001947,CUS-0037,2026-06-30,Bank Transfer,662967.97
PAY-0002071,INV-001455,ORD-001947,CUS-0037,2026-07-26,Bank Transfer,7696.83
PAY-0002072,INV-001456,ORD-001948,CUS-0108,2026-02-14,Bank Transfer,396779.07
PAY-0002073,INV-001456,ORD-001948,CUS-0108,2026-08-04,Bank Transfer,527208.13
PAY-0002074,INV-001457,ORD-001949,CUS-0088,2026-05-02,Online Transfer,65853.93
PAY-0002075,INV-001457,ORD-001949,CUS-0088,2026-06-01,Cheque,1010391.62
PAY-0002076,INV-001458,ORD-001950,CUS-0076,2026-06-23,Online Transfer,1090315.57
PAY-0002077,INV-001459,ORD-001951,CUS-0063,2025-12-19,Bank Transfer,65763.83
PAY-0002078,INV-001459,ORD-001951,CUS-0063,2026-05-21,Bank Transfer,225870.22
PAY-0002079,INV-001460,ORD-001952,CUS-0063,2026-08-10,Cheque,506081.35
PAY-0002080,INV-001461,ORD-001953,CUS-0046,2025-07-14,Bank Transfer,2296464.38
PAY-0002081,INV-001462,ORD-001954,CUS-0114,2026-03-19,Bank Transfer,326694.8
PAY-0002082,INV-001463,ORD-001955,CUS-0110,2026-03-14,Bank Transfer,99512.1
PAY-0002083,INV-001464,ORD-001957,CUS-0112,2026-08-19,Cheque,969697.45
PAY-0002084,INV-001465,ORD-001958,CUS-0035,2026-07-14,Bank Transfer,4084167.33
PAY-0002085,INV-001466,ORD-001959,CUS-0115,2026-06-25,Bank Transfer,479720.15
PAY-0002086,INV-001467,ORD-001960,CUS-0092,2025-11-05,Bank Transfer,7796.8
PAY-0002087,INV-001468,ORD-001962,CUS-0088,2025-12-12,Bank Transfer,50066.21
PAY-0002088,INV-001468,ORD-001962,CUS-0088,2026-07-25,Bank Transfer,336945.76
PAY-0002089,INV-001469,ORD-001964,CUS-0004,2026-04-23,Online Transfer,603508.64
PAY-0002090,INV-001470,ORD-001965,CUS-0103,2026-07-01,Bank Transfer,1062657.85
PAY-0002091,INV-001471,ORD-001966,CUS-0052,2026-07-03,Bank Transfer,404924.38
PAY-0002092,INV-001472,ORD-001967,CUS-0024,2025-12-03,Bank Transfer,537787.95
PAY-0002093,INV-001473,ORD-001969,CUS-0112,2026-03-19,Online Transfer,324216.8
PAY-0002094,INV-001474,ORD-001972,CUS-0070,2025-10-24,Bank Transfer,279704.25
PAY-0002095,INV-001475,ORD-001973,CUS-0005,2026-08-15,Bank Transfer,502237.5
PAY-0002096,INV-001476,ORD-001976,CUS-0010,2026-07-22,Bank Transfer,501544.25
PAY-0002097,INV-001477,ORD-001977,CUS-0058,2026-07-22,Bank Transfer,426404.05
PAY-0002098,INV-001477,ORD-001977,CUS-0058,2026-08-18,Bank Transfer,1951236.95
PAY-0002099,INV-001478,ORD-001978,CUS-0035,2026-08-05,Cheque,5133517.72
PAY-0002100,INV-001479,ORD-001979,CUS-0039,2026-09-01,Online Transfer,484258.41
PAY-0002101,INV-001480,ORD-001980,CUS-0116,2026-08-01,Bank Transfer,474511.64
PAY-0002102,INV-001480,ORD-001980,CUS-0116,2026-08-29,Bank Transfer,888470.96
PAY-0002103,INV-001481,ORD-001981,CUS-0090,2026-02-11,Online Transfer,6461514.8
PAY-0002104,INV-001482,ORD-001984,CUS-0009,2026-01-24,Bank Transfer,206005.88
PAY-0002105,INV-001483,ORD-001986,CUS-0062,2026-03-17,Online Transfer,552833.33
PAY-0002106,INV-001483,ORD-001986,CUS-0062,2026-05-27,Cheque,227353.17
PAY-0002107,INV-001484,ORD-001987,CUS-0058,2026-04-29,Bank Transfer,4480269.72
PAY-0002108,INV-001485,ORD-001988,CUS-0053,2026-08-03,Bank Transfer,191735.28
PAY-0002109,INV-001485,ORD-001988,CUS-0053,2026-08-23,Cheque,451060.87
PAY-0002110,INV-001486,ORD-001989,CUS-0116,2026-01-16,Bank Transfer,859470.7
PAY-0002111,INV-001487,ORD-001990,CUS-0094,2026-01-10,Online Transfer,325293.66
PAY-0002112,INV-001487,ORD-001990,CUS-0094,2026-02-06,Cheque,292075.26
PAY-0002113,INV-001488,ORD-001993,CUS-0012,2026-05-10,Online Transfer,182192.0
PAY-0002114,INV-001489,ORD-001994,CUS-0036,2026-08-27,Bank Transfer,197868.3
PAY-0002115,INV-001490,ORD-001995,CUS-0096,2026-07-03,Bank Transfer,1501255.0
PAY-0002116,INV-001491,ORD-001996,CUS-0032,2025-04-23,Bank Transfer,207522.7
PAY-0002117,INV-001491,ORD-001996,CUS-0032,2026-01-20,Cheque,149645.6
PAY-0002118,INV-001492,ORD-001997,CUS-0120,2026-02-27,Online Transfer,1534342.2
PAY-0002119,INV-001493,ORD-001998,CUS-0050,2026-04-16,Bank Transfer,4367085.6
PAY-0002120,INV-001494,ORD-001999,CUS-0056,2026-07-13,Cheque,812371.0
PAY-0002121,INV-001495,ORD-002000,CUS-0064,2026-08-23,Bank Transfer,1216616.88
PAY-0002122,INV-001496,ORD-002002,CUS-0035,2025-12-10,Bank Transfer,4486773.0
PAY-0002123,INV-001497,ORD-002003,CUS-0046,2026-07-23,Bank Transfer,2078515.43
PAY-0002124,INV-001498,ORD-002004,CUS-0102,2026-05-20,Bank Transfer,230990.55
PAY-0002125,INV-001498,ORD-002004,CUS-0102,2026-06-03,Bank Transfer,693108.75
PAY-0002126,INV-001499,ORD-002005,CUS-0024,2026-05-08,Cheque,829547.38
PAY-0002127,INV-001500,ORD-002006,CUS-0071,2026-04-23,Bank Transfer,58383.41
PAY-0002128,INV-001500,ORD-002006,CUS-0071,2026-07-29,Bank Transfer,6814.44
PAY-0002129,INV-001501,ORD-002007,CUS-0120,2026-03-05,Online Transfer,1166638.48
PAY-0002130,INV-001501,ORD-002007,CUS-0120,2026-08-29,Online Transfer,1346053.52
PAY-0002131,INV-001502,ORD-002008,CUS-0040,2026-05-08,Bank Transfer,86867.1
PAY-0002132,INV-001503,ORD-002011,CUS-0067,2025-07-07,Cheque,643568.4
PAY-0002133,INV-001503,ORD-002011,CUS-0067,2025-07-19,Online Transfer,1964942.79
PAY-0002134,INV-001503,ORD-002011,CUS-0067,2026-01-07,Online Transfer,1072310.01
PAY-0002135,INV-001504,ORD-002012,CUS-0043,2026-06-16,Online Transfer,608071.7
PAY-0002136,INV-001505,ORD-002013,CUS-0035,2025-11-10,Cheque,2538489.53
PAY-0002137,INV-001505,ORD-002013,CUS-0035,2026-05-22,Cheque,619021.23
PAY-0002138,INV-001505,ORD-002013,CUS-0035,2026-06-05,Bank Transfer,460170.12
PAY-0002139,INV-001506,ORD-002014,CUS-0043,2026-09-01,Online Transfer,16750638.55
PAY-0002140,INV-001507,ORD-002017,CUS-0098,2026-06-03,Bank Transfer,403276.8
PAY-0002141,INV-001508,ORD-002020,CUS-0115,2025-11-16,Cash,328199.3
PAY-0002142,INV-001509,ORD-002022,CUS-0076,2026-04-26,Online Transfer,48745.7
PAY-0002143,INV-001510,ORD-002023,CUS-0093,2026-08-31,Cheque,484472.6
PAY-0002144,INV-001511,ORD-002024,CUS-0038,2026-01-07,Bank Transfer,711672.75
PAY-0002145,INV-001512,ORD-002026,CUS-0005,2026-03-07,Online Transfer,700857.34
PAY-0002146,INV-001512,ORD-002026,CUS-0005,2026-06-17,Online Transfer,23488.8
PAY-0002147,INV-001512,ORD-002026,CUS-0005,2026-08-14,Online Transfer,173351.89
PAY-0002148,INV-001513,ORD-002029,CUS-0010,2026-05-21,Bank Transfer,844174.95
PAY-0002149,INV-001514,ORD-002030,CUS-0050,2026-05-14,Cheque,136509.48
PAY-0002150,INV-001514,ORD-002030,CUS-0050,2026-07-16,Online Transfer,310297.52
PAY-0002151,INV-001515,ORD-002032,CUS-0088,2026-06-04,Bank Transfer,798812.64
PAY-0002152,INV-001515,ORD-002032,CUS-0088,2026-07-19,Online Transfer,5150.86
PAY-0002153,INV-001516,ORD-002033,CUS-0064,2026-07-29,Online Transfer,1000309.6
PAY-0002154,INV-001517,ORD-002034,CUS-0097,2025-04-17,Cheque,175790.5
PAY-0002155,INV-001518,ORD-002035,CUS-0120,2026-04-05,Online Transfer,172773.48
PAY-0002156,INV-001518,ORD-002035,CUS-0120,2026-05-17,Bank Transfer,2570761.92
PAY-0002157,INV-001519,ORD-002037,CUS-0062,2026-05-27,Online Transfer,432071.43
PAY-0002158,INV-001519,ORD-002037,CUS-0062,2026-07-24,Online Transfer,749231.0
PAY-0002159,INV-001520,ORD-002038,CUS-0005,2026-07-15,Bank Transfer,2455459.36
PAY-0002160,INV-001520,ORD-002038,CUS-0005,2026-07-18,Online Transfer,975927.54
PAY-0002161,INV-001521,ORD-002039,CUS-0001,2026-08-30,Cheque,763745.18
PAY-0002162,INV-001521,ORD-002039,CUS-0001,2026-09-01,Online Transfer,265895.68
PAY-0002163,INV-001522,ORD-002040,CUS-0056,2026-06-14,Online Transfer,132295.37
PAY-0002164,INV-001522,ORD-002040,CUS-0056,2026-08-06,Bank Transfer,286297.83
PAY-0002165,INV-001523,ORD-002041,CUS-0002,2026-07-15,Bank Transfer,390185.88
PAY-0002166,INV-001524,ORD-002043,CUS-0069,2026-05-12,Bank Transfer,598289.5
PAY-0002167,INV-001525,ORD-002044,CUS-0036,2026-07-08,Bank Transfer,480225.24
PAY-0002168,INV-001525,ORD-002044,CUS-0036,2026-07-19,Online Transfer,1984782.96
PAY-0002169,INV-001526,ORD-002047,CUS-0078,2026-08-09,Bank Transfer,225224.27
PAY-0002170,INV-001526,ORD-002047,CUS-0078,2026-08-13,Bank Transfer,486137.8
PAY-0002171,INV-001526,ORD-002047,CUS-0078,2026-08-13,Bank Transfer,105680.25
PAY-0002172,INV-001527,ORD-002048,CUS-0057,2026-04-22,Online Transfer,108645.85
PAY-0002173,INV-001527,ORD-002048,CUS-0057,2026-06-23,Online Transfer,87122.05
PAY-0002174,INV-001528,ORD-002050,CUS-0039,2025-07-22,Online Transfer,582486.35
PAY-0002175,INV-001529,ORD-002051,CUS-0109,2026-08-19,Cheque,296475.0
PAY-0002176,INV-001530,ORD-002055,CUS-0002,2025-08-27,Bank Transfer,1734050.12
PAY-0002177,INV-001530,ORD-002055,CUS-0002,2026-04-11,Bank Transfer,113368.2
PAY-0002178,INV-001531,ORD-002056,CUS-0094,2026-05-10,Bank Transfer,550101.58
PAY-0002179,INV-001531,ORD-002056,CUS-0094,2026-06-08,Bank Transfer,42264.32
PAY-0002180,INV-001532,ORD-002057,CUS-0063,2026-04-28,Cheque,786254.65
PAY-0002181,INV-001533,ORD-002059,CUS-0118,2025-11-16,Online Transfer,126000.4
PAY-0002182,INV-001534,ORD-002060,CUS-0055,2026-08-02,Cheque,470555.67
PAY-0002183,INV-001534,ORD-002060,CUS-0055,2026-08-13,Cheque,75896.43
PAY-0002184,INV-001535,ORD-002062,CUS-0108,2025-11-17,Bank Transfer,345638.15
PAY-0002185,INV-001535,ORD-002062,CUS-0108,2026-03-07,Bank Transfer,2419276.63
PAY-0002186,INV-001535,ORD-002062,CUS-0108,2026-06-13,Bank Transfer,2112016.37
PAY-0002187,INV-001536,ORD-002063,CUS-0046,2026-08-17,Bank Transfer,151191.52
PAY-0002188,INV-001536,ORD-002063,CUS-0046,2026-09-01,Bank Transfer,2508991.63
PAY-0002189,INV-001537,ORD-002064,CUS-0056,2026-04-18,Online Transfer,473711.0
PAY-0002190,INV-001538,ORD-002065,CUS-0001,2025-09-19,Bank Transfer,1022654.97
PAY-0002191,INV-001538,ORD-002065,CUS-0001,2026-03-30,Bank Transfer,8098.63
PAY-0002192,INV-001539,ORD-002067,CUS-0085,2026-01-07,Bank Transfer,645900.9
PAY-0002193,INV-001539,ORD-002067,CUS-0085,2026-06-28,Cheque,6646238.02
PAY-0002194,INV-001540,ORD-002068,CUS-0075,2026-05-15,Cheque,1117052.6
PAY-0002195,INV-001540,ORD-002068,CUS-0075,2026-05-25,Bank Transfer,203783.35
PAY-0002196,INV-001541,ORD-002069,CUS-0047,2025-05-27,Bank Transfer,2360247.8
PAY-0002197,INV-001542,ORD-002073,CUS-0055,2026-02-28,Bank Transfer,108391.65
PAY-0002198,INV-001542,ORD-002073,CUS-0055,2026-06-30,Cheque,778932.95
PAY-0002199,INV-001543,ORD-002074,CUS-0115,2026-04-14,Bank Transfer,1438142.7
PAY-0002200,INV-001544,ORD-002075,CUS-0009,2026-07-20,Bank Transfer,441137.1
PAY-0002201,INV-001545,ORD-002076,CUS-0052,2026-08-20,Bank Transfer,289965.16
PAY-0002202,INV-001546,ORD-002077,CUS-0069,2026-09-01,Online Transfer,1198258.58
PAY-0002203,INV-001547,ORD-002079,CUS-0071,2026-04-25,Bank Transfer,273469.42
PAY-0002204,INV-001548,ORD-002080,CUS-0055,2025-11-04,Bank Transfer,48285.2
PAY-0002205,INV-001548,ORD-002080,CUS-0055,2025-12-07,Bank Transfer,809787.38
PAY-0002206,INV-001548,ORD-002080,CUS-0055,2026-03-11,Bank Transfer,671469.97
PAY-0002207,INV-001549,ORD-002081,CUS-0055,2026-05-24,Online Transfer,2483416.2
PAY-0002208,INV-001550,ORD-002083,CUS-0065,2026-06-23,Bank Transfer,402761.06
PAY-0002209,INV-001550,ORD-002083,CUS-0065,2026-07-20,Cheque,207950.3
PAY-0002210,INV-001551,ORD-002084,CUS-0058,2025-09-02,Bank Transfer,1852365.55
PAY-0002211,INV-001551,ORD-002084,CUS-0058,2025-09-10,Bank Transfer,2263887.45
PAY-0002212,INV-001552,ORD-002085,CUS-0083,2026-03-03,Online Transfer,217260.66
PAY-0002213,INV-001552,ORD-002085,CUS-0083,2026-07-13,Bank Transfer,356467.14
PAY-0002214,INV-001553,ORD-002086,CUS-0014,2026-05-23,Bank Transfer,28058.8
PAY-0002215,INV-001554,ORD-002088,CUS-0103,2026-05-28,Bank Transfer,1815024.38
PAY-0002216,INV-001555,ORD-002089,CUS-0109,2025-10-19,Cash,549719.18
PAY-0002217,INV-001555,ORD-002089,CUS-0109,2026-08-24,Cheque,266870.32
PAY-0002218,INV-001556,ORD-002090,CUS-0046,2026-01-28,Online Transfer,1702397.8
PAY-0002219,INV-001557,ORD-002091,CUS-0056,2026-07-12,Bank Transfer,539959.15
PAY-0002220,INV-001558,ORD-002093,CUS-0060,2025-08-23,Bank Transfer,161251.32
PAY-0002221,INV-001558,ORD-002093,CUS-0060,2026-08-04,Online Transfer,1519996.45
PAY-0002222,INV-001559,ORD-002096,CUS-0018,2025-10-29,Cheque,298669.56
PAY-0002223,INV-001559,ORD-002096,CUS-0018,2026-03-28,Bank Transfer,1690413.42
PAY-0002224,INV-001559,ORD-002096,CUS-0018,2026-06-19,Bank Transfer,760046.92
PAY-0002225,INV-001560,ORD-002097,CUS-0064,2025-11-29,Online Transfer,179298.96
PAY-0002226,INV-001560,ORD-002097,CUS-0064,2026-01-25,Cheque,766436.22
PAY-0002227,INV-001560,ORD-002097,CUS-0064,2026-02-24,Bank Transfer,13722.82
PAY-0002228,INV-001561,ORD-002098,CUS-0117,2026-08-05,Cheque,971523.5
PAY-0002229,INV-001562,ORD-002099,CUS-0011,2026-08-05,Cheque,2172397.7
PAY-0002230,INV-001563,ORD-002101,CUS-0013,2026-02-12,Bank Transfer,72851.99
PAY-0002231,INV-001563,ORD-002101,CUS-0013,2026-06-09,Bank Transfer,19015.31
PAY-0002232,INV-001564,ORD-002102,CUS-0058,2025-11-25,Online Transfer,471800.88
PAY-0002233,INV-001565,ORD-002103,CUS-0042,2026-06-09,Cheque,369033.2
PAY-0002234,INV-001566,ORD-002104,CUS-0110,2026-07-24,Online Transfer,30527.59
PAY-0002235,INV-001566,ORD-002104,CUS-0110,2026-08-25,Bank Transfer,251123.66
PAY-0002236,INV-001567,ORD-002106,CUS-0002,2026-07-16,Bank Transfer,530915.4
PAY-0002237,INV-001568,ORD-002107,CUS-0005,2026-07-30,Bank Transfer,1754683.6
PAY-0002238,INV-001569,ORD-002108,CUS-0039,2026-06-22,Bank Transfer,940622.25
PAY-0002239,INV-001570,ORD-002109,CUS-0048,2025-11-09,Bank Transfer,268668.9
PAY-0002240,INV-001570,ORD-002109,CUS-0048,2026-03-21,Bank Transfer,274448.22
PAY-0002241,INV-001571,ORD-002111,CUS-0116,2026-08-12,Cheque,149270.0
PAY-0002242,INV-001572,ORD-002112,CUS-0084,2026-04-26,Bank Transfer,1145190.0
PAY-0002243,INV-001573,ORD-002114,CUS-0095,2026-08-04,Bank Transfer,1436133.75
PAY-0002244,INV-001574,ORD-002115,CUS-0058,2026-07-09,Online Transfer,140403.28
PAY-0002245,INV-001574,ORD-002115,CUS-0058,2026-08-28,Online Transfer,1671899.72
PAY-0002246,INV-001575,ORD-002116,CUS-0021,2026-06-29,Bank Transfer,359656.62
PAY-0002247,INV-001576,ORD-002119,CUS-0053,2026-02-14,Bank Transfer,179231.88
PAY-0002248,INV-001576,ORD-002119,CUS-0053,2026-08-16,Cheque,160112.52
PAY-0002249,INV-001577,ORD-002123,CUS-0016,2026-08-15,Bank Transfer,575710.2
PAY-0002250,INV-001578,ORD-002124,CUS-0120,2026-01-19,Cheque,355102.44
PAY-0002251,INV-001578,ORD-002124,CUS-0120,2026-01-27,Bank Transfer,656036.61
PAY-0002252,INV-001579,ORD-002126,CUS-0031,2025-10-11,Cheque,276402.6
PAY-0002253,INV-001579,ORD-002126,CUS-0031,2026-07-29,Cheque,344796.6
PAY-0002254,INV-001580,ORD-002127,CUS-0104,2026-02-21,Online Transfer,146815.6
PAY-0002255,INV-001581,ORD-002128,CUS-0055,2026-07-02,Cheque,4511095.75
PAY-0002256,INV-001582,ORD-002129,CUS-0092,2026-08-29,Bank Transfer,569090.4
PAY-0002257,INV-001583,ORD-002130,CUS-0081,2026-07-28,Cheque,795935.61
PAY-0002258,INV-001583,ORD-002130,CUS-0081,2026-08-18,Bank Transfer,691095.96
PAY-0002259,INV-001584,ORD-002133,CUS-0005,2026-06-18,Online Transfer,6588016.7
PAY-0002260,INV-001585,ORD-002134,CUS-0102,2026-03-30,Bank Transfer,404013.94
PAY-0002261,INV-001585,ORD-002134,CUS-0102,2026-04-19,Bank Transfer,637926.06
PAY-0002262,INV-001586,ORD-002136,CUS-0052,2026-02-02,Bank Transfer,609974.45
PAY-0002263,INV-001587,ORD-002137,CUS-0050,2026-08-31,Online Transfer,1397718.85
PAY-0002264,INV-001588,ORD-002138,CUS-0100,2026-08-13,Cheque,351266.82
PAY-0002265,INV-001589,ORD-002140,CUS-0080,2025-12-28,Online Transfer,257254.75
PAY-0002266,INV-001590,ORD-002141,CUS-0089,2026-08-25,Bank Transfer,1130761.84
PAY-0002267,INV-001591,ORD-002143,CUS-0072,2026-01-10,Cash,355244.9
PAY-0002268,INV-001592,ORD-002144,CUS-0097,2026-04-06,Cheque,1048417.3
PAY-0002269,INV-001592,ORD-002144,CUS-0097,2026-08-01,Cheque,356132.27
PAY-0002270,INV-001593,ORD-002145,CUS-0001,2025-11-04,Bank Transfer,1503794.95
PAY-0002271,INV-001594,ORD-002146,CUS-0036,2025-10-28,Cheque,2541123.95
PAY-0002272,INV-001594,ORD-002146,CUS-0036,2026-03-10,Online Transfer,845437.7
PAY-0002273,INV-001595,ORD-002147,CUS-0062,2026-01-06,Online Transfer,61962.38
PAY-0002274,INV-001595,ORD-002147,CUS-0062,2026-03-22,Online Transfer,895939.5
PAY-0002275,INV-001596,ORD-002148,CUS-0004,2026-08-28,Cheque,431707.42
PAY-0002276,INV-001597,ORD-002149,CUS-0100,2026-04-02,Bank Transfer,223919.75
PAY-0002277,INV-001598,ORD-002150,CUS-0043,2026-03-12,Cheque,1128183.25
PAY-0002278,INV-001599,ORD-002151,CUS-0046,2026-09-01,Bank Transfer,4449423.05
PAY-0002279,INV-001600,ORD-002152,CUS-0035,2026-08-23,Online Transfer,1248999.61
PAY-0002280,INV-001601,ORD-002153,CUS-0045,2026-08-18,Online Transfer,1254249.88
PAY-0002281,INV-001602,ORD-002155,CUS-0116,2026-08-17,Cheque,22671.6
PAY-0002282,INV-001603,ORD-002156,CUS-0044,2025-08-29,Online Transfer,2439579.26
PAY-0002283,INV-001603,ORD-002156,CUS-0044,2026-02-04,Cash,777395.74
PAY-0002284,INV-001604,ORD-002159,CUS-0059,2026-04-02,Bank Transfer,264320.0
PAY-0002285,INV-001605,ORD-002160,CUS-0065,2026-08-04,Bank Transfer,393353.0
PAY-0002286,INV-001606,ORD-002161,CUS-0033,2026-07-25,Bank Transfer,86867.1
PAY-0002287,INV-001607,ORD-002162,CUS-0056,2025-11-19,Cheque,80804.16
PAY-0002288,INV-001607,ORD-002162,CUS-0056,2025-12-25,Bank Transfer,440690.94
PAY-0002289,INV-001608,ORD-002163,CUS-0092,2026-09-01,Bank Transfer,5880836.8
PAY-0002290,INV-001609,ORD-002164,CUS-0113,2025-10-14,Cheque,251629.1
PAY-0002291,INV-001610,ORD-002166,CUS-0036,2026-07-20,Cheque,124194.07
PAY-0002292,INV-001610,ORD-002166,CUS-0036,2026-07-23,Cheque,209300.48
PAY-0002293,INV-001611,ORD-002169,CUS-0034,2026-08-20,Cheque,4821547.85
PAY-0002294,INV-001612,ORD-002170,CUS-0079,2026-07-21,Online Transfer,54896.4
PAY-0002295,INV-001613,ORD-002173,CUS-0049,2026-08-06,Cheque,331457.28
PAY-0002296,INV-001614,ORD-002174,CUS-0058,2026-05-31,Bank Transfer,12823.5
PAY-0002297,INV-001615,ORD-002175,CUS-0081,2026-05-21,Bank Transfer,479339.51
PAY-0002298,INV-001615,ORD-002175,CUS-0081,2026-08-02,Bank Transfer,1746311.59
PAY-0002299,INV-001616,ORD-002178,CUS-0012,2026-09-01,Bank Transfer,307614.2
PAY-0002300,INV-001617,ORD-002179,CUS-0063,2026-01-09,Bank Transfer,124032.75
PAY-0002301,INV-001618,ORD-002180,CUS-0093,2026-08-05,Online Transfer,391473.85
PAY-0002302,INV-001619,ORD-002181,CUS-0089,2026-02-01,Cash,2175896.4
PAY-0002303,INV-001620,ORD-002182,CUS-0049,2025-12-18,Cheque,279047.55
PAY-0002304,INV-001620,ORD-002182,CUS-0049,2026-02-17,Online Transfer,147413.06
PAY-0002305,INV-001620,ORD-002182,CUS-0049,2026-06-14,Online Transfer,1966293.24
PAY-0002306,INV-001621,ORD-002183,CUS-0034,2025-12-25,Bank Transfer,380099.23
PAY-0002307,INV-001621,ORD-002183,CUS-0034,2026-04-17,Cheque,1066256.27
PAY-0002308,INV-001622,ORD-002184,CUS-0076,2026-08-18,Bank Transfer,194017.08
PAY-0002309,INV-001623,ORD-002186,CUS-0041,2026-06-30,Bank Transfer,87797.25
PAY-0002310,INV-001624,ORD-002187,CUS-0012,2026-01-11,Online Transfer,3107515.25
PAY-0002311,INV-001625,ORD-002188,CUS-0046,2026-07-01,Bank Transfer,315568.88
PAY-0002312,INV-001626,ORD-002189,CUS-0049,2026-07-29,Online Transfer,419810.37
PAY-0002313,INV-001627,ORD-002190,CUS-0052,2025-09-12,Bank Transfer,99215.32
PAY-0002314,INV-001627,ORD-002190,CUS-0052,2025-12-29,Cheque,335582.66
PAY-0002315,INV-001627,ORD-002190,CUS-0052,2026-03-25,Bank Transfer,182554.42
PAY-0002316,INV-001628,ORD-002191,CUS-0018,2026-08-18,Bank Transfer,672635.4
PAY-0002317,INV-001629,ORD-002192,CUS-0093,2026-05-22,Online Transfer,227806.38
PAY-0002318,INV-001630,ORD-002193,CUS-0034,2026-08-09,Cheque,987166.03
PAY-0002319,INV-001630,ORD-002193,CUS-0034,2026-08-22,Cheque,2375046.32
PAY-0002320,INV-001631,ORD-002194,CUS-0111,2026-08-21,Online Transfer,260174.98
PAY-0002321,INV-001631,ORD-002194,CUS-0111,2026-08-30,Online Transfer,19423.07
PAY-0002322,INV-001632,ORD-002195,CUS-0104,2025-12-23,Cheque,1201154.45
PAY-0002323,INV-001633,ORD-002196,CUS-0115,2026-08-12,Bank Transfer,5627129.63
PAY-0002324,INV-001633,ORD-002196,CUS-0115,2026-08-17,Bank Transfer,438757.72
PAY-0002325,INV-001634,ORD-002197,CUS-0083,2025-11-14,Bank Transfer,234441.06
PAY-0002326,INV-001634,ORD-002197,CUS-0083,2026-02-26,Cheque,100832.34
PAY-0002327,INV-001635,ORD-002198,CUS-0068,2026-02-07,Cheque,253818.0
PAY-0002328,INV-001636,ORD-002199,CUS-0069,2026-08-03,Bank Transfer,124074.97
PAY-0002329,INV-001636,ORD-002199,CUS-0069,2026-08-05,Bank Transfer,904881.62
PAY-0002330,INV-001636,ORD-002199,CUS-0069,2026-08-26,Bank Transfer,21688.86
PAY-0002331,INV-001637,ORD-002200,CUS-0063,2026-07-21,Bank Transfer,112833.0
PAY-0002332,INV-001638,ORD-002201,CUS-0007,2026-09-01,Cheque,109093.95
PAY-0002333,INV-001639,ORD-002202,CUS-0034,2026-02-21,Cheque,1766539.65
PAY-0002334,INV-001640,ORD-002203,CUS-0055,2026-08-05,Cheque,3362731.55
PAY-0002335,INV-001641,ORD-002204,CUS-0046,2025-12-11,Bank Transfer,463411.08
PAY-0002336,INV-001642,ORD-002205,CUS-0024,2026-08-14,Online Transfer,2976938.5
PAY-0002337,INV-001642,ORD-002205,CUS-0024,2026-08-24,Bank Transfer,3561656.85
PAY-0002338,INV-001643,ORD-002206,CUS-0050,2025-07-22,Online Transfer,1738207.85
PAY-0002339,INV-001644,ORD-002207,CUS-0094,2026-04-09,Cheque,59631.2
PAY-0002340,INV-001645,ORD-002209,CUS-0118,2026-05-02,Bank Transfer,263349.45
PAY-0002341,INV-001646,ORD-002210,CUS-0067,2026-08-28,Bank Transfer,2508556.1
PAY-0002342,INV-001647,ORD-002211,CUS-0108,2026-09-01,Bank Transfer,201639.28
PAY-0002343,INV-001648,ORD-002212,CUS-0094,2026-08-01,Bank Transfer,320850.97
PAY-0002344,INV-001648,ORD-002212,CUS-0094,2026-08-12,Bank Transfer,472821.97
PAY-0002345,INV-001649,ORD-002213,CUS-0025,2026-07-16,Bank Transfer,39441.15
PAY-0002346,INV-001650,ORD-002214,CUS-0098,2026-07-25,Bank Transfer,3075233.84
PAY-0002347,INV-001650,ORD-002214,CUS-0098,2026-08-20,Online Transfer,609510.86
PAY-0002348,INV-001651,ORD-002215,CUS-0035,2026-05-22,Bank Transfer,773195.0
PAY-0002349,INV-001652,ORD-002216,CUS-0048,2026-06-10,Cheque,2475743.25
PAY-0002350,INV-001653,ORD-002217,CUS-0034,2026-03-23,Bank Transfer,1183846.05
PAY-0002351,INV-001653,ORD-002217,CUS-0034,2026-05-19,Online Transfer,1461705.1
PAY-0002352,INV-001654,ORD-002221,CUS-0108,2026-02-04,Bank Transfer,814851.36
PAY-0002353,INV-001654,ORD-002221,CUS-0108,2026-06-15,Bank Transfer,218645.74
PAY-0002354,INV-001655,ORD-002222,CUS-0113,2026-07-10,Bank Transfer,2092855.38
PAY-0002355,INV-001656,ORD-002223,CUS-0045,2026-05-21,Cheque,1212941.76
PAY-0002356,INV-001656,ORD-002223,CUS-0045,2026-06-14,Online Transfer,4624294.04
PAY-0002357,INV-001657,ORD-002224,CUS-0092,2026-01-12,Online Transfer,1751034.45
PAY-0002358,INV-001658,ORD-002225,CUS-0043,2026-07-18,Bank Transfer,65260.88
PAY-0002359,INV-001658,ORD-002225,CUS-0043,2026-07-19,Bank Transfer,1077342.94
PAY-0002360,INV-001658,ORD-002225,CUS-0043,2026-08-06,Bank Transfer,581792.13
PAY-0002361,INV-001659,ORD-002226,CUS-0036,2026-01-10,Bank Transfer,1776478.2
PAY-0002362,INV-001660,ORD-002231,CUS-0024,2025-05-26,Cheque,2670732.35
PAY-0002363,INV-001661,ORD-002232,CUS-0089,2026-04-25,Bank Transfer,723658.6
PAY-0002364,INV-001662,ORD-002234,CUS-0034,2025-06-30,Cash,484448.96
PAY-0002365,INV-001662,ORD-002234,CUS-0034,2025-08-19,Bank Transfer,4635523.91
PAY-0002366,INV-001662,ORD-002234,CUS-0034,2025-12-03,Bank Transfer,428121.63
PAY-0002367,INV-001663,ORD-002237,CUS-0062,2026-05-05,Online Transfer,574848.8
PAY-0002368,INV-001664,ORD-002238,CUS-0071,2026-03-27,Bank Transfer,98788.0
PAY-0002369,INV-001665,ORD-002239,CUS-0096,2026-07-27,Online Transfer,942437.67
PAY-0002370,INV-001665,ORD-002239,CUS-0096,2026-07-31,Online Transfer,108135.51
PAY-0002371,INV-001666,ORD-002241,CUS-0063,2026-08-21,Bank Transfer,235569.3
PAY-0002372,INV-001667,ORD-002242,CUS-0014,2026-01-14,Bank Transfer,68635.63
PAY-0002373,INV-001667,ORD-002242,CUS-0014,2026-04-07,Cheque,920343.02
PAY-0002374,INV-001668,ORD-002244,CUS-0034,2025-12-14,Bank Transfer,3600534.0
PAY-0002375,INV-001669,ORD-002245,CUS-0044,2026-07-02,Cheque,520127.35
PAY-0002376,INV-001669,ORD-002245,CUS-0044,2026-07-30,Cheque,396219.35
PAY-0002377,INV-001670,ORD-002249,CUS-0062,2026-07-08,Cheque,348492.35
PAY-0002378,INV-001671,ORD-002251,CUS-0087,2026-04-30,Online Transfer,275854.5
PAY-0002379,INV-001672,ORD-002253,CUS-0105,2026-06-15,Bank Transfer,306033.0
PAY-0002380,INV-001673,ORD-002254,CUS-0088,2026-02-26,Bank Transfer,281651.25
PAY-0002381,INV-001674,ORD-002255,CUS-0024,2026-07-24,Bank Transfer,429832.7
PAY-0002382,INV-001675,ORD-002256,CUS-0084,2026-03-11,Cash,795936.12
PAY-0002383,INV-001675,ORD-002256,CUS-0084,2026-03-11,Cheque,334487.65
PAY-0002384,INV-001676,ORD-002258,CUS-0113,2026-05-14,Bank Transfer,1907421.32
PAY-0002385,INV-001677,ORD-002259,CUS-0095,2026-05-20,Bank Transfer,584852.25
PAY-0002386,INV-001678,ORD-002260,CUS-0071,2026-01-19,Bank Transfer,8441.56
PAY-0002387,INV-001678,ORD-002260,CUS-0071,2026-01-28,Bank Transfer,1839910.44
PAY-0002388,INV-001679,ORD-002262,CUS-0082,2026-07-10,Bank Transfer,385399.8
PAY-0002389,INV-001680,ORD-002263,CUS-0061,2026-08-05,Bank Transfer,9071.9
PAY-0002390,INV-001680,ORD-002263,CUS-0061,2026-09-01,Online Transfer,22102.1
PAY-0002391,INV-001681,ORD-002264,CUS-0028,2026-08-22,Online Transfer,231820.0
PAY-0002392,INV-001682,ORD-002265,CUS-0050,2025-10-29,Online Transfer,745868.02
PAY-0002393,INV-001682,ORD-002265,CUS-0050,2026-05-20,Online Transfer,54525.98
PAY-0002394,INV-001683,ORD-002266,CUS-0039,2026-02-20,Online Transfer,1901052.04
PAY-0002395,INV-001683,ORD-002266,CUS-0039,2026-04-10,Cheque,486542.26
PAY-0002396,INV-001684,ORD-002267,CUS-0050,2026-08-09,Bank Transfer,7382022.47
PAY-0002397,INV-001685,ORD-002268,CUS-0019,2026-06-20,Online Transfer,267267.05
PAY-0002398,INV-001686,ORD-002270,CUS-0100,2026-08-23,Bank Transfer,186820.13
PAY-0002399,INV-001686,ORD-002270,CUS-0100,2026-08-24,Bank Transfer,720352.07
PAY-0002400,INV-001687,ORD-002271,CUS-0079,2026-07-23,Bank Transfer,446158.0
PAY-0002401,INV-001688,ORD-002272,CUS-0033,2026-03-20,Cheque,467811.0
PAY-0002402,INV-001689,ORD-002273,CUS-0115,2026-09-01,Online Transfer,640784.25
PAY-0002403,INV-001690,ORD-002276,CUS-0043,2026-08-30,Online Transfer,192764.8
PAY-0002404,INV-001691,ORD-002277,CUS-0038,2025-12-14,Bank Transfer,506972.25
PAY-0002405,INV-001692,ORD-002278,CUS-0081,2025-08-28,Cheque,708291.64
PAY-0002406,INV-001692,ORD-002278,CUS-0081,2026-07-30,Bank Transfer,883967.91
PAY-0002407,INV-001693,ORD-002280,CUS-0039,2026-07-24,Bank Transfer,6653344.45
PAY-0002408,INV-001694,ORD-002281,CUS-0056,2026-07-30,Bank Transfer,675072.1
PAY-0002409,INV-001695,ORD-002282,CUS-0005,2026-08-24,Cheque,530581.2
PAY-0002410,INV-001696,ORD-002283,CUS-0098,2026-03-05,Cheque,218540.54
PAY-0002411,INV-001696,ORD-002283,CUS-0098,2026-03-11,Online Transfer,108346.61
PAY-0002412,INV-001696,ORD-002283,CUS-0098,2026-05-20,Bank Transfer,280281.85
PAY-0002413,INV-001697,ORD-002284,CUS-0104,2026-04-27,Bank Transfer,227197.08
PAY-0002414,INV-001698,ORD-002285,CUS-0004,2026-08-25,Online Transfer,2536042.53
PAY-0002415,INV-001698,ORD-002285,CUS-0004,2026-08-30,Online Transfer,720899.07
PAY-0002416,INV-001699,ORD-002286,CUS-0002,2025-09-01,Bank Transfer,2007495.65
PAY-0002417,INV-001700,ORD-002287,CUS-0049,2026-02-25,Cheque,3116656.59
PAY-0002418,INV-001700,ORD-002287,CUS-0049,2026-08-15,Bank Transfer,1401702.65
PAY-0002419,INV-001701,ORD-002288,CUS-0075,2026-03-19,Cheque,1016450.85
PAY-0002420,INV-001701,ORD-002288,CUS-0075,2026-03-21,Online Transfer,1044128.58
PAY-0002421,INV-001702,ORD-002289,CUS-0003,2026-07-15,Bank Transfer,13894.4
PAY-0002422,INV-001703,ORD-002290,CUS-0008,2026-05-02,Cheque,548615.93
PAY-0002423,INV-001704,ORD-002292,CUS-0008,2026-04-14,Bank Transfer,680435.2
PAY-0002424,INV-001705,ORD-002293,CUS-0028,2026-05-15,Bank Transfer,386690.32
PAY-0002425,INV-001705,ORD-002293,CUS-0028,2026-08-21,Online Transfer,276670.28
PAY-0002426,INV-001706,ORD-002294,CUS-0087,2025-04-19,Bank Transfer,94396.9
PAY-0002427,INV-001707,ORD-002295,CUS-0009,2026-07-22,Cash,86631.05
PAY-0002428,INV-001708,ORD-002296,CUS-0031,2026-05-30,Bank Transfer,134007.81
PAY-0002429,INV-001708,ORD-002296,CUS-0031,2026-06-13,Bank Transfer,347367.63
PAY-0002430,INV-001708,ORD-002296,CUS-0031,2026-08-16,Cheque,141537.71
PAY-0002431,INV-001709,ORD-002297,CUS-0055,2025-07-07,Online Transfer,100959.2
PAY-0002432,INV-001710,ORD-002298,CUS-0060,2026-08-04,Cheque,700085.15
PAY-0002433,INV-001711,ORD-002299,CUS-0049,2026-05-03,Online Transfer,208954.4
PAY-0002434,INV-001712,ORD-002300,CUS-0075,2026-07-21,Bank Transfer,694996.4
PAY-0002435,INV-001713,ORD-002301,CUS-0097,2026-08-14,Cheque,1180545.75
PAY-0002436,INV-001714,ORD-002302,CUS-0017,2026-08-15,Bank Transfer,16216.0
PAY-0002437,INV-001715,ORD-002304,CUS-0062,2026-01-10,Bank Transfer,707587.0
PAY-0002438,INV-001716,ORD-002306,CUS-0064,2026-03-30,Cheque,972027.47
PAY-0002439,INV-001716,ORD-002306,CUS-0064,2026-07-08,Bank Transfer,1894812.03
PAY-0002440,INV-001717,ORD-002307,CUS-0076,2025-10-05,Bank Transfer,96028.25
PAY-0002441,INV-001718,ORD-002308,CUS-0062,2026-01-05,Bank Transfer,266069.35
PAY-0002442,INV-001719,ORD-002310,CUS-0119,2026-08-13,Bank Transfer,275037.35
PAY-0002443,INV-001720,ORD-002311,CUS-0041,2026-02-27,Bank Transfer,126112.5
PAY-0002444,INV-001721,ORD-002312,CUS-0067,2026-06-17,Cheque,56008.7
PAY-0002445,INV-001721,ORD-002312,CUS-0067,2026-07-10,Cheque,731759.3
PAY-0002446,INV-001722,ORD-002313,CUS-0024,2025-07-11,Bank Transfer,2586640.92
PAY-0002447,INV-001723,ORD-002314,CUS-0030,2026-05-11,Bank Transfer,30163.09
PAY-0002448,INV-001723,ORD-002314,CUS-0030,2026-06-30,Bank Transfer,77625.41
PAY-0002449,INV-001724,ORD-002315,CUS-0011,2026-04-24,Bank Transfer,1331571.26
PAY-0002450,INV-001724,ORD-002315,CUS-0011,2026-06-27,Online Transfer,684982.36
PAY-0002451,INV-001725,ORD-002316,CUS-0035,2026-06-25,Cheque,75460.39
PAY-0002452,INV-001725,ORD-002316,CUS-0035,2026-08-19,Bank Transfer,61692.86
PAY-0002453,INV-001726,ORD-002317,CUS-0069,2026-08-14,Bank Transfer,335830.95
PAY-0002454,INV-001727,ORD-002318,CUS-0089,2026-07-12,Online Transfer,1402031.75
PAY-0002455,INV-001728,ORD-002319,CUS-0098,2026-07-30,Cheque,731600.0
PAY-0002456,INV-001729,ORD-002320,CUS-0105,2026-04-25,Online Transfer,151689.0
PAY-0002457,INV-001730,ORD-002321,CUS-0036,2026-08-19,Cheque,6895358.03
PAY-0002458,INV-001731,ORD-002323,CUS-0009,2026-06-25,Bank Transfer,40254.12
PAY-0002459,INV-001732,ORD-002324,CUS-0075,2026-05-03,Online Transfer,1974937.53
PAY-0002460,INV-001732,ORD-002324,CUS-0075,2026-05-09,Cheque,3178621.02
PAY-0002461,INV-001733,ORD-002325,CUS-0012,2025-05-12,Bank Transfer,4768.32
PAY-0002462,INV-001734,ORD-002326,CUS-0049,2026-02-02,Bank Transfer,693247.05
PAY-0002463,INV-001735,ORD-002327,CUS-0052,2025-11-29,Bank Transfer,415978.75
PAY-0002464,INV-001735,ORD-002327,CUS-0052,2026-07-13,Bank Transfer,134221.75
PAY-0002465,INV-001736,ORD-002328,CUS-0064,2026-08-03,Bank Transfer,4653144.15
PAY-0002466,INV-001737,ORD-002332,CUS-0096,2026-07-04,Cheque,1143939.2
PAY-0002467,INV-001738,ORD-002333,CUS-0106,2026-09-01,Cheque,68524.0
PAY-0002468,INV-001739,ORD-002334,CUS-0088,2026-08-26,Bank Transfer,1930775.0
PAY-0002469,INV-001740,ORD-002335,CUS-0063,2026-07-12,Online Transfer,2359581.1
PAY-0002470,INV-001741,ORD-002336,CUS-0011,2026-05-09,Bank Transfer,575747.07
PAY-0002471,INV-001742,ORD-002337,CUS-0045,2026-08-04,Online Transfer,3824385.9
PAY-0002472,INV-001743,ORD-002338,CUS-0024,2025-12-13,Cheque,343388.77
PAY-0002473,INV-001743,ORD-002338,CUS-0024,2026-07-02,Cheque,743636.08
PAY-0002474,INV-001744,ORD-002340,CUS-0056,2026-08-09,Online Transfer,249005.08
PAY-0002475,INV-001745,ORD-002341,CUS-0002,2026-01-14,Bank Transfer,2535171.0
PAY-0002476,INV-001746,ORD-002342,CUS-0098,2026-07-04,Bank Transfer,352772.8
PAY-0002477,INV-001747,ORD-002343,CUS-0036,2025-06-23,Bank Transfer,1324366.52
PAY-0002478,INV-001747,ORD-002343,CUS-0036,2026-04-23,Cheque,726314.18
PAY-0002479,INV-001748,ORD-002344,CUS-0039,2026-07-16,Cheque,4275072.15
PAY-0002480,INV-001749,ORD-002346,CUS-0062,2026-07-23,Bank Transfer,448146.3
PAY-0002481,INV-001750,ORD-002347,CUS-0113,2026-04-02,Online Transfer,425849.81
PAY-0002482,INV-001750,ORD-002347,CUS-0113,2026-04-21,Cheque,2014396.09
PAY-0002483,INV-001751,ORD-002348,CUS-0096,2026-06-03,Bank Transfer,176208.66
PAY-0002484,INV-001751,ORD-002348,CUS-0096,2026-06-21,Online Transfer,1363765.09
PAY-0002485,INV-001752,ORD-002349,CUS-0108,2026-03-13,Bank Transfer,67819.65
PAY-0002486,INV-001752,ORD-002349,CUS-0108,2026-03-15,Bank Transfer,1600682.65
PAY-0002487,INV-001753,ORD-002350,CUS-0117,2026-08-23,Bank Transfer,13016.67
PAY-0002488,INV-001754,ORD-002352,CUS-0059,2026-06-26,Online Transfer,95205.27
PAY-0002489,INV-001755,ORD-002353,CUS-0102,2025-10-09,Online Transfer,374499.52
PAY-0002490,INV-001755,ORD-002353,CUS-0102,2026-03-23,Cheque,697318.08
PAY-0002491,INV-001756,ORD-002354,CUS-0089,2026-08-10,Bank Transfer,1610176.38
PAY-0002492,INV-001757,ORD-002357,CUS-0052,2025-08-22,Bank Transfer,1358870.3
PAY-0002493,INV-001758,ORD-002358,CUS-0004,2026-08-24,Cash,156940.0
PAY-0002494,INV-001759,ORD-002359,CUS-0049,2026-05-23,Bank Transfer,839856.15
PAY-0002495,INV-001760,ORD-002360,CUS-0005,2025-10-21,Bank Transfer,3592091.1
PAY-0002496,INV-001761,ORD-002362,CUS-0111,2026-07-30,Bank Transfer,220763.25
PAY-0002497,INV-001762,ORD-002363,CUS-0021,2026-08-13,Cash,95294.47
PAY-0002498,INV-001763,ORD-002365,CUS-0048,2026-07-13,Cheque,5599768.17
PAY-0002499,INV-001764,ORD-002366,CUS-0036,2026-08-09,Bank Transfer,3903852.33
PAY-0002500,INV-001764,ORD-002366,CUS-0036,2026-08-26,Cheque,4462686.92
PAY-0002501,INV-001765,ORD-002367,CUS-0097,2026-08-18,Cash,718850.1
PAY-0002502,INV-001766,ORD-002368,CUS-0019,2026-08-28,Cheque,239109.3
PAY-0002503,INV-001767,ORD-002369,CUS-0089,2026-07-03,Bank Transfer,2730798.77
PAY-0002504,INV-001768,ORD-002372,CUS-0067,2025-12-25,Bank Transfer,3430559.42
PAY-0002505,INV-001769,ORD-002373,CUS-0064,2026-05-27,Online Transfer,2049123.1
PAY-0002506,INV-001770,ORD-002374,CUS-0120,2026-06-29,Bank Transfer,2832231.3
PAY-0002507,INV-001771,ORD-002375,CUS-0050,2025-10-10,Bank Transfer,2308487.1
PAY-0002508,INV-001772,ORD-002376,CUS-0045,2025-10-16,Cheque,2656250.23
PAY-0002509,INV-001772,ORD-002376,CUS-0045,2026-08-19,Online Transfer,2343905.37
PAY-0002510,INV-001773,ORD-002377,CUS-0016,2025-09-18,Cheque,82497.02
PAY-0002511,INV-001773,ORD-002377,CUS-0016,2026-04-05,Cheque,495549.58
PAY-0002512,INV-001774,ORD-002378,CUS-0080,2026-07-08,Bank Transfer,517736.8
PAY-0002513,INV-001775,ORD-002380,CUS-0063,2025-09-21,Bank Transfer,87408.11
PAY-0002514,INV-001775,ORD-002380,CUS-0063,2025-10-29,Bank Transfer,98350.11
PAY-0002515,INV-001775,ORD-002380,CUS-0063,2026-01-03,Online Transfer,340029.13
PAY-0002516,INV-001776,ORD-002381,CUS-0062,2025-07-11,Bank Transfer,23971.6
PAY-0002517,INV-001777,ORD-002382,CUS-0092,2026-03-30,Bank Transfer,1217917.82
PAY-0002518,INV-001778,ORD-002383,CUS-0058,2026-01-26,Online Transfer,1786981.53
PAY-0002519,INV-001778,ORD-002383,CUS-0058,2026-03-03,Online Transfer,246115.7
PAY-0002520,INV-001779,ORD-002384,CUS-0117,2026-06-09,Cash,641059.45
PAY-0002521,INV-001779,ORD-002384,CUS-0117,2026-06-18,Bank Transfer,679599.5
PAY-0002522,INV-001780,ORD-002387,CUS-0110,2026-07-01,Online Transfer,3246761.15
PAY-0002523,INV-001781,ORD-002389,CUS-0026,2026-04-06,Cheque,53668.8
PAY-0002524,INV-001782,ORD-002391,CUS-0056,2026-06-28,Bank Transfer,480612.53
PAY-0002525,INV-001783,ORD-002392,CUS-0067,2026-08-18,Cheque,337264.65
PAY-0002526,INV-001784,ORD-002394,CUS-0007,2026-04-10,Cheque,47018.65
PAY-0002527,INV-001784,ORD-002394,CUS-0007,2026-08-02,Bank Transfer,359774.55
PAY-0002528,INV-001785,ORD-002396,CUS-0043,2026-08-01,Cheque,3967856.2
PAY-0002529,INV-001786,ORD-002398,CUS-0007,2026-08-13,Bank Transfer,710216.93
PAY-0002530,INV-001787,ORD-002400,CUS-0089,2026-05-06,Online Transfer,7557703.83
PAY-0002531,INV-001788,ORD-002401,CUS-0050,2025-12-04,Bank Transfer,379770.3
PAY-0002532,INV-001789,ORD-002402,CUS-0116,2026-08-22,Online Transfer,886421.81
PAY-0002533,INV-001789,ORD-002402,CUS-0116,2026-08-30,Bank Transfer,1422177.39
PAY-0002534,INV-001790,ORD-002403,CUS-0004,2026-03-03,Cheque,394311.75
PAY-0002535,INV-001791,ORD-002404,CUS-0113,2026-03-18,Cheque,1410420.32
PAY-0002536,INV-001791,ORD-002404,CUS-0113,2026-08-01,Bank Transfer,1502878.73
PAY-0002537,INV-001792,ORD-002406,CUS-0074,2026-04-17,Bank Transfer,6457918.75
PAY-0002538,INV-001793,ORD-002408,CUS-0036,2026-06-15,Bank Transfer,7635608.9
PAY-0002539,INV-001794,ORD-002409,CUS-0107,2026-05-05,Online Transfer,449151.73
PAY-0002540,INV-001794,ORD-002409,CUS-0107,2026-08-23,Cheque,399165.02
PAY-0002541,INV-001795,ORD-002410,CUS-0047,2026-07-03,Bank Transfer,629465.1
PAY-0002542,INV-001796,ORD-002412,CUS-0114,2026-08-21,Cheque,74904.62
PAY-0002543,INV-001796,ORD-002412,CUS-0114,2026-08-28,Bank Transfer,223354.92
PAY-0002544,INV-001796,ORD-002412,CUS-0114,2026-08-30,Cheque,277099.61
PAY-0002545,INV-001797,ORD-002413,CUS-0102,2026-06-19,Cheque,484606.83
PAY-0002546,INV-001798,ORD-002415,CUS-0031,2026-02-03,Bank Transfer,838142.2
PAY-0002547,INV-001799,ORD-002416,CUS-0118,2026-07-11,Cheque,186801.55
PAY-0002548,INV-001799,ORD-002416,CUS-0118,2026-08-03,Online Transfer,32353.95
PAY-0002549,INV-001800,ORD-002417,CUS-0067,2026-03-23,Bank Transfer,2096572.38
PAY-0002550,INV-001801,ORD-002418,CUS-0047,2026-08-19,Bank Transfer,1087381.8
PAY-0002551,INV-001802,ORD-002419,CUS-0054,2026-06-15,Cheque,1177996.95
PAY-0002552,INV-001803,ORD-002422,CUS-0113,2025-08-03,Cheque,1949927.03
PAY-0002553,INV-001803,ORD-002422,CUS-0113,2026-05-19,Bank Transfer,603203.57
PAY-0002554,INV-001804,ORD-002424,CUS-0071,2026-02-11,Online Transfer,167477.61
PAY-0002555,INV-001804,ORD-002424,CUS-0071,2026-08-15,Bank Transfer,985566.77
PAY-0002556,INV-001805,ORD-002425,CUS-0012,2026-05-29,Cheque,508006.88
PAY-0002557,INV-001805,ORD-002425,CUS-0012,2026-05-31,Online Transfer,202639.27
PAY-0002558,INV-001806,ORD-002429,CUS-0110,2025-08-21,Cheque,1005106.3
PAY-0002559,INV-001807,ORD-002431,CUS-0080,2026-06-03,Cheque,16000.8
PAY-0002560,INV-001808,ORD-002433,CUS-0113,2026-06-05,Cheque,3681051.3
PAY-0002561,INV-001809,ORD-002435,CUS-0001,2026-07-20,Bank Transfer,3331907.0
PAY-0002562,INV-001810,ORD-002437,CUS-0096,2026-04-16,Online Transfer,532312.31
PAY-0002563,INV-001810,ORD-002437,CUS-0096,2026-08-17,Bank Transfer,187472.6
PAY-0002564,INV-001810,ORD-002437,CUS-0096,2026-08-18,Cheque,397107.21
PAY-0002565,INV-001811,ORD-002438,CUS-0120,2025-11-28,Online Transfer,5511296.2
PAY-0002566,INV-001812,ORD-002439,CUS-0060,2026-09-01,Online Transfer,31236.15
PAY-0002567,INV-001813,ORD-002440,CUS-0067,2026-08-21,Online Transfer,1143404.29
PAY-0002568,INV-001814,ORD-002442,CUS-0049,2026-05-08,Cheque,9548123.4
PAY-0002569,INV-001815,ORD-002443,CUS-0005,2026-09-01,Cheque,4214718.55
PAY-0002570,INV-001816,ORD-002444,CUS-0049,2026-01-17,Bank Transfer,414167.32
PAY-0002571,INV-001816,ORD-002444,CUS-0049,2026-05-26,Cash,351325.92
PAY-0002572,INV-001816,ORD-002444,CUS-0049,2026-08-16,Online Transfer,957001.44
PAY-0002573,INV-001817,ORD-002448,CUS-0034,2026-08-07,Cheque,437247.53
PAY-0002574,INV-001818,ORD-002449,CUS-0088,2026-05-15,Bank Transfer,422885.88
PAY-0002575,INV-001818,ORD-002449,CUS-0088,2026-08-02,Cheque,417206.27
PAY-0002576,INV-001819,ORD-002450,CUS-0001,2025-12-30,Online Transfer,551919.87
PAY-0002577,INV-001819,ORD-002450,CUS-0001,2026-01-29,Bank Transfer,27548.63
PAY-0002578,INV-001820,ORD-002451,CUS-0037,2026-01-01,Cheque,460680.85
PAY-0002579,INV-001821,ORD-002453,CUS-0110,2026-08-20,Bank Transfer,542410.6
PAY-0002580,INV-001822,ORD-002458,CUS-0037,2026-03-09,Cheque,1367886.25
PAY-0002581,INV-001822,ORD-002458,CUS-0037,2026-03-13,Bank Transfer,267201.4
PAY-0002582,INV-001823,ORD-002459,CUS-0004,2025-11-08,Cheque,264776.66
PAY-0002583,INV-001823,ORD-002459,CUS-0004,2026-04-15,Bank Transfer,327651.19
PAY-0002584,INV-001824,ORD-002461,CUS-0014,2026-02-08,Cheque,854496.62
PAY-0002585,INV-001824,ORD-002461,CUS-0014,2026-02-15,Bank Transfer,57377.09
PAY-0002586,INV-001824,ORD-002461,CUS-0014,2026-06-28,Online Transfer,26997.72
PAY-0002587,INV-001825,ORD-002462,CUS-0069,2026-05-23,Bank Transfer,835410.5
PAY-0002588,INV-001826,ORD-002463,CUS-0075,2026-05-14,Online Transfer,4273536.67
PAY-0002589,INV-001827,ORD-002464,CUS-0093,2026-08-02,Bank Transfer,1053714.27
PAY-0002590,INV-001827,ORD-002464,CUS-0093,2026-08-18,Cheque,738724.3
PAY-0002591,INV-001827,ORD-002464,CUS-0093,2026-08-21,Bank Transfer,586320.48
PAY-0002592,INV-001828,ORD-002465,CUS-0028,2026-08-25,Online Transfer,324558.99
PAY-0002593,INV-001828,ORD-002465,CUS-0028,2026-08-30,Online Transfer,179513.41
PAY-0002594,INV-001829,ORD-002468,CUS-0100,2025-12-18,Online Transfer,445839.22
PAY-0002595,INV-001829,ORD-002468,CUS-0100,2026-03-29,Cheque,305301.4
PAY-0002596,INV-001829,ORD-002468,CUS-0100,2026-07-05,Bank Transfer,834165.78
PAY-0002597,INV-001830,ORD-002469,CUS-0004,2026-08-27,Bank Transfer,635518.5
PAY-0002598,INV-001831,ORD-002470,CUS-0098,2026-05-31,Cash,2174316.67
PAY-0002599,INV-001832,ORD-002471,CUS-0103,2026-02-09,Online Transfer,78702.9
PAY-0002600,INV-001833,ORD-002473,CUS-0070,2026-04-14,Bank Transfer,15640.51
PAY-0002601,INV-001833,ORD-002473,CUS-0070,2026-08-07,Cheque,67102.49
PAY-0002602,INV-001834,ORD-002474,CUS-0116,2026-06-14,Cheque,278651.1
PAY-0002603,INV-001835,ORD-002476,CUS-0010,2026-04-07,Bank Transfer,92823.1
PAY-0002604,INV-001836,ORD-002477,CUS-0044,2026-08-26,Online Transfer,4904528.4
PAY-0002605,INV-001837,ORD-002478,CUS-0072,2026-01-05,Cheque,962045.15
PAY-0002606,INV-001838,ORD-002479,CUS-0004,2026-08-03,Online Transfer,2350324.0
PAY-0002607,INV-001839,ORD-002480,CUS-0016,2026-04-30,Online Transfer,1572456.2
PAY-0002608,INV-001840,ORD-002481,CUS-0014,2026-05-13,Online Transfer,476678.7
PAY-0002609,INV-001841,ORD-002482,CUS-0017,2026-02-25,Bank Transfer,150653.55
PAY-0002610,INV-001842,ORD-002483,CUS-0061,2026-08-12,Online Transfer,451706.95
PAY-0002611,INV-001843,ORD-002484,CUS-0104,2026-05-15,Bank Transfer,215367.7
PAY-0002612,INV-001844,ORD-002486,CUS-0109,2026-08-20,Cheque,947693.4
PAY-0002613,INV-001845,ORD-002487,CUS-0062,2026-05-04,Online Transfer,84583.75
PAY-0002614,INV-001846,ORD-002488,CUS-0041,2025-12-13,Bank Transfer,617744.75
PAY-0002615,INV-001847,ORD-002490,CUS-0120,2025-06-06,Bank Transfer,518864.83
PAY-0002616,INV-001847,ORD-002490,CUS-0120,2025-11-28,Bank Transfer,4267541.14
PAY-0002617,INV-001848,ORD-002492,CUS-0108,2025-09-16,Bank Transfer,255631.53
PAY-0002618,INV-001848,ORD-002492,CUS-0108,2026-07-21,Bank Transfer,1755787.62
PAY-0002619,INV-001849,ORD-002493,CUS-0048,2026-05-24,Bank Transfer,128164.74
PAY-0002620,INV-001849,ORD-002493,CUS-0048,2026-08-19,Bank Transfer,1746768.24
PAY-0002621,INV-001850,ORD-002494,CUS-0118,2026-07-10,Online Transfer,75831.41
PAY-0002622,INV-001850,ORD-002494,CUS-0118,2026-08-11,Cash,22012.59
PAY-0002623,INV-001851,ORD-002496,CUS-0090,2026-08-26,Cheque,283577.68
PAY-0002624,INV-001852,ORD-002497,CUS-0009,2026-08-07,Bank Transfer,115160.5
PAY-0002625,INV-001853,ORD-002499,CUS-0101,2026-01-19,Cheque,84141.3
PAY-0002626,INV-001854,ORD-002501,CUS-0001,2026-08-28,Cheque,60163.58
PAY-0002627,INV-001854,ORD-002501,CUS-0001,2026-09-01,Online Transfer,603031.52
PAY-0002628,INV-001855,ORD-002502,CUS-0071,2026-04-17,Bank Transfer,9092.94
PAY-0002629,INV-001855,ORD-002502,CUS-0071,2026-06-04,Bank Transfer,928487.86
PAY-0002630,INV-001856,ORD-002503,CUS-0060,2026-07-10,Online Transfer,483301.45
PAY-0002631,INV-001857,ORD-002506,CUS-0035,2026-08-23,Bank Transfer,2591787.4
PAY-0002632,INV-001858,ORD-002507,CUS-0043,2026-03-29,Cash,1062243.18
PAY-0002633,INV-001858,ORD-002507,CUS-0043,2026-08-06,Online Transfer,141889.77
PAY-0002634,INV-001859,ORD-002508,CUS-0052,2025-07-07,Cheque,172092.62
PAY-0002635,INV-001859,ORD-002508,CUS-0052,2025-10-08,Cash,72373.88
PAY-0002636,INV-001860,ORD-002509,CUS-0090,2026-08-27,Cash,424134.48
PAY-0002637,INV-001861,ORD-002510,CUS-0019,2026-02-19,Bank Transfer,324936.69
PAY-0002638,INV-001861,ORD-002510,CUS-0019,2026-05-08,Bank Transfer,714490.31
PAY-0002639,INV-001862,ORD-002511,CUS-0046,2026-06-10,Bank Transfer,4942034.7
PAY-0002640,INV-001863,ORD-002512,CUS-0053,2026-05-02,Bank Transfer,81478.85
PAY-0002641,INV-001864,ORD-002516,CUS-0064,2026-09-01,Bank Transfer,2124358.42
PAY-0002642,INV-001865,ORD-002517,CUS-0002,2026-05-24,Online Transfer,1200475.95
PAY-0002643,INV-001866,ORD-002519,CUS-0043,2026-08-22,Cheque,303871.95
PAY-0002644,INV-001867,ORD-002522,CUS-0026,2025-03-27,Bank Transfer,300501.75
PAY-0002645,INV-001868,ORD-002523,CUS-0060,2026-04-10,Online Transfer,16624.94
PAY-0002646,INV-001868,ORD-002523,CUS-0060,2026-05-02,Cheque,63738.86
PAY-0002647,INV-001869,ORD-002524,CUS-0067,2025-05-27,Bank Transfer,870397.5
PAY-0002648,INV-001870,ORD-002525,CUS-0034,2025-07-03,Bank Transfer,2163925.3
PAY-0002649,INV-001871,ORD-002526,CUS-0115,2026-08-03,Bank Transfer,1116998.32
PAY-0002650,INV-001872,ORD-002527,CUS-0013,2025-09-13,Bank Transfer,84926.0
PAY-0002651,INV-001873,ORD-002528,CUS-0092,2025-07-12,Bank Transfer,257871.3
PAY-0002652,INV-001874,ORD-002529,CUS-0036,2026-07-26,Cheque,3617133.65
PAY-0002653,INV-001875,ORD-002530,CUS-0102,2026-07-20,Online Transfer,24511.09
PAY-0002654,INV-001875,ORD-002530,CUS-0102,2026-08-10,Cheque,906616.59
PAY-0002655,INV-001876,ORD-002533,CUS-0100,2026-02-26,Cheque,109831.3
PAY-0002656,INV-001877,ORD-002534,CUS-0100,2026-04-18,Bank Transfer,529953.8
PAY-0002657,INV-001877,ORD-002534,CUS-0100,2026-06-05,Bank Transfer,480834.2
PAY-0002658,INV-001878,ORD-002535,CUS-0115,2026-07-20,Bank Transfer,102890.0
PAY-0002659,INV-001879,ORD-002536,CUS-0002,2026-08-09,Bank Transfer,1304926.53
PAY-0002660,INV-001880,ORD-002537,CUS-0050,2026-03-06,Bank Transfer,105494.8
PAY-0002661,INV-001881,ORD-002538,CUS-0008,2026-02-20,Cheque,2775404.25
PAY-0002662,INV-001882,ORD-002539,CUS-0066,2026-04-27,Bank Transfer,93349.73
PAY-0002663,INV-001883,ORD-002540,CUS-0081,2026-04-04,Cheque,177159.94
PAY-0002664,INV-001883,ORD-002540,CUS-0081,2026-06-05,Bank Transfer,406232.06
PAY-0002665,INV-001884,ORD-002541,CUS-0049,2026-08-06,Bank Transfer,1155697.47
PAY-0002666,INV-001884,ORD-002541,CUS-0049,2026-08-21,Online Transfer,1126413.68
PAY-0002667,INV-001885,ORD-002542,CUS-0049,2026-04-23,Online Transfer,844284.64
PAY-0002668,INV-001885,ORD-002542,CUS-0049,2026-06-24,Bank Transfer,3441989.47
PAY-0002669,INV-001885,ORD-002542,CUS-0049,2026-08-16,Online Transfer,3116128.44
PAY-0002670,INV-001886,ORD-002543,CUS-0036,2026-02-14,Bank Transfer,1864607.89
PAY-0002671,INV-001886,ORD-002543,CUS-0036,2026-07-26,Online Transfer,702426.06
PAY-0002672,INV-001887,ORD-002544,CUS-0081,2026-08-13,Bank Transfer,62274.4
PAY-0002673,INV-001888,ORD-002545,CUS-0014,2026-09-01,Online Transfer,172912.85
PAY-0002674,INV-001889,ORD-002546,CUS-0116,2025-03-19,Bank Transfer,235410.0
PAY-0002675,INV-001890,ORD-002547,CUS-0028,2026-07-01,Cheque,275532.95
PAY-0002676,INV-001891,ORD-002548,CUS-0002,2026-03-02,Cheque,2228527.35
PAY-0002677,INV-001892,ORD-002550,CUS-0103,2026-02-23,Cheque,11364.35
PAY-0002678,INV-001892,ORD-002550,CUS-0103,2026-06-16,Bank Transfer,493931.7
PAY-0002679,INV-001892,ORD-002550,CUS-0103,2026-07-07,Bank Transfer,85547.65
PAY-0002680,INV-001893,ORD-002551,CUS-0064,2026-08-05,Bank Transfer,7435696.25
PAY-0002681,INV-001894,ORD-002552,CUS-0063,2025-12-22,Bank Transfer,285304.83
PAY-0002682,INV-001895,ORD-002553,CUS-0046,2026-05-01,Bank Transfer,361531.35
PAY-0002683,INV-001896,ORD-002554,CUS-0037,2026-07-27,Bank Transfer,438340.5
PAY-0002684,INV-001897,ORD-002555,CUS-0120,2026-07-12,Cheque,1020820.95
PAY-0002685,INV-001898,ORD-002556,CUS-0090,2026-05-15,Bank Transfer,128634.75
PAY-0002686,INV-001899,ORD-002557,CUS-0072,2026-07-03,Online Transfer,5085484.35
PAY-0002687,INV-001900,ORD-002560,CUS-0115,2026-05-17,Bank Transfer,197520.2
PAY-0002688,INV-001901,ORD-002563,CUS-0101,2025-10-30,Bank Transfer,136518.62
PAY-0002689,INV-001902,ORD-002564,CUS-0012,2026-04-22,Bank Transfer,203721.28
PAY-0002690,INV-001902,ORD-002564,CUS-0012,2026-05-15,Bank Transfer,40547.72
PAY-0002691,INV-001903,ORD-002565,CUS-0089,2025-08-10,Cheque,222347.74
PAY-0002692,INV-001903,ORD-002565,CUS-0089,2025-10-04,Cheque,596926.72
PAY-0002693,INV-001903,ORD-002565,CUS-0089,2026-07-01,Online Transfer,1929538.49
PAY-0002694,INV-001904,ORD-002566,CUS-0118,2026-04-28,Cheque,2062064.75
PAY-0002695,INV-001905,ORD-002567,CUS-0030,2025-12-03,Online Transfer,413071.06
PAY-0002696,INV-001905,ORD-002567,CUS-0030,2026-06-16,Cheque,92526.79
PAY-0002697,INV-001905,ORD-002567,CUS-0030,2026-06-17,Bank Transfer,4022.03
PAY-0002698,INV-001906,ORD-002571,CUS-0011,2026-05-31,Cheque,72180.81
PAY-0002699,INV-001906,ORD-002571,CUS-0011,2026-06-17,Cheque,284471.28
PAY-0002700,INV-001906,ORD-002571,CUS-0011,2026-07-21,Online Transfer,305159.76
PAY-0002701,INV-001907,ORD-002572,CUS-0110,2025-04-01,Online Transfer,229016.52
PAY-0002702,INV-001907,ORD-002572,CUS-0110,2026-03-11,Bank Transfer,148253.08
PAY-0002703,INV-001908,ORD-002573,CUS-0071,2026-07-30,Cheque,724359.22
PAY-0002704,INV-001909,ORD-002575,CUS-0088,2026-03-07,Online Transfer,291889.61
PAY-0002705,INV-001909,ORD-002575,CUS-0088,2026-06-10,Cheque,64688.69
PAY-0002706,INV-001910,ORD-002576,CUS-0079,2025-09-10,Bank Transfer,804301.38
PAY-0002707,INV-001910,ORD-002576,CUS-0079,2026-05-08,Online Transfer,1336935.27
PAY-0002708,INV-001911,ORD-002577,CUS-0005,2026-03-20,Bank Transfer,1124551.8
PAY-0002709,INV-001912,ORD-002578,CUS-0045,2026-09-01,Bank Transfer,426724.21
PAY-0002710,INV-001913,ORD-002579,CUS-0064,2026-08-13,Bank Transfer,3413794.67
PAY-0002711,INV-001913,ORD-002579,CUS-0064,2026-08-26,Cheque,1186388.13
PAY-0002712,INV-001914,ORD-002580,CUS-0049,2026-01-07,Bank Transfer,708288.83
PAY-0002713,INV-001914,ORD-002580,CUS-0049,2026-03-01,Cash,2706848.25
PAY-0002714,INV-001914,ORD-002580,CUS-0049,2026-07-06,Cheque,1457351.37
PAY-0002715,INV-001915,ORD-002581,CUS-0102,2026-02-09,Online Transfer,625496.86
PAY-0002716,INV-001915,ORD-002581,CUS-0102,2026-07-31,Bank Transfer,837819.66
PAY-0002717,INV-001916,ORD-002582,CUS-0069,2026-07-30,Cheque,41895.0
PAY-0002718,INV-001917,ORD-002583,CUS-0084,2026-07-24,Bank Transfer,1623743.43
PAY-0002719,INV-001918,ORD-002584,CUS-0005,2026-08-29,Cheque,300671.38
PAY-0002720,INV-001919,ORD-002585,CUS-0046,2026-05-30,Online Transfer,2045857.38
PAY-0002721,INV-001920,ORD-002586,CUS-0120,2026-02-09,Online Transfer,2444001.25
PAY-0002722,INV-001921,ORD-002587,CUS-0099,2025-07-21,Bank Transfer,160637.34
PAY-0002723,INV-001921,ORD-002587,CUS-0099,2026-01-21,Cheque,652423.96
PAY-0002724,INV-001922,ORD-002588,CUS-0094,2025-12-07,Cheque,571866.35
PAY-0002725,INV-001923,ORD-002589,CUS-0075,2026-03-08,Cheque,491825.32
PAY-0002726,INV-001923,ORD-002589,CUS-0075,2026-08-06,Online Transfer,1554169.3
PAY-0002727,INV-001924,ORD-002590,CUS-0010,2026-06-18,Bank Transfer,1235247.6
PAY-0002728,INV-001925,ORD-002591,CUS-0058,2026-03-25,Bank Transfer,217497.48
PAY-0002729,INV-001925,ORD-002591,CUS-0058,2026-04-11,Bank Transfer,261093.16
PAY-0002730,INV-001925,ORD-002591,CUS-0058,2026-08-14,Bank Transfer,75670.11
PAY-0002731,INV-001926,ORD-002593,CUS-0046,2026-09-01,Cheque,3807810.29
PAY-0002732,INV-001927,ORD-002595,CUS-0074,2026-08-30,Bank Transfer,2469799.0
PAY-0002733,INV-001928,ORD-002596,CUS-0055,2026-08-21,Bank Transfer,1562854.81
PAY-0002734,INV-001928,ORD-002596,CUS-0055,2026-08-28,Cheque,813610.61
PAY-0002735,INV-001929,ORD-002599,CUS-0118,2026-08-12,Cheque,1271597.67
PAY-0002736,INV-001929,ORD-002599,CUS-0118,2026-08-17,Bank Transfer,987354.5
PAY-0002737,INV-001930,ORD-002601,CUS-0064,2026-01-06,Bank Transfer,308903.35
PAY-0002738,INV-001931,ORD-002602,CUS-0047,2026-07-25,Online Transfer,305325.0
PAY-0002739,INV-001932,ORD-002604,CUS-0046,2025-08-08,Cheque,1658507.7
PAY-0002740,INV-001933,ORD-002606,CUS-0094,2026-07-12,Bank Transfer,410418.75
PAY-0002741,INV-001934,ORD-002607,CUS-0061,2026-08-27,Online Transfer,38534.62
PAY-0002742,INV-001935,ORD-002608,CUS-0120,2025-10-11,Cheque,958319.41
PAY-0002743,INV-001935,ORD-002608,CUS-0120,2026-03-14,Cheque,2012690.49
PAY-0002744,INV-001936,ORD-002609,CUS-0075,2026-01-21,Bank Transfer,1935407.59
PAY-0002745,INV-001936,ORD-002609,CUS-0075,2026-08-06,Online Transfer,2535282.01
PAY-0002746,INV-001937,ORD-002610,CUS-0116,2026-01-04,Cheque,381989.6
PAY-0002747,INV-001938,ORD-002611,CUS-0059,2026-02-05,Cheque,251912.48
PAY-0002748,INV-001938,ORD-002611,CUS-0059,2026-05-10,Online Transfer,43471.02
PAY-0002749,INV-001939,ORD-002613,CUS-0005,2025-08-30,Online Transfer,1955849.03
PAY-0002750,INV-001939,ORD-002613,CUS-0005,2026-05-07,Bank Transfer,372010.72
PAY-0002751,INV-001940,ORD-002615,CUS-0077,2025-07-15,Bank Transfer,321060.3
PAY-0002752,INV-001941,ORD-002616,CUS-0041,2025-09-28,Bank Transfer,2303489.67
PAY-0002753,INV-001941,ORD-002616,CUS-0041,2026-01-08,Online Transfer,704657.78
PAY-0002754,INV-001942,ORD-002617,CUS-0023,2025-11-29,Bank Transfer,255735.5
PAY-0002755,INV-001943,ORD-002620,CUS-0039,2026-08-23,Cheque,823467.56
PAY-0002756,INV-001943,ORD-002620,CUS-0039,2026-08-28,Bank Transfer,193628.57
PAY-0002757,INV-001944,ORD-002621,CUS-0086,2026-08-29,Online Transfer,79349.0
PAY-0002758,INV-001945,ORD-002622,CUS-0089,2026-08-04,Cheque,308415.6
PAY-0002759,INV-001946,ORD-002623,CUS-0075,2025-12-01,Bank Transfer,4932298.19
PAY-0002760,INV-001946,ORD-002623,CUS-0075,2026-05-14,Bank Transfer,2288297.34
PAY-0002761,INV-001947,ORD-002624,CUS-0098,2025-11-20,Online Transfer,241168.4
PAY-0002762,INV-001948,ORD-002627,CUS-0010,2026-08-31,Cheque,183601.21
PAY-0002763,INV-001949,ORD-002629,CUS-0058,2026-02-24,Bank Transfer,51884.8
PAY-0002764,INV-001949,ORD-002629,CUS-0058,2026-03-26,Bank Transfer,581241.25
PAY-0002765,INV-001950,ORD-002631,CUS-0075,2026-07-01,Cheque,845025.94
PAY-0002766,INV-001950,ORD-002631,CUS-0075,2026-07-26,Cheque,2863171.26
PAY-0002767,INV-001951,ORD-002632,CUS-0063,2026-07-13,Bank Transfer,494945.1
PAY-0002768,INV-001952,ORD-002633,CUS-0096,2026-08-22,Cheque,272270.93
PAY-0002769,INV-001952,ORD-002633,CUS-0096,2026-08-31,Online Transfer,1683152.8
PAY-0002770,INV-001953,ORD-002634,CUS-0043,2026-07-10,Bank Transfer,7034841.4
PAY-0002771,INV-001954,ORD-002636,CUS-0035,2026-07-09,Bank Transfer,80431.02
PAY-0002772,INV-001954,ORD-002636,CUS-0035,2026-08-16,Online Transfer,555442.66
PAY-0002773,INV-001955,ORD-002637,CUS-0049,2026-04-05,Online Transfer,2980608.23
PAY-0002774,INV-001955,ORD-002637,CUS-0049,2026-05-16,Cheque,699858.97
PAY-0002775,INV-001956,ORD-002639,CUS-0052,2026-07-25,Bank Transfer,3347412.2
PAY-0002776,INV-001957,ORD-002640,CUS-0090,2026-05-14,Bank Transfer,214970.92
PAY-0002777,INV-001958,ORD-002641,CUS-0100,2026-07-09,Bank Transfer,1214155.1
PAY-0002778,INV-001959,ORD-002642,CUS-0118,2026-08-31,Bank Transfer,456858.77
PAY-0002779,INV-001959,ORD-002642,CUS-0118,2026-09-01,Online Transfer,82025.46
PAY-0002780,INV-001960,ORD-002643,CUS-0021,2026-04-19,Cheque,160252.72
PAY-0002781,INV-001960,ORD-002643,CUS-0021,2026-05-27,Bank Transfer,301679.28
PAY-0002782,INV-001960,ORD-002643,CUS-0021,2026-06-05,Online Transfer,381738.5
PAY-0002783,INV-001961,ORD-002644,CUS-0054,2025-09-18,Bank Transfer,108379.77
PAY-0002784,INV-001961,ORD-002644,CUS-0054,2026-02-14,Cheque,84992.73
PAY-0002785,INV-001962,ORD-002645,CUS-0120,2026-02-23,Bank Transfer,2375145.08
PAY-0002786,INV-001962,ORD-002645,CUS-0120,2026-05-23,Bank Transfer,1398369.87
PAY-0002787,INV-001962,ORD-002645,CUS-0120,2026-06-29,Online Transfer,144940.55
PAY-0002788,INV-001963,ORD-002646,CUS-0098,2026-08-20,Bank Transfer,190991.41
PAY-0002789,INV-001964,ORD-002647,CUS-0120,2026-02-10,Cheque,871229.34
PAY-0002790,INV-001964,ORD-002647,CUS-0120,2026-03-07,Bank Transfer,3893814.21
PAY-0002791,INV-001965,ORD-002648,CUS-0084,2026-08-31,Bank Transfer,780897.45
PAY-0002792,INV-001966,ORD-002649,CUS-0081,2026-07-12,Bank Transfer,2027529.1
PAY-0002793,INV-001967,ORD-002650,CUS-0074,2025-12-02,Online Transfer,1227247.2
PAY-0002794,INV-001968,ORD-002651,CUS-0048,2026-05-10,Cheque,494361.0
PAY-0002795,INV-001969,ORD-002653,CUS-0103,2026-07-12,Bank Transfer,38096.1
PAY-0002796,INV-001970,ORD-002655,CUS-0098,2026-08-23,Bank Transfer,48217.41
PAY-0002797,INV-001971,ORD-002656,CUS-0029,2026-07-04,Bank Transfer,1005581.25
PAY-0002798,INV-001972,ORD-002657,CUS-0052,2026-06-04,Cheque,115386.67
PAY-0002799,INV-001972,ORD-002657,CUS-0052,2026-07-25,Bank Transfer,142443.33
PAY-0002800,INV-001973,ORD-002658,CUS-0050,2026-04-27,Cheque,3182129.6
PAY-0002801,INV-001974,ORD-002660,CUS-0035,2026-09-01,Bank Transfer,460761.93
PAY-0002802,INV-001974,ORD-002660,CUS-0035,2026-09-01,Bank Transfer,760890.52
PAY-0002803,INV-001975,ORD-002661,CUS-0066,2026-02-26,Cheque,360925.12
PAY-0002804,INV-001976,ORD-002665,CUS-0096,2026-03-12,Cheque,1904418.23
PAY-0002805,INV-001977,ORD-002666,CUS-0104,2025-12-26,Cheque,133703.3
PAY-0002806,INV-001977,ORD-002666,CUS-0104,2026-02-20,Bank Transfer,324290.1
PAY-0002807,INV-001978,ORD-002669,CUS-0089,2026-07-31,Bank Transfer,996362.5
PAY-0002808,INV-001979,ORD-002670,CUS-0011,2025-11-07,Cheque,296053.25
PAY-0002809,INV-001979,ORD-002670,CUS-0011,2026-06-30,Bank Transfer,1269237.4
PAY-0002810,INV-001980,ORD-002672,CUS-0113,2026-08-14,Cheque,1965830.92
PAY-0002811,INV-001980,ORD-002672,CUS-0113,2026-08-20,Bank Transfer,1015004.62
PAY-0002812,INV-001981,ORD-002674,CUS-0094,2026-09-01,Cheque,178241.95
PAY-0002813,INV-001982,ORD-002675,CUS-0002,2025-10-29,Bank Transfer,2943656.02
PAY-0002814,INV-001983,ORD-002678,CUS-0083,2026-06-13,Cash,540455.17
PAY-0002815,INV-001983,ORD-002678,CUS-0083,2026-07-24,Bank Transfer,359448.23
PAY-0002816,INV-001984,ORD-002680,CUS-0004,2026-06-26,Online Transfer,861870.03
PAY-0002817,INV-001984,ORD-002680,CUS-0004,2026-07-08,Cheque,548769.82
PAY-0002818,INV-001985,ORD-002681,CUS-0019,2026-08-30,Bank Transfer,164543.62
PAY-0002819,INV-001986,ORD-002682,CUS-0044,2026-06-24,Bank Transfer,124907.6
PAY-0002820,INV-001987,ORD-002684,CUS-0096,2026-08-07,Bank Transfer,1340155.22
PAY-0002821,INV-001987,ORD-002684,CUS-0096,2026-08-18,Online Transfer,258190.4
PAY-0002822,INV-001988,ORD-002685,CUS-0117,2026-04-03,Online Transfer,479198.0
PAY-0002823,INV-001989,ORD-002687,CUS-0026,2025-12-04,Cheque,436390.55
PAY-0002824,INV-001990,ORD-002688,CUS-0088,2026-06-22,Cheque,954833.88
PAY-0002825,INV-001991,ORD-002690,CUS-0067,2026-06-28,Online Transfer,1533858.85
PAY-0002826,INV-001991,ORD-002690,CUS-0067,2026-08-27,Cheque,1191516.35
PAY-0002827,INV-001992,ORD-002691,CUS-0063,2026-08-16,Cheque,216376.6
PAY-0002828,INV-001993,ORD-002694,CUS-0096,2025-11-03,Bank Transfer,584383.08
PAY-0002829,INV-001993,ORD-002694,CUS-0096,2026-05-27,Online Transfer,634744.24
PAY-0002830,INV-001994,ORD-002695,CUS-0115,2026-06-22,Cheque,239863.3
PAY-0002831,INV-001994,ORD-002695,CUS-0115,2026-08-12,Bank Transfer,220893.16
PAY-0002832,INV-001994,ORD-002695,CUS-0115,2026-08-26,Online Transfer,337749.54
PAY-0002833,INV-001995,ORD-002696,CUS-0083,2026-06-04,Bank Transfer,599587.5
PAY-0002834,INV-001996,ORD-002697,CUS-0024,2026-02-24,Bank Transfer,429228.9
PAY-0002835,INV-001997,ORD-002699,CUS-0101,2025-12-05,Bank Transfer,95883.18
PAY-0002836,INV-001997,ORD-002699,CUS-0101,2026-08-30,Bank Transfer,59151.12
PAY-0002837,INV-001998,ORD-002700,CUS-0076,2025-12-30,Bank Transfer,29574.23
PAY-0002838,INV-001999,ORD-002701,CUS-0028,2026-05-13,Bank Transfer,501816.08
PAY-0002839,INV-001999,ORD-002701,CUS-0028,2026-07-12,Bank Transfer,507709.32
PAY-0002840,INV-002000,ORD-002704,CUS-0063,2026-09-01,Cheque,142469.1
PAY-0002841,INV-002001,ORD-002705,CUS-0034,2026-04-02,Online Transfer,2308410.4
PAY-0002842,INV-002002,ORD-002706,CUS-0089,2026-07-29,Online Transfer,597619.85
PAY-0002843,INV-002003,ORD-002707,CUS-0059,2026-07-14,Bank Transfer,13969.6
PAY-0002844,INV-002004,ORD-002708,CUS-0013,2026-08-08,Online Transfer,1138239.8
PAY-0002845,INV-002005,ORD-002709,CUS-0045,2025-12-13,Bank Transfer,1887703.52
PAY-0002846,INV-002006,ORD-002710,CUS-0074,2026-07-14,Cheque,394319.68
PAY-0002847,INV-002006,ORD-002710,CUS-0074,2026-07-29,Cheque,322685.02
PAY-0002848,INV-002006,ORD-002710,CUS-0074,2026-08-12,Bank Transfer,1312139.53
PAY-0002849,INV-002007,ORD-002711,CUS-0039,2026-06-18,Bank Transfer,1968983.1
PAY-0002850,INV-002008,ORD-002713,CUS-0115,2026-06-07,Cheque,818049.32
PAY-0002851,INV-002008,ORD-002713,CUS-0115,2026-08-03,Cheque,604321.2
PAY-0002852,INV-002009,ORD-002714,CUS-0035,2025-12-16,Bank Transfer,4103727.3
PAY-0002853,INV-002010,ORD-002715,CUS-0024,2025-04-28,Bank Transfer,1382125.15
PAY-0002854,INV-002011,ORD-002716,CUS-0046,2026-07-08,Bank Transfer,6332219.25
PAY-0002855,INV-002012,ORD-002717,CUS-0064,2026-06-23,Online Transfer,3655362.7
PAY-0002856,INV-002013,ORD-002718,CUS-0037,2026-06-25,Online Transfer,430038.0
PAY-0002857,INV-002014,ORD-002719,CUS-0068,2026-05-26,Bank Transfer,162226.4
PAY-0002858,INV-002015,ORD-002720,CUS-0052,2026-07-01,Bank Transfer,299746.55
PAY-0002859,INV-002016,ORD-002721,CUS-0052,2025-11-10,Bank Transfer,559663.62
PAY-0002860,INV-002016,ORD-002721,CUS-0052,2025-11-26,Bank Transfer,912418.83
PAY-0002861,INV-002017,ORD-002722,CUS-0108,2026-08-09,Cheque,1050264.9
PAY-0002862,INV-002018,ORD-002723,CUS-0017,2026-06-29,Bank Transfer,110555.69
PAY-0002863,INV-002018,ORD-002723,CUS-0017,2026-08-17,Cheque,445631.41
PAY-0002864,INV-002019,ORD-002724,CUS-0021,2026-06-10,Bank Transfer,653253.9
PAY-0002865,INV-002020,ORD-002725,CUS-0067,2026-05-02,Online Transfer,2784478.45
PAY-0002866,INV-002021,ORD-002726,CUS-0003,2026-05-11,Cheque,189980.0
PAY-0002867,INV-002022,ORD-002728,CUS-0026,2026-08-28,Online Transfer,264346.55
PAY-0002868,INV-002023,ORD-002730,CUS-0031,2026-02-13,Bank Transfer,343498.0
PAY-0002869,INV-002024,ORD-002733,CUS-0089,2026-06-05,Online Transfer,438846.0
PAY-0002870,INV-002025,ORD-002735,CUS-0055,2026-02-05,Cheque,4038942.09
PAY-0002871,INV-002025,ORD-002735,CUS-0055,2026-07-13,Online Transfer,702293.78
PAY-0002872,INV-002026,ORD-002736,CUS-0023,2026-01-26,Bank Transfer,33872.26
PAY-0002873,INV-002026,ORD-002736,CUS-0023,2026-03-14,Bank Transfer,21519.74
PAY-0002874,INV-002027,ORD-002738,CUS-0026,2026-02-09,Online Transfer,1255463.95
PAY-0002875,INV-002028,ORD-002739,CUS-0053,2026-07-24,Bank Transfer,105766.25
PAY-0002876,INV-002029,ORD-002740,CUS-0004,2026-08-31,Cheque,996098.25
PAY-0002877,INV-002030,ORD-002741,CUS-0113,2026-06-11,Bank Transfer,498328.61
PAY-0002878,INV-002030,ORD-002741,CUS-0113,2026-08-12,Online Transfer,2658622.74
PAY-0002879,INV-002031,ORD-002742,CUS-0110,2026-07-24,Cheque,10688.49
PAY-0002880,INV-002031,ORD-002742,CUS-0110,2026-08-08,Bank Transfer,88665.91
PAY-0002881,INV-002032,ORD-002743,CUS-0037,2025-08-27,Cheque,485376.95
PAY-0002882,INV-002033,ORD-002744,CUS-0055,2026-04-24,Bank Transfer,1252687.01
PAY-0002883,INV-002033,ORD-002744,CUS-0055,2026-06-17,Cheque,312453.19
PAY-0002884,INV-002034,ORD-002745,CUS-0074,2026-03-30,Bank Transfer,606557.59
PAY-0002885,INV-002034,ORD-002745,CUS-0074,2026-04-12,Bank Transfer,1548682.91
PAY-0002886,INV-002035,ORD-002747,CUS-0062,2026-05-23,Bank Transfer,369115.8
PAY-0002887,INV-002036,ORD-002748,CUS-0010,2026-03-11,Online Transfer,596587.91
PAY-0002888,INV-002036,ORD-002748,CUS-0010,2026-05-04,Bank Transfer,447526.24
PAY-0002889,INV-002037,ORD-002749,CUS-0035,2026-04-05,Online Transfer,782738.25
PAY-0002890,INV-002038,ORD-002750,CUS-0049,2026-08-28,Cash,468296.2
PAY-0002891,INV-002039,ORD-002751,CUS-0088,2025-10-28,Cheque,208724.14
PAY-0002892,INV-002039,ORD-002751,CUS-0088,2026-05-03,Cheque,375788.86
PAY-0002893,INV-002040,ORD-002752,CUS-0032,2025-11-13,Online Transfer,389469.33
PAY-0002894,INV-002041,ORD-002753,CUS-0092,2026-07-08,Online Transfer,490396.2
PAY-0002895,INV-002042,ORD-002755,CUS-0074,2026-06-08,Online Transfer,140427.0
PAY-0002896,INV-002043,ORD-002756,CUS-0046,2026-07-20,Bank Transfer,2678844.85
PAY-0002897,INV-002044,ORD-002758,CUS-0105,2026-01-26,Online Transfer,807925.35
PAY-0002898,INV-002045,ORD-002759,CUS-0113,2026-06-11,Bank Transfer,4965386.9
PAY-0002899,INV-002046,ORD-002760,CUS-0049,2026-04-02,Bank Transfer,1967658.85
PAY-0002900,INV-002047,ORD-002764,CUS-0089,2026-07-10,Online Transfer,8000324.78
PAY-0002901,INV-002048,ORD-002765,CUS-0014,2026-03-21,Bank Transfer,73771.78
PAY-0002902,INV-002048,ORD-002765,CUS-0014,2026-05-10,Bank Transfer,14484.72
PAY-0002903,INV-002049,ORD-002767,CUS-0036,2026-07-24,Online Transfer,3665923.7
PAY-0002904,INV-002050,ORD-002768,CUS-0033,2026-08-22,Online Transfer,435436.22
PAY-0002905,INV-002051,ORD-002769,CUS-0005,2026-01-24,Bank Transfer,1961629.1
PAY-0002906,INV-002052,ORD-002770,CUS-0035,2026-07-14,Bank Transfer,1816964.0
PAY-0002907,INV-002053,ORD-002772,CUS-0076,2025-12-16,Cheque,1483572.7
PAY-0002908,INV-002054,ORD-002774,CUS-0063,2025-08-19,Bank Transfer,746442.89
PAY-0002909,INV-002054,ORD-002774,CUS-0063,2025-12-08,Bank Transfer,46909.46
PAY-0002910,INV-002055,ORD-002775,CUS-0117,2026-08-15,Online Transfer,498498.38
PAY-0002911,INV-002056,ORD-002777,CUS-0028,2026-08-12,Bank Transfer,825579.62
PAY-0002912,INV-002057,ORD-002778,CUS-0008,2026-02-20,Online Transfer,2855865.5
PAY-0002913,INV-002058,ORD-002779,CUS-0017,2026-07-24,Bank Transfer,794595.16
PAY-0002914,INV-002058,ORD-002779,CUS-0017,2026-08-08,Online Transfer,182250.14
PAY-0002915,INV-002059,ORD-002780,CUS-0109,2025-11-14,Cheque,18694.0
PAY-0002916,INV-002060,ORD-002781,CUS-0058,2025-08-28,Online Transfer,132806.4
PAY-0002917,INV-002060,ORD-002781,CUS-0058,2025-11-28,Bank Transfer,1225737.87
PAY-0002918,INV-002060,ORD-002781,CUS-0058,2026-03-22,Online Transfer,348262.3
PAY-0002919,INV-002061,ORD-002783,CUS-0008,2026-06-20,Bank Transfer,1857021.77
PAY-0002920,INV-002062,ORD-002785,CUS-0079,2026-05-19,Online Transfer,2190459.08
PAY-0002921,INV-002063,ORD-002788,CUS-0097,2026-03-05,Cheque,252366.6
PAY-0002922,INV-002064,ORD-002789,CUS-0004,2026-08-09,Bank Transfer,64332.8
PAY-0002923,INV-002064,ORD-002789,CUS-0004,2026-08-22,Cheque,508038.0
PAY-0002924,INV-002065,ORD-002790,CUS-0050,2026-04-17,Online Transfer,1787528.9
PAY-0002925,INV-002066,ORD-002792,CUS-0050,2026-07-01,Bank Transfer,1249535.93
PAY-0002926,INV-002067,ORD-002793,CUS-0104,2026-05-26,Cheque,654503.22
PAY-0002927,INV-002068,ORD-002794,CUS-0054,2026-08-14,Bank Transfer,200790.27
PAY-0002928,INV-002069,ORD-002795,CUS-0001,2026-07-24,Cheque,2875216.02
PAY-0002929,INV-002070,ORD-002796,CUS-0095,2026-04-20,Bank Transfer,247157.08
PAY-0002930,INV-002070,ORD-002796,CUS-0095,2026-08-29,Bank Transfer,4645141.8
PAY-0002931,INV-002071,ORD-002797,CUS-0074,2026-04-14,Online Transfer,281382.8
PAY-0002932,INV-002072,ORD-002798,CUS-0001,2026-08-26,Bank Transfer,794084.62
PAY-0002933,INV-002073,ORD-002800,CUS-0069,2026-08-01,Bank Transfer,1008866.07
PAY-0002934,INV-002074,ORD-002801,CUS-0053,2026-07-25,Cheque,981664.12
PAY-0002935,INV-002075,ORD-002805,CUS-0090,2026-03-18,Bank Transfer,1150113.55
PAY-0002936,INV-002076,ORD-002806,CUS-0031,2026-07-23,Cheque,154934.0
PAY-0002937,INV-002077,ORD-002808,CUS-0113,2026-05-22,Bank Transfer,115231.45
PAY-0002938,INV-002077,ORD-002808,CUS-0113,2026-08-03,Online Transfer,1101006.35
PAY-0002939,INV-002078,ORD-002809,CUS-0116,2026-05-09,Online Transfer,204101.88
PAY-0002940,INV-002078,ORD-002809,CUS-0116,2026-05-09,Cheque,333373.67
PAY-0002941,INV-002078,ORD-002809,CUS-0116,2026-08-31,Online Transfer,265285.83
PAY-0002942,INV-002079,ORD-002810,CUS-0034,2026-06-28,Cheque,152594.5
PAY-0002943,INV-002079,ORD-002810,CUS-0034,2026-08-20,Cheque,85913.0
PAY-0002944,INV-002080,ORD-002811,CUS-0018,2026-05-10,Online Transfer,32770.0
PAY-0002945,INV-002081,ORD-002813,CUS-0064,2026-07-08,Online Transfer,1172941.71
PAY-0002946,INV-002081,ORD-002813,CUS-0064,2026-08-30,Bank Transfer,568192.54
PAY-0002947,INV-002082,ORD-002814,CUS-0047,2026-06-14,Bank Transfer,433650.0
PAY-0002948,INV-002083,ORD-002815,CUS-0112,2026-07-28,Bank Transfer,315841.75
PAY-0002949,INV-002084,ORD-002816,CUS-0038,2026-05-03,Bank Transfer,961020.18
PAY-0002950,INV-002085,ORD-002817,CUS-0104,2026-07-25,Bank Transfer,1616716.52
PAY-0002951,INV-002086,ORD-002818,CUS-0005,2026-03-17,Bank Transfer,2355044.0
PAY-0002952,INV-002087,ORD-002819,CUS-0102,2026-03-15,Bank Transfer,2922197.73
PAY-0002953,INV-002088,ORD-002820,CUS-0010,2025-08-11,Online Transfer,79264.17
PAY-0002954,INV-002088,ORD-002820,CUS-0010,2025-11-02,Online Transfer,411067.51
PAY-0002955,INV-002088,ORD-002820,CUS-0010,2025-11-02,Cheque,137598.24
PAY-0002956,INV-002089,ORD-002822,CUS-0060,2026-07-29,Online Transfer,1346533.4
PAY-0002957,INV-002090,ORD-002823,CUS-0044,2026-08-12,Cheque,733744.87
PAY-0002958,INV-002090,ORD-002823,CUS-0044,2026-08-29,Bank Transfer,503274.06
PAY-0002959,INV-002091,ORD-002825,CUS-0075,2026-03-30,Cheque,2592160.93
PAY-0002960,INV-002091,ORD-002825,CUS-0075,2026-05-18,Cheque,823558.67
PAY-0002961,INV-002092,ORD-002826,CUS-0048,2026-08-30,Cheque,160497.7
PAY-0002962,INV-002093,ORD-002828,CUS-0024,2026-06-19,Online Transfer,524154.56
PAY-0002963,INV-002093,ORD-002828,CUS-0024,2026-06-26,Bank Transfer,1075772.04
PAY-0002964,INV-002094,ORD-002829,CUS-0047,2026-05-25,Bank Transfer,307768.22
PAY-0002965,INV-002094,ORD-002829,CUS-0047,2026-06-26,Bank Transfer,467928.38
PAY-0002966,INV-002095,ORD-002830,CUS-0012,2026-07-03,Cheque,1075279.43
PAY-0002967,INV-002096,ORD-002831,CUS-0094,2026-08-11,Bank Transfer,383275.8
PAY-0002968,INV-002097,ORD-002832,CUS-0024,2026-07-14,Cheque,728893.52
PAY-0002969,INV-002097,ORD-002832,CUS-0024,2026-07-15,Bank Transfer,2218268.58
PAY-0002970,INV-002098,ORD-002833,CUS-0088,2025-12-07,Cheque,784044.62
PAY-0002971,INV-002098,ORD-002833,CUS-0088,2026-08-05,Bank Transfer,1862845.83
PAY-0002972,INV-002099,ORD-002834,CUS-0029,2025-10-25,Bank Transfer,36267.75
PAY-0002973,INV-002099,ORD-002834,CUS-0029,2025-11-26,Cheque,25249.45
PAY-0002974,INV-002100,ORD-002835,CUS-0037,2026-05-18,Online Transfer,2579810.4
PAY-0002975,INV-002101,ORD-002836,CUS-0003,2026-04-05,Bank Transfer,290049.9
PAY-0002976,INV-002102,ORD-002837,CUS-0011,2026-04-09,Bank Transfer,940457.47
PAY-0002977,INV-002102,ORD-002837,CUS-0011,2026-05-23,Bank Transfer,81123.18
PAY-0002978,INV-002102,ORD-002837,CUS-0011,2026-08-07,Bank Transfer,1535272.0
PAY-0002979,INV-002103,ORD-002838,CUS-0073,2026-06-25,Bank Transfer,1339090.55
PAY-0002980,INV-002104,ORD-002840,CUS-0053,2026-08-29,Online Transfer,729070.38
PAY-0002981,INV-002105,ORD-002842,CUS-0024,2026-08-20,Bank Transfer,5815659.5
PAY-0002982,INV-002106,ORD-002845,CUS-0118,2025-12-29,Cheque,645519.0
PAY-0002983,INV-002107,ORD-002847,CUS-0115,2026-01-10,Bank Transfer,3437882.8
PAY-0002984,INV-002108,ORD-002848,CUS-0013,2026-08-24,Bank Transfer,459757.5
PAY-0002985,INV-002109,ORD-002849,CUS-0043,2025-05-31,Cheque,1340217.45
PAY-0002986,INV-002110,ORD-002850,CUS-0005,2026-06-30,Bank Transfer,674295.16
PAY-0002987,INV-002110,ORD-002850,CUS-0005,2026-07-05,Bank Transfer,3301832.84
PAY-0002988,INV-002111,ORD-002851,CUS-0112,2026-08-14,Cheque,385576.8
PAY-0002989,INV-002112,ORD-002852,CUS-0120,2025-12-20,Cash,1045982.97
PAY-0002990,INV-002113,ORD-002854,CUS-0024,2026-03-09,Online Transfer,1299480.59
PAY-0002991,INV-002113,ORD-002854,CUS-0024,2026-08-04,Cheque,756203.31
PAY-0002992,INV-002114,ORD-002855,CUS-0105,2025-10-10,Bank Transfer,966880.76
PAY-0002993,INV-002114,ORD-002855,CUS-0105,2025-12-15,Cash,582945.99
PAY-0002994,INV-002115,ORD-002857,CUS-0062,2026-09-01,Bank Transfer,209001.6
PAY-0002995,INV-002116,ORD-002861,CUS-0112,2026-08-16,Bank Transfer,448119.75
PAY-0002996,INV-002117,ORD-002862,CUS-0094,2026-06-28,Bank Transfer,436175.2
PAY-0002997,INV-002118,ORD-002863,CUS-0071,2026-02-23,Bank Transfer,396378.22
PAY-0002998,INV-002119,ORD-002865,CUS-0028,2025-12-05,Online Transfer,995165.26
PAY-0002999,INV-002119,ORD-002865,CUS-0028,2026-07-31,Bank Transfer,2619593.64
PAY-0003000,INV-002120,ORD-002867,CUS-0082,2026-08-30,Online Transfer,71553.6
PAY-0003001,INV-002121,ORD-002869,CUS-0052,2026-05-27,Cash,402079.4
PAY-0003002,INV-002122,ORD-002871,CUS-0092,2026-08-26,Bank Transfer,29890.62
PAY-0003003,INV-002123,ORD-002872,CUS-0046,2026-04-11,Cheque,2499174.24
PAY-0003004,INV-002123,ORD-002872,CUS-0046,2026-08-07,Cheque,719277.24
PAY-0003005,INV-002124,ORD-002875,CUS-0083,2026-08-28,Bank Transfer,648836.28
PAY-0003006,INV-002125,ORD-002876,CUS-0080,2026-08-20,Bank Transfer,163179.25
PAY-0003007,INV-002126,ORD-002877,CUS-0101,2026-06-23,Bank Transfer,154007.7
PAY-0003008,INV-002127,ORD-002878,CUS-0037,2026-05-19,Bank Transfer,301035.7
PAY-0003009,INV-002128,ORD-002879,CUS-0088,2026-09-01,Bank Transfer,41299.15
PAY-0003010,INV-002129,ORD-002880,CUS-0089,2026-02-16,Cheque,3778413.1
PAY-0003011,INV-002130,ORD-002881,CUS-0117,2026-08-19,Bank Transfer,97161.25
PAY-0003012,INV-002130,ORD-002881,CUS-0117,2026-08-29,Online Transfer,337323.6
PAY-0003013,INV-002131,ORD-002883,CUS-0029,2026-04-07,Online Transfer,28096.81
PAY-0003014,INV-002131,ORD-002883,CUS-0029,2026-04-17,Bank Transfer,209083.19
PAY-0003015,INV-002132,ORD-002884,CUS-0014,2026-03-21,Bank Transfer,938026.25
PAY-0003016,INV-002133,ORD-002885,CUS-0075,2026-08-28,Bank Transfer,176286.7
PAY-0003017,INV-002133,ORD-002885,CUS-0075,2026-08-28,Online Transfer,282631.68
PAY-0003018,INV-002133,ORD-002885,CUS-0075,2026-08-28,Bank Transfer,473749.27
PAY-0003019,INV-002134,ORD-002886,CUS-0049,2026-06-05,Bank Transfer,2086517.3
PAY-0003020,INV-002135,ORD-002889,CUS-0011,2026-09-01,Bank Transfer,874083.36
PAY-0003021,INV-002135,ORD-002889,CUS-0011,2026-09-01,Cheque,51347.14
PAY-0003022,INV-002135,ORD-002889,CUS-0011,2026-09-01,Online Transfer,445071.65
PAY-0003023,INV-002136,ORD-002890,CUS-0058,2025-09-24,Online Transfer,415656.47
PAY-0003024,INV-002137,ORD-002891,CUS-0047,2026-07-21,Bank Transfer,463076.25
PAY-0003025,INV-002138,ORD-002892,CUS-0113,2026-07-09,Online Transfer,631485.85
PAY-0003026,INV-002139,ORD-002893,CUS-0003,2026-07-19,Cheque,593643.25
PAY-0003027,INV-002140,ORD-002894,CUS-0065,2026-08-24,Bank Transfer,59101.65
PAY-0003028,INV-002141,ORD-002895,CUS-0052,2026-07-22,Cash,32062.0
PAY-0003029,INV-002142,ORD-002896,CUS-0008,2026-04-24,Bank Transfer,191127.6
PAY-0003030,INV-002143,ORD-002897,CUS-0074,2026-03-02,Bank Transfer,590264.75
PAY-0003031,INV-002143,ORD-002897,CUS-0074,2026-03-28,Bank Transfer,782662.3
PAY-0003032,INV-002144,ORD-002898,CUS-0050,2026-05-01,Bank Transfer,2649549.83
PAY-0003033,INV-002144,ORD-002898,CUS-0050,2026-06-04,Bank Transfer,350039.67
PAY-0003034,INV-002145,ORD-002899,CUS-0004,2026-08-08,Cheque,480628.75
PAY-0003035,INV-002146,ORD-002900,CUS-0075,2026-08-03,Online Transfer,2027732.65
PAY-0003036,INV-002147,ORD-002901,CUS-0113,2025-09-07,Cheque,68356.23
PAY-0003037,INV-002147,ORD-002901,CUS-0113,2026-07-29,Bank Transfer,1334224.22
PAY-0003038,INV-002148,ORD-002902,CUS-0059,2026-03-23,Bank Transfer,1029647.35
PAY-0003039,INV-002149,ORD-002905,CUS-0075,2025-10-19,Bank Transfer,2119666.45
PAY-0003040,INV-002150,ORD-002906,CUS-0001,2026-06-12,Cheque,4300599.97
PAY-0003041,INV-002151,ORD-002909,CUS-0025,2025-09-28,Bank Transfer,16005.55
PAY-0003042,INV-002151,ORD-002909,CUS-0025,2026-02-16,Cheque,8017.65
PAY-0003043,INV-002152,ORD-002910,CUS-0050,2026-06-28,Bank Transfer,4375015.2
PAY-0003044,INV-002153,ORD-002911,CUS-0025,2025-08-05,Bank Transfer,185643.5
PAY-0003045,INV-002154,ORD-002912,CUS-0033,2026-05-30,Cheque,96361.6
PAY-0003046,INV-002155,ORD-002913,CUS-0044,2025-06-19,Cheque,2632032.43
PAY-0003047,INV-002155,ORD-002913,CUS-0044,2025-07-16,Bank Transfer,320354.01
PAY-0003048,INV-002155,ORD-002913,CUS-0044,2026-02-26,Bank Transfer,2963702.86
PAY-0003049,INV-002156,ORD-002914,CUS-0066,2026-04-02,Bank Transfer,72935.78
PAY-0003050,INV-002156,ORD-002914,CUS-0066,2026-05-09,Cheque,90898.37
PAY-0003051,INV-002157,ORD-002915,CUS-0054,2026-06-08,Bank Transfer,58527.9
PAY-0003052,INV-002158,ORD-002918,CUS-0053,2025-10-30,Bank Transfer,5443052.38
PAY-0003053,INV-002159,ORD-002919,CUS-0106,2025-12-21,Cheque,186982.8
PAY-0003054,INV-002160,ORD-002920,CUS-0066,2026-03-11,Online Transfer,79736.9
PAY-0003055,INV-002161,ORD-002921,CUS-0056,2025-08-29,Bank Transfer,264963.1
PAY-0003056,INV-002162,ORD-002922,CUS-0098,2026-06-10,Bank Transfer,308080.3
PAY-0003057,INV-002163,ORD-002923,CUS-0075,2026-02-05,Bank Transfer,135393.2
PAY-0003058,INV-002164,ORD-002924,CUS-0081,2026-09-01,Bank Transfer,3232349.66
PAY-0003059,INV-002165,ORD-002925,CUS-0024,2026-01-25,Online Transfer,1095709.65
PAY-0003060,INV-002166,ORD-002926,CUS-0052,2026-08-11,Cheque,1545286.7
PAY-0003061,INV-002167,ORD-002927,CUS-0032,2026-05-03,Bank Transfer,168990.75
PAY-0003062,INV-002168,ORD-002928,CUS-0002,2026-01-25,Online Transfer,4513333.8
PAY-0003063,INV-002168,ORD-002928,CUS-0002,2026-02-26,Cheque,1429597.55
PAY-0003064,INV-002169,ORD-002929,CUS-0097,2026-07-17,Online Transfer,566488.5
PAY-0003065,INV-002170,ORD-002930,CUS-0081,2025-10-20,Bank Transfer,2349798.9
PAY-0003066,INV-002171,ORD-002932,CUS-0054,2026-06-27,Bank Transfer,217577.25
PAY-0003067,INV-002172,ORD-002933,CUS-0035,2026-06-20,Bank Transfer,739954.4
PAY-0003068,INV-002173,ORD-002935,CUS-0098,2026-08-03,Cheque,542646.6
PAY-0003069,INV-002174,ORD-002937,CUS-0065,2026-07-08,Cheque,93031.1
PAY-0003070,INV-002175,ORD-002938,CUS-0039,2026-07-09,Cheque,140341.44
PAY-0003071,INV-002175,ORD-002938,CUS-0039,2026-08-22,Online Transfer,714990.41
PAY-0003072,INV-002176,ORD-002939,CUS-0033,2026-08-31,Bank Transfer,896032.07
PAY-0003073,INV-002176,ORD-002939,CUS-0033,2026-08-31,Online Transfer,213546.12
PAY-0003074,INV-002177,ORD-002941,CUS-0107,2026-07-27,Bank Transfer,7782.07
PAY-0003075,INV-002178,ORD-002942,CUS-0096,2026-08-01,Cheque,1066911.0
PAY-0003076,INV-002178,ORD-002942,CUS-0096,2026-08-21,Cheque,656931.82
PAY-0003077,INV-002179,ORD-002943,CUS-0089,2026-03-02,Cheque,10459148.3
PAY-0003078,INV-002180,ORD-002944,CUS-0007,2026-08-08,Online Transfer,695079.0
PAY-0003079,INV-002181,ORD-002945,CUS-0108,2026-06-05,Online Transfer,452615.55
PAY-0003080,INV-002182,ORD-002946,CUS-0055,2026-08-12,Cheque,6607105.75
PAY-0003081,INV-002183,ORD-002947,CUS-0076,2025-12-28,Cheque,2745180.23
PAY-0003082,INV-002183,ORD-002947,CUS-0076,2026-08-15,Bank Transfer,998221.09
PAY-0003083,INV-002184,ORD-002948,CUS-0067,2026-03-17,Online Transfer,5102048.6
PAY-0003084,INV-002185,ORD-002949,CUS-0094,2026-04-29,Bank Transfer,528238.8
PAY-0003085,INV-002186,ORD-002950,CUS-0050,2026-07-21,Bank Transfer,1575243.95
PAY-0003086,INV-002187,ORD-002951,CUS-0058,2026-05-05,Bank Transfer,2614483.23
PAY-0003087,INV-002188,ORD-002952,CUS-0037,2026-01-24,Bank Transfer,2383434.8
PAY-0003088,INV-002189,ORD-002953,CUS-0087,2026-03-09,Cheque,864403.1
PAY-0003089,INV-002190,ORD-002954,CUS-0057,2026-04-21,Bank Transfer,265176.04
PAY-0003090,INV-002190,ORD-002954,CUS-0057,2026-08-12,Bank Transfer,151151.56
PAY-0003091,INV-002191,ORD-002956,CUS-0071,2026-01-18,Bank Transfer,780894.5
PAY-0003092,INV-002192,ORD-002957,CUS-0040,2026-06-21,Cheque,611893.95
PAY-0003093,INV-002192,ORD-002957,CUS-0040,2026-07-21,Bank Transfer,29359.73
PAY-0003094,INV-002192,ORD-002957,CUS-0040,2026-08-18,Bank Transfer,21593.62
PAY-0003095,INV-002193,ORD-002959,CUS-0115,2025-08-25,Online Transfer,517609.71
PAY-0003096,INV-002193,ORD-002959,CUS-0115,2025-09-18,Online Transfer,803671.69
PAY-0003097,INV-002194,ORD-002960,CUS-0075,2026-06-07,Online Transfer,1879235.55
PAY-0003098,INV-002195,ORD-002961,CUS-0049,2025-06-21,Cheque,3524347.3
PAY-0003099,INV-002196,ORD-002962,CUS-0084,2025-10-23,Bank Transfer,67788.11
PAY-0003100,INV-002196,ORD-002962,CUS-0084,2025-11-23,Cheque,169444.99
PAY-0003101,INV-002197,ORD-002964,CUS-0035,2026-08-13,Cheque,5621000.8
PAY-0003102,INV-002198,ORD-002965,CUS-0010,2025-11-16,Bank Transfer,6877.6
PAY-0003103,INV-002199,ORD-002967,CUS-0037,2026-07-27,Bank Transfer,524014.4
PAY-0003104,INV-002200,ORD-002968,CUS-0039,2026-07-30,Bank Transfer,315732.99
PAY-0003105,INV-002200,ORD-002968,CUS-0039,2026-08-19,Bank Transfer,620030.61
PAY-0003106,INV-002201,ORD-002969,CUS-0097,2026-05-18,Bank Transfer,178443.74
PAY-0003107,INV-002201,ORD-002969,CUS-0097,2026-07-07,Online Transfer,209920.81
PAY-0003108,INV-002202,ORD-002970,CUS-0074,2026-05-19,Online Transfer,3139676.15
PAY-0003109,INV-002203,ORD-002971,CUS-0001,2026-05-04,Bank Transfer,2461804.5
PAY-0003110,INV-002204,ORD-002972,CUS-0061,2026-02-08,Bank Transfer,256385.98
PAY-0003111,INV-002205,ORD-002973,CUS-0097,2026-04-20,Bank Transfer,1261184.5
PAY-0003112,INV-002205,ORD-002973,CUS-0097,2026-08-16,Bank Transfer,8753.62
PAY-0003113,INV-002206,ORD-002974,CUS-0071,2026-04-18,Bank Transfer,1898063.93
PAY-0003114,INV-002207,ORD-002975,CUS-0064,2026-05-01,Bank Transfer,743625.55
PAY-0003115,INV-002207,ORD-002975,CUS-0064,2026-05-01,Online Transfer,591715.55
PAY-0003116,INV-002208,ORD-002976,CUS-0089,2026-05-11,Bank Transfer,6710269.12
PAY-0003117,INV-002209,ORD-002977,CUS-0037,2026-03-24,Bank Transfer,1959513.9
PAY-0003118,INV-002210,ORD-002978,CUS-0050,2026-08-25,Cheque,525424.5
PAY-0003119,INV-002211,ORD-002979,CUS-0047,2026-05-12,Bank Transfer,214240.35
PAY-0003120,INV-002211,ORD-002979,CUS-0047,2026-07-27,Online Transfer,60717.27
PAY-0003121,INV-002211,ORD-002979,CUS-0047,2026-08-02,Cheque,715077.13
PAY-0003122,INV-002212,ORD-002980,CUS-0011,2025-11-05,Bank Transfer,817421.4
PAY-0003123,INV-002213,ORD-002981,CUS-0055,2025-11-05,Cheque,436030.89
PAY-0003124,INV-002213,ORD-002981,CUS-0055,2026-02-07,Cheque,3066875.81
PAY-0003125,INV-002214,ORD-002982,CUS-0112,2026-08-29,Cheque,355257.44
PAY-0003126,INV-002215,ORD-002983,CUS-0001,2026-01-22,Online Transfer,739972.1
PAY-0003127,INV-002216,ORD-002984,CUS-0011,2026-07-20,Cheque,72157.26
PAY-0003128,INV-002216,ORD-002984,CUS-0011,2026-07-26,Bank Transfer,2005757.25
PAY-0003129,INV-002217,ORD-002987,CUS-0005,2026-08-12,Bank Transfer,1812379.64
PAY-0003130,INV-002217,ORD-002987,CUS-0005,2026-08-27,Bank Transfer,443150.53
PAY-0003131,INV-002218,ORD-002988,CUS-0002,2025-12-02,Bank Transfer,281202.85
PAY-0003132,INV-002219,ORD-002990,CUS-0055,2025-11-20,Cash,370580.29
PAY-0003133,INV-002219,ORD-002990,CUS-0055,2026-01-07,Cheque,1739737.61
PAY-0003134,INV-002220,ORD-002991,CUS-0014,2026-03-26,Online Transfer,207532.5
PAY-0003135,INV-002221,ORD-002993,CUS-0018,2026-08-25,Cheque,202390.65
PAY-0003136,INV-002222,ORD-002995,CUS-0068,2026-04-08,Cheque,165689.7
PAY-0003137,INV-002223,ORD-002996,CUS-0045,2026-06-19,Online Transfer,731865.58
PAY-0003138,INV-002223,ORD-002996,CUS-0045,2026-07-26,Online Transfer,180345.22
PAY-0003139,INV-002224,ORD-002997,CUS-0103,2026-04-28,Bank Transfer,2986656.7
PAY-0003140,INV-002225,ORD-002998,CUS-0007,2026-08-05,Cheque,109312.1
PAY-0003141,INV-002226,ORD-003001,CUS-0095,2026-07-05,Online Transfer,449607.83
PAY-0003142,INV-002227,ORD-003002,CUS-0036,2026-05-03,Cheque,3250841.0
PAY-0003143,INV-002228,ORD-003004,CUS-0095,2026-01-27,Online Transfer,74174.07
PAY-0003144,INV-002228,ORD-003004,CUS-0095,2026-08-16,Bank Transfer,408469.53
PAY-0003145,INV-002229,ORD-003005,CUS-0064,2026-09-01,Bank Transfer,623681.41
PAY-0003146,INV-002230,ORD-003007,CUS-0092,2026-02-04,Cheque,596759.3
PAY-0003147,INV-002230,ORD-003007,CUS-0092,2026-05-20,Bank Transfer,187496.33
PAY-0003148,INV-002230,ORD-003007,CUS-0092,2026-07-12,Bank Transfer,194732.84
PAY-0003149,INV-002231,ORD-003009,CUS-0078,2025-10-17,Online Transfer,751915.18
PAY-0003150,INV-002232,ORD-003011,CUS-0120,2026-03-13,Bank Transfer,2629918.61
PAY-0003151,INV-002232,ORD-003011,CUS-0120,2026-07-08,Cheque,790818.79
PAY-0003152,INV-002233,ORD-003014,CUS-0074,2026-04-02,Bank Transfer,4404683.35
PAY-0003153,INV-002234,ORD-003015,CUS-0044,2026-02-06,Cheque,3424405.55
PAY-0003154,INV-002234,ORD-003015,CUS-0044,2026-06-21,Bank Transfer,1719226.25
PAY-0003155,INV-002235,ORD-003016,CUS-0095,2026-05-14,Bank Transfer,3046845.55
PAY-0003156,INV-002236,ORD-003017,CUS-0073,2026-07-28,Bank Transfer,349315.95
PAY-0003157,INV-002237,ORD-003018,CUS-0004,2026-02-16,Online Transfer,1076339.67
PAY-0003158,INV-002237,ORD-003018,CUS-0004,2026-04-18,Online Transfer,885071.08
PAY-0003159,INV-002238,ORD-003021,CUS-0116,2026-07-25,Bank Transfer,464888.48
PAY-0003160,INV-002238,ORD-003021,CUS-0116,2026-07-27,Bank Transfer,225467.57
PAY-0003161,INV-002239,ORD-003022,CUS-0041,2026-07-08,Online Transfer,580238.45
PAY-0003162,INV-002240,ORD-003024,CUS-0103,2025-12-23,Cheque,462746.62
PAY-0003163,INV-002240,ORD-003024,CUS-0103,2026-03-02,Online Transfer,295778.03
PAY-0003164,INV-002241,ORD-003025,CUS-0069,2026-06-01,Bank Transfer,291142.88
PAY-0003165,INV-002242,ORD-003026,CUS-0041,2026-05-19,Online Transfer,942554.5
PAY-0003166,INV-002243,ORD-003027,CUS-0096,2026-06-27,Cheque,4118731.0
PAY-0003167,INV-002244,ORD-003029,CUS-0013,2026-05-28,Bank Transfer,374248.8
PAY-0003168,INV-002245,ORD-003030,CUS-0055,2026-06-05,Online Transfer,1632044.73
PAY-0003169,INV-002246,ORD-003031,CUS-0089,2025-12-13,Online Transfer,5815780.45
PAY-0003170,INV-002247,ORD-003032,CUS-0055,2026-08-22,Cheque,109760.31
PAY-0003171,INV-002247,ORD-003032,CUS-0055,2026-09-01,Bank Transfer,1722483.5
PAY-0003172,INV-002247,ORD-003032,CUS-0055,2026-09-01,Bank Transfer,2253102.04
PAY-0003173,INV-002248,ORD-003034,CUS-0055,2026-08-15,Bank Transfer,617832.44
PAY-0003174,INV-002249,ORD-003035,CUS-0024,2025-07-24,Cheque,3282397.15
PAY-0003175,INV-002250,ORD-003037,CUS-0086,2026-06-07,Bank Transfer,105219.05
PAY-0003176,INV-002251,ORD-003041,CUS-0029,2026-04-29,Online Transfer,1909154.45
PAY-0003177,INV-002252,ORD-003042,CUS-0045,2025-06-25,Bank Transfer,1881582.27
PAY-0003178,INV-002253,ORD-003044,CUS-0021,2025-08-10,Bank Transfer,511703.05
PAY-0003179,INV-002253,ORD-003044,CUS-0021,2026-03-31,Online Transfer,1193846.83
PAY-0003180,INV-002254,ORD-003045,CUS-0074,2026-06-22,Online Transfer,2663658.01
PAY-0003181,INV-002254,ORD-003045,CUS-0074,2026-08-25,Bank Transfer,8881330.71
PAY-0003182,INV-002255,ORD-003046,CUS-0002,2026-04-16,Bank Transfer,602963.78
PAY-0003183,INV-002256,ORD-003047,CUS-0035,2026-04-22,Cheque,496852.65
PAY-0003184,INV-002257,ORD-003048,CUS-0096,2025-09-28,Cheque,1005708.1
PAY-0003185,INV-002258,ORD-003049,CUS-0076,2026-05-31,Online Transfer,321437.9
PAY-0003186,INV-002259,ORD-003051,CUS-0071,2026-02-16,Online Transfer,1876358.92
PAY-0003187,INV-002259,ORD-003051,CUS-0071,2026-05-21,Bank Transfer,60681.88
PAY-0003188,INV-002260,ORD-003052,CUS-0002,2026-07-18,Bank Transfer,427261.81
PAY-0003189,INV-002260,ORD-003052,CUS-0002,2026-08-02,Bank Transfer,23996.74
PAY-0003190,INV-002261,ORD-003053,CUS-0093,2026-07-30,Bank Transfer,975101.85
PAY-0003191,INV-002262,ORD-003054,CUS-0074,2026-08-19,Bank Transfer,731956.8
PAY-0003192,INV-002263,ORD-003056,CUS-0021,2026-08-29,Bank Transfer,624175.75
PAY-0003193,INV-002264,ORD-003057,CUS-0057,2026-03-09,Cash,218507.05
PAY-0003194,INV-002265,ORD-003059,CUS-0036,2026-08-28,Bank Transfer,3304467.43
PAY-0003195,INV-002266,ORD-003060,CUS-0041,2026-01-27,Bank Transfer,692996.43
PAY-0003196,INV-002266,ORD-003060,CUS-0041,2026-03-19,Cheque,228074.69
PAY-0003197,INV-002267,ORD-003061,CUS-0001,2026-03-20,Cheque,862482.65
PAY-0003198,INV-002268,ORD-003062,CUS-0118,2026-05-11,Cash,80321.26
PAY-0003199,INV-002268,ORD-003062,CUS-0118,2026-06-12,Bank Transfer,624717.27
PAY-0003200,INV-002268,ORD-003062,CUS-0118,2026-08-29,Bank Transfer,25694.17
PAY-0003201,INV-002269,ORD-003063,CUS-0011,2025-08-28,Bank Transfer,411063.44
PAY-0003202,INV-002269,ORD-003063,CUS-0011,2025-11-13,Cheque,101882.56
PAY-0003203,INV-002270,ORD-003064,CUS-0045,2026-06-27,Cheque,380570.76
PAY-0003204,INV-002270,ORD-003064,CUS-0045,2026-07-16,Bank Transfer,466386.32
PAY-0003205,INV-002270,ORD-003064,CUS-0045,2026-08-17,Online Transfer,610024.32
PAY-0003206,INV-002271,ORD-003066,CUS-0064,2026-09-01,Bank Transfer,852493.95
PAY-0003207,INV-002272,ORD-003067,CUS-0088,2026-08-14,Bank Transfer,2058855.15
PAY-0003208,INV-002273,ORD-003070,CUS-0039,2026-02-25,Bank Transfer,2721821.92
PAY-0003209,INV-002274,ORD-003071,CUS-0081,2026-05-15,Bank Transfer,549799.75
PAY-0003210,INV-002274,ORD-003071,CUS-0081,2026-06-14,Bank Transfer,1354593.4
PAY-0003211,INV-002275,ORD-003072,CUS-0043,2026-05-23,Online Transfer,190101.58
PAY-0003212,INV-002275,ORD-003072,CUS-0043,2026-07-06,Bank Transfer,193651.04
PAY-0003213,INV-002275,ORD-003072,CUS-0043,2026-08-30,Bank Transfer,2335954.15
PAY-0003214,INV-002276,ORD-003076,CUS-0046,2025-11-26,Online Transfer,2057170.41
PAY-0003215,INV-002276,ORD-003076,CUS-0046,2026-06-11,Online Transfer,91211.34
PAY-0003216,INV-002277,ORD-003077,CUS-0100,2026-08-14,Bank Transfer,206815.65
PAY-0003217,INV-002278,ORD-003078,CUS-0035,2026-07-03,Bank Transfer,1005719.9
PAY-0003218,INV-002279,ORD-003079,CUS-0055,2025-08-20,Bank Transfer,503188.88
PAY-0003219,INV-002280,ORD-003082,CUS-0117,2026-04-29,Bank Transfer,1341028.7
PAY-0003220,INV-002281,ORD-003083,CUS-0116,2026-04-29,Bank Transfer,402734.0
PAY-0003221,INV-002282,ORD-003086,CUS-0016,2026-03-08,Bank Transfer,275370.7
PAY-0003222,INV-002283,ORD-003087,CUS-0045,2026-03-11,Bank Transfer,379788.65
PAY-0003223,INV-002283,ORD-003087,CUS-0045,2026-03-30,Online Transfer,37318.6
PAY-0003224,INV-002283,ORD-003087,CUS-0045,2026-05-09,Cheque,2075567.52
PAY-0003225,INV-002284,ORD-003088,CUS-0113,2026-06-17,Cash,3673003.7
PAY-0003226,INV-002285,ORD-003089,CUS-0002,2026-05-05,Online Transfer,1106257.38
PAY-0003227,INV-002286,ORD-003090,CUS-0010,2026-06-18,Cheque,522079.2
PAY-0003228,INV-002287,ORD-003091,CUS-0036,2026-08-02,Online Transfer,790981.18
PAY-0003229,INV-002287,ORD-003091,CUS-0036,2026-08-20,Online Transfer,84837.98
PAY-0003230,INV-002288,ORD-003093,CUS-0010,2026-05-05,Bank Transfer,699791.62
PAY-0003231,INV-002289,ORD-003094,CUS-0095,2026-07-05,Bank Transfer,6769692.45
PAY-0003232,INV-002290,ORD-003095,CUS-0103,2026-03-21,Bank Transfer,82798.87
PAY-0003233,INV-002290,ORD-003095,CUS-0103,2026-04-04,Bank Transfer,695231.18
PAY-0003234,INV-002291,ORD-003096,CUS-0001,2026-05-20,Bank Transfer,2363193.38
PAY-0003235,INV-002292,ORD-003097,CUS-0002,2026-02-03,Cheque,548777.4
PAY-0003236,INV-002292,ORD-003097,CUS-0002,2026-05-03,Online Transfer,3498293.68
PAY-0003237,INV-002293,ORD-003098,CUS-0120,2026-08-09,Online Transfer,4872668.4
PAY-0003238,INV-002294,ORD-003099,CUS-0072,2025-06-28,Bank Transfer,452689.02
PAY-0003239,INV-002294,ORD-003099,CUS-0072,2026-05-05,Online Transfer,413563.73
PAY-0003240,INV-002295,ORD-003100,CUS-0092,2026-05-23,Bank Transfer,21332.8
PAY-0003241,INV-002296,ORD-003101,CUS-0108,2026-03-23,Bank Transfer,446972.2
PAY-0003242,INV-002297,ORD-003102,CUS-0021,2026-07-27,Bank Transfer,493210.5
PAY-0003243,INV-002298,ORD-003103,CUS-0053,2026-04-14,Cheque,1080243.23
PAY-0003244,INV-002298,ORD-003103,CUS-0053,2026-05-04,Cheque,35593.53
PAY-0003245,INV-002298,ORD-003103,CUS-0053,2026-05-29,Online Transfer,335120.74
PAY-0003246,INV-002299,ORD-003104,CUS-0033,2025-10-10,Cheque,155444.6
PAY-0003247,INV-002300,ORD-003105,CUS-0014,2026-09-01,Bank Transfer,23301.54
PAY-0003248,INV-002301,ORD-003106,CUS-0037,2026-08-28,Bank Transfer,1165556.8
PAY-0003249,INV-002302,ORD-003107,CUS-0102,2026-05-08,Cheque,224978.8
PAY-0003250,INV-002303,ORD-003108,CUS-0120,2025-07-17,Bank Transfer,2098713.4
PAY-0003251,INV-002303,ORD-003108,CUS-0120,2026-05-29,Bank Transfer,1369521.95
PAY-0003252,INV-002304,ORD-003109,CUS-0075,2026-07-07,Bank Transfer,1791151.5
PAY-0003253,INV-002305,ORD-003110,CUS-0005,2026-04-12,Bank Transfer,999259.4
PAY-0003254,INV-002306,ORD-003111,CUS-0036,2025-12-28,Online Transfer,1197511.2
PAY-0003255,INV-002307,ORD-003112,CUS-0010,2026-04-15,Online Transfer,532460.09
PAY-0003256,INV-002307,ORD-003112,CUS-0010,2026-04-27,Cheque,259414.31
PAY-0003257,INV-002308,ORD-003113,CUS-0083,2025-12-13,Bank Transfer,41794.0
PAY-0003258,INV-002309,ORD-003114,CUS-0053,2026-04-28,Cheque,469988.1
PAY-0003259,INV-002310,ORD-003117,CUS-0024,2026-04-21,Online Transfer,240083.93
PAY-0003260,INV-002310,ORD-003117,CUS-0024,2026-08-31,Bank Transfer,424409.47
PAY-0003261,INV-002311,ORD-003118,CUS-0094,2026-08-05,Bank Transfer,791375.44
PAY-0003262,INV-002311,ORD-003118,CUS-0094,2026-08-12,Online Transfer,40111.56
PAY-0003263,INV-002312,ORD-003121,CUS-0115,2026-01-15,Bank Transfer,2935990.45
PAY-0003264,INV-002313,ORD-003122,CUS-0089,2026-06-07,Cheque,2142770.85
PAY-0003265,INV-002314,ORD-003123,CUS-0070,2025-10-12,Online Transfer,1070322.47
PAY-0003266,INV-002314,ORD-003123,CUS-0070,2025-11-14,Online Transfer,13104.85
PAY-0003267,INV-002315,ORD-003124,CUS-0049,2026-08-04,Bank Transfer,1336993.1
PAY-0003268,INV-002316,ORD-003125,CUS-0115,2026-07-09,Online Transfer,41959.2
PAY-0003269,INV-002317,ORD-003127,CUS-0099,2026-06-27,Online Transfer,65675.7
PAY-0003270,INV-002318,ORD-003130,CUS-0096,2026-05-26,Cheque,169840.0
PAY-0003271,INV-002318,ORD-003130,CUS-0096,2026-08-02,Online Transfer,1080954.1
PAY-0003272,INV-002319,ORD-003131,CUS-0067,2026-04-17,Bank Transfer,471920.43
PAY-0003273,INV-002319,ORD-003131,CUS-0067,2026-07-15,Bank Transfer,682208.07
PAY-0003274,INV-002320,ORD-003132,CUS-0088,2026-05-12,Online Transfer,205334.05
PAY-0003275,INV-002320,ORD-003132,CUS-0088,2026-09-01,Cheque,542265.27
PAY-0003276,INV-002321,ORD-003134,CUS-0081,2026-07-27,Bank Transfer,1395015.78
PAY-0003277,INV-002321,ORD-003134,CUS-0081,2026-08-07,Online Transfer,1440364.92
PAY-0003278,INV-002322,ORD-003135,CUS-0063,2026-08-09,Cheque,137552.18
PAY-0003279,INV-002323,ORD-003136,CUS-0062,2026-07-05,Bank Transfer,91376.2
PAY-0003280,INV-002323,ORD-003136,CUS-0062,2026-07-26,Bank Transfer,281036.22
PAY-0003281,INV-002324,ORD-003137,CUS-0113,2026-06-15,Bank Transfer,3881782.58
PAY-0003282,INV-002325,ORD-003139,CUS-0039,2026-08-24,Bank Transfer,2838422.15
PAY-0003283,INV-002326,ORD-003141,CUS-0074,2026-07-01,Online Transfer,2683623.42
PAY-0003284,INV-002326,ORD-003141,CUS-0074,2026-07-26,Cheque,61192.28
PAY-0003285,INV-002327,ORD-003143,CUS-0049,2026-03-21,Cheque,411365.7
PAY-0003286,INV-002327,ORD-003143,CUS-0049,2026-06-30,Bank Transfer,2263240.0
PAY-0003287,INV-002328,ORD-003145,CUS-0028,2026-08-23,Bank Transfer,950360.2
PAY-0003288,INV-002329,ORD-003146,CUS-0094,2026-08-09,Bank Transfer,873320.95
PAY-0003289,INV-002330,ORD-003147,CUS-0075,2026-04-13,Cheque,159456.06
PAY-0003290,INV-002330,ORD-003147,CUS-0075,2026-08-19,Bank Transfer,2569970.96
PAY-0003291,INV-002331,ORD-003148,CUS-0080,2026-08-21,Bank Transfer,32789.1
PAY-0003292,INV-002332,ORD-003149,CUS-0035,2026-06-05,Online Transfer,2717694.88
PAY-0003293,INV-002333,ORD-003152,CUS-0026,2026-07-13,Bank Transfer,1055279.9
PAY-0003294,INV-002334,ORD-003154,CUS-0049,2026-01-17,Bank Transfer,726151.35
PAY-0003295,INV-002335,ORD-003155,CUS-0099,2026-08-16,Bank Transfer,263842.1
PAY-0003296,INV-002336,ORD-003156,CUS-0008,2026-05-31,Online Transfer,238765.62
PAY-0003297,INV-002337,ORD-003157,CUS-0038,2026-07-26,Bank Transfer,1602298.4
PAY-0003298,INV-002338,ORD-003160,CUS-0055,2026-01-20,Bank Transfer,2049407.77
PAY-0003299,INV-002339,ORD-003161,CUS-0050,2026-01-16,Online Transfer,3157194.43
PAY-0003300,INV-002339,ORD-003161,CUS-0050,2026-07-05,Bank Transfer,1276825.19
PAY-0003301,INV-002340,ORD-003162,CUS-0002,2026-03-22,Bank Transfer,1315325.35
PAY-0003302,INV-002341,ORD-003164,CUS-0035,2026-08-01,Online Transfer,1976010.32
PAY-0003303,INV-002341,ORD-003164,CUS-0035,2026-08-11,Bank Transfer,722306.01
PAY-0003304,INV-002342,ORD-003165,CUS-0098,2026-08-20,Bank Transfer,336925.4
PAY-0003305,INV-002343,ORD-003167,CUS-0113,2026-06-08,Cheque,4539139.9
PAY-0003306,INV-002343,ORD-003167,CUS-0113,2026-06-30,Cash,6356761.8
PAY-0003307,INV-002344,ORD-003168,CUS-0100,2025-05-27,Online Transfer,371534.8
PAY-0003308,INV-002345,ORD-003169,CUS-0058,2026-08-22,Cheque,69094.8
PAY-0003309,INV-002346,ORD-003170,CUS-0070,2026-07-20,Bank Transfer,551319.6
PAY-0003310,INV-002347,ORD-003172,CUS-0076,2026-06-09,Cheque,692894.34
PAY-0003311,INV-002347,ORD-003172,CUS-0076,2026-06-20,Cash,17784.24
PAY-0003312,INV-002347,ORD-003172,CUS-0076,2026-07-30,Bank Transfer,36733.42
PAY-0003313,INV-002348,ORD-003173,CUS-0034,2026-03-01,Bank Transfer,360195.0
PAY-0003314,INV-002349,ORD-003174,CUS-0065,2026-08-18,Bank Transfer,154910.4
PAY-0003315,INV-002350,ORD-003175,CUS-0019,2026-03-26,Bank Transfer,26193.74
PAY-0003316,INV-002350,ORD-003175,CUS-0019,2026-08-24,Cheque,145602.46
PAY-0003317,INV-002351,ORD-003176,CUS-0024,2026-08-21,Online Transfer,11161367.78
PAY-0003318,INV-002352,ORD-003177,CUS-0034,2026-08-19,Cheque,578362.62
PAY-0003319,INV-002353,ORD-003178,CUS-0001,2026-06-18,Bank Transfer,1115552.2
PAY-0003320,INV-002353,ORD-003178,CUS-0001,2026-08-26,Bank Transfer,853825.03
PAY-0003321,INV-002354,ORD-003179,CUS-0014,2026-06-14,Cheque,296823.1
PAY-0003322,INV-002355,ORD-003180,CUS-0013,2026-04-26,Bank Transfer,377881.72
PAY-0003323,INV-002356,ORD-003182,CUS-0048,2026-02-09,Cheque,182310.0
PAY-0003324,INV-002357,ORD-003183,CUS-0011,2026-07-06,Bank Transfer,2772508.83
PAY-0003325,INV-002358,ORD-003184,CUS-0066,2025-12-18,Bank Transfer,171400.9
PAY-0003326,INV-002359,ORD-003185,CUS-0082,2026-08-21,Bank Transfer,104314.8
PAY-0003327,INV-002360,ORD-003187,CUS-0043,2026-01-06,Bank Transfer,2246014.77
PAY-0003328,INV-002360,ORD-003187,CUS-0043,2026-08-02,Online Transfer,1454977.06
PAY-0003329,INV-002361,ORD-003188,CUS-0101,2026-06-07,Bank Transfer,19197.14
PAY-0003330,INV-002361,ORD-003188,CUS-0101,2026-07-21,Cheque,326059.06
PAY-0003331,INV-002362,ORD-003190,CUS-0045,2026-05-07,Bank Transfer,662139.36
PAY-0003332,INV-002362,ORD-003190,CUS-0045,2026-05-17,Bank Transfer,721180.09
PAY-0003333,INV-002362,ORD-003190,CUS-0045,2026-08-28,Bank Transfer,342569.2
PAY-0003334,INV-002363,ORD-003191,CUS-0113,2025-12-31,Cheque,2632404.48
PAY-0003335,INV-002364,ORD-003192,CUS-0028,2026-06-11,Bank Transfer,160003.93
PAY-0003336,INV-002364,ORD-003192,CUS-0028,2026-08-26,Bank Transfer,727437.19
PAY-0003337,INV-002365,ORD-003194,CUS-0045,2026-06-07,Cheque,669605.17
PAY-0003338,INV-002365,ORD-003194,CUS-0045,2026-07-24,Cheque,2062805.78
PAY-0003339,INV-002366,ORD-003196,CUS-0002,2025-12-11,Cheque,165451.31
PAY-0003340,INV-002366,ORD-003196,CUS-0002,2026-05-20,Bank Transfer,768891.91
PAY-0003341,INV-002366,ORD-003196,CUS-0002,2026-06-25,Online Transfer,1526986.33
PAY-0003342,INV-002367,ORD-003197,CUS-0102,2026-05-10,Bank Transfer,370682.25
PAY-0003343,INV-002368,ORD-003198,CUS-0063,2025-12-27,Bank Transfer,281651.25
PAY-0003344,INV-002369,ORD-003199,CUS-0045,2026-03-19,Bank Transfer,1376660.5
